{
"type": "FeatureCollection",
"name": "strong_anomaly_zones",
"crs": { "type": "name", "properties": { "name": "urn:ogc:def:crs:EPSG::32612" } },
"features": [
{ "type": "Feature", "properties": { "area_km2": 0.0081 }, "geometry": { "type": "Polygon", "coordinates": [ [ [ 512190.0, 3532500.0 ], [ 512190.0, 3532410.0 ], [ 512280.0, 3532410.0 ], [ 512280.0, 3532500.0 ], [ 512190.0, 3532500.0 ] ] ] } },
{ "type": "Feature", "properties": { "area_km2": 0.0081 }, "geometry": { "type": "Polygon", "coordinates": [ [ [ 513090.0, 3532230.0 ], [ 513090.0, 3532140.0 ], [ 513180.0, 3532140.0 ], [ 513180.0, 3532230.0 ], [ 513090.0, 3532230.0 ] ] ] } },
{ "type": "Feature", "properties": { "area_km2": 0.0162 }, "geometry": { "type": "Polygon", "coordinates": [ [ [ 514080.0, 3532140.0 ], [ 514080.0, 3531960.0 ], [ 514170.0, 3531960.0 ], [ 514170.0, 3532140.0 ], [ 514080.0, 3532140.0 ] ] ] } },
{ "type": "Feature", "properties": { "area_km2": 0.7938 }, "geometry": { "type": "Polygon", "coordinates": [ [ [ 513090.0, 3532860.0 ], [ 513090.0, 3532770.0 ], [ 513000.0, 3532770.0 ], [ 513000.0, 3532590.0 ], [ 513090.0, 3532590.0 ], [ 513090.0, 3532410.0 ], [ 513180.0, 3532410.0 ], [ 513180.0, 3532320.0 ], [ 513270.0, 3532320.0 ], [ 513270.0, 3532230.0 ], [ 513450.0, 3532230.0 ], [ 513450.0, 3532050.0 ], [ 513360.0, 3532050.0 ], [ 513360.0, 3532140.0 ], [ 513270.0, 3532140.0 ], [ 513270.0, 3532050.0 ], [ 513090.0, 3532050.0 ], [ 513090.0, 3531960.0 ], [ 513360.0, 3531960.0 ], [ 513360.0, 3531870.0 ], [ 513450.0, 3531870.0 ], [ 513450.0, 3531780.0 ], [ 513540.0, 3531780.0 ], [ 513540.0, 3531870.0 ], [ 513630.0, 3531870.0 ], [ 513630.0, 3531780.0 ], [ 513990.0, 3531780.0 ], [ 513990.0, 3531690.0 ], [ 514080.0, 3531690.0 ], [ 514080.0, 3531780.0 ], [ 514170.0, 3531780.0 ], [ 514170.0, 3531870.0 ], [ 514080.0, 3531870.0 ], [ 514080.0, 3531960.0 ], [ 513900.0, 3531960.0 ], [ 513900.0, 3532050.0 ], [ 513990.0, 3532050.0 ], [ 513990.0, 3532320.0 ], [ 514080.0, 3532320.0 ], [ 514080.0, 3532230.0 ], [ 514170.0, 3532230.0 ], [ 514170.0, 3532680.0 ], [ 513900.0, 3532680.0 ], [ 513900.0, 3532770.0 ], [ 513360.0, 3532770.0 ], [ 513360.0, 3532860.0 ], [ 513090.0, 3532860.0 ] ], [ [ 513720.0, 3532500.0 ], [ 513990.0, 3532500.0 ], [ 513990.0, 3532410.0 ], [ 513720.0, 3532410.0 ], [ 513720.0, 3532500.0 ] ], [ [ 513540.0, 3532230.0 ], [ 513630.0, 3532230.0 ], [ 513630.0, 3532140.0 ], [ 513720.0, 3532140.0 ], [ 513720.0, 3532230.0 ], [ 513900.0, 3532230.0 ], [ 513900.0, 3532050.0 ], [ 513540.0, 3532050.0 ], [ 513540.0, 3532230.0 ] ] ] } },
{ "type": "Feature", "properties": { "area_km2": 0.0081 }, "geometry": { "type": "Polygon", "coordinates": [ [ [ 512100.0, 3531780.0 ], [ 512100.0, 3531690.0 ], [ 512190.0, 3531690.0 ], [ 512190.0, 3531780.0 ], [ 512100.0, 3531780.0 ] ] ] } },
{ "type": "Feature", "properties": { "area_km2": 0.0162 }, "geometry": { "type": "Polygon", "coordinates": [ [ [ 513450.0, 3531690.0 ], [ 513450.0, 3531600.0 ], [ 513630.0, 3531600.0 ], [ 513630.0, 3531690.0 ], [ 513450.0, 3531690.0 ] ] ] } },
{ "type": "Feature", "properties": { "area_km2": 0.0081 }, "geometry": { "type": "Polygon", "coordinates": [ [ [ 512730.0, 3531600.0 ], [ 512730.0, 3531510.0 ], [ 512820.0, 3531510.0 ], [ 512820.0, 3531600.0 ], [ 512730.0, 3531600.0 ] ] ] } },
{ "type": "Feature", "properties": { "area_km2": 0.0243 }, "geometry": { "type": "Polygon", "coordinates": [ [ [ 513360.0, 3531510.0 ], [ 513360.0, 3531420.0 ], [ 513270.0, 3531420.0 ], [ 513270.0, 3531330.0 ], [ 513450.0, 3531330.0 ], [ 513450.0, 3531510.0 ], [ 513360.0, 3531510.0 ] ] ] } },
{ "type": "Feature", "properties": { "area_km2": 0.0243 }, "geometry": { "type": "Polygon", "coordinates": [ [ [ 513540.0, 3531420.0 ], [ 513540.0, 3531240.0 ], [ 513630.0, 3531240.0 ], [ 513630.0, 3531330.0 ], [ 513720.0, 3531330.0 ], [ 513720.0, 3531420.0 ], [ 513540.0, 3531420.0 ] ] ] } },
{ "type": "Feature", "properties": { "area_km2": 0.0081 }, "geometry": { "type": "Polygon", "coordinates": [ [ [ 512730.0, 3530700.0 ], [ 512730.0, 3530610.0 ], [ 512820.0, 3530610.0 ], [ 512820.0, 3530700.0 ], [ 512730.0, 3530700.0 ] ] ] } },
{ "type": "Feature", "properties": { "area_km2": 0.0081 }, "geometry": { "type": "Polygon", "coordinates": [ [ [ 512100.0, 3530520.0 ], [ 512100.0, 3530430.0 ], [ 512190.0, 3530430.0 ], [ 512190.0, 3530520.0 ], [ 512100.0, 3530520.0 ] ] ] } },
{ "type": "Feature", "properties": { "area_km2": 0.0081 }, "geometry": { "type": "Polygon", "coordinates": [ [ [ 512820.0, 3530520.0 ], [ 512820.0, 3530430.0 ], [ 512910.0, 3530430.0 ], [ 512910.0, 3530520.0 ], [ 512820.0, 3530520.0 ] ] ] } },
{ "type": "Feature", "properties": { "area_km2": 0.0081 }, "geometry": { "type": "Polygon", "coordinates": [ [ [ 512550.0, 3530430.0 ], [ 512550.0, 3530340.0 ], [ 512640.0, 3530340.0 ], [ 512640.0, 3530430.0 ], [ 512550.0, 3530430.0 ] ] ] } },
{ "type": "Feature", "properties": { "area_km2": 0.0081 }, "geometry": { "type": "Polygon", "coordinates": [ [ [ 511650.0, 3529890.0 ], [ 511650.0, 3529800.0 ], [ 511740.0, 3529800.0 ], [ 511740.0, 3529890.0 ], [ 511650.0, 3529890.0 ] ] ] } },
{ "type": "Feature", "properties": { "area_km2": 0.0081 }, "geometry": { "type": "Polygon", "coordinates": [ [ [ 513630.0, 3528180.0 ], [ 513630.0, 3528090.0 ], [ 513720.0, 3528090.0 ], [ 513720.0, 3528180.0 ], [ 513630.0, 3528180.0 ] ] ] } },
{ "type": "Feature", "properties": { "area_km2": 0.0081 }, "geometry": { "type": "Polygon", "coordinates": [ [ [ 513990.0, 3528090.0 ], [ 513990.0, 3528000.0 ], [ 514080.0, 3528000.0 ], [ 514080.0, 3528090.0 ], [ 513990.0, 3528090.0 ] ] ] } },
{ "type": "Feature", "properties": { "area_km2": 0.0081 }, "geometry": { "type": "Polygon", "coordinates": [ [ [ 512370.0, 3527820.0 ], [ 512370.0, 3527730.0 ], [ 512460.0, 3527730.0 ], [ 512460.0, 3527820.0 ], [ 512370.0, 3527820.0 ] ] ] } },
{ "type": "Feature", "properties": { "area_km2": 0.0081 }, "geometry": { "type": "Polygon", "coordinates": [ [ [ 512460.0, 3527730.0 ], [ 512460.0, 3527640.0 ], [ 512550.0, 3527640.0 ], [ 512550.0, 3527730.0 ], [ 512460.0, 3527730.0 ] ] ] } },
{ "type": "Feature", "properties": { "area_km2": 0.0081 }, "geometry": { "type": "Polygon", "coordinates": [ [ [ 512370.0, 3527640.0 ], [ 512370.0, 3527550.0 ], [ 512460.0, 3527550.0 ], [ 512460.0, 3527640.0 ], [ 512370.0, 3527640.0 ] ] ] } },
{ "type": "Feature", "properties": { "area_km2": 0.0081 }, "geometry": { "type": "Polygon", "coordinates": [ [ [ 513630.0, 3527550.0 ], [ 513630.0, 3527460.0 ], [ 513720.0, 3527460.0 ], [ 513720.0, 3527550.0 ], [ 513630.0, 3527550.0 ] ] ] } },
{ "type": "Feature", "properties": { "area_km2": 0.0162 }, "geometry": { "type": "Polygon", "coordinates": [ [ [ 513450.0, 3527550.0 ], [ 513450.0, 3527370.0 ], [ 513540.0, 3527370.0 ], [ 513540.0, 3527550.0 ], [ 513450.0, 3527550.0 ] ] ] } },
{ "type": "Feature", "properties": { "area_km2": 0.0081 }, "geometry": { "type": "Polygon", "coordinates": [ [ [ 512460.0, 3527460.0 ], [ 512460.0, 3527370.0 ], [ 512550.0, 3527370.0 ], [ 512550.0, 3527460.0 ], [ 512460.0, 3527460.0 ] ] ] } },
{ "type": "Feature", "properties": { "area_km2": 0.0081 }, "geometry": { "type": "Polygon", "coordinates": [ [ [ 513810.0, 3527460.0 ], [ 513810.0, 3527370.0 ], [ 513900.0, 3527370.0 ], [ 513900.0, 3527460.0 ], [ 513810.0, 3527460.0 ] ] ] } },
{ "type": "Feature", "properties": { "area_km2": 0.0162 }, "geometry": { "type": "Polygon", "coordinates": [ [ [ 512550.0, 3527370.0 ], [ 512550.0, 3527280.0 ], [ 512730.0, 3527280.0 ], [ 512730.0, 3527370.0 ], [ 512550.0, 3527370.0 ] ] ] } },
{ "type": "Feature", "properties": { "area_km2": 0.0081 }, "geometry": { "type": "Polygon", "coordinates": [ [ [ 513990.0, 3527370.0 ], [ 513990.0, 3527280.0 ], [ 514080.0, 3527280.0 ], [ 514080.0, 3527370.0 ], [ 513990.0, 3527370.0 ] ] ] } },
{ "type": "Feature", "properties": { "area_km2": 0.0162 }, "geometry": { "type": "Polygon", "coordinates": [ [ [ 512190.0, 3527280.0 ], [ 512190.0, 3527190.0 ], [ 512370.0, 3527190.0 ], [ 512370.0, 3527280.0 ], [ 512190.0, 3527280.0 ] ] ] } },
{ "type": "Feature", "properties": { "area_km2": 0.0081 }, "geometry": { "type": "Polygon", "coordinates": [ [ [ 512460.0, 3527190.0 ], [ 512460.0, 3527100.0 ], [ 512550.0, 3527100.0 ], [ 512550.0, 3527190.0 ], [ 512460.0, 3527190.0 ] ] ] } },
{ "type": "Feature", "properties": { "area_km2": 0.0081 }, "geometry": { "type": "Polygon", "coordinates": [ [ [ 511740.0, 3527010.0 ], [ 511740.0, 3526920.0 ], [ 511830.0, 3526920.0 ], [ 511830.0, 3527010.0 ], [ 511740.0, 3527010.0 ] ] ] } },
{ "type": "Feature", "properties": { "area_km2": 0.0081 }, "geometry": { "type": "Polygon", "coordinates": [ [ [ 512100.0, 3527010.0 ], [ 512100.0, 3526920.0 ], [ 512190.0, 3526920.0 ], [ 512190.0, 3527010.0 ], [ 512100.0, 3527010.0 ] ] ] } },
{ "type": "Feature", "properties": { "area_km2": 0.2997 }, "geometry": { "type": "Polygon", "coordinates": [ [ [ 512910.0, 3527370.0 ], [ 512910.0, 3527190.0 ], [ 512640.0, 3527190.0 ], [ 512640.0, 3527100.0 ], [ 513180.0, 3527100.0 ], [ 513180.0, 3527010.0 ], [ 513360.0, 3527010.0 ], [ 513360.0, 3526920.0 ], [ 513450.0, 3526920.0 ], [ 513450.0, 3527010.0 ], [ 513540.0, 3527010.0 ], [ 513540.0, 3526920.0 ], [ 514080.0, 3526920.0 ], [ 514080.0, 3526830.0 ], [ 514170.0, 3526830.0 ], [ 514170.0, 3527010.0 ], [ 514080.0, 3527010.0 ], [ 514080.0, 3527100.0 ], [ 513990.0, 3527100.0 ], [ 513990.0, 3527010.0 ], [ 513810.0, 3527010.0 ], [ 513810.0, 3527100.0 ], [ 513900.0, 3527100.0 ], [ 513900.0, 3527190.0 ], [ 513810.0, 3527190.0 ], [ 513810.0, 3527280.0 ], [ 513720.0, 3527280.0 ], [ 513720.0, 3527190.0 ], [ 513630.0, 3527190.0 ], [ 513630.0, 3527280.0 ], [ 513450.0, 3527280.0 ], [ 513450.0, 3527190.0 ], [ 513270.0, 3527190.0 ], [ 513270.0, 3527280.0 ], [ 513180.0, 3527280.0 ], [ 513180.0, 3527190.0 ], [ 513000.0, 3527190.0 ], [ 513000.0, 3527280.0 ], [ 513090.0, 3527280.0 ], [ 513090.0, 3527370.0 ], [ 512910.0, 3527370.0 ] ], [ [ 513540.0, 3527190.0 ], [ 513630.0, 3527190.0 ], [ 513630.0, 3527100.0 ], [ 513540.0, 3527100.0 ], [ 513540.0, 3527190.0 ] ] ] } },
{ "type": "Feature", "properties": { "area_km2": 0.0081 }, "geometry": { "type": "Polygon", "coordinates": [ [ [ 512280.0, 3526920.0 ], [ 512280.0, 3526830.0 ], [ 512370.0, 3526830.0 ], [ 512370.0, 3526920.0 ], [ 512280.0, 3526920.0 ] ] ] } },
{ "type": "Feature", "properties": { "area_km2": 0.0081 }, "geometry": { "type": "Polygon", "coordinates": [ [ [ 512460.0, 3526920.0 ], [ 512460.0, 3526830.0 ], [ 512550.0, 3526830.0 ], [ 512550.0, 3526920.0 ], [ 512460.0, 3526920.0 ] ] ] } },
{ "type": "Feature", "properties": { "area_km2": 0.0729 }, "geometry": { "type": "Polygon", "coordinates": [ [ [ 512640.0, 3526920.0 ], [ 512640.0, 3526740.0 ], [ 512730.0, 3526740.0 ], [ 512730.0, 3526830.0 ], [ 512820.0, 3526830.0 ], [ 512820.0, 3526740.0 ], [ 513090.0, 3526740.0 ], [ 513090.0, 3526920.0 ], [ 512640.0, 3526920.0 ] ] ] } },
{ "type": "Feature", "properties": { "area_km2": 0.0081 }, "geometry": { "type": "Polygon", "coordinates": [ [ [ 512370.0, 3526830.0 ], [ 512370.0, 3526740.0 ], [ 512460.0, 3526740.0 ], [ 512460.0, 3526830.0 ], [ 512370.0, 3526830.0 ] ] ] } },
{ "type": "Feature", "properties": { "area_km2": 0.0081 }, "geometry": { "type": "Polygon", "coordinates": [ [ [ 512910.0, 3526650.0 ], [ 512910.0, 3526560.0 ], [ 513000.0, 3526560.0 ], [ 513000.0, 3526650.0 ], [ 512910.0, 3526650.0 ] ] ] } },
{ "type": "Feature", "properties": { "area_km2": 0.0081 }, "geometry": { "type": "Polygon", "coordinates": [ [ [ 513180.0, 3526650.0 ], [ 513180.0, 3526560.0 ], [ 513270.0, 3526560.0 ], [ 513270.0, 3526650.0 ], [ 513180.0, 3526650.0 ] ] ] } },
{ "type": "Feature", "properties": { "area_km2": 0.0081 }, "geometry": { "type": "Polygon", "coordinates": [ [ [ 514080.0, 3526650.0 ], [ 514080.0, 3526560.0 ], [ 514170.0, 3526560.0 ], [ 514170.0, 3526650.0 ], [ 514080.0, 3526650.0 ] ] ] } },
{ "type": "Feature", "properties": { "area_km2": 0.1134 }, "geometry": { "type": "Polygon", "coordinates": [ [ [ 513180.0, 3526830.0 ], [ 513180.0, 3526740.0 ], [ 513360.0, 3526740.0 ], [ 513360.0, 3526650.0 ], [ 513450.0, 3526650.0 ], [ 513450.0, 3526740.0 ], [ 513540.0, 3526740.0 ], [ 513540.0, 3526650.0 ], [ 513810.0, 3526650.0 ], [ 513810.0, 3526470.0 ], [ 513900.0, 3526470.0 ], [ 513900.0, 3526560.0 ], [ 513990.0, 3526560.0 ], [ 513990.0, 3526740.0 ], [ 513630.0, 3526740.0 ], [ 513630.0, 3526830.0 ], [ 513180.0, 3526830.0 ] ] ] } },
{ "type": "Feature", "properties": { "area_km2": 0.0324 }, "geometry": { "type": "Polygon", "coordinates": [ [ [ 513270.0, 3526560.0 ], [ 513270.0, 3526470.0 ], [ 513630.0, 3526470.0 ], [ 513630.0, 3526560.0 ], [ 513270.0, 3526560.0 ] ] ] } },
{ "type": "Feature", "properties": { "area_km2": 0.0081 }, "geometry": { "type": "Polygon", "coordinates": [ [ [ 513990.0, 3526470.0 ], [ 513990.0, 3526380.0 ], [ 514080.0, 3526380.0 ], [ 514080.0, 3526470.0 ], [ 513990.0, 3526470.0 ] ] ] } },
{ "type": "Feature", "properties": { "area_km2": 0.0729 }, "geometry": { "type": "Polygon", "coordinates": [ [ [ 512010.0, 3526560.0 ], [ 512010.0, 3526470.0 ], [ 512280.0, 3526470.0 ], [ 512280.0, 3526290.0 ], [ 512460.0, 3526290.0 ], [ 512460.0, 3526380.0 ], [ 512370.0, 3526380.0 ], [ 512370.0, 3526470.0 ], [ 512550.0, 3526470.0 ], [ 512550.0, 3526560.0 ], [ 512010.0, 3526560.0 ] ] ] } },
{ "type": "Feature", "properties": { "area_km2": 0.0324 }, "geometry": { "type": "Polygon", "coordinates": [ [ [ 511920.0, 3526470.0 ], [ 511920.0, 3526290.0 ], [ 512190.0, 3526290.0 ], [ 512190.0, 3526380.0 ], [ 512010.0, 3526380.0 ], [ 512010.0, 3526470.0 ], [ 511920.0, 3526470.0 ] ] ] } },
{ "type": "Feature", "properties": { "area_km2": 0.0162 }, "geometry": { "type": "Polygon", "coordinates": [ [ [ 511650.0, 3526380.0 ], [ 511650.0, 3526290.0 ], [ 511830.0, 3526290.0 ], [ 511830.0, 3526380.0 ], [ 511650.0, 3526380.0 ] ] ] } },
{ "type": "Feature", "properties": { "area_km2": 0.0081 }, "geometry": { "type": "Polygon", "coordinates": [ [ [ 511470.0, 3526290.0 ], [ 511470.0, 3526200.0 ], [ 511560.0, 3526200.0 ], [ 511560.0, 3526290.0 ], [ 511470.0, 3526290.0 ] ] ] } },
{ "type": "Feature", "properties": { "area_km2": 0.0162 }, "geometry": { "type": "Polygon", "coordinates": [ [ [ 512730.0, 3526290.0 ], [ 512730.0, 3526200.0 ], [ 512910.0, 3526200.0 ], [ 512910.0, 3526290.0 ], [ 512730.0, 3526290.0 ] ] ] } },
{ "type": "Feature", "properties": { "area_km2": 0.1296 }, "geometry": { "type": "Polygon", "coordinates": [ [ [ 512820.0, 3526470.0 ], [ 512820.0, 3526380.0 ], [ 512910.0, 3526380.0 ], [ 512910.0, 3526290.0 ], [ 513180.0, 3526290.0 ], [ 513180.0, 3526200.0 ], [ 513360.0, 3526200.0 ], [ 513360.0, 3526020.0 ], [ 513450.0, 3526020.0 ], [ 513450.0, 3526290.0 ], [ 513540.0, 3526290.0 ], [ 513540.0, 3526380.0 ], [ 513270.0, 3526380.0 ], [ 513270.0, 3526470.0 ], [ 513090.0, 3526470.0 ], [ 513090.0, 3526380.0 ], [ 513000.0, 3526380.0 ], [ 513000.0, 3526470.0 ], [ 512820.0, 3526470.0 ] ] ] } },
{ "type": "Feature", "properties": { "area_km2": 0.0162 }, "geometry": { "type": "Polygon", "coordinates": [ [ [ 512190.0, 3526020.0 ], [ 512190.0, 3525930.0 ], [ 512370.0, 3525930.0 ], [ 512370.0, 3526020.0 ], [ 512190.0, 3526020.0 ] ] ] } },
{ "type": "Feature", "properties": { "area_km2": 0.0162 }, "geometry": { "type": "Polygon", "coordinates": [ [ [ 513000.0, 3525930.0 ], [ 513000.0, 3525840.0 ], [ 513180.0, 3525840.0 ], [ 513180.0, 3525930.0 ], [ 513000.0, 3525930.0 ] ] ] } },
{ "type": "Feature", "properties": { "area_km2": 0.0081 }, "geometry": { "type": "Polygon", "coordinates": [ [ [ 514080.0, 3525840.0 ], [ 514080.0, 3525750.0 ], [ 514170.0, 3525750.0 ], [ 514170.0, 3525840.0 ], [ 514080.0, 3525840.0 ] ] ] } },
{ "type": "Feature", "properties": { "area_km2": 0.0162 }, "geometry": { "type": "Polygon", "coordinates": [ [ [ 511830.0, 3525840.0 ], [ 511830.0, 3525660.0 ], [ 511920.0, 3525660.0 ], [ 511920.0, 3525840.0 ], [ 511830.0, 3525840.0 ] ] ] } },
{ "type": "Feature", "properties": { "area_km2": 0.2268 }, "geometry": { "type": "Polygon", "coordinates": [ [ [ 511740.0, 3526200.0 ], [ 511740.0, 3526110.0 ], [ 512370.0, 3526110.0 ], [ 512370.0, 3526020.0 ], [ 512550.0, 3526020.0 ], [ 512550.0, 3525930.0 ], [ 512640.0, 3525930.0 ], [ 512640.0, 3525750.0 ], [ 512460.0, 3525750.0 ], [ 512460.0, 3525840.0 ], [ 512370.0, 3525840.0 ], [ 512370.0, 3525660.0 ], [ 512820.0, 3525660.0 ], [ 512820.0, 3525570.0 ], [ 512910.0, 3525570.0 ], [ 512910.0, 3525750.0 ], [ 512730.0, 3525750.0 ], [ 512730.0, 3525930.0 ], [ 512820.0, 3525930.0 ], [ 512820.0, 3525840.0 ], [ 512910.0, 3525840.0 ], [ 512910.0, 3526020.0 ], [ 512730.0, 3526020.0 ], [ 512730.0, 3526110.0 ], [ 512550.0, 3526110.0 ], [ 512550.0, 3526200.0 ], [ 511740.0, 3526200.0 ] ] ] } },
{ "type": "Feature", "properties": { "area_km2": 0.0081 }, "geometry": { "type": "Polygon", "coordinates": [ [ [ 513090.0, 3525660.0 ], [ 513090.0, 3525570.0 ], [ 513180.0, 3525570.0 ], [ 513180.0, 3525660.0 ], [ 513090.0, 3525660.0 ] ] ] } },
{ "type": "Feature", "properties": { "area_km2": 0.0162 }, "geometry": { "type": "Polygon", "coordinates": [ [ [ 512190.0, 3525660.0 ], [ 512190.0, 3525480.0 ], [ 512280.0, 3525480.0 ], [ 512280.0, 3525660.0 ], [ 512190.0, 3525660.0 ] ] ] } },
{ "type": "Feature", "properties": { "area_km2": 0.0081 }, "geometry": { "type": "Polygon", "coordinates": [ [ [ 511650.0, 3525570.0 ], [ 511650.0, 3525480.0 ], [ 511740.0, 3525480.0 ], [ 511740.0, 3525570.0 ], [ 511650.0, 3525570.0 ] ] ] } },
{ "type": "Feature", "properties": { "area_km2": 0.0081 }, "geometry": { "type": "Polygon", "coordinates": [ [ [ 512910.0, 3525570.0 ], [ 512910.0, 3525480.0 ], [ 513000.0, 3525480.0 ], [ 513000.0, 3525570.0 ], [ 512910.0, 3525570.0 ] ] ] } },
{ "type": "Feature", "properties": { "area_km2": 0.0162 }, "geometry": { "type": "Polygon", "coordinates": [ [ [ 511920.0, 3525480.0 ], [ 511920.0, 3525390.0 ], [ 512100.0, 3525390.0 ], [ 512100.0, 3525480.0 ], [ 511920.0, 3525480.0 ] ] ] } },
{ "type": "Feature", "properties": { "area_km2": 0.0162 }, "geometry": { "type": "Polygon", "coordinates": [ [ [ 512640.0, 3525480.0 ], [ 512640.0, 3525300.0 ], [ 512730.0, 3525300.0 ], [ 512730.0, 3525480.0 ], [ 512640.0, 3525480.0 ] ] ] } },
{ "type": "Feature", "properties": { "area_km2": 0.0162 }, "geometry": { "type": "Polygon", "coordinates": [ [ [ 513180.0, 3525390.0 ], [ 513180.0, 3525210.0 ], [ 513270.0, 3525210.0 ], [ 513270.0, 3525390.0 ], [ 513180.0, 3525390.0 ] ] ] } },
{ "type": "Feature", "properties": { "area_km2": 0.0081 }, "geometry": { "type": "Polygon", "coordinates": [ [ [ 511740.0, 3525300.0 ], [ 511740.0, 3525210.0 ], [ 511830.0, 3525210.0 ], [ 511830.0, 3525300.0 ], [ 511740.0, 3525300.0 ] ] ] } },
{ "type": "Feature", "properties": { "area_km2": 0.0162 }, "geometry": { "type": "Polygon", "coordinates": [ [ [ 511920.0, 3525300.0 ], [ 511920.0, 3525210.0 ], [ 512100.0, 3525210.0 ], [ 512100.0, 3525300.0 ], [ 511920.0, 3525300.0 ] ] ] } },
{ "type": "Feature", "properties": { "area_km2": 0.0243 }, "geometry": { "type": "Polygon", "coordinates": [ [ [ 512280.0, 3525300.0 ], [ 512280.0, 3525210.0 ], [ 512550.0, 3525210.0 ], [ 512550.0, 3525300.0 ], [ 512280.0, 3525300.0 ] ] ] } },
{ "type": "Feature", "properties": { "area_km2": 0.0081 }, "geometry": { "type": "Polygon", "coordinates": [ [ [ 511020.0, 3525210.0 ], [ 511020.0, 3525120.0 ], [ 511110.0, 3525120.0 ], [ 511110.0, 3525210.0 ], [ 511020.0, 3525210.0 ] ] ] } },
{ "type": "Feature", "properties": { "area_km2": 0.0162 }, "geometry": { "type": "Polygon", "coordinates": [ [ [ 512100.0, 3525210.0 ], [ 512100.0, 3525120.0 ], [ 512280.0, 3525120.0 ], [ 512280.0, 3525210.0 ], [ 512100.0, 3525210.0 ] ] ] } },
{ "type": "Feature", "properties": { "area_km2": 0.0081 }, "geometry": { "type": "Polygon", "coordinates": [ [ [ 511290.0, 3525120.0 ], [ 511290.0, 3525030.0 ], [ 511380.0, 3525030.0 ], [ 511380.0, 3525120.0 ], [ 511290.0, 3525120.0 ] ] ] } },
{ "type": "Feature", "properties": { "area_km2": 0.0081 }, "geometry": { "type": "Polygon", "coordinates": [ [ [ 513450.0, 3525030.0 ], [ 513450.0, 3524940.0 ], [ 513540.0, 3524940.0 ], [ 513540.0, 3525030.0 ], [ 513450.0, 3525030.0 ] ] ] } },
{ "type": "Feature", "properties": { "area_km2": 0.1377 }, "geometry": { "type": "Polygon", "coordinates": [ [ [ 511560.0, 3525120.0 ], [ 511560.0, 3524850.0 ], [ 511920.0, 3524850.0 ], [ 511920.0, 3524940.0 ], [ 512100.0, 3524940.0 ], [ 512100.0, 3524850.0 ], [ 512190.0, 3524850.0 ], [ 512190.0, 3525030.0 ], [ 512100.0, 3525030.0 ], [ 512100.0, 3525120.0 ], [ 511560.0, 3525120.0 ] ], [ [ 511740.0, 3525030.0 ], [ 511830.0, 3525030.0 ], [ 511830.0, 3524940.0 ], [ 511740.0, 3524940.0 ], [ 511740.0, 3525030.0 ] ] ] } },
{ "type": "Feature", "properties": { "area_km2": 0.0081 }, "geometry": { "type": "Polygon", "coordinates": [ [ [ 511110.0, 3524940.0 ], [ 511110.0, 3524850.0 ], [ 511200.0, 3524850.0 ], [ 511200.0, 3524940.0 ], [ 511110.0, 3524940.0 ] ] ] } },
{ "type": "Feature", "properties": { "area_km2": 0.0081 }, "geometry": { "type": "Polygon", "coordinates": [ [ [ 510750.0, 3524850.0 ], [ 510750.0, 3524760.0 ], [ 510840.0, 3524760.0 ], [ 510840.0, 3524850.0 ], [ 510750.0, 3524850.0 ] ] ] } },
{ "type": "Feature", "properties": { "area_km2": 0.0081 }, "geometry": { "type": "Polygon", "coordinates": [ [ [ 513270.0, 3524850.0 ], [ 513270.0, 3524760.0 ], [ 513360.0, 3524760.0 ], [ 513360.0, 3524850.0 ], [ 513270.0, 3524850.0 ] ] ] } },
{ "type": "Feature", "properties": { "area_km2": 0.0081 }, "geometry": { "type": "Polygon", "coordinates": [ [ [ 513450.0, 3524850.0 ], [ 513450.0, 3524760.0 ], [ 513540.0, 3524760.0 ], [ 513540.0, 3524850.0 ], [ 513450.0, 3524850.0 ] ] ] } },
{ "type": "Feature", "properties": { "area_km2": 0.0081 }, "geometry": { "type": "Polygon", "coordinates": [ [ [ 510840.0, 3524760.0 ], [ 510840.0, 3524670.0 ], [ 510930.0, 3524670.0 ], [ 510930.0, 3524760.0 ], [ 510840.0, 3524760.0 ] ] ] } },
{ "type": "Feature", "properties": { "area_km2": 0.0243 }, "geometry": { "type": "Polygon", "coordinates": [ [ [ 511110.0, 3524760.0 ], [ 511110.0, 3524670.0 ], [ 511380.0, 3524670.0 ], [ 511380.0, 3524760.0 ], [ 511110.0, 3524760.0 ] ] ] } },
{ "type": "Feature", "properties": { "area_km2": 0.0243 }, "geometry": { "type": "Polygon", "coordinates": [ [ [ 511560.0, 3524760.0 ], [ 511560.0, 3524670.0 ], [ 511830.0, 3524670.0 ], [ 511830.0, 3524760.0 ], [ 511560.0, 3524760.0 ] ] ] } },
{ "type": "Feature", "properties": { "area_km2": 0.0081 }, "geometry": { "type": "Polygon", "coordinates": [ [ [ 513990.0, 3524760.0 ], [ 513990.0, 3524670.0 ], [ 514080.0, 3524670.0 ], [ 514080.0, 3524760.0 ], [ 513990.0, 3524760.0 ] ] ] } },
{ "type": "Feature", "properties": { "area_km2": 0.0081 }, "geometry": { "type": "Polygon", "coordinates": [ [ [ 512100.0, 3524670.0 ], [ 512100.0, 3524580.0 ], [ 512190.0, 3524580.0 ], [ 512190.0, 3524670.0 ], [ 512100.0, 3524670.0 ] ] ] } },
{ "type": "Feature", "properties": { "area_km2": 0.0081 }, "geometry": { "type": "Polygon", "coordinates": [ [ [ 513180.0, 3524490.0 ], [ 513180.0, 3524400.0 ], [ 513270.0, 3524400.0 ], [ 513270.0, 3524490.0 ], [ 513180.0, 3524490.0 ] ] ] } },
{ "type": "Feature", "properties": { "area_km2": 0.0162 }, "geometry": { "type": "Polygon", "coordinates": [ [ [ 513360.0, 3524490.0 ], [ 513360.0, 3524400.0 ], [ 513540.0, 3524400.0 ], [ 513540.0, 3524490.0 ], [ 513360.0, 3524490.0 ] ] ] } },
{ "type": "Feature", "properties": { "area_km2": 0.0081 }, "geometry": { "type": "Polygon", "coordinates": [ [ [ 511560.0, 3524400.0 ], [ 511560.0, 3524310.0 ], [ 511650.0, 3524310.0 ], [ 511650.0, 3524400.0 ], [ 511560.0, 3524400.0 ] ] ] } },
{ "type": "Feature", "properties": { "area_km2": 0.0081 }, "geometry": { "type": "Polygon", "coordinates": [ [ [ 513450.0, 3524310.0 ], [ 513450.0, 3524220.0 ], [ 513540.0, 3524220.0 ], [ 513540.0, 3524310.0 ], [ 513450.0, 3524310.0 ] ] ] } },
{ "type": "Feature", "properties": { "area_km2": 0.0324 }, "geometry": { "type": "Polygon", "coordinates": [ [ [ 510390.0, 3524130.0 ], [ 510390.0, 3524040.0 ], [ 510480.0, 3524040.0 ], [ 510480.0, 3523950.0 ], [ 510570.0, 3523950.0 ], [ 510570.0, 3524040.0 ], [ 510660.0, 3524040.0 ], [ 510660.0, 3524130.0 ], [ 510390.0, 3524130.0 ] ] ] } },
{ "type": "Feature", "properties": { "area_km2": 0.0891 }, "geometry": { "type": "Polygon", "coordinates": [ [ [ 510840.0, 3524130.0 ], [ 510840.0, 3524040.0 ], [ 510930.0, 3524040.0 ], [ 510930.0, 3523950.0 ], [ 511470.0, 3523950.0 ], [ 511470.0, 3524040.0 ], [ 511380.0, 3524040.0 ], [ 511380.0, 3524130.0 ], [ 511290.0, 3524130.0 ], [ 511290.0, 3524040.0 ], [ 511200.0, 3524040.0 ], [ 511200.0, 3524130.0 ], [ 510840.0, 3524130.0 ] ] ] } },
{ "type": "Feature", "properties": { "area_km2": 0.0243 }, "geometry": { "type": "Polygon", "coordinates": [ [ [ 511560.0, 3523950.0 ], [ 511560.0, 3523860.0 ], [ 511650.0, 3523860.0 ], [ 511650.0, 3523770.0 ], [ 511740.0, 3523770.0 ], [ 511740.0, 3523950.0 ], [ 511560.0, 3523950.0 ] ] ] } },
{ "type": "Feature", "properties": { "area_km2": 0.0081 }, "geometry": { "type": "Polygon", "coordinates": [ [ [ 510660.0, 3523860.0 ], [ 510660.0, 3523770.0 ], [ 510750.0, 3523770.0 ], [ 510750.0, 3523860.0 ], [ 510660.0, 3523860.0 ] ] ] } },
{ "type": "Feature", "properties": { "area_km2": 0.0081 }, "geometry": { "type": "Polygon", "coordinates": [ [ [ 511110.0, 3523770.0 ], [ 511110.0, 3523680.0 ], [ 511200.0, 3523680.0 ], [ 511200.0, 3523770.0 ], [ 511110.0, 3523770.0 ] ] ] } },
{ "type": "Feature", "properties": { "area_km2": 0.0081 }, "geometry": { "type": "Polygon", "coordinates": [ [ [ 512010.0, 3523590.0 ], [ 512010.0, 3523500.0 ], [ 512100.0, 3523500.0 ], [ 512100.0, 3523590.0 ], [ 512010.0, 3523590.0 ] ] ] } },
{ "type": "Feature", "properties": { "area_km2": 0.0081 }, "geometry": { "type": "Polygon", "coordinates": [ [ [ 512640.0, 3523500.0 ], [ 512640.0, 3523410.0 ], [ 512730.0, 3523410.0 ], [ 512730.0, 3523500.0 ], [ 512640.0, 3523500.0 ] ] ] } },
{ "type": "Feature", "properties": { "area_km2": 0.0081 }, "geometry": { "type": "Polygon", "coordinates": [ [ [ 510390.0, 3523410.0 ], [ 510390.0, 3523320.0 ], [ 510480.0, 3523320.0 ], [ 510480.0, 3523410.0 ], [ 510390.0, 3523410.0 ] ] ] } },
{ "type": "Feature", "properties": { "area_km2": 0.0081 }, "geometry": { "type": "Polygon", "coordinates": [ [ [ 510930.0, 3523320.0 ], [ 510930.0, 3523230.0 ], [ 511020.0, 3523230.0 ], [ 511020.0, 3523320.0 ], [ 510930.0, 3523320.0 ] ] ] } },
{ "type": "Feature", "properties": { "area_km2": 0.0081 }, "geometry": { "type": "Polygon", "coordinates": [ [ [ 510750.0, 3523230.0 ], [ 510750.0, 3523140.0 ], [ 510840.0, 3523140.0 ], [ 510840.0, 3523230.0 ], [ 510750.0, 3523230.0 ] ] ] } },
{ "type": "Feature", "properties": { "area_km2": 0.0081 }, "geometry": { "type": "Polygon", "coordinates": [ [ [ 511110.0, 3523230.0 ], [ 511110.0, 3523140.0 ], [ 511200.0, 3523140.0 ], [ 511200.0, 3523230.0 ], [ 511110.0, 3523230.0 ] ] ] } },
{ "type": "Feature", "properties": { "area_km2": 0.0081 }, "geometry": { "type": "Polygon", "coordinates": [ [ [ 512550.0, 3522960.0 ], [ 512550.0, 3522870.0 ], [ 512640.0, 3522870.0 ], [ 512640.0, 3522960.0 ], [ 512550.0, 3522960.0 ] ] ] } },
{ "type": "Feature", "properties": { "area_km2": 0.0081 }, "geometry": { "type": "Polygon", "coordinates": [ [ [ 513630.0, 3522960.0 ], [ 513630.0, 3522870.0 ], [ 513720.0, 3522870.0 ], [ 513720.0, 3522960.0 ], [ 513630.0, 3522960.0 ] ] ] } },
{ "type": "Feature", "properties": { "area_km2": 0.0081 }, "geometry": { "type": "Polygon", "coordinates": [ [ [ 513990.0, 3522960.0 ], [ 513990.0, 3522870.0 ], [ 514080.0, 3522870.0 ], [ 514080.0, 3522960.0 ], [ 513990.0, 3522960.0 ] ] ] } },
{ "type": "Feature", "properties": { "area_km2": 0.0243 }, "geometry": { "type": "Polygon", "coordinates": [ [ [ 512280.0, 3522960.0 ], [ 512280.0, 3522870.0 ], [ 512370.0, 3522870.0 ], [ 512370.0, 3522780.0 ], [ 512460.0, 3522780.0 ], [ 512460.0, 3522960.0 ], [ 512280.0, 3522960.0 ] ] ] } },
{ "type": "Feature", "properties": { "area_km2": 0.0243 }, "geometry": { "type": "Polygon", "coordinates": [ [ [ 512010.0, 3522870.0 ], [ 512010.0, 3522780.0 ], [ 512280.0, 3522780.0 ], [ 512280.0, 3522870.0 ], [ 512010.0, 3522870.0 ] ] ] } },
{ "type": "Feature", "properties": { "area_km2": 0.0162 }, "geometry": { "type": "Polygon", "coordinates": [ [ [ 512730.0, 3522870.0 ], [ 512730.0, 3522780.0 ], [ 512910.0, 3522780.0 ], [ 512910.0, 3522870.0 ], [ 512730.0, 3522870.0 ] ] ] } },
{ "type": "Feature", "properties": { "area_km2": 0.0081 }, "geometry": { "type": "Polygon", "coordinates": [ [ [ 513090.0, 3522870.0 ], [ 513090.0, 3522780.0 ], [ 513180.0, 3522780.0 ], [ 513180.0, 3522870.0 ], [ 513090.0, 3522870.0 ] ] ] } },
{ "type": "Feature", "properties": { "area_km2": 0.0081 }, "geometry": { "type": "Polygon", "coordinates": [ [ [ 513990.0, 3522780.0 ], [ 513990.0, 3522690.0 ], [ 514080.0, 3522690.0 ], [ 514080.0, 3522780.0 ], [ 513990.0, 3522780.0 ] ] ] } },
{ "type": "Feature", "properties": { "area_km2": 0.0081 }, "geometry": { "type": "Polygon", "coordinates": [ [ [ 511920.0, 3522600.0 ], [ 511920.0, 3522510.0 ], [ 512010.0, 3522510.0 ], [ 512010.0, 3522600.0 ], [ 511920.0, 3522600.0 ] ] ] } },
{ "type": "Feature", "properties": { "area_km2": 0.0081 }, "geometry": { "type": "Polygon", "coordinates": [ [ [ 512190.0, 3522510.0 ], [ 512190.0, 3522420.0 ], [ 512280.0, 3522420.0 ], [ 512280.0, 3522510.0 ], [ 512190.0, 3522510.0 ] ] ] } },
{ "type": "Feature", "properties": { "area_km2": 0.0081 }, "geometry": { "type": "Polygon", "coordinates": [ [ [ 513450.0, 3522240.0 ], [ 513450.0, 3522150.0 ], [ 513540.0, 3522150.0 ], [ 513540.0, 3522240.0 ], [ 513450.0, 3522240.0 ] ] ] } },
{ "type": "Feature", "properties": { "area_km2": 0.0081 }, "geometry": { "type": "Polygon", "coordinates": [ [ [ 510840.0, 3522150.0 ], [ 510840.0, 3522060.0 ], [ 510930.0, 3522060.0 ], [ 510930.0, 3522150.0 ], [ 510840.0, 3522150.0 ] ] ] } },
{ "type": "Feature", "properties": { "area_km2": 0.0162 }, "geometry": { "type": "Polygon", "coordinates": [ [ [ 511650.0, 3522060.0 ], [ 511650.0, 3521880.0 ], [ 511740.0, 3521880.0 ], [ 511740.0, 3522060.0 ], [ 511650.0, 3522060.0 ] ] ] } },
{ "type": "Feature", "properties": { "area_km2": 0.0243 }, "geometry": { "type": "Polygon", "coordinates": [ [ [ 513900.0, 3521970.0 ], [ 513900.0, 3521790.0 ], [ 513990.0, 3521790.0 ], [ 513990.0, 3521880.0 ], [ 514080.0, 3521880.0 ], [ 514080.0, 3521970.0 ], [ 513900.0, 3521970.0 ] ] ] } },
{ "type": "Feature", "properties": { "area_km2": 0.0081 }, "geometry": { "type": "Polygon", "coordinates": [ [ [ 512730.0, 3521880.0 ], [ 512730.0, 3521790.0 ], [ 512820.0, 3521790.0 ], [ 512820.0, 3521880.0 ], [ 512730.0, 3521880.0 ] ] ] } },
{ "type": "Feature", "properties": { "area_km2": 0.0162 }, "geometry": { "type": "Polygon", "coordinates": [ [ [ 513270.0, 3521790.0 ], [ 513270.0, 3521700.0 ], [ 513450.0, 3521700.0 ], [ 513450.0, 3521790.0 ], [ 513270.0, 3521790.0 ] ] ] } },
{ "type": "Feature", "properties": { "area_km2": 0.0081 }, "geometry": { "type": "Polygon", "coordinates": [ [ [ 510390.0, 3521700.0 ], [ 510390.0, 3521610.0 ], [ 510480.0, 3521610.0 ], [ 510480.0, 3521700.0 ], [ 510390.0, 3521700.0 ] ] ] } },
{ "type": "Feature", "properties": { "area_km2": 0.0081 }, "geometry": { "type": "Polygon", "coordinates": [ [ [ 511650.0, 3521700.0 ], [ 511650.0, 3521610.0 ], [ 511740.0, 3521610.0 ], [ 511740.0, 3521700.0 ], [ 511650.0, 3521700.0 ] ] ] } },
{ "type": "Feature", "properties": { "area_km2": 0.0243 }, "geometry": { "type": "Polygon", "coordinates": [ [ [ 513990.0, 3521700.0 ], [ 513990.0, 3521610.0 ], [ 514080.0, 3521610.0 ], [ 514080.0, 3521520.0 ], [ 514170.0, 3521520.0 ], [ 514170.0, 3521700.0 ], [ 513990.0, 3521700.0 ] ] ] } },
{ "type": "Feature", "properties": { "area_km2": 0.0081 }, "geometry": { "type": "Polygon", "coordinates": [ [ [ 510570.0, 3521520.0 ], [ 510570.0, 3521430.0 ], [ 510660.0, 3521430.0 ], [ 510660.0, 3521520.0 ], [ 510570.0, 3521520.0 ] ] ] } },
{ "type": "Feature", "properties": { "area_km2": 0.0081 }, "geometry": { "type": "Polygon", "coordinates": [ [ [ 509850.0, 3521430.0 ], [ 509850.0, 3521340.0 ], [ 509940.0, 3521340.0 ], [ 509940.0, 3521430.0 ], [ 509850.0, 3521430.0 ] ] ] } },
{ "type": "Feature", "properties": { "area_km2": 0.0081 }, "geometry": { "type": "Polygon", "coordinates": [ [ [ 511290.0, 3521430.0 ], [ 511290.0, 3521340.0 ], [ 511380.0, 3521340.0 ], [ 511380.0, 3521430.0 ], [ 511290.0, 3521430.0 ] ] ] } },
{ "type": "Feature", "properties": { "area_km2": 0.0324 }, "geometry": { "type": "Polygon", "coordinates": [ [ [ 510750.0, 3521520.0 ], [ 510750.0, 3521250.0 ], [ 510840.0, 3521250.0 ], [ 510840.0, 3521340.0 ], [ 510930.0, 3521340.0 ], [ 510930.0, 3521430.0 ], [ 510840.0, 3521430.0 ], [ 510840.0, 3521520.0 ], [ 510750.0, 3521520.0 ] ] ] } },
{ "type": "Feature", "properties": { "area_km2": 0.0567 }, "geometry": { "type": "Polygon", "coordinates": [ [ [ 513810.0, 3521520.0 ], [ 513810.0, 3521430.0 ], [ 513900.0, 3521430.0 ], [ 513900.0, 3521340.0 ], [ 514080.0, 3521340.0 ], [ 514080.0, 3521160.0 ], [ 514170.0, 3521160.0 ], [ 514170.0, 3521430.0 ], [ 513990.0, 3521430.0 ], [ 513990.0, 3521520.0 ], [ 513810.0, 3521520.0 ] ] ] } },
{ "type": "Feature", "properties": { "area_km2": 0.0081 }, "geometry": { "type": "Polygon", "coordinates": [ [ [ 510930.0, 3521160.0 ], [ 510930.0, 3521070.0 ], [ 511020.0, 3521070.0 ], [ 511020.0, 3521160.0 ], [ 510930.0, 3521160.0 ] ] ] } },
{ "type": "Feature", "properties": { "area_km2": 0.0162 }, "geometry": { "type": "Polygon", "coordinates": [ [ [ 509760.0, 3521160.0 ], [ 509760.0, 3520980.0 ], [ 509850.0, 3520980.0 ], [ 509850.0, 3521160.0 ], [ 509760.0, 3521160.0 ] ] ] } },
{ "type": "Feature", "properties": { "area_km2": 0.0243 }, "geometry": { "type": "Polygon", "coordinates": [ [ [ 513450.0, 3521160.0 ], [ 513450.0, 3520980.0 ], [ 513540.0, 3520980.0 ], [ 513540.0, 3521070.0 ], [ 513630.0, 3521070.0 ], [ 513630.0, 3521160.0 ], [ 513450.0, 3521160.0 ] ] ] } },
{ "type": "Feature", "properties": { "area_km2": 0.0162 }, "geometry": { "type": "Polygon", "coordinates": [ [ [ 513810.0, 3521160.0 ], [ 513810.0, 3520980.0 ], [ 513900.0, 3520980.0 ], [ 513900.0, 3521160.0 ], [ 513810.0, 3521160.0 ] ] ] } },
{ "type": "Feature", "properties": { "area_km2": 0.0081 }, "geometry": { "type": "Polygon", "coordinates": [ [ [ 513090.0, 3521070.0 ], [ 513090.0, 3520980.0 ], [ 513180.0, 3520980.0 ], [ 513180.0, 3521070.0 ], [ 513090.0, 3521070.0 ] ] ] } },
{ "type": "Feature", "properties": { "area_km2": 0.0243 }, "geometry": { "type": "Polygon", "coordinates": [ [ [ 513990.0, 3521070.0 ], [ 513990.0, 3520980.0 ], [ 514080.0, 3520980.0 ], [ 514080.0, 3520890.0 ], [ 514170.0, 3520890.0 ], [ 514170.0, 3521070.0 ], [ 513990.0, 3521070.0 ] ] ] } },
{ "type": "Feature", "properties": { "area_km2": 0.0081 }, "geometry": { "type": "Polygon", "coordinates": [ [ [ 509670.0, 3520800.0 ], [ 509670.0, 3520710.0 ], [ 509760.0, 3520710.0 ], [ 509760.0, 3520800.0 ], [ 509670.0, 3520800.0 ] ] ] } },
{ "type": "Feature", "properties": { "area_km2": 0.0081 }, "geometry": { "type": "Polygon", "coordinates": [ [ [ 509940.0, 3520800.0 ], [ 509940.0, 3520710.0 ], [ 510030.0, 3520710.0 ], [ 510030.0, 3520800.0 ], [ 509940.0, 3520800.0 ] ] ] } },
{ "type": "Feature", "properties": { "area_km2": 0.0081 }, "geometry": { "type": "Polygon", "coordinates": [ [ [ 510120.0, 3520800.0 ], [ 510120.0, 3520710.0 ], [ 510210.0, 3520710.0 ], [ 510210.0, 3520800.0 ], [ 510120.0, 3520800.0 ] ] ] } },
{ "type": "Feature", "properties": { "area_km2": 0.0081 }, "geometry": { "type": "Polygon", "coordinates": [ [ [ 513540.0, 3520800.0 ], [ 513540.0, 3520710.0 ], [ 513630.0, 3520710.0 ], [ 513630.0, 3520800.0 ], [ 513540.0, 3520800.0 ] ] ] } },
{ "type": "Feature", "properties": { "area_km2": 0.0162 }, "geometry": { "type": "Polygon", "coordinates": [ [ [ 510300.0, 3520800.0 ], [ 510300.0, 3520620.0 ], [ 510390.0, 3520620.0 ], [ 510390.0, 3520800.0 ], [ 510300.0, 3520800.0 ] ] ] } },
{ "type": "Feature", "properties": { "area_km2": 0.0243 }, "geometry": { "type": "Polygon", "coordinates": [ [ [ 510570.0, 3520800.0 ], [ 510570.0, 3520620.0 ], [ 510750.0, 3520620.0 ], [ 510750.0, 3520710.0 ], [ 510660.0, 3520710.0 ], [ 510660.0, 3520800.0 ], [ 510570.0, 3520800.0 ] ] ] } },
{ "type": "Feature", "properties": { "area_km2": 0.0405 }, "geometry": { "type": "Polygon", "coordinates": [ [ [ 509850.0, 3520710.0 ], [ 509850.0, 3520620.0 ], [ 509670.0, 3520620.0 ], [ 509670.0, 3520530.0 ], [ 509760.0, 3520530.0 ], [ 509760.0, 3520440.0 ], [ 509850.0, 3520440.0 ], [ 509850.0, 3520530.0 ], [ 509940.0, 3520530.0 ], [ 509940.0, 3520710.0 ], [ 509850.0, 3520710.0 ] ] ] } },
{ "type": "Feature", "properties": { "area_km2": 0.0081 }, "geometry": { "type": "Polygon", "coordinates": [ [ [ 511290.0, 3520530.0 ], [ 511290.0, 3520440.0 ], [ 511380.0, 3520440.0 ], [ 511380.0, 3520530.0 ], [ 511290.0, 3520530.0 ] ] ] } },
{ "type": "Feature", "properties": { "area_km2": 0.0081 }, "geometry": { "type": "Polygon", "coordinates": [ [ [ 511470.0, 3520530.0 ], [ 511470.0, 3520440.0 ], [ 511560.0, 3520440.0 ], [ 511560.0, 3520530.0 ], [ 511470.0, 3520530.0 ] ] ] } },
{ "type": "Feature", "properties": { "area_km2": 0.0081 }, "geometry": { "type": "Polygon", "coordinates": [ [ [ 512550.0, 3520440.0 ], [ 512550.0, 3520350.0 ], [ 512640.0, 3520350.0 ], [ 512640.0, 3520440.0 ], [ 512550.0, 3520440.0 ] ] ] } },
{ "type": "Feature", "properties": { "area_km2": 0.1053 }, "geometry": { "type": "Polygon", "coordinates": [ [ [ 510840.0, 3520710.0 ], [ 510840.0, 3520530.0 ], [ 510930.0, 3520530.0 ], [ 510930.0, 3520620.0 ], [ 511020.0, 3520620.0 ], [ 511020.0, 3520260.0 ], [ 511290.0, 3520260.0 ], [ 511290.0, 3520350.0 ], [ 511200.0, 3520350.0 ], [ 511200.0, 3520620.0 ], [ 511110.0, 3520620.0 ], [ 511110.0, 3520710.0 ], [ 510840.0, 3520710.0 ] ] ] } },
{ "type": "Feature", "properties": { "area_km2": 0.0081 }, "geometry": { "type": "Polygon", "coordinates": [ [ [ 509850.0, 3520350.0 ], [ 509850.0, 3520260.0 ], [ 509940.0, 3520260.0 ], [ 509940.0, 3520350.0 ], [ 509850.0, 3520350.0 ] ] ] } },
{ "type": "Feature", "properties": { "area_km2": 0.0081 }, "geometry": { "type": "Polygon", "coordinates": [ [ [ 511560.0, 3520350.0 ], [ 511560.0, 3520260.0 ], [ 511650.0, 3520260.0 ], [ 511650.0, 3520350.0 ], [ 511560.0, 3520350.0 ] ] ] } },
{ "type": "Feature", "properties": { "area_km2": 0.0081 }, "geometry": { "type": "Polygon", "coordinates": [ [ [ 513180.0, 3520350.0 ], [ 513180.0, 3520260.0 ], [ 513270.0, 3520260.0 ], [ 513270.0, 3520350.0 ], [ 513180.0, 3520350.0 ] ] ] } },
{ "type": "Feature", "properties": { "area_km2": 0.0162 }, "geometry": { "type": "Polygon", "coordinates": [ [ [ 511290.0, 3520260.0 ], [ 511290.0, 3520170.0 ], [ 511470.0, 3520170.0 ], [ 511470.0, 3520260.0 ], [ 511290.0, 3520260.0 ] ] ] } },
{ "type": "Feature", "properties": { "area_km2": 0.0162 }, "geometry": { "type": "Polygon", "coordinates": [ [ [ 511920.0, 3520260.0 ], [ 511920.0, 3520170.0 ], [ 512100.0, 3520170.0 ], [ 512100.0, 3520260.0 ], [ 511920.0, 3520260.0 ] ] ] } },
{ "type": "Feature", "properties": { "area_km2": 0.0081 }, "geometry": { "type": "Polygon", "coordinates": [ [ [ 513450.0, 3520260.0 ], [ 513450.0, 3520170.0 ], [ 513540.0, 3520170.0 ], [ 513540.0, 3520260.0 ], [ 513450.0, 3520260.0 ] ] ] } },
{ "type": "Feature", "properties": { "area_km2": 0.0162 }, "geometry": { "type": "Polygon", "coordinates": [ [ [ 513810.0, 3520260.0 ], [ 513810.0, 3520170.0 ], [ 513990.0, 3520170.0 ], [ 513990.0, 3520260.0 ], [ 513810.0, 3520260.0 ] ] ] } },
{ "type": "Feature", "properties": { "area_km2": 0.0081 }, "geometry": { "type": "Polygon", "coordinates": [ [ [ 511830.0, 3520170.0 ], [ 511830.0, 3520080.0 ], [ 511920.0, 3520080.0 ], [ 511920.0, 3520170.0 ], [ 511830.0, 3520170.0 ] ] ] } },
{ "type": "Feature", "properties": { "area_km2": 0.0081 }, "geometry": { "type": "Polygon", "coordinates": [ [ [ 512100.0, 3520170.0 ], [ 512100.0, 3520080.0 ], [ 512190.0, 3520080.0 ], [ 512190.0, 3520170.0 ], [ 512100.0, 3520170.0 ] ] ] } },
{ "type": "Feature", "properties": { "area_km2": 0.0081 }, "geometry": { "type": "Polygon", "coordinates": [ [ [ 513360.0, 3520170.0 ], [ 513360.0, 3520080.0 ], [ 513450.0, 3520080.0 ], [ 513450.0, 3520170.0 ], [ 513360.0, 3520170.0 ] ] ] } },
{ "type": "Feature", "properties": { "area_km2": 0.0162 }, "geometry": { "type": "Polygon", "coordinates": [ [ [ 513990.0, 3520170.0 ], [ 513990.0, 3520080.0 ], [ 514170.0, 3520080.0 ], [ 514170.0, 3520170.0 ], [ 513990.0, 3520170.0 ] ] ] } },
{ "type": "Feature", "properties": { "area_km2": 0.0162 }, "geometry": { "type": "Polygon", "coordinates": [ [ [ 510210.0, 3520080.0 ], [ 510210.0, 3519990.0 ], [ 510390.0, 3519990.0 ], [ 510390.0, 3520080.0 ], [ 510210.0, 3520080.0 ] ] ] } },
{ "type": "Feature", "properties": { "area_km2": 0.0081 }, "geometry": { "type": "Polygon", "coordinates": [ [ [ 510660.0, 3520080.0 ], [ 510660.0, 3519990.0 ], [ 510750.0, 3519990.0 ], [ 510750.0, 3520080.0 ], [ 510660.0, 3520080.0 ] ] ] } },
{ "type": "Feature", "properties": { "area_km2": 0.0081 }, "geometry": { "type": "Polygon", "coordinates": [ [ [ 513900.0, 3520080.0 ], [ 513900.0, 3519990.0 ], [ 513990.0, 3519990.0 ], [ 513990.0, 3520080.0 ], [ 513900.0, 3520080.0 ] ] ] } },
{ "type": "Feature", "properties": { "area_km2": 0.0162 }, "geometry": { "type": "Polygon", "coordinates": [ [ [ 511560.0, 3519990.0 ], [ 511560.0, 3519810.0 ], [ 511650.0, 3519810.0 ], [ 511650.0, 3519990.0 ], [ 511560.0, 3519990.0 ] ] ] } },
{ "type": "Feature", "properties": { "area_km2": 0.0405 }, "geometry": { "type": "Polygon", "coordinates": [ [ [ 509490.0, 3519810.0 ], [ 509490.0, 3519630.0 ], [ 509760.0, 3519630.0 ], [ 509760.0, 3519720.0 ], [ 509670.0, 3519720.0 ], [ 509670.0, 3519810.0 ], [ 509490.0, 3519810.0 ] ] ] } },
{ "type": "Feature", "properties": { "area_km2": 0.0081 }, "geometry": { "type": "Polygon", "coordinates": [ [ [ 509400.0, 3519630.0 ], [ 509400.0, 3519540.0 ], [ 509490.0, 3519540.0 ], [ 509490.0, 3519630.0 ], [ 509400.0, 3519630.0 ] ] ] } },
{ "type": "Feature", "properties": { "area_km2": 0.0081 }, "geometry": { "type": "Polygon", "coordinates": [ [ [ 510210.0, 3519630.0 ], [ 510210.0, 3519540.0 ], [ 510300.0, 3519540.0 ], [ 510300.0, 3519630.0 ], [ 510210.0, 3519630.0 ] ] ] } },
{ "type": "Feature", "properties": { "area_km2": 0.0081 }, "geometry": { "type": "Polygon", "coordinates": [ [ [ 511290.0, 3519540.0 ], [ 511290.0, 3519450.0 ], [ 511380.0, 3519450.0 ], [ 511380.0, 3519540.0 ], [ 511290.0, 3519540.0 ] ] ] } },
{ "type": "Feature", "properties": { "area_km2": 0.0081 }, "geometry": { "type": "Polygon", "coordinates": [ [ [ 511830.0, 3519540.0 ], [ 511830.0, 3519450.0 ], [ 511920.0, 3519450.0 ], [ 511920.0, 3519540.0 ], [ 511830.0, 3519540.0 ] ] ] } },
{ "type": "Feature", "properties": { "area_km2": 0.0081 }, "geometry": { "type": "Polygon", "coordinates": [ [ [ 512820.0, 3519450.0 ], [ 512820.0, 3519360.0 ], [ 512910.0, 3519360.0 ], [ 512910.0, 3519450.0 ], [ 512820.0, 3519450.0 ] ] ] } },
{ "type": "Feature", "properties": { "area_km2": 0.0162 }, "geometry": { "type": "Polygon", "coordinates": [ [ [ 513900.0, 3519450.0 ], [ 513900.0, 3519360.0 ], [ 514080.0, 3519360.0 ], [ 514080.0, 3519450.0 ], [ 513900.0, 3519450.0 ] ] ] } },
{ "type": "Feature", "properties": { "area_km2": 0.0162 }, "geometry": { "type": "Polygon", "coordinates": [ [ [ 513180.0, 3519450.0 ], [ 513180.0, 3519270.0 ], [ 513270.0, 3519270.0 ], [ 513270.0, 3519450.0 ], [ 513180.0, 3519450.0 ] ] ] } },
{ "type": "Feature", "properties": { "area_km2": 0.0162 }, "geometry": { "type": "Polygon", "coordinates": [ [ [ 509580.0, 3519360.0 ], [ 509580.0, 3519270.0 ], [ 509760.0, 3519270.0 ], [ 509760.0, 3519360.0 ], [ 509580.0, 3519360.0 ] ] ] } },
{ "type": "Feature", "properties": { "area_km2": 0.0081 }, "geometry": { "type": "Polygon", "coordinates": [ [ [ 510930.0, 3519360.0 ], [ 510930.0, 3519270.0 ], [ 511020.0, 3519270.0 ], [ 511020.0, 3519360.0 ], [ 510930.0, 3519360.0 ] ] ] } },
{ "type": "Feature", "properties": { "area_km2": 0.0081 }, "geometry": { "type": "Polygon", "coordinates": [ [ [ 513540.0, 3519360.0 ], [ 513540.0, 3519270.0 ], [ 513630.0, 3519270.0 ], [ 513630.0, 3519360.0 ], [ 513540.0, 3519360.0 ] ] ] } },
{ "type": "Feature", "properties": { "area_km2": 0.0243 }, "geometry": { "type": "Polygon", "coordinates": [ [ [ 510120.0, 3519270.0 ], [ 510120.0, 3519180.0 ], [ 510390.0, 3519180.0 ], [ 510390.0, 3519270.0 ], [ 510120.0, 3519270.0 ] ] ] } },
{ "type": "Feature", "properties": { "area_km2": 0.0081 }, "geometry": { "type": "Polygon", "coordinates": [ [ [ 512460.0, 3519270.0 ], [ 512460.0, 3519180.0 ], [ 512550.0, 3519180.0 ], [ 512550.0, 3519270.0 ], [ 512460.0, 3519270.0 ] ] ] } },
{ "type": "Feature", "properties": { "area_km2": 0.0081 }, "geometry": { "type": "Polygon", "coordinates": [ [ [ 509850.0, 3519180.0 ], [ 509850.0, 3519090.0 ], [ 509940.0, 3519090.0 ], [ 509940.0, 3519180.0 ], [ 509850.0, 3519180.0 ] ] ] } },
{ "type": "Feature", "properties": { "area_km2": 0.0081 }, "geometry": { "type": "Polygon", "coordinates": [ [ [ 510660.0, 3519180.0 ], [ 510660.0, 3519090.0 ], [ 510750.0, 3519090.0 ], [ 510750.0, 3519180.0 ], [ 510660.0, 3519180.0 ] ] ] } },
{ "type": "Feature", "properties": { "area_km2": 0.0081 }, "geometry": { "type": "Polygon", "coordinates": [ [ [ 513180.0, 3519180.0 ], [ 513180.0, 3519090.0 ], [ 513270.0, 3519090.0 ], [ 513270.0, 3519180.0 ], [ 513180.0, 3519180.0 ] ] ] } },
{ "type": "Feature", "properties": { "area_km2": 0.0081 }, "geometry": { "type": "Polygon", "coordinates": [ [ [ 513540.0, 3519180.0 ], [ 513540.0, 3519090.0 ], [ 513630.0, 3519090.0 ], [ 513630.0, 3519180.0 ], [ 513540.0, 3519180.0 ] ] ] } },
{ "type": "Feature", "properties": { "area_km2": 0.0081 }, "geometry": { "type": "Polygon", "coordinates": [ [ [ 513720.0, 3519090.0 ], [ 513720.0, 3519000.0 ], [ 513810.0, 3519000.0 ], [ 513810.0, 3519090.0 ], [ 513720.0, 3519090.0 ] ] ] } },
{ "type": "Feature", "properties": { "area_km2": 0.081 }, "geometry": { "type": "Polygon", "coordinates": [ [ [ 509400.0, 3519180.0 ], [ 509400.0, 3519090.0 ], [ 509310.0, 3519090.0 ], [ 509310.0, 3518820.0 ], [ 509490.0, 3518820.0 ], [ 509490.0, 3519090.0 ], [ 509760.0, 3519090.0 ], [ 509760.0, 3519180.0 ], [ 509400.0, 3519180.0 ] ] ] } },
{ "type": "Feature", "properties": { "area_km2": 0.0162 }, "geometry": { "type": "Polygon", "coordinates": [ [ [ 510750.0, 3519000.0 ], [ 510750.0, 3518820.0 ], [ 510840.0, 3518820.0 ], [ 510840.0, 3519000.0 ], [ 510750.0, 3519000.0 ] ] ] } },
{ "type": "Feature", "properties": { "area_km2": 0.0324 }, "geometry": { "type": "Polygon", "coordinates": [ [ [ 510030.0, 3519090.0 ], [ 510030.0, 3518910.0 ], [ 509940.0, 3518910.0 ], [ 509940.0, 3518820.0 ], [ 510120.0, 3518820.0 ], [ 510120.0, 3519090.0 ], [ 510030.0, 3519090.0 ] ] ] } },
{ "type": "Feature", "properties": { "area_km2": 0.0081 }, "geometry": { "type": "Polygon", "coordinates": [ [ [ 514080.0, 3518910.0 ], [ 514080.0, 3518820.0 ], [ 514170.0, 3518820.0 ], [ 514170.0, 3518910.0 ], [ 514080.0, 3518910.0 ] ] ] } },
{ "type": "Feature", "properties": { "area_km2": 0.0243 }, "geometry": { "type": "Polygon", "coordinates": [ [ [ 510480.0, 3519000.0 ], [ 510480.0, 3518730.0 ], [ 510570.0, 3518730.0 ], [ 510570.0, 3519000.0 ], [ 510480.0, 3519000.0 ] ] ] } },
{ "type": "Feature", "properties": { "area_km2": 0.0081 }, "geometry": { "type": "Polygon", "coordinates": [ [ [ 511200.0, 3518820.0 ], [ 511200.0, 3518730.0 ], [ 511290.0, 3518730.0 ], [ 511290.0, 3518820.0 ], [ 511200.0, 3518820.0 ] ] ] } },
{ "type": "Feature", "properties": { "area_km2": 0.0081 }, "geometry": { "type": "Polygon", "coordinates": [ [ [ 512010.0, 3518730.0 ], [ 512010.0, 3518640.0 ], [ 512100.0, 3518640.0 ], [ 512100.0, 3518730.0 ], [ 512010.0, 3518730.0 ] ] ] } },
{ "type": "Feature", "properties": { "area_km2": 0.0081 }, "geometry": { "type": "Polygon", "coordinates": [ [ [ 513090.0, 3518730.0 ], [ 513090.0, 3518640.0 ], [ 513180.0, 3518640.0 ], [ 513180.0, 3518730.0 ], [ 513090.0, 3518730.0 ] ] ] } },
{ "type": "Feature", "properties": { "area_km2": 0.0081 }, "geometry": { "type": "Polygon", "coordinates": [ [ [ 513270.0, 3518730.0 ], [ 513270.0, 3518640.0 ], [ 513360.0, 3518640.0 ], [ 513360.0, 3518730.0 ], [ 513270.0, 3518730.0 ] ] ] } },
{ "type": "Feature", "properties": { "area_km2": 0.0081 }, "geometry": { "type": "Polygon", "coordinates": [ [ [ 510300.0, 3518640.0 ], [ 510300.0, 3518550.0 ], [ 510390.0, 3518550.0 ], [ 510390.0, 3518640.0 ], [ 510300.0, 3518640.0 ] ] ] } },
{ "type": "Feature", "properties": { "area_km2": 0.0162 }, "geometry": { "type": "Polygon", "coordinates": [ [ [ 512640.0, 3518640.0 ], [ 512640.0, 3518460.0 ], [ 512730.0, 3518460.0 ], [ 512730.0, 3518640.0 ], [ 512640.0, 3518640.0 ] ] ] } },
{ "type": "Feature", "properties": { "area_km2": 0.0081 }, "geometry": { "type": "Polygon", "coordinates": [ [ [ 510390.0, 3518550.0 ], [ 510390.0, 3518460.0 ], [ 510480.0, 3518460.0 ], [ 510480.0, 3518550.0 ], [ 510390.0, 3518550.0 ] ] ] } },
{ "type": "Feature", "properties": { "area_km2": 0.0081 }, "geometry": { "type": "Polygon", "coordinates": [ [ [ 513450.0, 3518550.0 ], [ 513450.0, 3518460.0 ], [ 513540.0, 3518460.0 ], [ 513540.0, 3518550.0 ], [ 513450.0, 3518550.0 ] ] ] } },
{ "type": "Feature", "properties": { "area_km2": 0.0081 }, "geometry": { "type": "Polygon", "coordinates": [ [ [ 513720.0, 3518550.0 ], [ 513720.0, 3518460.0 ], [ 513810.0, 3518460.0 ], [ 513810.0, 3518550.0 ], [ 513720.0, 3518550.0 ] ] ] } },
{ "type": "Feature", "properties": { "area_km2": 0.0405 }, "geometry": { "type": "Polygon", "coordinates": [ [ [ 510570.0, 3518640.0 ], [ 510570.0, 3518460.0 ], [ 510660.0, 3518460.0 ], [ 510660.0, 3518370.0 ], [ 510840.0, 3518370.0 ], [ 510840.0, 3518460.0 ], [ 510750.0, 3518460.0 ], [ 510750.0, 3518550.0 ], [ 510660.0, 3518550.0 ], [ 510660.0, 3518640.0 ], [ 510570.0, 3518640.0 ] ] ] } },
{ "type": "Feature", "properties": { "area_km2": 0.0162 }, "geometry": { "type": "Polygon", "coordinates": [ [ [ 513270.0, 3518460.0 ], [ 513270.0, 3518370.0 ], [ 513450.0, 3518370.0 ], [ 513450.0, 3518460.0 ], [ 513270.0, 3518460.0 ] ] ] } },
{ "type": "Feature", "properties": { "area_km2": 0.0162 }, "geometry": { "type": "Polygon", "coordinates": [ [ [ 513540.0, 3518460.0 ], [ 513540.0, 3518370.0 ], [ 513720.0, 3518370.0 ], [ 513720.0, 3518460.0 ], [ 513540.0, 3518460.0 ] ] ] } },
{ "type": "Feature", "properties": { "area_km2": 0.0081 }, "geometry": { "type": "Polygon", "coordinates": [ [ [ 512190.0, 3518370.0 ], [ 512190.0, 3518280.0 ], [ 512280.0, 3518280.0 ], [ 512280.0, 3518370.0 ], [ 512190.0, 3518370.0 ] ] ] } },
{ "type": "Feature", "properties": { "area_km2": 0.0081 }, "geometry": { "type": "Polygon", "coordinates": [ [ [ 513810.0, 3518370.0 ], [ 513810.0, 3518280.0 ], [ 513900.0, 3518280.0 ], [ 513900.0, 3518370.0 ], [ 513810.0, 3518370.0 ] ] ] } },
{ "type": "Feature", "properties": { "area_km2": 0.0081 }, "geometry": { "type": "Polygon", "coordinates": [ [ [ 509130.0, 3518280.0 ], [ 509130.0, 3518190.0 ], [ 509220.0, 3518190.0 ], [ 509220.0, 3518280.0 ], [ 509130.0, 3518280.0 ] ] ] } },
{ "type": "Feature", "properties": { "area_km2": 0.0081 }, "geometry": { "type": "Polygon", "coordinates": [ [ [ 509670.0, 3518280.0 ], [ 509670.0, 3518190.0 ], [ 509760.0, 3518190.0 ], [ 509760.0, 3518280.0 ], [ 509670.0, 3518280.0 ] ] ] } },
{ "type": "Feature", "properties": { "area_km2": 0.0081 }, "geometry": { "type": "Polygon", "coordinates": [ [ [ 512280.0, 3518280.0 ], [ 512280.0, 3518190.0 ], [ 512370.0, 3518190.0 ], [ 512370.0, 3518280.0 ], [ 512280.0, 3518280.0 ] ] ] } },
{ "type": "Feature", "properties": { "area_km2": 0.0081 }, "geometry": { "type": "Polygon", "coordinates": [ [ [ 513450.0, 3518280.0 ], [ 513450.0, 3518190.0 ], [ 513540.0, 3518190.0 ], [ 513540.0, 3518280.0 ], [ 513450.0, 3518280.0 ] ] ] } },
{ "type": "Feature", "properties": { "area_km2": 0.0081 }, "geometry": { "type": "Polygon", "coordinates": [ [ [ 509490.0, 3518190.0 ], [ 509490.0, 3518100.0 ], [ 509580.0, 3518100.0 ], [ 509580.0, 3518190.0 ], [ 509490.0, 3518190.0 ] ] ] } },
{ "type": "Feature", "properties": { "area_km2": 0.0081 }, "geometry": { "type": "Polygon", "coordinates": [ [ [ 510120.0, 3518190.0 ], [ 510120.0, 3518100.0 ], [ 510210.0, 3518100.0 ], [ 510210.0, 3518190.0 ], [ 510120.0, 3518190.0 ] ] ] } },
{ "type": "Feature", "properties": { "area_km2": 0.0081 }, "geometry": { "type": "Polygon", "coordinates": [ [ [ 511110.0, 3518190.0 ], [ 511110.0, 3518100.0 ], [ 511200.0, 3518100.0 ], [ 511200.0, 3518190.0 ], [ 511110.0, 3518190.0 ] ] ] } },
{ "type": "Feature", "properties": { "area_km2": 0.0081 }, "geometry": { "type": "Polygon", "coordinates": [ [ [ 510480.0, 3518100.0 ], [ 510480.0, 3518010.0 ], [ 510570.0, 3518010.0 ], [ 510570.0, 3518100.0 ], [ 510480.0, 3518100.0 ] ] ] } },
{ "type": "Feature", "properties": { "area_km2": 0.0162 }, "geometry": { "type": "Polygon", "coordinates": [ [ [ 511740.0, 3518100.0 ], [ 511740.0, 3518010.0 ], [ 511920.0, 3518010.0 ], [ 511920.0, 3518100.0 ], [ 511740.0, 3518100.0 ] ] ] } },
{ "type": "Feature", "properties": { "area_km2": 0.0081 }, "geometry": { "type": "Polygon", "coordinates": [ [ [ 513000.0, 3518100.0 ], [ 513000.0, 3518010.0 ], [ 513090.0, 3518010.0 ], [ 513090.0, 3518100.0 ], [ 513000.0, 3518100.0 ] ] ] } },
{ "type": "Feature", "properties": { "area_km2": 0.0162 }, "geometry": { "type": "Polygon", "coordinates": [ [ [ 513450.0, 3518100.0 ], [ 513450.0, 3518010.0 ], [ 513630.0, 3518010.0 ], [ 513630.0, 3518100.0 ], [ 513450.0, 3518100.0 ] ] ] } },
{ "type": "Feature", "properties": { "area_km2": 0.0243 }, "geometry": { "type": "Polygon", "coordinates": [ [ [ 512100.0, 3518010.0 ], [ 512100.0, 3517920.0 ], [ 512370.0, 3517920.0 ], [ 512370.0, 3518010.0 ], [ 512100.0, 3518010.0 ] ] ] } },
{ "type": "Feature", "properties": { "area_km2": 0.0162 }, "geometry": { "type": "Polygon", "coordinates": [ [ [ 509130.0, 3518010.0 ], [ 509130.0, 3517830.0 ], [ 509220.0, 3517830.0 ], [ 509220.0, 3518010.0 ], [ 509130.0, 3518010.0 ] ] ] } },
{ "type": "Feature", "properties": { "area_km2": 0.0081 }, "geometry": { "type": "Polygon", "coordinates": [ [ [ 509760.0, 3517830.0 ], [ 509760.0, 3517740.0 ], [ 509850.0, 3517740.0 ], [ 509850.0, 3517830.0 ], [ 509760.0, 3517830.0 ] ] ] } },
{ "type": "Feature", "properties": { "area_km2": 0.0486 }, "geometry": { "type": "Polygon", "coordinates": [ [ [ 509310.0, 3517920.0 ], [ 509310.0, 3517740.0 ], [ 509490.0, 3517740.0 ], [ 509490.0, 3517650.0 ], [ 509580.0, 3517650.0 ], [ 509580.0, 3517830.0 ], [ 509490.0, 3517830.0 ], [ 509490.0, 3517920.0 ], [ 509310.0, 3517920.0 ] ] ] } },
{ "type": "Feature", "properties": { "area_km2": 0.0081 }, "geometry": { "type": "Polygon", "coordinates": [ [ [ 512460.0, 3517740.0 ], [ 512460.0, 3517650.0 ], [ 512550.0, 3517650.0 ], [ 512550.0, 3517740.0 ], [ 512460.0, 3517740.0 ] ] ] } },
{ "type": "Feature", "properties": { "area_km2": 0.0081 }, "geometry": { "type": "Polygon", "coordinates": [ [ [ 510480.0, 3517650.0 ], [ 510480.0, 3517560.0 ], [ 510570.0, 3517560.0 ], [ 510570.0, 3517650.0 ], [ 510480.0, 3517650.0 ] ] ] } },
{ "type": "Feature", "properties": { "area_km2": 0.0081 }, "geometry": { "type": "Polygon", "coordinates": [ [ [ 512280.0, 3517650.0 ], [ 512280.0, 3517560.0 ], [ 512370.0, 3517560.0 ], [ 512370.0, 3517650.0 ], [ 512280.0, 3517650.0 ] ] ] } },
{ "type": "Feature", "properties": { "area_km2": 0.0162 }, "geometry": { "type": "Polygon", "coordinates": [ [ [ 512910.0, 3517650.0 ], [ 512910.0, 3517560.0 ], [ 513090.0, 3517560.0 ], [ 513090.0, 3517650.0 ], [ 512910.0, 3517650.0 ] ] ] } },
{ "type": "Feature", "properties": { "area_km2": 0.0081 }, "geometry": { "type": "Polygon", "coordinates": [ [ [ 512460.0, 3517560.0 ], [ 512460.0, 3517470.0 ], [ 512550.0, 3517470.0 ], [ 512550.0, 3517560.0 ], [ 512460.0, 3517560.0 ] ] ] } },
{ "type": "Feature", "properties": { "area_km2": 0.0081 }, "geometry": { "type": "Polygon", "coordinates": [ [ [ 512820.0, 3517560.0 ], [ 512820.0, 3517470.0 ], [ 512910.0, 3517470.0 ], [ 512910.0, 3517560.0 ], [ 512820.0, 3517560.0 ] ] ] } },
{ "type": "Feature", "properties": { "area_km2": 0.0081 }, "geometry": { "type": "Polygon", "coordinates": [ [ [ 508950.0, 3517470.0 ], [ 508950.0, 3517380.0 ], [ 509040.0, 3517380.0 ], [ 509040.0, 3517470.0 ], [ 508950.0, 3517470.0 ] ] ] } },
{ "type": "Feature", "properties": { "area_km2": 0.0081 }, "geometry": { "type": "Polygon", "coordinates": [ [ [ 511740.0, 3517470.0 ], [ 511740.0, 3517380.0 ], [ 511830.0, 3517380.0 ], [ 511830.0, 3517470.0 ], [ 511740.0, 3517470.0 ] ] ] } },
{ "type": "Feature", "properties": { "area_km2": 0.0081 }, "geometry": { "type": "Polygon", "coordinates": [ [ [ 509220.0, 3517380.0 ], [ 509220.0, 3517290.0 ], [ 509310.0, 3517290.0 ], [ 509310.0, 3517380.0 ], [ 509220.0, 3517380.0 ] ] ] } },
{ "type": "Feature", "properties": { "area_km2": 0.0081 }, "geometry": { "type": "Polygon", "coordinates": [ [ [ 509400.0, 3517380.0 ], [ 509400.0, 3517290.0 ], [ 509490.0, 3517290.0 ], [ 509490.0, 3517380.0 ], [ 509400.0, 3517380.0 ] ] ] } },
{ "type": "Feature", "properties": { "area_km2": 0.0081 }, "geometry": { "type": "Polygon", "coordinates": [ [ [ 509490.0, 3517290.0 ], [ 509490.0, 3517200.0 ], [ 509580.0, 3517200.0 ], [ 509580.0, 3517290.0 ], [ 509490.0, 3517290.0 ] ] ] } },
{ "type": "Feature", "properties": { "area_km2": 0.0081 }, "geometry": { "type": "Polygon", "coordinates": [ [ [ 509760.0, 3517290.0 ], [ 509760.0, 3517200.0 ], [ 509850.0, 3517200.0 ], [ 509850.0, 3517290.0 ], [ 509760.0, 3517290.0 ] ] ] } },
{ "type": "Feature", "properties": { "area_km2": 0.0081 }, "geometry": { "type": "Polygon", "coordinates": [ [ [ 510030.0, 3517290.0 ], [ 510030.0, 3517200.0 ], [ 510120.0, 3517200.0 ], [ 510120.0, 3517290.0 ], [ 510030.0, 3517290.0 ] ] ] } },
{ "type": "Feature", "properties": { "area_km2": 0.0081 }, "geometry": { "type": "Polygon", "coordinates": [ [ [ 511020.0, 3517290.0 ], [ 511020.0, 3517200.0 ], [ 511110.0, 3517200.0 ], [ 511110.0, 3517290.0 ], [ 511020.0, 3517290.0 ] ] ] } },
{ "type": "Feature", "properties": { "area_km2": 0.0081 }, "geometry": { "type": "Polygon", "coordinates": [ [ [ 509940.0, 3517200.0 ], [ 509940.0, 3517110.0 ], [ 510030.0, 3517110.0 ], [ 510030.0, 3517200.0 ], [ 509940.0, 3517200.0 ] ] ] } },
{ "type": "Feature", "properties": { "area_km2": 0.0081 }, "geometry": { "type": "Polygon", "coordinates": [ [ [ 509490.0, 3517110.0 ], [ 509490.0, 3517020.0 ], [ 509580.0, 3517020.0 ], [ 509580.0, 3517110.0 ], [ 509490.0, 3517110.0 ] ] ] } },
{ "type": "Feature", "properties": { "area_km2": 0.0081 }, "geometry": { "type": "Polygon", "coordinates": [ [ [ 510750.0, 3517110.0 ], [ 510750.0, 3517020.0 ], [ 510840.0, 3517020.0 ], [ 510840.0, 3517110.0 ], [ 510750.0, 3517110.0 ] ] ] } },
{ "type": "Feature", "properties": { "area_km2": 0.0567 }, "geometry": { "type": "Polygon", "coordinates": [ [ [ 508860.0, 3517020.0 ], [ 508860.0, 3516840.0 ], [ 509310.0, 3516840.0 ], [ 509310.0, 3516930.0 ], [ 509040.0, 3516930.0 ], [ 509040.0, 3517020.0 ], [ 508860.0, 3517020.0 ] ] ] } },
{ "type": "Feature", "properties": { "area_km2": 0.0162 }, "geometry": { "type": "Polygon", "coordinates": [ [ [ 511650.0, 3516930.0 ], [ 511650.0, 3516840.0 ], [ 511830.0, 3516840.0 ], [ 511830.0, 3516930.0 ], [ 511650.0, 3516930.0 ] ] ] } },
{ "type": "Feature", "properties": { "area_km2": 0.0567 }, "geometry": { "type": "Polygon", "coordinates": [ [ [ 512010.0, 3517020.0 ], [ 512010.0, 3516750.0 ], [ 512370.0, 3516750.0 ], [ 512370.0, 3516840.0 ], [ 512100.0, 3516840.0 ], [ 512100.0, 3516930.0 ], [ 512190.0, 3516930.0 ], [ 512190.0, 3517020.0 ], [ 512010.0, 3517020.0 ] ] ] } },
{ "type": "Feature", "properties": { "area_km2": 0.0162 }, "geometry": { "type": "Polygon", "coordinates": [ [ [ 510570.0, 3516840.0 ], [ 510570.0, 3516750.0 ], [ 510750.0, 3516750.0 ], [ 510750.0, 3516840.0 ], [ 510570.0, 3516840.0 ] ] ] } },
{ "type": "Feature", "properties": { "area_km2": 0.0081 }, "geometry": { "type": "Polygon", "coordinates": [ [ [ 512640.0, 3516840.0 ], [ 512640.0, 3516750.0 ], [ 512730.0, 3516750.0 ], [ 512730.0, 3516840.0 ], [ 512640.0, 3516840.0 ] ] ] } },
{ "type": "Feature", "properties": { "area_km2": 0.0648 }, "geometry": { "type": "Polygon", "coordinates": [ [ [ 509400.0, 3516930.0 ], [ 509400.0, 3516840.0 ], [ 509490.0, 3516840.0 ], [ 509490.0, 3516750.0 ], [ 509670.0, 3516750.0 ], [ 509670.0, 3516660.0 ], [ 509760.0, 3516660.0 ], [ 509760.0, 3516750.0 ], [ 509940.0, 3516750.0 ], [ 509940.0, 3516840.0 ], [ 509580.0, 3516840.0 ], [ 509580.0, 3516930.0 ], [ 509400.0, 3516930.0 ] ] ] } },
{ "type": "Feature", "properties": { "area_km2": 0.0162 }, "geometry": { "type": "Polygon", "coordinates": [ [ [ 510210.0, 3516750.0 ], [ 510210.0, 3516660.0 ], [ 510390.0, 3516660.0 ], [ 510390.0, 3516750.0 ], [ 510210.0, 3516750.0 ] ] ] } },
{ "type": "Feature", "properties": { "area_km2": 0.0162 }, "geometry": { "type": "Polygon", "coordinates": [ [ [ 512730.0, 3516750.0 ], [ 512730.0, 3516660.0 ], [ 512910.0, 3516660.0 ], [ 512910.0, 3516750.0 ], [ 512730.0, 3516750.0 ] ] ] } },
{ "type": "Feature", "properties": { "area_km2": 0.0081 }, "geometry": { "type": "Polygon", "coordinates": [ [ [ 514080.0, 3516750.0 ], [ 514080.0, 3516660.0 ], [ 514170.0, 3516660.0 ], [ 514170.0, 3516750.0 ], [ 514080.0, 3516750.0 ] ] ] } },
{ "type": "Feature", "properties": { "area_km2": 0.0162 }, "geometry": { "type": "Polygon", "coordinates": [ [ [ 510480.0, 3516660.0 ], [ 510480.0, 3516570.0 ], [ 510660.0, 3516570.0 ], [ 510660.0, 3516660.0 ], [ 510480.0, 3516660.0 ] ] ] } },
{ "type": "Feature", "properties": { "area_km2": 0.0081 }, "geometry": { "type": "Polygon", "coordinates": [ [ [ 508770.0, 3516480.0 ], [ 508770.0, 3516390.0 ], [ 508860.0, 3516390.0 ], [ 508860.0, 3516480.0 ], [ 508770.0, 3516480.0 ] ] ] } },
{ "type": "Feature", "properties": { "area_km2": 0.0081 }, "geometry": { "type": "Polygon", "coordinates": [ [ [ 512190.0, 3516480.0 ], [ 512190.0, 3516390.0 ], [ 512280.0, 3516390.0 ], [ 512280.0, 3516480.0 ], [ 512190.0, 3516480.0 ] ] ] } },
{ "type": "Feature", "properties": { "area_km2": 0.0081 }, "geometry": { "type": "Polygon", "coordinates": [ [ [ 509400.0, 3516390.0 ], [ 509400.0, 3516300.0 ], [ 509490.0, 3516300.0 ], [ 509490.0, 3516390.0 ], [ 509400.0, 3516390.0 ] ] ] } },
{ "type": "Feature", "properties": { "area_km2": 0.0081 }, "geometry": { "type": "Polygon", "coordinates": [ [ [ 510750.0, 3516390.0 ], [ 510750.0, 3516300.0 ], [ 510840.0, 3516300.0 ], [ 510840.0, 3516390.0 ], [ 510750.0, 3516390.0 ] ] ] } },
{ "type": "Feature", "properties": { "area_km2": 0.0081 }, "geometry": { "type": "Polygon", "coordinates": [ [ [ 512550.0, 3516390.0 ], [ 512550.0, 3516300.0 ], [ 512640.0, 3516300.0 ], [ 512640.0, 3516390.0 ], [ 512550.0, 3516390.0 ] ] ] } },
{ "type": "Feature", "properties": { "area_km2": 0.0243 }, "geometry": { "type": "Polygon", "coordinates": [ [ [ 510480.0, 3516390.0 ], [ 510480.0, 3516300.0 ], [ 510570.0, 3516300.0 ], [ 510570.0, 3516210.0 ], [ 510660.0, 3516210.0 ], [ 510660.0, 3516390.0 ], [ 510480.0, 3516390.0 ] ] ] } },
{ "type": "Feature", "properties": { "area_km2": 0.0243 }, "geometry": { "type": "Polygon", "coordinates": [ [ [ 511380.0, 3516390.0 ], [ 511380.0, 3516210.0 ], [ 511470.0, 3516210.0 ], [ 511470.0, 3516300.0 ], [ 511560.0, 3516300.0 ], [ 511560.0, 3516390.0 ], [ 511380.0, 3516390.0 ] ] ] } },
{ "type": "Feature", "properties": { "area_km2": 0.0081 }, "geometry": { "type": "Polygon", "coordinates": [ [ [ 509670.0, 3516300.0 ], [ 509670.0, 3516210.0 ], [ 509760.0, 3516210.0 ], [ 509760.0, 3516300.0 ], [ 509670.0, 3516300.0 ] ] ] } },
{ "type": "Feature", "properties": { "area_km2": 0.0081 }, "geometry": { "type": "Polygon", "coordinates": [ [ [ 509850.0, 3516300.0 ], [ 509850.0, 3516210.0 ], [ 509940.0, 3516210.0 ], [ 509940.0, 3516300.0 ], [ 509850.0, 3516300.0 ] ] ] } },
{ "type": "Feature", "properties": { "area_km2": 0.0081 }, "geometry": { "type": "Polygon", "coordinates": [ [ [ 512640.0, 3516300.0 ], [ 512640.0, 3516210.0 ], [ 512730.0, 3516210.0 ], [ 512730.0, 3516300.0 ], [ 512640.0, 3516300.0 ] ] ] } },
{ "type": "Feature", "properties": { "area_km2": 0.0081 }, "geometry": { "type": "Polygon", "coordinates": [ [ [ 511740.0, 3516210.0 ], [ 511740.0, 3516120.0 ], [ 511830.0, 3516120.0 ], [ 511830.0, 3516210.0 ], [ 511740.0, 3516210.0 ] ] ] } },
{ "type": "Feature", "properties": { "area_km2": 0.0081 }, "geometry": { "type": "Polygon", "coordinates": [ [ [ 512280.0, 3516210.0 ], [ 512280.0, 3516120.0 ], [ 512370.0, 3516120.0 ], [ 512370.0, 3516210.0 ], [ 512280.0, 3516210.0 ] ] ] } },
{ "type": "Feature", "properties": { "area_km2": 0.0081 }, "geometry": { "type": "Polygon", "coordinates": [ [ [ 513000.0, 3516210.0 ], [ 513000.0, 3516120.0 ], [ 513090.0, 3516120.0 ], [ 513090.0, 3516210.0 ], [ 513000.0, 3516210.0 ] ] ] } },
{ "type": "Feature", "properties": { "area_km2": 0.0324 }, "geometry": { "type": "Polygon", "coordinates": [ [ [ 510300.0, 3516210.0 ], [ 510300.0, 3516030.0 ], [ 510390.0, 3516030.0 ], [ 510390.0, 3516120.0 ], [ 510570.0, 3516120.0 ], [ 510570.0, 3516210.0 ], [ 510300.0, 3516210.0 ] ] ] } },
{ "type": "Feature", "properties": { "area_km2": 0.0081 }, "geometry": { "type": "Polygon", "coordinates": [ [ [ 510930.0, 3516120.0 ], [ 510930.0, 3516030.0 ], [ 511020.0, 3516030.0 ], [ 511020.0, 3516120.0 ], [ 510930.0, 3516120.0 ] ] ] } },
{ "type": "Feature", "properties": { "area_km2": 0.0243 }, "geometry": { "type": "Polygon", "coordinates": [ [ [ 510660.0, 3516210.0 ], [ 510660.0, 3515940.0 ], [ 510750.0, 3515940.0 ], [ 510750.0, 3516210.0 ], [ 510660.0, 3516210.0 ] ] ] } },
{ "type": "Feature", "properties": { "area_km2": 0.0081 }, "geometry": { "type": "Polygon", "coordinates": [ [ [ 510480.0, 3516030.0 ], [ 510480.0, 3515940.0 ], [ 510570.0, 3515940.0 ], [ 510570.0, 3516030.0 ], [ 510480.0, 3516030.0 ] ] ] } },
{ "type": "Feature", "properties": { "area_km2": 0.1296 }, "geometry": { "type": "Polygon", "coordinates": [ [ [ 508860.0, 3516300.0 ], [ 508860.0, 3516210.0 ], [ 508770.0, 3516210.0 ], [ 508770.0, 3516120.0 ], [ 508680.0, 3516120.0 ], [ 508680.0, 3516030.0 ], [ 508860.0, 3516030.0 ], [ 508860.0, 3515940.0 ], [ 508950.0, 3515940.0 ], [ 508950.0, 3516030.0 ], [ 509130.0, 3516030.0 ], [ 509130.0, 3515940.0 ], [ 509220.0, 3515940.0 ], [ 509220.0, 3515850.0 ], [ 509310.0, 3515850.0 ], [ 509310.0, 3516030.0 ], [ 509220.0, 3516030.0 ], [ 509220.0, 3516120.0 ], [ 509040.0, 3516120.0 ], [ 509040.0, 3516210.0 ], [ 509130.0, 3516210.0 ], [ 509130.0, 3516300.0 ], [ 508860.0, 3516300.0 ] ] ] } },
{ "type": "Feature", "properties": { "area_km2": 0.0567 }, "geometry": { "type": "Polygon", "coordinates": [ [ [ 511110.0, 3516120.0 ], [ 511110.0, 3516030.0 ], [ 511200.0, 3516030.0 ], [ 511200.0, 3515940.0 ], [ 511290.0, 3515940.0 ], [ 511290.0, 3515850.0 ], [ 511380.0, 3515850.0 ], [ 511380.0, 3515940.0 ], [ 511560.0, 3515940.0 ], [ 511560.0, 3516030.0 ], [ 511290.0, 3516030.0 ], [ 511290.0, 3516120.0 ], [ 511110.0, 3516120.0 ] ] ] } },
{ "type": "Feature", "properties": { "area_km2": 0.0243 }, "geometry": { "type": "Polygon", "coordinates": [ [ [ 510750.0, 3515940.0 ], [ 510750.0, 3515850.0 ], [ 511020.0, 3515850.0 ], [ 511020.0, 3515940.0 ], [ 510750.0, 3515940.0 ] ] ] } },
{ "type": "Feature", "properties": { "area_km2": 0.0081 }, "geometry": { "type": "Polygon", "coordinates": [ [ [ 512100.0, 3515940.0 ], [ 512100.0, 3515850.0 ], [ 512190.0, 3515850.0 ], [ 512190.0, 3515940.0 ], [ 512100.0, 3515940.0 ] ] ] } },
{ "type": "Feature", "properties": { "area_km2": 0.0081 }, "geometry": { "type": "Polygon", "coordinates": [ [ [ 511110.0, 3515850.0 ], [ 511110.0, 3515760.0 ], [ 511200.0, 3515760.0 ], [ 511200.0, 3515850.0 ], [ 511110.0, 3515850.0 ] ] ] } },
{ "type": "Feature", "properties": { "area_km2": 0.0081 }, "geometry": { "type": "Polygon", "coordinates": [ [ [ 512280.0, 3515850.0 ], [ 512280.0, 3515760.0 ], [ 512370.0, 3515760.0 ], [ 512370.0, 3515850.0 ], [ 512280.0, 3515850.0 ] ] ] } },
{ "type": "Feature", "properties": { "area_km2": 0.0405 }, "geometry": { "type": "Polygon", "coordinates": [ [ [ 508950.0, 3515940.0 ], [ 508950.0, 3515850.0 ], [ 508860.0, 3515850.0 ], [ 508860.0, 3515760.0 ], [ 508950.0, 3515760.0 ], [ 508950.0, 3515670.0 ], [ 509040.0, 3515670.0 ], [ 509040.0, 3515760.0 ], [ 509130.0, 3515760.0 ], [ 509130.0, 3515850.0 ], [ 509040.0, 3515850.0 ], [ 509040.0, 3515940.0 ], [ 508950.0, 3515940.0 ] ] ] } },
{ "type": "Feature", "properties": { "area_km2": 0.0081 }, "geometry": { "type": "Polygon", "coordinates": [ [ [ 508770.0, 3515760.0 ], [ 508770.0, 3515670.0 ], [ 508860.0, 3515670.0 ], [ 508860.0, 3515760.0 ], [ 508770.0, 3515760.0 ] ] ] } },
{ "type": "Feature", "properties": { "area_km2": 0.0081 }, "geometry": { "type": "Polygon", "coordinates": [ [ [ 509130.0, 3515760.0 ], [ 509130.0, 3515670.0 ], [ 509220.0, 3515670.0 ], [ 509220.0, 3515760.0 ], [ 509130.0, 3515760.0 ] ] ] } },
{ "type": "Feature", "properties": { "area_km2": 0.0081 }, "geometry": { "type": "Polygon", "coordinates": [ [ [ 509310.0, 3515760.0 ], [ 509310.0, 3515670.0 ], [ 509400.0, 3515670.0 ], [ 509400.0, 3515760.0 ], [ 509310.0, 3515760.0 ] ] ] } },
{ "type": "Feature", "properties": { "area_km2": 0.0081 }, "geometry": { "type": "Polygon", "coordinates": [ [ [ 510930.0, 3515760.0 ], [ 510930.0, 3515670.0 ], [ 511020.0, 3515670.0 ], [ 511020.0, 3515760.0 ], [ 510930.0, 3515760.0 ] ] ] } },
{ "type": "Feature", "properties": { "area_km2": 0.2511 }, "geometry": { "type": "Polygon", "coordinates": [ [ [ 509940.0, 3516210.0 ], [ 509940.0, 3516030.0 ], [ 509580.0, 3516030.0 ], [ 509580.0, 3515940.0 ], [ 509940.0, 3515940.0 ], [ 509940.0, 3515850.0 ], [ 509850.0, 3515850.0 ], [ 509850.0, 3515760.0 ], [ 510210.0, 3515760.0 ], [ 510210.0, 3515580.0 ], [ 510300.0, 3515580.0 ], [ 510300.0, 3515670.0 ], [ 510750.0, 3515670.0 ], [ 510750.0, 3515850.0 ], [ 510660.0, 3515850.0 ], [ 510660.0, 3515760.0 ], [ 510480.0, 3515760.0 ], [ 510480.0, 3515850.0 ], [ 510390.0, 3515850.0 ], [ 510390.0, 3515940.0 ], [ 510300.0, 3515940.0 ], [ 510300.0, 3516030.0 ], [ 510210.0, 3516030.0 ], [ 510210.0, 3515940.0 ], [ 510120.0, 3515940.0 ], [ 510120.0, 3516210.0 ], [ 509940.0, 3516210.0 ] ] ] } },
{ "type": "Feature", "properties": { "area_km2": 0.0243 }, "geometry": { "type": "Polygon", "coordinates": [ [ [ 511020.0, 3515670.0 ], [ 511020.0, 3515580.0 ], [ 511290.0, 3515580.0 ], [ 511290.0, 3515670.0 ], [ 511020.0, 3515670.0 ] ] ] } },
{ "type": "Feature", "properties": { "area_km2": 0.0162 }, "geometry": { "type": "Polygon", "coordinates": [ [ [ 511470.0, 3515670.0 ], [ 511470.0, 3515580.0 ], [ 511650.0, 3515580.0 ], [ 511650.0, 3515670.0 ], [ 511470.0, 3515670.0 ] ] ] } },
{ "type": "Feature", "properties": { "area_km2": 0.0081 }, "geometry": { "type": "Polygon", "coordinates": [ [ [ 511740.0, 3515670.0 ], [ 511740.0, 3515580.0 ], [ 511830.0, 3515580.0 ], [ 511830.0, 3515670.0 ], [ 511740.0, 3515670.0 ] ] ] } },
{ "type": "Feature", "properties": { "area_km2": 0.0081 }, "geometry": { "type": "Polygon", "coordinates": [ [ [ 511920.0, 3515670.0 ], [ 511920.0, 3515580.0 ], [ 512010.0, 3515580.0 ], [ 512010.0, 3515670.0 ], [ 511920.0, 3515670.0 ] ] ] } },
{ "type": "Feature", "properties": { "area_km2": 0.0081 }, "geometry": { "type": "Polygon", "coordinates": [ [ [ 509670.0, 3515580.0 ], [ 509670.0, 3515490.0 ], [ 509760.0, 3515490.0 ], [ 509760.0, 3515580.0 ], [ 509670.0, 3515580.0 ] ] ] } },
{ "type": "Feature", "properties": { "area_km2": 0.0081 }, "geometry": { "type": "Polygon", "coordinates": [ [ [ 510120.0, 3515580.0 ], [ 510120.0, 3515490.0 ], [ 510210.0, 3515490.0 ], [ 510210.0, 3515580.0 ], [ 510120.0, 3515580.0 ] ] ] } },
{ "type": "Feature", "properties": { "area_km2": 0.0243 }, "geometry": { "type": "Polygon", "coordinates": [ [ [ 510300.0, 3515580.0 ], [ 510300.0, 3515490.0 ], [ 510570.0, 3515490.0 ], [ 510570.0, 3515580.0 ], [ 510300.0, 3515580.0 ] ] ] } },
{ "type": "Feature", "properties": { "area_km2": 0.0162 }, "geometry": { "type": "Polygon", "coordinates": [ [ [ 512100.0, 3515580.0 ], [ 512100.0, 3515490.0 ], [ 512280.0, 3515490.0 ], [ 512280.0, 3515580.0 ], [ 512100.0, 3515580.0 ] ] ] } },
{ "type": "Feature", "properties": { "area_km2": 0.0405 }, "geometry": { "type": "Polygon", "coordinates": [ [ [ 509490.0, 3515670.0 ], [ 509490.0, 3515490.0 ], [ 509310.0, 3515490.0 ], [ 509310.0, 3515400.0 ], [ 509580.0, 3515400.0 ], [ 509580.0, 3515670.0 ], [ 509490.0, 3515670.0 ] ] ] } },
{ "type": "Feature", "properties": { "area_km2": 0.0081 }, "geometry": { "type": "Polygon", "coordinates": [ [ [ 509850.0, 3515490.0 ], [ 509850.0, 3515400.0 ], [ 509940.0, 3515400.0 ], [ 509940.0, 3515490.0 ], [ 509850.0, 3515490.0 ] ] ] } },
{ "type": "Feature", "properties": { "area_km2": 0.0081 }, "geometry": { "type": "Polygon", "coordinates": [ [ [ 511560.0, 3515490.0 ], [ 511560.0, 3515400.0 ], [ 511650.0, 3515400.0 ], [ 511650.0, 3515490.0 ], [ 511560.0, 3515490.0 ] ] ] } },
{ "type": "Feature", "properties": { "area_km2": 0.0081 }, "geometry": { "type": "Polygon", "coordinates": [ [ [ 511290.0, 3515400.0 ], [ 511290.0, 3515310.0 ], [ 511380.0, 3515310.0 ], [ 511380.0, 3515400.0 ], [ 511290.0, 3515400.0 ] ] ] } },
{ "type": "Feature", "properties": { "area_km2": 0.0081 }, "geometry": { "type": "Polygon", "coordinates": [ [ [ 510660.0, 3515310.0 ], [ 510660.0, 3515220.0 ], [ 510750.0, 3515220.0 ], [ 510750.0, 3515310.0 ], [ 510660.0, 3515310.0 ] ] ] } },
{ "type": "Feature", "properties": { "area_km2": 0.0405 }, "geometry": { "type": "Polygon", "coordinates": [ [ [ 511650.0, 3515400.0 ], [ 511650.0, 3515310.0 ], [ 511560.0, 3515310.0 ], [ 511560.0, 3515220.0 ], [ 511830.0, 3515220.0 ], [ 511830.0, 3515400.0 ], [ 511650.0, 3515400.0 ] ] ] } },
{ "type": "Feature", "properties": { "area_km2": 0.0324 }, "geometry": { "type": "Polygon", "coordinates": [ [ [ 511020.0, 3515490.0 ], [ 511020.0, 3515130.0 ], [ 511110.0, 3515130.0 ], [ 511110.0, 3515490.0 ], [ 511020.0, 3515490.0 ] ] ] } },
{ "type": "Feature", "properties": { "area_km2": 0.081 }, "geometry": { "type": "Polygon", "coordinates": [ [ [ 508590.0, 3515400.0 ], [ 508590.0, 3515310.0 ], [ 508680.0, 3515310.0 ], [ 508680.0, 3515220.0 ], [ 508770.0, 3515220.0 ], [ 508770.0, 3515130.0 ], [ 508950.0, 3515130.0 ], [ 508950.0, 3515310.0 ], [ 509040.0, 3515310.0 ], [ 509040.0, 3515400.0 ], [ 508590.0, 3515400.0 ] ] ] } },
{ "type": "Feature", "properties": { "area_km2": 0.0243 }, "geometry": { "type": "Polygon", "coordinates": [ [ [ 509040.0, 3515310.0 ], [ 509040.0, 3515220.0 ], [ 509130.0, 3515220.0 ], [ 509130.0, 3515130.0 ], [ 509220.0, 3515130.0 ], [ 509220.0, 3515310.0 ], [ 509040.0, 3515310.0 ] ] ] } },
{ "type": "Feature", "properties": { "area_km2": 0.0081 }, "geometry": { "type": "Polygon", "coordinates": [ [ [ 511200.0, 3515220.0 ], [ 511200.0, 3515130.0 ], [ 511290.0, 3515130.0 ], [ 511290.0, 3515220.0 ], [ 511200.0, 3515220.0 ] ] ] } },
{ "type": "Feature", "properties": { "area_km2": 0.0729 }, "geometry": { "type": "Polygon", "coordinates": [ [ [ 509400.0, 3515310.0 ], [ 509400.0, 3515220.0 ], [ 509310.0, 3515220.0 ], [ 509310.0, 3515040.0 ], [ 509490.0, 3515040.0 ], [ 509490.0, 3515130.0 ], [ 509760.0, 3515130.0 ], [ 509760.0, 3515220.0 ], [ 509580.0, 3515220.0 ], [ 509580.0, 3515310.0 ], [ 509400.0, 3515310.0 ] ] ] } },
{ "type": "Feature", "properties": { "area_km2": 0.0243 }, "geometry": { "type": "Polygon", "coordinates": [ [ [ 510840.0, 3515130.0 ], [ 510840.0, 3514950.0 ], [ 510930.0, 3514950.0 ], [ 510930.0, 3515040.0 ], [ 511020.0, 3515040.0 ], [ 511020.0, 3515130.0 ], [ 510840.0, 3515130.0 ] ] ] } },
{ "type": "Feature", "properties": { "area_km2": 0.0162 }, "geometry": { "type": "Polygon", "coordinates": [ [ [ 510210.0, 3515040.0 ], [ 510210.0, 3514860.0 ], [ 510300.0, 3514860.0 ], [ 510300.0, 3515040.0 ], [ 510210.0, 3515040.0 ] ] ] } },
{ "type": "Feature", "properties": { "area_km2": 0.0243 }, "geometry": { "type": "Polygon", "coordinates": [ [ [ 511380.0, 3515040.0 ], [ 511380.0, 3514950.0 ], [ 511470.0, 3514950.0 ], [ 511470.0, 3514860.0 ], [ 511560.0, 3514860.0 ], [ 511560.0, 3515040.0 ], [ 511380.0, 3515040.0 ] ] ] } },
{ "type": "Feature", "properties": { "area_km2": 0.0081 }, "geometry": { "type": "Polygon", "coordinates": [ [ [ 510390.0, 3514950.0 ], [ 510390.0, 3514860.0 ], [ 510480.0, 3514860.0 ], [ 510480.0, 3514950.0 ], [ 510390.0, 3514950.0 ] ] ] } },
{ "type": "Feature", "properties": { "area_km2": 0.0324 }, "geometry": { "type": "Polygon", "coordinates": [ [ [ 511110.0, 3515040.0 ], [ 511110.0, 3514950.0 ], [ 511020.0, 3514950.0 ], [ 511020.0, 3514860.0 ], [ 511200.0, 3514860.0 ], [ 511200.0, 3514950.0 ], [ 511290.0, 3514950.0 ], [ 511290.0, 3515040.0 ], [ 511110.0, 3515040.0 ] ] ] } },
{ "type": "Feature", "properties": { "area_km2": 0.0243 }, "geometry": { "type": "Polygon", "coordinates": [ [ [ 510660.0, 3514950.0 ], [ 510660.0, 3514860.0 ], [ 510570.0, 3514860.0 ], [ 510570.0, 3514770.0 ], [ 510750.0, 3514770.0 ], [ 510750.0, 3514950.0 ], [ 510660.0, 3514950.0 ] ] ] } },
{ "type": "Feature", "properties": { "area_km2": 0.0081 }, "geometry": { "type": "Polygon", "coordinates": [ [ [ 511290.0, 3514860.0 ], [ 511290.0, 3514770.0 ], [ 511380.0, 3514770.0 ], [ 511380.0, 3514860.0 ], [ 511290.0, 3514860.0 ] ] ] } },
{ "type": "Feature", "properties": { "area_km2": 0.0081 }, "geometry": { "type": "Polygon", "coordinates": [ [ [ 508770.0, 3514770.0 ], [ 508770.0, 3514680.0 ], [ 508860.0, 3514680.0 ], [ 508860.0, 3514770.0 ], [ 508770.0, 3514770.0 ] ] ] } },
{ "type": "Feature", "properties": { "area_km2": 0.0081 }, "geometry": { "type": "Polygon", "coordinates": [ [ [ 511560.0, 3514770.0 ], [ 511560.0, 3514680.0 ], [ 511650.0, 3514680.0 ], [ 511650.0, 3514770.0 ], [ 511560.0, 3514770.0 ] ] ] } },
{ "type": "Feature", "properties": { "area_km2": 0.0081 }, "geometry": { "type": "Polygon", "coordinates": [ [ [ 513090.0, 3514770.0 ], [ 513090.0, 3514680.0 ], [ 513180.0, 3514680.0 ], [ 513180.0, 3514770.0 ], [ 513090.0, 3514770.0 ] ] ] } },
{ "type": "Feature", "properties": { "area_km2": 0.0972 }, "geometry": { "type": "Polygon", "coordinates": [ [ [ 509490.0, 3514860.0 ], [ 509490.0, 3514770.0 ], [ 509400.0, 3514770.0 ], [ 509400.0, 3514680.0 ], [ 509580.0, 3514680.0 ], [ 509580.0, 3514590.0 ], [ 509670.0, 3514590.0 ], [ 509670.0, 3514680.0 ], [ 509760.0, 3514680.0 ], [ 509760.0, 3514590.0 ], [ 509940.0, 3514590.0 ], [ 509940.0, 3514770.0 ], [ 509760.0, 3514770.0 ], [ 509760.0, 3514860.0 ], [ 509490.0, 3514860.0 ] ] ] } },
{ "type": "Feature", "properties": { "area_km2": 0.0243 }, "geometry": { "type": "Polygon", "coordinates": [ [ [ 510300.0, 3514770.0 ], [ 510300.0, 3514590.0 ], [ 510390.0, 3514590.0 ], [ 510390.0, 3514680.0 ], [ 510480.0, 3514680.0 ], [ 510480.0, 3514770.0 ], [ 510300.0, 3514770.0 ] ] ] } },
{ "type": "Feature", "properties": { "area_km2": 0.0162 }, "geometry": { "type": "Polygon", "coordinates": [ [ [ 510660.0, 3514590.0 ], [ 510660.0, 3514500.0 ], [ 510840.0, 3514500.0 ], [ 510840.0, 3514590.0 ], [ 510660.0, 3514590.0 ] ] ] } },
{ "type": "Feature", "properties": { "area_km2": 0.162 }, "geometry": { "type": "Polygon", "coordinates": [ [ [ 508500.0, 3515040.0 ], [ 508500.0, 3514950.0 ], [ 508590.0, 3514950.0 ], [ 508590.0, 3514860.0 ], [ 508860.0, 3514860.0 ], [ 508860.0, 3514770.0 ], [ 509040.0, 3514770.0 ], [ 509040.0, 3514590.0 ], [ 508860.0, 3514590.0 ], [ 508860.0, 3514500.0 ], [ 509040.0, 3514500.0 ], [ 509040.0, 3514410.0 ], [ 509130.0, 3514410.0 ], [ 509130.0, 3514770.0 ], [ 509310.0, 3514770.0 ], [ 509310.0, 3514950.0 ], [ 509130.0, 3514950.0 ], [ 509130.0, 3514860.0 ], [ 508950.0, 3514860.0 ], [ 508950.0, 3514950.0 ], [ 508860.0, 3514950.0 ], [ 508860.0, 3515040.0 ], [ 508770.0, 3515040.0 ], [ 508770.0, 3514950.0 ], [ 508680.0, 3514950.0 ], [ 508680.0, 3515040.0 ], [ 508500.0, 3515040.0 ] ] ] } },
{ "type": "Feature", "properties": { "area_km2": 0.0081 }, "geometry": { "type": "Polygon", "coordinates": [ [ [ 508770.0, 3514500.0 ], [ 508770.0, 3514410.0 ], [ 508860.0, 3514410.0 ], [ 508860.0, 3514500.0 ], [ 508770.0, 3514500.0 ] ] ] } },
{ "type": "Feature", "properties": { "area_km2": 0.0081 }, "geometry": { "type": "Polygon", "coordinates": [ [ [ 509220.0, 3514500.0 ], [ 509220.0, 3514410.0 ], [ 509310.0, 3514410.0 ], [ 509310.0, 3514500.0 ], [ 509220.0, 3514500.0 ] ] ] } },
{ "type": "Feature", "properties": { "area_km2": 0.0081 }, "geometry": { "type": "Polygon", "coordinates": [ [ [ 509490.0, 3514500.0 ], [ 509490.0, 3514410.0 ], [ 509580.0, 3514410.0 ], [ 509580.0, 3514500.0 ], [ 509490.0, 3514500.0 ] ] ] } },
{ "type": "Feature", "properties": { "area_km2": 0.0081 }, "geometry": { "type": "Polygon", "coordinates": [ [ [ 511200.0, 3514500.0 ], [ 511200.0, 3514410.0 ], [ 511290.0, 3514410.0 ], [ 511290.0, 3514500.0 ], [ 511200.0, 3514500.0 ] ] ] } },
{ "type": "Feature", "properties": { "area_km2": 0.0324 }, "geometry": { "type": "Polygon", "coordinates": [ [ [ 510390.0, 3514590.0 ], [ 510390.0, 3514500.0 ], [ 510480.0, 3514500.0 ], [ 510480.0, 3514320.0 ], [ 510570.0, 3514320.0 ], [ 510570.0, 3514590.0 ], [ 510390.0, 3514590.0 ] ] ] } },
{ "type": "Feature", "properties": { "area_km2": 0.0486 }, "geometry": { "type": "Polygon", "coordinates": [ [ [ 510120.0, 3514590.0 ], [ 510120.0, 3514500.0 ], [ 510030.0, 3514500.0 ], [ 510030.0, 3514410.0 ], [ 509940.0, 3514410.0 ], [ 509940.0, 3514320.0 ], [ 510120.0, 3514320.0 ], [ 510120.0, 3514410.0 ], [ 510210.0, 3514410.0 ], [ 510210.0, 3514500.0 ], [ 510300.0, 3514500.0 ], [ 510300.0, 3514590.0 ], [ 510120.0, 3514590.0 ] ] ] } },
{ "type": "Feature", "properties": { "area_km2": 0.0081 }, "geometry": { "type": "Polygon", "coordinates": [ [ [ 510750.0, 3514410.0 ], [ 510750.0, 3514320.0 ], [ 510840.0, 3514320.0 ], [ 510840.0, 3514410.0 ], [ 510750.0, 3514410.0 ] ] ] } },
{ "type": "Feature", "properties": { "area_km2": 0.0081 }, "geometry": { "type": "Polygon", "coordinates": [ [ [ 509760.0, 3514320.0 ], [ 509760.0, 3514230.0 ], [ 509850.0, 3514230.0 ], [ 509850.0, 3514320.0 ], [ 509760.0, 3514320.0 ] ] ] } },
{ "type": "Feature", "properties": { "area_km2": 0.2268 }, "geometry": { "type": "Polygon", "coordinates": [ [ [ 508410.0, 3514860.0 ], [ 508410.0, 3514770.0 ], [ 508500.0, 3514770.0 ], [ 508500.0, 3514680.0 ], [ 508410.0, 3514680.0 ], [ 508410.0, 3514590.0 ], [ 508500.0, 3514590.0 ], [ 508500.0, 3514410.0 ], [ 508320.0, 3514410.0 ], [ 508320.0, 3514140.0 ], [ 508680.0, 3514140.0 ], [ 508680.0, 3514230.0 ], [ 508860.0, 3514230.0 ], [ 508860.0, 3514140.0 ], [ 509040.0, 3514140.0 ], [ 509040.0, 3514320.0 ], [ 508770.0, 3514320.0 ], [ 508770.0, 3514410.0 ], [ 508680.0, 3514410.0 ], [ 508680.0, 3514500.0 ], [ 508590.0, 3514500.0 ], [ 508590.0, 3514680.0 ], [ 508680.0, 3514680.0 ], [ 508680.0, 3514770.0 ], [ 508590.0, 3514770.0 ], [ 508590.0, 3514860.0 ], [ 508410.0, 3514860.0 ] ] ] } },
{ "type": "Feature", "properties": { "area_km2": 0.0162 }, "geometry": { "type": "Polygon", "coordinates": [ [ [ 510570.0, 3514230.0 ], [ 510570.0, 3514140.0 ], [ 510750.0, 3514140.0 ], [ 510750.0, 3514230.0 ], [ 510570.0, 3514230.0 ] ] ] } },
{ "type": "Feature", "properties": { "area_km2": 0.0324 }, "geometry": { "type": "Polygon", "coordinates": [ [ [ 509310.0, 3514230.0 ], [ 509310.0, 3514140.0 ], [ 509400.0, 3514140.0 ], [ 509400.0, 3514050.0 ], [ 509490.0, 3514050.0 ], [ 509490.0, 3514140.0 ], [ 509580.0, 3514140.0 ], [ 509580.0, 3514230.0 ], [ 509310.0, 3514230.0 ] ] ] } },
{ "type": "Feature", "properties": { "area_km2": 0.0081 }, "geometry": { "type": "Polygon", "coordinates": [ [ [ 509220.0, 3514140.0 ], [ 509220.0, 3514050.0 ], [ 509310.0, 3514050.0 ], [ 509310.0, 3514140.0 ], [ 509220.0, 3514140.0 ] ] ] } },
{ "type": "Feature", "properties": { "area_km2": 0.0243 }, "geometry": { "type": "Polygon", "coordinates": [ [ [ 509760.0, 3514140.0 ], [ 509760.0, 3514050.0 ], [ 510030.0, 3514050.0 ], [ 510030.0, 3514140.0 ], [ 509760.0, 3514140.0 ] ] ] } },
{ "type": "Feature", "properties": { "area_km2": 0.0162 }, "geometry": { "type": "Polygon", "coordinates": [ [ [ 510210.0, 3514140.0 ], [ 510210.0, 3514050.0 ], [ 510390.0, 3514050.0 ], [ 510390.0, 3514140.0 ], [ 510210.0, 3514140.0 ] ] ] } },
{ "type": "Feature", "properties": { "area_km2": 0.0081 }, "geometry": { "type": "Polygon", "coordinates": [ [ [ 510570.0, 3514050.0 ], [ 510570.0, 3513960.0 ], [ 510660.0, 3513960.0 ], [ 510660.0, 3514050.0 ], [ 510570.0, 3514050.0 ] ] ] } },
{ "type": "Feature", "properties": { "area_km2": 0.0243 }, "geometry": { "type": "Polygon", "coordinates": [ [ [ 510660.0, 3513960.0 ], [ 510660.0, 3513870.0 ], [ 510930.0, 3513870.0 ], [ 510930.0, 3513960.0 ], [ 510660.0, 3513960.0 ] ] ] } },
{ "type": "Feature", "properties": { "area_km2": 0.0162 }, "geometry": { "type": "Polygon", "coordinates": [ [ [ 510930.0, 3513870.0 ], [ 510930.0, 3513780.0 ], [ 511110.0, 3513780.0 ], [ 511110.0, 3513870.0 ], [ 510930.0, 3513870.0 ] ] ] } },
{ "type": "Feature", "properties": { "area_km2": 0.0081 }, "geometry": { "type": "Polygon", "coordinates": [ [ [ 511290.0, 3513870.0 ], [ 511290.0, 3513780.0 ], [ 511380.0, 3513780.0 ], [ 511380.0, 3513870.0 ], [ 511290.0, 3513870.0 ] ] ] } },
{ "type": "Feature", "properties": { "area_km2": 0.0081 }, "geometry": { "type": "Polygon", "coordinates": [ [ [ 508230.0, 3513780.0 ], [ 508230.0, 3513690.0 ], [ 508320.0, 3513690.0 ], [ 508320.0, 3513780.0 ], [ 508230.0, 3513780.0 ] ] ] } },
{ "type": "Feature", "properties": { "area_km2": 0.0081 }, "geometry": { "type": "Polygon", "coordinates": [ [ [ 508410.0, 3513780.0 ], [ 508410.0, 3513690.0 ], [ 508500.0, 3513690.0 ], [ 508500.0, 3513780.0 ], [ 508410.0, 3513780.0 ] ] ] } },
{ "type": "Feature", "properties": { "area_km2": 0.0162 }, "geometry": { "type": "Polygon", "coordinates": [ [ [ 508590.0, 3513780.0 ], [ 508590.0, 3513690.0 ], [ 508770.0, 3513690.0 ], [ 508770.0, 3513780.0 ], [ 508590.0, 3513780.0 ] ] ] } },
{ "type": "Feature", "properties": { "area_km2": 0.0081 }, "geometry": { "type": "Polygon", "coordinates": [ [ [ 511380.0, 3513780.0 ], [ 511380.0, 3513690.0 ], [ 511470.0, 3513690.0 ], [ 511470.0, 3513780.0 ], [ 511380.0, 3513780.0 ] ] ] } },
{ "type": "Feature", "properties": { "area_km2": 0.0081 }, "geometry": { "type": "Polygon", "coordinates": [ [ [ 508500.0, 3513690.0 ], [ 508500.0, 3513600.0 ], [ 508590.0, 3513600.0 ], [ 508590.0, 3513690.0 ], [ 508500.0, 3513690.0 ] ] ] } },
{ "type": "Feature", "properties": { "area_km2": 0.0081 }, "geometry": { "type": "Polygon", "coordinates": [ [ [ 509310.0, 3513690.0 ], [ 509310.0, 3513600.0 ], [ 509400.0, 3513600.0 ], [ 509400.0, 3513690.0 ], [ 509310.0, 3513690.0 ] ] ] } },
{ "type": "Feature", "properties": { "area_km2": 0.0081 }, "geometry": { "type": "Polygon", "coordinates": [ [ [ 510570.0, 3513690.0 ], [ 510570.0, 3513600.0 ], [ 510660.0, 3513600.0 ], [ 510660.0, 3513690.0 ], [ 510570.0, 3513690.0 ] ] ] } },
{ "type": "Feature", "properties": { "area_km2": 0.0081 }, "geometry": { "type": "Polygon", "coordinates": [ [ [ 508770.0, 3513600.0 ], [ 508770.0, 3513510.0 ], [ 508860.0, 3513510.0 ], [ 508860.0, 3513600.0 ], [ 508770.0, 3513600.0 ] ] ] } },
{ "type": "Feature", "properties": { "area_km2": 0.0081 }, "geometry": { "type": "Polygon", "coordinates": [ [ [ 509040.0, 3513600.0 ], [ 509040.0, 3513510.0 ], [ 509130.0, 3513510.0 ], [ 509130.0, 3513600.0 ], [ 509040.0, 3513600.0 ] ] ] } },
{ "type": "Feature", "properties": { "area_km2": 0.0081 }, "geometry": { "type": "Polygon", "coordinates": [ [ [ 509940.0, 3513600.0 ], [ 509940.0, 3513510.0 ], [ 510030.0, 3513510.0 ], [ 510030.0, 3513600.0 ], [ 509940.0, 3513600.0 ] ] ] } },
{ "type": "Feature", "properties": { "area_km2": 0.0081 }, "geometry": { "type": "Polygon", "coordinates": [ [ [ 510210.0, 3513510.0 ], [ 510210.0, 3513420.0 ], [ 510300.0, 3513420.0 ], [ 510300.0, 3513510.0 ], [ 510210.0, 3513510.0 ] ] ] } },
{ "type": "Feature", "properties": { "area_km2": 0.0162 }, "geometry": { "type": "Polygon", "coordinates": [ [ [ 509760.0, 3513510.0 ], [ 509760.0, 3513330.0 ], [ 509850.0, 3513330.0 ], [ 509850.0, 3513510.0 ], [ 509760.0, 3513510.0 ] ] ] } },
{ "type": "Feature", "properties": { "area_km2": 0.0243 }, "geometry": { "type": "Polygon", "coordinates": [ [ [ 510750.0, 3513510.0 ], [ 510750.0, 3513330.0 ], [ 510930.0, 3513330.0 ], [ 510930.0, 3513420.0 ], [ 510840.0, 3513420.0 ], [ 510840.0, 3513510.0 ], [ 510750.0, 3513510.0 ] ] ] } },
{ "type": "Feature", "properties": { "area_km2": 0.0243 }, "geometry": { "type": "Polygon", "coordinates": [ [ [ 510390.0, 3513510.0 ], [ 510390.0, 3513420.0 ], [ 510300.0, 3513420.0 ], [ 510300.0, 3513330.0 ], [ 510480.0, 3513330.0 ], [ 510480.0, 3513510.0 ], [ 510390.0, 3513510.0 ] ] ] } },
{ "type": "Feature", "properties": { "area_km2": 0.0162 }, "geometry": { "type": "Polygon", "coordinates": [ [ [ 511380.0, 3513420.0 ], [ 511380.0, 3513240.0 ], [ 511470.0, 3513240.0 ], [ 511470.0, 3513420.0 ], [ 511380.0, 3513420.0 ] ] ] } },
{ "type": "Feature", "properties": { "area_km2": 0.0162 }, "geometry": { "type": "Polygon", "coordinates": [ [ [ 509850.0, 3513330.0 ], [ 509850.0, 3513240.0 ], [ 510030.0, 3513240.0 ], [ 510030.0, 3513330.0 ], [ 509850.0, 3513330.0 ] ] ] } },
{ "type": "Feature", "properties": { "area_km2": 0.0081 }, "geometry": { "type": "Polygon", "coordinates": [ [ [ 508230.0, 3513240.0 ], [ 508230.0, 3513150.0 ], [ 508320.0, 3513150.0 ], [ 508320.0, 3513240.0 ], [ 508230.0, 3513240.0 ] ] ] } },
{ "type": "Feature", "properties": { "area_km2": 0.0081 }, "geometry": { "type": "Polygon", "coordinates": [ [ [ 511020.0, 3513240.0 ], [ 511020.0, 3513150.0 ], [ 511110.0, 3513150.0 ], [ 511110.0, 3513240.0 ], [ 511020.0, 3513240.0 ] ] ] } },
{ "type": "Feature", "properties": { "area_km2": 0.0243 }, "geometry": { "type": "Polygon", "coordinates": [ [ [ 508500.0, 3513240.0 ], [ 508500.0, 3513060.0 ], [ 508680.0, 3513060.0 ], [ 508680.0, 3513150.0 ], [ 508590.0, 3513150.0 ], [ 508590.0, 3513240.0 ], [ 508500.0, 3513240.0 ] ] ] } },
{ "type": "Feature", "properties": { "area_km2": 0.0162 }, "geometry": { "type": "Polygon", "coordinates": [ [ [ 508770.0, 3513150.0 ], [ 508770.0, 3513060.0 ], [ 508950.0, 3513060.0 ], [ 508950.0, 3513150.0 ], [ 508770.0, 3513150.0 ] ] ] } },
{ "type": "Feature", "properties": { "area_km2": 0.0081 }, "geometry": { "type": "Polygon", "coordinates": [ [ [ 509040.0, 3513150.0 ], [ 509040.0, 3513060.0 ], [ 509130.0, 3513060.0 ], [ 509130.0, 3513150.0 ], [ 509040.0, 3513150.0 ] ] ] } },
{ "type": "Feature", "properties": { "area_km2": 0.0081 }, "geometry": { "type": "Polygon", "coordinates": [ [ [ 509850.0, 3513150.0 ], [ 509850.0, 3513060.0 ], [ 509940.0, 3513060.0 ], [ 509940.0, 3513150.0 ], [ 509850.0, 3513150.0 ] ] ] } },
{ "type": "Feature", "properties": { "area_km2": 0.0081 }, "geometry": { "type": "Polygon", "coordinates": [ [ [ 510120.0, 3513150.0 ], [ 510120.0, 3513060.0 ], [ 510210.0, 3513060.0 ], [ 510210.0, 3513150.0 ], [ 510120.0, 3513150.0 ] ] ] } },
{ "type": "Feature", "properties": { "area_km2": 0.0081 }, "geometry": { "type": "Polygon", "coordinates": [ [ [ 511560.0, 3513150.0 ], [ 511560.0, 3513060.0 ], [ 511650.0, 3513060.0 ], [ 511650.0, 3513150.0 ], [ 511560.0, 3513150.0 ] ] ] } },
{ "type": "Feature", "properties": { "area_km2": 0.1539 }, "geometry": { "type": "Polygon", "coordinates": [ [ [ 509130.0, 3513060.0 ], [ 509130.0, 3512970.0 ], [ 509400.0, 3512970.0 ], [ 509400.0, 3512790.0 ], [ 509490.0, 3512790.0 ], [ 509490.0, 3512880.0 ], [ 510030.0, 3512880.0 ], [ 510030.0, 3512790.0 ], [ 510300.0, 3512790.0 ], [ 510300.0, 3512880.0 ], [ 510210.0, 3512880.0 ], [ 510210.0, 3512970.0 ], [ 509760.0, 3512970.0 ], [ 509760.0, 3513060.0 ], [ 509580.0, 3513060.0 ], [ 509580.0, 3512970.0 ], [ 509490.0, 3512970.0 ], [ 509490.0, 3513060.0 ], [ 509130.0, 3513060.0 ] ] ] } },
{ "type": "Feature", "properties": { "area_km2": 0.0081 }, "geometry": { "type": "Polygon", "coordinates": [ [ [ 514080.0, 3512880.0 ], [ 514080.0, 3512790.0 ], [ 514170.0, 3512790.0 ], [ 514170.0, 3512880.0 ], [ 514080.0, 3512880.0 ] ] ] } },
{ "type": "Feature", "properties": { "area_km2": 0.0081 }, "geometry": { "type": "Polygon", "coordinates": [ [ [ 509040.0, 3512790.0 ], [ 509040.0, 3512700.0 ], [ 509130.0, 3512700.0 ], [ 509130.0, 3512790.0 ], [ 509040.0, 3512790.0 ] ] ] } },
{ "type": "Feature", "properties": { "area_km2": 0.0162 }, "geometry": { "type": "Polygon", "coordinates": [ [ [ 509760.0, 3512700.0 ], [ 509760.0, 3512610.0 ], [ 509940.0, 3512610.0 ], [ 509940.0, 3512700.0 ], [ 509760.0, 3512700.0 ] ] ] } },
{ "type": "Feature", "properties": { "area_km2": 0.0081 }, "geometry": { "type": "Polygon", "coordinates": [ [ [ 509670.0, 3512610.0 ], [ 509670.0, 3512520.0 ], [ 509760.0, 3512520.0 ], [ 509760.0, 3512610.0 ], [ 509670.0, 3512610.0 ] ] ] } },
{ "type": "Feature", "properties": { "area_km2": 0.0162 }, "geometry": { "type": "Polygon", "coordinates": [ [ [ 508140.0, 3512520.0 ], [ 508140.0, 3512340.0 ], [ 508230.0, 3512340.0 ], [ 508230.0, 3512520.0 ], [ 508140.0, 3512520.0 ] ] ] } },
{ "type": "Feature", "properties": { "area_km2": 0.0081 }, "geometry": { "type": "Polygon", "coordinates": [ [ [ 507960.0, 3512430.0 ], [ 507960.0, 3512340.0 ], [ 508050.0, 3512340.0 ], [ 508050.0, 3512430.0 ], [ 507960.0, 3512430.0 ] ] ] } },
{ "type": "Feature", "properties": { "area_km2": 0.0081 }, "geometry": { "type": "Polygon", "coordinates": [ [ [ 509400.0, 3512430.0 ], [ 509400.0, 3512340.0 ], [ 509490.0, 3512340.0 ], [ 509490.0, 3512430.0 ], [ 509400.0, 3512430.0 ] ] ] } },
{ "type": "Feature", "properties": { "area_km2": 0.0081 }, "geometry": { "type": "Polygon", "coordinates": [ [ [ 508230.0, 3512340.0 ], [ 508230.0, 3512250.0 ], [ 508320.0, 3512250.0 ], [ 508320.0, 3512340.0 ], [ 508230.0, 3512340.0 ] ] ] } },
{ "type": "Feature", "properties": { "area_km2": 0.1377 }, "geometry": { "type": "Polygon", "coordinates": [ [ [ 508500.0, 3512520.0 ], [ 508500.0, 3512250.0 ], [ 508590.0, 3512250.0 ], [ 508590.0, 3512340.0 ], [ 508770.0, 3512340.0 ], [ 508770.0, 3512250.0 ], [ 508950.0, 3512250.0 ], [ 508950.0, 3512160.0 ], [ 509130.0, 3512160.0 ], [ 509130.0, 3512250.0 ], [ 509220.0, 3512250.0 ], [ 509220.0, 3512430.0 ], [ 508680.0, 3512430.0 ], [ 508680.0, 3512520.0 ], [ 508500.0, 3512520.0 ] ], [ [ 508950.0, 3512340.0 ], [ 509040.0, 3512340.0 ], [ 509040.0, 3512250.0 ], [ 508950.0, 3512250.0 ], [ 508950.0, 3512340.0 ] ] ] } },
{ "type": "Feature", "properties": { "area_km2": 0.0162 }, "geometry": { "type": "Polygon", "coordinates": [ [ [ 508500.0, 3511980.0 ], [ 508500.0, 3511890.0 ], [ 508680.0, 3511890.0 ], [ 508680.0, 3511980.0 ], [ 508500.0, 3511980.0 ] ] ] } },
{ "type": "Feature", "properties": { "area_km2": 0.0162 }, "geometry": { "type": "Polygon", "coordinates": [ [ [ 508770.0, 3511890.0 ], [ 508770.0, 3511710.0 ], [ 508860.0, 3511710.0 ], [ 508860.0, 3511890.0 ], [ 508770.0, 3511890.0 ] ] ] } },
{ "type": "Feature", "properties": { "area_km2": 0.0081 }, "geometry": { "type": "Polygon", "coordinates": [ [ [ 507960.0, 3511710.0 ], [ 507960.0, 3511620.0 ], [ 508050.0, 3511620.0 ], [ 508050.0, 3511710.0 ], [ 507960.0, 3511710.0 ] ] ] } },
{ "type": "Feature", "properties": { "area_km2": 0.0081 }, "geometry": { "type": "Polygon", "coordinates": [ [ [ 510030.0, 3511620.0 ], [ 510030.0, 3511530.0 ], [ 510120.0, 3511530.0 ], [ 510120.0, 3511620.0 ], [ 510030.0, 3511620.0 ] ] ] } },
{ "type": "Feature", "properties": { "area_km2": 0.0243 }, "geometry": { "type": "Polygon", "coordinates": [ [ [ 508590.0, 3511530.0 ], [ 508590.0, 3511350.0 ], [ 508770.0, 3511350.0 ], [ 508770.0, 3511440.0 ], [ 508680.0, 3511440.0 ], [ 508680.0, 3511530.0 ], [ 508590.0, 3511530.0 ] ] ] } },
{ "type": "Feature", "properties": { "area_km2": 0.0162 }, "geometry": { "type": "Polygon", "coordinates": [ [ [ 507780.0, 3511350.0 ], [ 507780.0, 3511260.0 ], [ 507960.0, 3511260.0 ], [ 507960.0, 3511350.0 ], [ 507780.0, 3511350.0 ] ] ] } },
{ "type": "Feature", "properties": { "area_km2": 0.0081 }, "geometry": { "type": "Polygon", "coordinates": [ [ [ 509490.0, 3511260.0 ], [ 509490.0, 3511170.0 ], [ 509580.0, 3511170.0 ], [ 509580.0, 3511260.0 ], [ 509490.0, 3511260.0 ] ] ] } },
{ "type": "Feature", "properties": { "area_km2": 0.0081 }, "geometry": { "type": "Polygon", "coordinates": [ [ [ 510210.0, 3511170.0 ], [ 510210.0, 3511080.0 ], [ 510300.0, 3511080.0 ], [ 510300.0, 3511170.0 ], [ 510210.0, 3511170.0 ] ] ] } },
{ "type": "Feature", "properties": { "area_km2": 0.0162 }, "geometry": { "type": "Polygon", "coordinates": [ [ [ 507690.0, 3511080.0 ], [ 507690.0, 3510990.0 ], [ 507870.0, 3510990.0 ], [ 507870.0, 3511080.0 ], [ 507690.0, 3511080.0 ] ] ] } },
{ "type": "Feature", "properties": { "area_km2": 0.0162 }, "geometry": { "type": "Polygon", "coordinates": [ [ [ 508140.0, 3510990.0 ], [ 508140.0, 3510810.0 ], [ 508230.0, 3510810.0 ], [ 508230.0, 3510990.0 ], [ 508140.0, 3510990.0 ] ] ] } },
{ "type": "Feature", "properties": { "area_km2": 0.0081 }, "geometry": { "type": "Polygon", "coordinates": [ [ [ 508770.0, 3510900.0 ], [ 508770.0, 3510810.0 ], [ 508860.0, 3510810.0 ], [ 508860.0, 3510900.0 ], [ 508770.0, 3510900.0 ] ] ] } },
{ "type": "Feature", "properties": { "area_km2": 0.0162 }, "geometry": { "type": "Polygon", "coordinates": [ [ [ 509580.0, 3510900.0 ], [ 509580.0, 3510810.0 ], [ 509760.0, 3510810.0 ], [ 509760.0, 3510900.0 ], [ 509580.0, 3510900.0 ] ] ] } },
{ "type": "Feature", "properties": { "area_km2": 0.0081 }, "geometry": { "type": "Polygon", "coordinates": [ [ [ 508500.0, 3510810.0 ], [ 508500.0, 3510720.0 ], [ 508590.0, 3510720.0 ], [ 508590.0, 3510810.0 ], [ 508500.0, 3510810.0 ] ] ] } },
{ "type": "Feature", "properties": { "area_km2": 0.0081 }, "geometry": { "type": "Polygon", "coordinates": [ [ [ 509400.0, 3510810.0 ], [ 509400.0, 3510720.0 ], [ 509490.0, 3510720.0 ], [ 509490.0, 3510810.0 ], [ 509400.0, 3510810.0 ] ] ] } },
{ "type": "Feature", "properties": { "area_km2": 0.0081 }, "geometry": { "type": "Polygon", "coordinates": [ [ [ 509490.0, 3510720.0 ], [ 509490.0, 3510630.0 ], [ 509580.0, 3510630.0 ], [ 509580.0, 3510720.0 ], [ 509490.0, 3510720.0 ] ] ] } },
{ "type": "Feature", "properties": { "area_km2": 0.0243 }, "geometry": { "type": "Polygon", "coordinates": [ [ [ 507780.0, 3510450.0 ], [ 507780.0, 3510360.0 ], [ 508050.0, 3510360.0 ], [ 508050.0, 3510450.0 ], [ 507780.0, 3510450.0 ] ] ] } },
{ "type": "Feature", "properties": { "area_km2": 0.0162 }, "geometry": { "type": "Polygon", "coordinates": [ [ [ 507600.0, 3510450.0 ], [ 507600.0, 3510270.0 ], [ 507690.0, 3510270.0 ], [ 507690.0, 3510450.0 ], [ 507600.0, 3510450.0 ] ] ] } },
{ "type": "Feature", "properties": { "area_km2": 0.0081 }, "geometry": { "type": "Polygon", "coordinates": [ [ [ 508320.0, 3510360.0 ], [ 508320.0, 3510270.0 ], [ 508410.0, 3510270.0 ], [ 508410.0, 3510360.0 ], [ 508320.0, 3510360.0 ] ] ] } },
{ "type": "Feature", "properties": { "area_km2": 0.0081 }, "geometry": { "type": "Polygon", "coordinates": [ [ [ 508860.0, 3510360.0 ], [ 508860.0, 3510270.0 ], [ 508950.0, 3510270.0 ], [ 508950.0, 3510360.0 ], [ 508860.0, 3510360.0 ] ] ] } },
{ "type": "Feature", "properties": { "area_km2": 0.0162 }, "geometry": { "type": "Polygon", "coordinates": [ [ [ 509220.0, 3510360.0 ], [ 509220.0, 3510180.0 ], [ 509310.0, 3510180.0 ], [ 509310.0, 3510360.0 ], [ 509220.0, 3510360.0 ] ] ] } },
{ "type": "Feature", "properties": { "area_km2": 0.0081 }, "geometry": { "type": "Polygon", "coordinates": [ [ [ 509040.0, 3510270.0 ], [ 509040.0, 3510180.0 ], [ 509130.0, 3510180.0 ], [ 509130.0, 3510270.0 ], [ 509040.0, 3510270.0 ] ] ] } },
{ "type": "Feature", "properties": { "area_km2": 0.0081 }, "geometry": { "type": "Polygon", "coordinates": [ [ [ 507780.0, 3510180.0 ], [ 507780.0, 3510090.0 ], [ 507870.0, 3510090.0 ], [ 507870.0, 3510180.0 ], [ 507780.0, 3510180.0 ] ] ] } },
{ "type": "Feature", "properties": { "area_km2": 0.0081 }, "geometry": { "type": "Polygon", "coordinates": [ [ [ 508950.0, 3510180.0 ], [ 508950.0, 3510090.0 ], [ 509040.0, 3510090.0 ], [ 509040.0, 3510180.0 ], [ 508950.0, 3510180.0 ] ] ] } },
{ "type": "Feature", "properties": { "area_km2": 0.0081 }, "geometry": { "type": "Polygon", "coordinates": [ [ [ 512910.0, 3510180.0 ], [ 512910.0, 3510090.0 ], [ 513000.0, 3510090.0 ], [ 513000.0, 3510180.0 ], [ 512910.0, 3510180.0 ] ] ] } },
{ "type": "Feature", "properties": { "area_km2": 0.0162 }, "geometry": { "type": "Polygon", "coordinates": [ [ [ 508770.0, 3510090.0 ], [ 508770.0, 3510000.0 ], [ 508950.0, 3510000.0 ], [ 508950.0, 3510090.0 ], [ 508770.0, 3510090.0 ] ] ] } },
{ "type": "Feature", "properties": { "area_km2": 0.0081 }, "geometry": { "type": "Polygon", "coordinates": [ [ [ 509310.0, 3509640.0 ], [ 509310.0, 3509550.0 ], [ 509400.0, 3509550.0 ], [ 509400.0, 3509640.0 ], [ 509310.0, 3509640.0 ] ] ] } },
{ "type": "Feature", "properties": { "area_km2": 0.0162 }, "geometry": { "type": "Polygon", "coordinates": [ [ [ 508410.0, 3509460.0 ], [ 508410.0, 3509370.0 ], [ 508590.0, 3509370.0 ], [ 508590.0, 3509460.0 ], [ 508410.0, 3509460.0 ] ] ] } },
{ "type": "Feature", "properties": { "area_km2": 0.0243 }, "geometry": { "type": "Polygon", "coordinates": [ [ [ 508770.0, 3509460.0 ], [ 508770.0, 3509370.0 ], [ 509040.0, 3509370.0 ], [ 509040.0, 3509460.0 ], [ 508770.0, 3509460.0 ] ] ] } },
{ "type": "Feature", "properties": { "area_km2": 0.0243 }, "geometry": { "type": "Polygon", "coordinates": [ [ [ 509130.0, 3509550.0 ], [ 509130.0, 3509280.0 ], [ 509220.0, 3509280.0 ], [ 509220.0, 3509550.0 ], [ 509130.0, 3509550.0 ] ] ] } },
{ "type": "Feature", "properties": { "area_km2": 0.0243 }, "geometry": { "type": "Polygon", "coordinates": [ [ [ 509490.0, 3509370.0 ], [ 509490.0, 3509280.0 ], [ 509760.0, 3509280.0 ], [ 509760.0, 3509370.0 ], [ 509490.0, 3509370.0 ] ] ] } },
{ "type": "Feature", "properties": { "area_km2": 0.0081 }, "geometry": { "type": "Polygon", "coordinates": [ [ [ 509400.0, 3509280.0 ], [ 509400.0, 3509190.0 ], [ 509490.0, 3509190.0 ], [ 509490.0, 3509280.0 ], [ 509400.0, 3509280.0 ] ] ] } },
{ "type": "Feature", "properties": { "area_km2": 0.0081 }, "geometry": { "type": "Polygon", "coordinates": [ [ [ 509040.0, 3509190.0 ], [ 509040.0, 3509100.0 ], [ 509130.0, 3509100.0 ], [ 509130.0, 3509190.0 ], [ 509040.0, 3509190.0 ] ] ] } },
{ "type": "Feature", "properties": { "area_km2": 0.0081 }, "geometry": { "type": "Polygon", "coordinates": [ [ [ 510840.0, 3508920.0 ], [ 510840.0, 3508830.0 ], [ 510930.0, 3508830.0 ], [ 510930.0, 3508920.0 ], [ 510840.0, 3508920.0 ] ] ] } },
{ "type": "Feature", "properties": { "area_km2": 0.0081 }, "geometry": { "type": "Polygon", "coordinates": [ [ [ 508770.0, 3508650.0 ], [ 508770.0, 3508560.0 ], [ 508860.0, 3508560.0 ], [ 508860.0, 3508650.0 ], [ 508770.0, 3508650.0 ] ] ] } },
{ "type": "Feature", "properties": { "area_km2": 0.0162 }, "geometry": { "type": "Polygon", "coordinates": [ [ [ 509490.0, 3508650.0 ], [ 509490.0, 3508560.0 ], [ 509670.0, 3508560.0 ], [ 509670.0, 3508650.0 ], [ 509490.0, 3508650.0 ] ] ] } },
{ "type": "Feature", "properties": { "area_km2": 0.0081 }, "geometry": { "type": "Polygon", "coordinates": [ [ [ 509130.0, 3508560.0 ], [ 509130.0, 3508470.0 ], [ 509220.0, 3508470.0 ], [ 509220.0, 3508560.0 ], [ 509130.0, 3508560.0 ] ] ] } },
{ "type": "Feature", "properties": { "area_km2": 0.0081 }, "geometry": { "type": "Polygon", "coordinates": [ [ [ 511020.0, 3508200.0 ], [ 511020.0, 3508110.0 ], [ 511110.0, 3508110.0 ], [ 511110.0, 3508200.0 ], [ 511020.0, 3508200.0 ] ] ] } },
{ "type": "Feature", "properties": { "area_km2": 0.0081 }, "geometry": { "type": "Polygon", "coordinates": [ [ [ 510750.0, 3507480.0 ], [ 510750.0, 3507390.0 ], [ 510840.0, 3507390.0 ], [ 510840.0, 3507480.0 ], [ 510750.0, 3507480.0 ] ] ] } },
{ "type": "Feature", "properties": { "area_km2": 0.0081 }, "geometry": { "type": "Polygon", "coordinates": [ [ [ 508500.0, 3506850.0 ], [ 508500.0, 3506760.0 ], [ 508590.0, 3506760.0 ], [ 508590.0, 3506850.0 ], [ 508500.0, 3506850.0 ] ] ] } },
{ "type": "Feature", "properties": { "area_km2": 0.0081 }, "geometry": { "type": "Polygon", "coordinates": [ [ [ 509130.0, 3506220.0 ], [ 509130.0, 3506130.0 ], [ 509220.0, 3506130.0 ], [ 509220.0, 3506220.0 ], [ 509130.0, 3506220.0 ] ] ] } },
{ "type": "Feature", "properties": { "area_km2": 0.0081 }, "geometry": { "type": "Polygon", "coordinates": [ [ [ 513630.0, 3506040.0 ], [ 513630.0, 3505950.0 ], [ 513720.0, 3505950.0 ], [ 513720.0, 3506040.0 ], [ 513630.0, 3506040.0 ] ] ] } },
{ "type": "Feature", "properties": { "area_km2": 0.0162 }, "geometry": { "type": "Polygon", "coordinates": [ [ [ 506700.0, 3505860.0 ], [ 506700.0, 3505770.0 ], [ 506880.0, 3505770.0 ], [ 506880.0, 3505860.0 ], [ 506700.0, 3505860.0 ] ] ] } },
{ "type": "Feature", "properties": { "area_km2": 0.0081 }, "geometry": { "type": "Polygon", "coordinates": [ [ [ 507330.0, 3505770.0 ], [ 507330.0, 3505680.0 ], [ 507420.0, 3505680.0 ], [ 507420.0, 3505770.0 ], [ 507330.0, 3505770.0 ] ] ] } },
{ "type": "Feature", "properties": { "area_km2": 0.0081 }, "geometry": { "type": "Polygon", "coordinates": [ [ [ 507960.0, 3505770.0 ], [ 507960.0, 3505680.0 ], [ 508050.0, 3505680.0 ], [ 508050.0, 3505770.0 ], [ 507960.0, 3505770.0 ] ] ] } },
{ "type": "Feature", "properties": { "area_km2": 0.0081 }, "geometry": { "type": "Polygon", "coordinates": [ [ [ 508230.0, 3505680.0 ], [ 508230.0, 3505590.0 ], [ 508320.0, 3505590.0 ], [ 508320.0, 3505680.0 ], [ 508230.0, 3505680.0 ] ] ] } },
{ "type": "Feature", "properties": { "area_km2": 0.0081 }, "geometry": { "type": "Polygon", "coordinates": [ [ [ 509040.0, 3505590.0 ], [ 509040.0, 3505500.0 ], [ 509130.0, 3505500.0 ], [ 509130.0, 3505590.0 ], [ 509040.0, 3505590.0 ] ] ] } },
{ "type": "Feature", "properties": { "area_km2": 0.0081 }, "geometry": { "type": "Polygon", "coordinates": [ [ [ 510030.0, 3505410.0 ], [ 510030.0, 3505320.0 ], [ 510120.0, 3505320.0 ], [ 510120.0, 3505410.0 ], [ 510030.0, 3505410.0 ] ] ] } },
{ "type": "Feature", "properties": { "area_km2": 0.0081 }, "geometry": { "type": "Polygon", "coordinates": [ [ [ 510750.0, 3505410.0 ], [ 510750.0, 3505320.0 ], [ 510840.0, 3505320.0 ], [ 510840.0, 3505410.0 ], [ 510750.0, 3505410.0 ] ] ] } },
{ "type": "Feature", "properties": { "area_km2": 0.0081 }, "geometry": { "type": "Polygon", "coordinates": [ [ [ 513450.0, 3505050.0 ], [ 513450.0, 3504960.0 ], [ 513540.0, 3504960.0 ], [ 513540.0, 3505050.0 ], [ 513450.0, 3505050.0 ] ] ] } },
{ "type": "Feature", "properties": { "area_km2": 0.0081 }, "geometry": { "type": "Polygon", "coordinates": [ [ [ 506790.0, 3504960.0 ], [ 506790.0, 3504870.0 ], [ 506880.0, 3504870.0 ], [ 506880.0, 3504960.0 ], [ 506790.0, 3504960.0 ] ] ] } },
{ "type": "Feature", "properties": { "area_km2": 0.0081 }, "geometry": { "type": "Polygon", "coordinates": [ [ [ 508320.0, 3504870.0 ], [ 508320.0, 3504780.0 ], [ 508410.0, 3504780.0 ], [ 508410.0, 3504870.0 ], [ 508320.0, 3504870.0 ] ] ] } },
{ "type": "Feature", "properties": { "area_km2": 0.0081 }, "geometry": { "type": "Polygon", "coordinates": [ [ [ 506430.0, 3504420.0 ], [ 506430.0, 3504330.0 ], [ 506520.0, 3504330.0 ], [ 506520.0, 3504420.0 ], [ 506430.0, 3504420.0 ] ] ] } },
{ "type": "Feature", "properties": { "area_km2": 0.0081 }, "geometry": { "type": "Polygon", "coordinates": [ [ [ 510120.0, 3504420.0 ], [ 510120.0, 3504330.0 ], [ 510210.0, 3504330.0 ], [ 510210.0, 3504420.0 ], [ 510120.0, 3504420.0 ] ] ] } },
{ "type": "Feature", "properties": { "area_km2": 0.0162 }, "geometry": { "type": "Polygon", "coordinates": [ [ [ 508500.0, 3504330.0 ], [ 508500.0, 3504240.0 ], [ 508680.0, 3504240.0 ], [ 508680.0, 3504330.0 ], [ 508500.0, 3504330.0 ] ] ] } },
{ "type": "Feature", "properties": { "area_km2": 0.0081 }, "geometry": { "type": "Polygon", "coordinates": [ [ [ 506610.0, 3504240.0 ], [ 506610.0, 3504150.0 ], [ 506700.0, 3504150.0 ], [ 506700.0, 3504240.0 ], [ 506610.0, 3504240.0 ] ] ] } },
{ "type": "Feature", "properties": { "area_km2": 0.0081 }, "geometry": { "type": "Polygon", "coordinates": [ [ [ 507330.0, 3504240.0 ], [ 507330.0, 3504150.0 ], [ 507420.0, 3504150.0 ], [ 507420.0, 3504240.0 ], [ 507330.0, 3504240.0 ] ] ] } },
{ "type": "Feature", "properties": { "area_km2": 0.0081 }, "geometry": { "type": "Polygon", "coordinates": [ [ [ 510840.0, 3504240.0 ], [ 510840.0, 3504150.0 ], [ 510930.0, 3504150.0 ], [ 510930.0, 3504240.0 ], [ 510840.0, 3504240.0 ] ] ] } },
{ "type": "Feature", "properties": { "area_km2": 0.0162 }, "geometry": { "type": "Polygon", "coordinates": [ [ [ 509940.0, 3504150.0 ], [ 509940.0, 3504060.0 ], [ 510120.0, 3504060.0 ], [ 510120.0, 3504150.0 ], [ 509940.0, 3504150.0 ] ] ] } },
{ "type": "Feature", "properties": { "area_km2": 0.0081 }, "geometry": { "type": "Polygon", "coordinates": [ [ [ 507420.0, 3504060.0 ], [ 507420.0, 3503970.0 ], [ 507510.0, 3503970.0 ], [ 507510.0, 3504060.0 ], [ 507420.0, 3504060.0 ] ] ] } },
{ "type": "Feature", "properties": { "area_km2": 0.0081 }, "geometry": { "type": "Polygon", "coordinates": [ [ [ 509850.0, 3504060.0 ], [ 509850.0, 3503970.0 ], [ 509940.0, 3503970.0 ], [ 509940.0, 3504060.0 ], [ 509850.0, 3504060.0 ] ] ] } },
{ "type": "Feature", "properties": { "area_km2": 0.0162 }, "geometry": { "type": "Polygon", "coordinates": [ [ [ 508950.0, 3503970.0 ], [ 508950.0, 3503880.0 ], [ 509130.0, 3503880.0 ], [ 509130.0, 3503970.0 ], [ 508950.0, 3503970.0 ] ] ] } },
{ "type": "Feature", "properties": { "area_km2": 0.0081 }, "geometry": { "type": "Polygon", "coordinates": [ [ [ 509220.0, 3503970.0 ], [ 509220.0, 3503880.0 ], [ 509310.0, 3503880.0 ], [ 509310.0, 3503970.0 ], [ 509220.0, 3503970.0 ] ] ] } },
{ "type": "Feature", "properties": { "area_km2": 0.0081 }, "geometry": { "type": "Polygon", "coordinates": [ [ [ 509130.0, 3503880.0 ], [ 509130.0, 3503790.0 ], [ 509220.0, 3503790.0 ], [ 509220.0, 3503880.0 ], [ 509130.0, 3503880.0 ] ] ] } },
{ "type": "Feature", "properties": { "area_km2": 0.0081 }, "geometry": { "type": "Polygon", "coordinates": [ [ [ 509580.0, 3503880.0 ], [ 509580.0, 3503790.0 ], [ 509670.0, 3503790.0 ], [ 509670.0, 3503880.0 ], [ 509580.0, 3503880.0 ] ] ] } },
{ "type": "Feature", "properties": { "area_km2": 0.0081 }, "geometry": { "type": "Polygon", "coordinates": [ [ [ 510480.0, 3503880.0 ], [ 510480.0, 3503790.0 ], [ 510570.0, 3503790.0 ], [ 510570.0, 3503880.0 ], [ 510480.0, 3503880.0 ] ] ] } },
{ "type": "Feature", "properties": { "area_km2": 0.0081 }, "geometry": { "type": "Polygon", "coordinates": [ [ [ 507330.0, 3503700.0 ], [ 507330.0, 3503610.0 ], [ 507420.0, 3503610.0 ], [ 507420.0, 3503700.0 ], [ 507330.0, 3503700.0 ] ] ] } },
{ "type": "Feature", "properties": { "area_km2": 0.0243 }, "geometry": { "type": "Polygon", "coordinates": [ [ [ 507600.0, 3503700.0 ], [ 507600.0, 3503610.0 ], [ 507870.0, 3503610.0 ], [ 507870.0, 3503700.0 ], [ 507600.0, 3503700.0 ] ] ] } },
{ "type": "Feature", "properties": { "area_km2": 0.0081 }, "geometry": { "type": "Polygon", "coordinates": [ [ [ 509310.0, 3503700.0 ], [ 509310.0, 3503610.0 ], [ 509400.0, 3503610.0 ], [ 509400.0, 3503700.0 ], [ 509310.0, 3503700.0 ] ] ] } },
{ "type": "Feature", "properties": { "area_km2": 0.0081 }, "geometry": { "type": "Polygon", "coordinates": [ [ [ 509220.0, 3503520.0 ], [ 509220.0, 3503430.0 ], [ 509310.0, 3503430.0 ], [ 509310.0, 3503520.0 ], [ 509220.0, 3503520.0 ] ] ] } },
{ "type": "Feature", "properties": { "area_km2": 0.0081 }, "geometry": { "type": "Polygon", "coordinates": [ [ [ 507690.0, 3503430.0 ], [ 507690.0, 3503340.0 ], [ 507780.0, 3503340.0 ], [ 507780.0, 3503430.0 ], [ 507690.0, 3503430.0 ] ] ] } },
{ "type": "Feature", "properties": { "area_km2": 0.0081 }, "geometry": { "type": "Polygon", "coordinates": [ [ [ 509310.0, 3503430.0 ], [ 509310.0, 3503340.0 ], [ 509400.0, 3503340.0 ], [ 509400.0, 3503430.0 ], [ 509310.0, 3503430.0 ] ] ] } },
{ "type": "Feature", "properties": { "area_km2": 0.0081 }, "geometry": { "type": "Polygon", "coordinates": [ [ [ 508950.0, 3503340.0 ], [ 508950.0, 3503250.0 ], [ 509040.0, 3503250.0 ], [ 509040.0, 3503340.0 ], [ 508950.0, 3503340.0 ] ] ] } },
{ "type": "Feature", "properties": { "area_km2": 0.0081 }, "geometry": { "type": "Polygon", "coordinates": [ [ [ 507060.0, 3503250.0 ], [ 507060.0, 3503160.0 ], [ 507150.0, 3503160.0 ], [ 507150.0, 3503250.0 ], [ 507060.0, 3503250.0 ] ] ] } },
{ "type": "Feature", "properties": { "area_km2": 0.0081 }, "geometry": { "type": "Polygon", "coordinates": [ [ [ 508770.0, 3503250.0 ], [ 508770.0, 3503160.0 ], [ 508860.0, 3503160.0 ], [ 508860.0, 3503250.0 ], [ 508770.0, 3503250.0 ] ] ] } },
{ "type": "Feature", "properties": { "area_km2": 0.0081 }, "geometry": { "type": "Polygon", "coordinates": [ [ [ 507690.0, 3503160.0 ], [ 507690.0, 3503070.0 ], [ 507780.0, 3503070.0 ], [ 507780.0, 3503160.0 ], [ 507690.0, 3503160.0 ] ] ] } },
{ "type": "Feature", "properties": { "area_km2": 0.0081 }, "geometry": { "type": "Polygon", "coordinates": [ [ [ 511110.0, 3503160.0 ], [ 511110.0, 3503070.0 ], [ 511200.0, 3503070.0 ], [ 511200.0, 3503160.0 ], [ 511110.0, 3503160.0 ] ] ] } },
{ "type": "Feature", "properties": { "area_km2": 0.0081 }, "geometry": { "type": "Polygon", "coordinates": [ [ [ 511290.0, 3503160.0 ], [ 511290.0, 3503070.0 ], [ 511380.0, 3503070.0 ], [ 511380.0, 3503160.0 ], [ 511290.0, 3503160.0 ] ] ] } },
{ "type": "Feature", "properties": { "area_km2": 0.0081 }, "geometry": { "type": "Polygon", "coordinates": [ [ [ 506070.0, 3503070.0 ], [ 506070.0, 3502980.0 ], [ 506160.0, 3502980.0 ], [ 506160.0, 3503070.0 ], [ 506070.0, 3503070.0 ] ] ] } },
{ "type": "Feature", "properties": { "area_km2": 0.0081 }, "geometry": { "type": "Polygon", "coordinates": [ [ [ 507870.0, 3503070.0 ], [ 507870.0, 3502980.0 ], [ 507960.0, 3502980.0 ], [ 507960.0, 3503070.0 ], [ 507870.0, 3503070.0 ] ] ] } },
{ "type": "Feature", "properties": { "area_km2": 0.0081 }, "geometry": { "type": "Polygon", "coordinates": [ [ [ 508410.0, 3503070.0 ], [ 508410.0, 3502980.0 ], [ 508500.0, 3502980.0 ], [ 508500.0, 3503070.0 ], [ 508410.0, 3503070.0 ] ] ] } },
{ "type": "Feature", "properties": { "area_km2": 0.0081 }, "geometry": { "type": "Polygon", "coordinates": [ [ [ 508050.0, 3502980.0 ], [ 508050.0, 3502890.0 ], [ 508140.0, 3502890.0 ], [ 508140.0, 3502980.0 ], [ 508050.0, 3502980.0 ] ] ] } },
{ "type": "Feature", "properties": { "area_km2": 0.0081 }, "geometry": { "type": "Polygon", "coordinates": [ [ [ 508230.0, 3502980.0 ], [ 508230.0, 3502890.0 ], [ 508320.0, 3502890.0 ], [ 508320.0, 3502980.0 ], [ 508230.0, 3502980.0 ] ] ] } },
{ "type": "Feature", "properties": { "area_km2": 0.0162 }, "geometry": { "type": "Polygon", "coordinates": [ [ [ 508950.0, 3502980.0 ], [ 508950.0, 3502800.0 ], [ 509040.0, 3502800.0 ], [ 509040.0, 3502980.0 ], [ 508950.0, 3502980.0 ] ] ] } },
{ "type": "Feature", "properties": { "area_km2": 0.0081 }, "geometry": { "type": "Polygon", "coordinates": [ [ [ 507870.0, 3502890.0 ], [ 507870.0, 3502800.0 ], [ 507960.0, 3502800.0 ], [ 507960.0, 3502890.0 ], [ 507870.0, 3502890.0 ] ] ] } },
{ "type": "Feature", "properties": { "area_km2": 0.0243 }, "geometry": { "type": "Polygon", "coordinates": [ [ [ 508770.0, 3502980.0 ], [ 508770.0, 3502890.0 ], [ 508680.0, 3502890.0 ], [ 508680.0, 3502800.0 ], [ 508860.0, 3502800.0 ], [ 508860.0, 3502980.0 ], [ 508770.0, 3502980.0 ] ] ] } },
{ "type": "Feature", "properties": { "area_km2": 0.0162 }, "geometry": { "type": "Polygon", "coordinates": [ [ [ 507510.0, 3502890.0 ], [ 507510.0, 3502710.0 ], [ 507600.0, 3502710.0 ], [ 507600.0, 3502890.0 ], [ 507510.0, 3502890.0 ] ] ] } },
{ "type": "Feature", "properties": { "area_km2": 0.0081 }, "geometry": { "type": "Polygon", "coordinates": [ [ [ 507330.0, 3502800.0 ], [ 507330.0, 3502710.0 ], [ 507420.0, 3502710.0 ], [ 507420.0, 3502800.0 ], [ 507330.0, 3502800.0 ] ] ] } },
{ "type": "Feature", "properties": { "area_km2": 0.0081 }, "geometry": { "type": "Polygon", "coordinates": [ [ [ 507780.0, 3502800.0 ], [ 507780.0, 3502710.0 ], [ 507870.0, 3502710.0 ], [ 507870.0, 3502800.0 ], [ 507780.0, 3502800.0 ] ] ] } },
{ "type": "Feature", "properties": { "area_km2": 0.0081 }, "geometry": { "type": "Polygon", "coordinates": [ [ [ 509490.0, 3502800.0 ], [ 509490.0, 3502710.0 ], [ 509580.0, 3502710.0 ], [ 509580.0, 3502800.0 ], [ 509490.0, 3502800.0 ] ] ] } },
{ "type": "Feature", "properties": { "area_km2": 0.0081 }, "geometry": { "type": "Polygon", "coordinates": [ [ [ 509670.0, 3502800.0 ], [ 509670.0, 3502710.0 ], [ 509760.0, 3502710.0 ], [ 509760.0, 3502800.0 ], [ 509670.0, 3502800.0 ] ] ] } },
{ "type": "Feature", "properties": { "area_km2": 0.0162 }, "geometry": { "type": "Polygon", "coordinates": [ [ [ 506070.0, 3502710.0 ], [ 506070.0, 3502620.0 ], [ 506250.0, 3502620.0 ], [ 506250.0, 3502710.0 ], [ 506070.0, 3502710.0 ] ] ] } },
{ "type": "Feature", "properties": { "area_km2": 0.0081 }, "geometry": { "type": "Polygon", "coordinates": [ [ [ 507240.0, 3502710.0 ], [ 507240.0, 3502620.0 ], [ 507330.0, 3502620.0 ], [ 507330.0, 3502710.0 ], [ 507240.0, 3502710.0 ] ] ] } },
{ "type": "Feature", "properties": { "area_km2": 0.0081 }, "geometry": { "type": "Polygon", "coordinates": [ [ [ 508590.0, 3502710.0 ], [ 508590.0, 3502620.0 ], [ 508680.0, 3502620.0 ], [ 508680.0, 3502710.0 ], [ 508590.0, 3502710.0 ] ] ] } },
{ "type": "Feature", "properties": { "area_km2": 0.0081 }, "geometry": { "type": "Polygon", "coordinates": [ [ [ 509850.0, 3502710.0 ], [ 509850.0, 3502620.0 ], [ 509940.0, 3502620.0 ], [ 509940.0, 3502710.0 ], [ 509850.0, 3502710.0 ] ] ] } },
{ "type": "Feature", "properties": { "area_km2": 0.0081 }, "geometry": { "type": "Polygon", "coordinates": [ [ [ 510300.0, 3502710.0 ], [ 510300.0, 3502620.0 ], [ 510390.0, 3502620.0 ], [ 510390.0, 3502710.0 ], [ 510300.0, 3502710.0 ] ] ] } },
{ "type": "Feature", "properties": { "area_km2": 0.0081 }, "geometry": { "type": "Polygon", "coordinates": [ [ [ 506250.0, 3502620.0 ], [ 506250.0, 3502530.0 ], [ 506340.0, 3502530.0 ], [ 506340.0, 3502620.0 ], [ 506250.0, 3502620.0 ] ] ] } },
{ "type": "Feature", "properties": { "area_km2": 0.0081 }, "geometry": { "type": "Polygon", "coordinates": [ [ [ 506610.0, 3502620.0 ], [ 506610.0, 3502530.0 ], [ 506700.0, 3502530.0 ], [ 506700.0, 3502620.0 ], [ 506610.0, 3502620.0 ] ] ] } },
{ "type": "Feature", "properties": { "area_km2": 0.0081 }, "geometry": { "type": "Polygon", "coordinates": [ [ [ 508860.0, 3502620.0 ], [ 508860.0, 3502530.0 ], [ 508950.0, 3502530.0 ], [ 508950.0, 3502620.0 ], [ 508860.0, 3502620.0 ] ] ] } },
{ "type": "Feature", "properties": { "area_km2": 0.0081 }, "geometry": { "type": "Polygon", "coordinates": [ [ [ 510390.0, 3502620.0 ], [ 510390.0, 3502530.0 ], [ 510480.0, 3502530.0 ], [ 510480.0, 3502620.0 ], [ 510390.0, 3502620.0 ] ] ] } },
{ "type": "Feature", "properties": { "area_km2": 0.0243 }, "geometry": { "type": "Polygon", "coordinates": [ [ [ 507150.0, 3502620.0 ], [ 507150.0, 3502440.0 ], [ 507330.0, 3502440.0 ], [ 507330.0, 3502530.0 ], [ 507240.0, 3502530.0 ], [ 507240.0, 3502620.0 ], [ 507150.0, 3502620.0 ] ] ] } },
{ "type": "Feature", "properties": { "area_km2": 0.0162 }, "geometry": { "type": "Polygon", "coordinates": [ [ [ 509490.0, 3502620.0 ], [ 509490.0, 3502440.0 ], [ 509580.0, 3502440.0 ], [ 509580.0, 3502620.0 ], [ 509490.0, 3502620.0 ] ] ] } },
{ "type": "Feature", "properties": { "area_km2": 0.0081 }, "geometry": { "type": "Polygon", "coordinates": [ [ [ 509040.0, 3502530.0 ], [ 509040.0, 3502440.0 ], [ 509130.0, 3502440.0 ], [ 509130.0, 3502530.0 ], [ 509040.0, 3502530.0 ] ] ] } },
{ "type": "Feature", "properties": { "area_km2": 0.0081 }, "geometry": { "type": "Polygon", "coordinates": [ [ [ 511650.0, 3502530.0 ], [ 511650.0, 3502440.0 ], [ 511740.0, 3502440.0 ], [ 511740.0, 3502530.0 ], [ 511650.0, 3502530.0 ] ] ] } },
{ "type": "Feature", "properties": { "area_km2": 0.0081 }, "geometry": { "type": "Polygon", "coordinates": [ [ [ 507330.0, 3502440.0 ], [ 507330.0, 3502350.0 ], [ 507420.0, 3502350.0 ], [ 507420.0, 3502440.0 ], [ 507330.0, 3502440.0 ] ] ] } },
{ "type": "Feature", "properties": { "area_km2": 0.0081 }, "geometry": { "type": "Polygon", "coordinates": [ [ [ 509130.0, 3502440.0 ], [ 509130.0, 3502350.0 ], [ 509220.0, 3502350.0 ], [ 509220.0, 3502440.0 ], [ 509130.0, 3502440.0 ] ] ] } },
{ "type": "Feature", "properties": { "area_km2": 0.0081 }, "geometry": { "type": "Polygon", "coordinates": [ [ [ 510390.0, 3502440.0 ], [ 510390.0, 3502350.0 ], [ 510480.0, 3502350.0 ], [ 510480.0, 3502440.0 ], [ 510390.0, 3502440.0 ] ] ] } },
{ "type": "Feature", "properties": { "area_km2": 0.0162 }, "geometry": { "type": "Polygon", "coordinates": [ [ [ 512190.0, 3502440.0 ], [ 512190.0, 3502350.0 ], [ 512370.0, 3502350.0 ], [ 512370.0, 3502440.0 ], [ 512190.0, 3502440.0 ] ] ] } },
{ "type": "Feature", "properties": { "area_km2": 0.1944 }, "geometry": { "type": "Polygon", "coordinates": [ [ [ 507960.0, 3502710.0 ], [ 507960.0, 3502440.0 ], [ 508320.0, 3502440.0 ], [ 508320.0, 3502350.0 ], [ 508410.0, 3502350.0 ], [ 508410.0, 3502260.0 ], [ 508500.0, 3502260.0 ], [ 508500.0, 3502350.0 ], [ 508860.0, 3502350.0 ], [ 508860.0, 3502260.0 ], [ 508950.0, 3502260.0 ], [ 508950.0, 3502440.0 ], [ 508860.0, 3502440.0 ], [ 508860.0, 3502530.0 ], [ 508770.0, 3502530.0 ], [ 508770.0, 3502620.0 ], [ 508680.0, 3502620.0 ], [ 508680.0, 3502530.0 ], [ 508410.0, 3502530.0 ], [ 508410.0, 3502620.0 ], [ 508230.0, 3502620.0 ], [ 508230.0, 3502530.0 ], [ 508050.0, 3502530.0 ], [ 508050.0, 3502710.0 ], [ 507960.0, 3502710.0 ] ] ] } },
{ "type": "Feature", "properties": { "area_km2": 0.0162 }, "geometry": { "type": "Polygon", "coordinates": [ [ [ 507510.0, 3502440.0 ], [ 507510.0, 3502260.0 ], [ 507600.0, 3502260.0 ], [ 507600.0, 3502440.0 ], [ 507510.0, 3502440.0 ] ] ] } },
{ "type": "Feature", "properties": { "area_km2": 0.0243 }, "geometry": { "type": "Polygon", "coordinates": [ [ [ 508050.0, 3502350.0 ], [ 508050.0, 3502260.0 ], [ 508320.0, 3502260.0 ], [ 508320.0, 3502350.0 ], [ 508050.0, 3502350.0 ] ] ] } },
{ "type": "Feature", "properties": { "area_km2": 0.0081 }, "geometry": { "type": "Polygon", "coordinates": [ [ [ 509310.0, 3502350.0 ], [ 509310.0, 3502260.0 ], [ 509400.0, 3502260.0 ], [ 509400.0, 3502350.0 ], [ 509310.0, 3502350.0 ] ] ] } },
{ "type": "Feature", "properties": { "area_km2": 0.0081 }, "geometry": { "type": "Polygon", "coordinates": [ [ [ 511920.0, 3502350.0 ], [ 511920.0, 3502260.0 ], [ 512010.0, 3502260.0 ], [ 512010.0, 3502350.0 ], [ 511920.0, 3502350.0 ] ] ] } },
{ "type": "Feature", "properties": { "area_km2": 0.0324 }, "geometry": { "type": "Polygon", "coordinates": [ [ [ 509580.0, 3502350.0 ], [ 509580.0, 3502260.0 ], [ 509670.0, 3502260.0 ], [ 509670.0, 3502170.0 ], [ 509850.0, 3502170.0 ], [ 509850.0, 3502260.0 ], [ 509760.0, 3502260.0 ], [ 509760.0, 3502350.0 ], [ 509580.0, 3502350.0 ] ] ] } },
{ "type": "Feature", "properties": { "area_km2": 0.0162 }, "geometry": { "type": "Polygon", "coordinates": [ [ [ 510840.0, 3502350.0 ], [ 510840.0, 3502170.0 ], [ 510930.0, 3502170.0 ], [ 510930.0, 3502350.0 ], [ 510840.0, 3502350.0 ] ] ] } },
{ "type": "Feature", "properties": { "area_km2": 0.0324 }, "geometry": { "type": "Polygon", "coordinates": [ [ [ 511110.0, 3502350.0 ], [ 511110.0, 3502170.0 ], [ 511290.0, 3502170.0 ], [ 511290.0, 3502350.0 ], [ 511110.0, 3502350.0 ] ] ] } },
{ "type": "Feature", "properties": { "area_km2": 0.0081 }, "geometry": { "type": "Polygon", "coordinates": [ [ [ 506700.0, 3502260.0 ], [ 506700.0, 3502170.0 ], [ 506790.0, 3502170.0 ], [ 506790.0, 3502260.0 ], [ 506700.0, 3502260.0 ] ] ] } },
{ "type": "Feature", "properties": { "area_km2": 0.0081 }, "geometry": { "type": "Polygon", "coordinates": [ [ [ 507960.0, 3502260.0 ], [ 507960.0, 3502170.0 ], [ 508050.0, 3502170.0 ], [ 508050.0, 3502260.0 ], [ 507960.0, 3502260.0 ] ] ] } },
{ "type": "Feature", "properties": { "area_km2": 0.0081 }, "geometry": { "type": "Polygon", "coordinates": [ [ [ 511380.0, 3502260.0 ], [ 511380.0, 3502170.0 ], [ 511470.0, 3502170.0 ], [ 511470.0, 3502260.0 ], [ 511380.0, 3502260.0 ] ] ] } },
{ "type": "Feature", "properties": { "area_km2": 0.0081 }, "geometry": { "type": "Polygon", "coordinates": [ [ [ 509400.0, 3502170.0 ], [ 509400.0, 3502080.0 ], [ 509490.0, 3502080.0 ], [ 509490.0, 3502170.0 ], [ 509400.0, 3502170.0 ] ] ] } },
{ "type": "Feature", "properties": { "area_km2": 0.0081 }, "geometry": { "type": "Polygon", "coordinates": [ [ [ 511020.0, 3502170.0 ], [ 511020.0, 3502080.0 ], [ 511110.0, 3502080.0 ], [ 511110.0, 3502170.0 ], [ 511020.0, 3502170.0 ] ] ] } },
{ "type": "Feature", "properties": { "area_km2": 0.0243 }, "geometry": { "type": "Polygon", "coordinates": [ [ [ 507780.0, 3502170.0 ], [ 507780.0, 3502080.0 ], [ 507870.0, 3502080.0 ], [ 507870.0, 3501990.0 ], [ 507960.0, 3501990.0 ], [ 507960.0, 3502170.0 ], [ 507780.0, 3502170.0 ] ] ] } },
{ "type": "Feature", "properties": { "area_km2": 0.0081 }, "geometry": { "type": "Polygon", "coordinates": [ [ [ 511200.0, 3502080.0 ], [ 511200.0, 3501990.0 ], [ 511290.0, 3501990.0 ], [ 511290.0, 3502080.0 ], [ 511200.0, 3502080.0 ] ] ] } },
{ "type": "Feature", "properties": { "area_km2": 0.0486 }, "geometry": { "type": "Polygon", "coordinates": [ [ [ 508050.0, 3502170.0 ], [ 508050.0, 3502080.0 ], [ 508230.0, 3502080.0 ], [ 508230.0, 3501900.0 ], [ 508320.0, 3501900.0 ], [ 508320.0, 3502080.0 ], [ 508410.0, 3502080.0 ], [ 508410.0, 3502170.0 ], [ 508050.0, 3502170.0 ] ] ] } },
{ "type": "Feature", "properties": { "area_km2": 0.0486 }, "geometry": { "type": "Polygon", "coordinates": [ [ [ 508770.0, 3502170.0 ], [ 508770.0, 3502080.0 ], [ 508500.0, 3502080.0 ], [ 508500.0, 3501990.0 ], [ 508770.0, 3501990.0 ], [ 508770.0, 3501900.0 ], [ 508860.0, 3501900.0 ], [ 508860.0, 3502170.0 ], [ 508770.0, 3502170.0 ] ] ] } },
{ "type": "Feature", "properties": { "area_km2": 0.0081 }, "geometry": { "type": "Polygon", "coordinates": [ [ [ 509400.0, 3501990.0 ], [ 509400.0, 3501900.0 ], [ 509490.0, 3501900.0 ], [ 509490.0, 3501990.0 ], [ 509400.0, 3501990.0 ] ] ] } },
{ "type": "Feature", "properties": { "area_km2": 0.0162 }, "geometry": { "type": "Polygon", "coordinates": [ [ [ 511650.0, 3501990.0 ], [ 511650.0, 3501900.0 ], [ 511830.0, 3501900.0 ], [ 511830.0, 3501990.0 ], [ 511650.0, 3501990.0 ] ] ] } },
{ "type": "Feature", "properties": { "area_km2": 0.0081 }, "geometry": { "type": "Polygon", "coordinates": [ [ [ 512010.0, 3501990.0 ], [ 512010.0, 3501900.0 ], [ 512100.0, 3501900.0 ], [ 512100.0, 3501990.0 ], [ 512010.0, 3501990.0 ] ] ] } },
{ "type": "Feature", "properties": { "area_km2": 0.0081 }, "geometry": { "type": "Polygon", "coordinates": [ [ [ 508590.0, 3501900.0 ], [ 508590.0, 3501810.0 ], [ 508680.0, 3501810.0 ], [ 508680.0, 3501900.0 ], [ 508590.0, 3501900.0 ] ] ] } },
{ "type": "Feature", "properties": { "area_km2": 0.0081 }, "geometry": { "type": "Polygon", "coordinates": [ [ [ 508950.0, 3501900.0 ], [ 508950.0, 3501810.0 ], [ 509040.0, 3501810.0 ], [ 509040.0, 3501900.0 ], [ 508950.0, 3501900.0 ] ] ] } },
{ "type": "Feature", "properties": { "area_km2": 0.0243 }, "geometry": { "type": "Polygon", "coordinates": [ [ [ 510120.0, 3501900.0 ], [ 510120.0, 3501810.0 ], [ 510210.0, 3501810.0 ], [ 510210.0, 3501720.0 ], [ 510300.0, 3501720.0 ], [ 510300.0, 3501900.0 ], [ 510120.0, 3501900.0 ] ] ] } },
{ "type": "Feature", "properties": { "area_km2": 0.0081 }, "geometry": { "type": "Polygon", "coordinates": [ [ [ 508050.0, 3501810.0 ], [ 508050.0, 3501720.0 ], [ 508140.0, 3501720.0 ], [ 508140.0, 3501810.0 ], [ 508050.0, 3501810.0 ] ] ] } },
{ "type": "Feature", "properties": { "area_km2": 0.0243 }, "geometry": { "type": "Polygon", "coordinates": [ [ [ 510480.0, 3501810.0 ], [ 510480.0, 3501720.0 ], [ 510750.0, 3501720.0 ], [ 510750.0, 3501810.0 ], [ 510480.0, 3501810.0 ] ] ] } },
{ "type": "Feature", "properties": { "area_km2": 0.0162 }, "geometry": { "type": "Polygon", "coordinates": [ [ [ 510930.0, 3501810.0 ], [ 510930.0, 3501720.0 ], [ 511110.0, 3501720.0 ], [ 511110.0, 3501810.0 ], [ 510930.0, 3501810.0 ] ] ] } },
{ "type": "Feature", "properties": { "area_km2": 0.0081 }, "geometry": { "type": "Polygon", "coordinates": [ [ [ 505890.0, 3501720.0 ], [ 505890.0, 3501630.0 ], [ 505980.0, 3501630.0 ], [ 505980.0, 3501720.0 ], [ 505890.0, 3501720.0 ] ] ] } },
{ "type": "Feature", "properties": { "area_km2": 0.0162 }, "geometry": { "type": "Polygon", "coordinates": [ [ [ 507420.0, 3501720.0 ], [ 507420.0, 3501630.0 ], [ 507600.0, 3501630.0 ], [ 507600.0, 3501720.0 ], [ 507420.0, 3501720.0 ] ] ] } },
{ "type": "Feature", "properties": { "area_km2": 0.0081 }, "geometry": { "type": "Polygon", "coordinates": [ [ [ 508320.0, 3501720.0 ], [ 508320.0, 3501630.0 ], [ 508410.0, 3501630.0 ], [ 508410.0, 3501720.0 ], [ 508320.0, 3501720.0 ] ] ] } },
{ "type": "Feature", "properties": { "area_km2": 0.0081 }, "geometry": { "type": "Polygon", "coordinates": [ [ [ 510030.0, 3501720.0 ], [ 510030.0, 3501630.0 ], [ 510120.0, 3501630.0 ], [ 510120.0, 3501720.0 ], [ 510030.0, 3501720.0 ] ] ] } },
{ "type": "Feature", "properties": { "area_km2": 0.0081 }, "geometry": { "type": "Polygon", "coordinates": [ [ [ 510840.0, 3501720.0 ], [ 510840.0, 3501630.0 ], [ 510930.0, 3501630.0 ], [ 510930.0, 3501720.0 ], [ 510840.0, 3501720.0 ] ] ] } },
{ "type": "Feature", "properties": { "area_km2": 0.0243 }, "geometry": { "type": "Polygon", "coordinates": [ [ [ 507870.0, 3501810.0 ], [ 507870.0, 3501540.0 ], [ 507960.0, 3501540.0 ], [ 507960.0, 3501810.0 ], [ 507870.0, 3501810.0 ] ] ] } },
{ "type": "Feature", "properties": { "area_km2": 0.0243 }, "geometry": { "type": "Polygon", "coordinates": [ [ [ 507060.0, 3501720.0 ], [ 507060.0, 3501540.0 ], [ 507150.0, 3501540.0 ], [ 507150.0, 3501630.0 ], [ 507240.0, 3501630.0 ], [ 507240.0, 3501720.0 ], [ 507060.0, 3501720.0 ] ] ] } },
{ "type": "Feature", "properties": { "area_km2": 0.0162 }, "geometry": { "type": "Polygon", "coordinates": [ [ [ 506520.0, 3501630.0 ], [ 506520.0, 3501540.0 ], [ 506700.0, 3501540.0 ], [ 506700.0, 3501630.0 ], [ 506520.0, 3501630.0 ] ] ] } },
{ "type": "Feature", "properties": { "area_km2": 0.0081 }, "geometry": { "type": "Polygon", "coordinates": [ [ [ 507240.0, 3501630.0 ], [ 507240.0, 3501540.0 ], [ 507330.0, 3501540.0 ], [ 507330.0, 3501630.0 ], [ 507240.0, 3501630.0 ] ] ] } },
{ "type": "Feature", "properties": { "area_km2": 0.0081 }, "geometry": { "type": "Polygon", "coordinates": [ [ [ 508050.0, 3501630.0 ], [ 508050.0, 3501540.0 ], [ 508140.0, 3501540.0 ], [ 508140.0, 3501630.0 ], [ 508050.0, 3501630.0 ] ] ] } },
{ "type": "Feature", "properties": { "area_km2": 0.0243 }, "geometry": { "type": "Polygon", "coordinates": [ [ [ 510390.0, 3501630.0 ], [ 510390.0, 3501540.0 ], [ 510660.0, 3501540.0 ], [ 510660.0, 3501630.0 ], [ 510390.0, 3501630.0 ] ] ] } },
{ "type": "Feature", "properties": { "area_km2": 0.0081 }, "geometry": { "type": "Polygon", "coordinates": [ [ [ 509940.0, 3501540.0 ], [ 509940.0, 3501450.0 ], [ 510030.0, 3501450.0 ], [ 510030.0, 3501540.0 ], [ 509940.0, 3501540.0 ] ] ] } },
{ "type": "Feature", "properties": { "area_km2": 0.0081 }, "geometry": { "type": "Polygon", "coordinates": [ [ [ 512190.0, 3501540.0 ], [ 512190.0, 3501450.0 ], [ 512280.0, 3501450.0 ], [ 512280.0, 3501540.0 ], [ 512190.0, 3501540.0 ] ] ] } },
{ "type": "Feature", "properties": { "area_km2": 0.0162 }, "geometry": { "type": "Polygon", "coordinates": [ [ [ 507960.0, 3501540.0 ], [ 507960.0, 3501360.0 ], [ 508050.0, 3501360.0 ], [ 508050.0, 3501540.0 ], [ 507960.0, 3501540.0 ] ] ] } },
{ "type": "Feature", "properties": { "area_km2": 0.0162 }, "geometry": { "type": "Polygon", "coordinates": [ [ [ 511920.0, 3501540.0 ], [ 511920.0, 3501360.0 ], [ 512010.0, 3501360.0 ], [ 512010.0, 3501540.0 ], [ 511920.0, 3501540.0 ] ] ] } },
{ "type": "Feature", "properties": { "area_km2": 0.0081 }, "geometry": { "type": "Polygon", "coordinates": [ [ [ 512460.0, 3501450.0 ], [ 512460.0, 3501360.0 ], [ 512550.0, 3501360.0 ], [ 512550.0, 3501450.0 ], [ 512460.0, 3501450.0 ] ] ] } },
{ "type": "Feature", "properties": { "area_km2": 0.0081 }, "geometry": { "type": "Polygon", "coordinates": [ [ [ 507330.0, 3501360.0 ], [ 507330.0, 3501270.0 ], [ 507420.0, 3501270.0 ], [ 507420.0, 3501360.0 ], [ 507330.0, 3501360.0 ] ] ] } },
{ "type": "Feature", "properties": { "area_km2": 0.0162 }, "geometry": { "type": "Polygon", "coordinates": [ [ [ 509490.0, 3501360.0 ], [ 509490.0, 3501270.0 ], [ 509670.0, 3501270.0 ], [ 509670.0, 3501360.0 ], [ 509490.0, 3501360.0 ] ] ] } },
{ "type": "Feature", "properties": { "area_km2": 0.0081 }, "geometry": { "type": "Polygon", "coordinates": [ [ [ 512100.0, 3501360.0 ], [ 512100.0, 3501270.0 ], [ 512190.0, 3501270.0 ], [ 512190.0, 3501360.0 ], [ 512100.0, 3501360.0 ] ] ] } },
{ "type": "Feature", "properties": { "area_km2": 0.0081 }, "geometry": { "type": "Polygon", "coordinates": [ [ [ 513090.0, 3501360.0 ], [ 513090.0, 3501270.0 ], [ 513180.0, 3501270.0 ], [ 513180.0, 3501360.0 ], [ 513090.0, 3501360.0 ] ] ] } },
{ "type": "Feature", "properties": { "area_km2": 0.0081 }, "geometry": { "type": "Polygon", "coordinates": [ [ [ 508320.0, 3501270.0 ], [ 508320.0, 3501180.0 ], [ 508410.0, 3501180.0 ], [ 508410.0, 3501270.0 ], [ 508320.0, 3501270.0 ] ] ] } },
{ "type": "Feature", "properties": { "area_km2": 0.0081 }, "geometry": { "type": "Polygon", "coordinates": [ [ [ 508950.0, 3501180.0 ], [ 508950.0, 3501090.0 ], [ 509040.0, 3501090.0 ], [ 509040.0, 3501180.0 ], [ 508950.0, 3501180.0 ] ] ] } },
{ "type": "Feature", "properties": { "area_km2": 0.0081 }, "geometry": { "type": "Polygon", "coordinates": [ [ [ 509310.0, 3501180.0 ], [ 509310.0, 3501090.0 ], [ 509400.0, 3501090.0 ], [ 509400.0, 3501180.0 ], [ 509310.0, 3501180.0 ] ] ] } },
{ "type": "Feature", "properties": { "area_km2": 0.0081 }, "geometry": { "type": "Polygon", "coordinates": [ [ [ 509670.0, 3501090.0 ], [ 509670.0, 3501000.0 ], [ 509760.0, 3501000.0 ], [ 509760.0, 3501090.0 ], [ 509670.0, 3501090.0 ] ] ] } },
{ "type": "Feature", "properties": { "area_km2": 0.0162 }, "geometry": { "type": "Polygon", "coordinates": [ [ [ 512010.0, 3501090.0 ], [ 512010.0, 3501000.0 ], [ 512190.0, 3501000.0 ], [ 512190.0, 3501090.0 ], [ 512010.0, 3501090.0 ] ] ] } },
{ "type": "Feature", "properties": { "area_km2": 0.0081 }, "geometry": { "type": "Polygon", "coordinates": [ [ [ 510390.0, 3501000.0 ], [ 510390.0, 3500910.0 ], [ 510480.0, 3500910.0 ], [ 510480.0, 3501000.0 ], [ 510390.0, 3501000.0 ] ] ] } },
{ "type": "Feature", "properties": { "area_km2": 0.0081 }, "geometry": { "type": "Polygon", "coordinates": [ [ [ 512640.0, 3501000.0 ], [ 512640.0, 3500910.0 ], [ 512730.0, 3500910.0 ], [ 512730.0, 3501000.0 ], [ 512640.0, 3501000.0 ] ] ] } },
{ "type": "Feature", "properties": { "area_km2": 0.0243 }, "geometry": { "type": "Polygon", "coordinates": [ [ [ 509850.0, 3501000.0 ], [ 509850.0, 3500820.0 ], [ 509940.0, 3500820.0 ], [ 509940.0, 3500910.0 ], [ 510030.0, 3500910.0 ], [ 510030.0, 3501000.0 ], [ 509850.0, 3501000.0 ] ] ] } },
{ "type": "Feature", "properties": { "area_km2": 0.0081 }, "geometry": { "type": "Polygon", "coordinates": [ [ [ 508590.0, 3500820.0 ], [ 508590.0, 3500730.0 ], [ 508680.0, 3500730.0 ], [ 508680.0, 3500820.0 ], [ 508590.0, 3500820.0 ] ] ] } },
{ "type": "Feature", "properties": { "area_km2": 0.0081 }, "geometry": { "type": "Polygon", "coordinates": [ [ [ 509760.0, 3500820.0 ], [ 509760.0, 3500730.0 ], [ 509850.0, 3500730.0 ], [ 509850.0, 3500820.0 ], [ 509760.0, 3500820.0 ] ] ] } },
{ "type": "Feature", "properties": { "area_km2": 0.0081 }, "geometry": { "type": "Polygon", "coordinates": [ [ [ 510390.0, 3500820.0 ], [ 510390.0, 3500730.0 ], [ 510480.0, 3500730.0 ], [ 510480.0, 3500820.0 ], [ 510390.0, 3500820.0 ] ] ] } },
{ "type": "Feature", "properties": { "area_km2": 0.0081 }, "geometry": { "type": "Polygon", "coordinates": [ [ [ 509130.0, 3500730.0 ], [ 509130.0, 3500640.0 ], [ 509220.0, 3500640.0 ], [ 509220.0, 3500730.0 ], [ 509130.0, 3500730.0 ] ] ] } },
{ "type": "Feature", "properties": { "area_km2": 0.0081 }, "geometry": { "type": "Polygon", "coordinates": [ [ [ 510750.0, 3500730.0 ], [ 510750.0, 3500640.0 ], [ 510840.0, 3500640.0 ], [ 510840.0, 3500730.0 ], [ 510750.0, 3500730.0 ] ] ] } },
{ "type": "Feature", "properties": { "area_km2": 0.0081 }, "geometry": { "type": "Polygon", "coordinates": [ [ [ 513090.0, 3500640.0 ], [ 513090.0, 3500550.0 ], [ 513180.0, 3500550.0 ], [ 513180.0, 3500640.0 ], [ 513090.0, 3500640.0 ] ] ] } },
{ "type": "Feature", "properties": { "area_km2": 0.0243 }, "geometry": { "type": "Polygon", "coordinates": [ [ [ 510570.0, 3500640.0 ], [ 510570.0, 3500550.0 ], [ 510480.0, 3500550.0 ], [ 510480.0, 3500460.0 ], [ 510660.0, 3500460.0 ], [ 510660.0, 3500640.0 ], [ 510570.0, 3500640.0 ] ] ] } },
{ "type": "Feature", "properties": { "area_km2": 0.0081 }, "geometry": { "type": "Polygon", "coordinates": [ [ [ 507960.0, 3500370.0 ], [ 507960.0, 3500280.0 ], [ 508050.0, 3500280.0 ], [ 508050.0, 3500370.0 ], [ 507960.0, 3500370.0 ] ] ] } },
{ "type": "Feature", "properties": { "area_km2": 0.0243 }, "geometry": { "type": "Polygon", "coordinates": [ [ [ 507870.0, 3500190.0 ], [ 507870.0, 3500100.0 ], [ 508140.0, 3500100.0 ], [ 508140.0, 3500190.0 ], [ 507870.0, 3500190.0 ] ] ] } },
{ "type": "Feature", "properties": { "area_km2": 0.0081 }, "geometry": { "type": "Polygon", "coordinates": [ [ [ 510210.0, 3500190.0 ], [ 510210.0, 3500100.0 ], [ 510300.0, 3500100.0 ], [ 510300.0, 3500190.0 ], [ 510210.0, 3500190.0 ] ] ] } },
{ "type": "Feature", "properties": { "area_km2": 0.0081 }, "geometry": { "type": "Polygon", "coordinates": [ [ [ 510390.0, 3500190.0 ], [ 510390.0, 3500100.0 ], [ 510480.0, 3500100.0 ], [ 510480.0, 3500190.0 ], [ 510390.0, 3500190.0 ] ] ] } },
{ "type": "Feature", "properties": { "area_km2": 0.0081 }, "geometry": { "type": "Polygon", "coordinates": [ [ [ 513990.0, 3500190.0 ], [ 513990.0, 3500100.0 ], [ 514080.0, 3500100.0 ], [ 514080.0, 3500190.0 ], [ 513990.0, 3500190.0 ] ] ] } },
{ "type": "Feature", "properties": { "area_km2": 0.0081 }, "geometry": { "type": "Polygon", "coordinates": [ [ [ 508500.0, 3500100.0 ], [ 508500.0, 3500010.0 ], [ 508590.0, 3500010.0 ], [ 508590.0, 3500100.0 ], [ 508500.0, 3500100.0 ] ] ] } },
{ "type": "Feature", "properties": { "area_km2": 0.0081 }, "geometry": { "type": "Polygon", "coordinates": [ [ [ 513090.0, 3500100.0 ], [ 513090.0, 3500010.0 ], [ 513180.0, 3500010.0 ], [ 513180.0, 3500100.0 ], [ 513090.0, 3500100.0 ] ] ] } },
{ "type": "Feature", "properties": { "area_km2": 0.0162 }, "geometry": { "type": "Polygon", "coordinates": [ [ [ 508860.0, 3500010.0 ], [ 508860.0, 3499920.0 ], [ 509040.0, 3499920.0 ], [ 509040.0, 3500010.0 ], [ 508860.0, 3500010.0 ] ] ] } },
{ "type": "Feature", "properties": { "area_km2": 0.0081 }, "geometry": { "type": "Polygon", "coordinates": [ [ [ 513270.0, 3500010.0 ], [ 513270.0, 3499920.0 ], [ 513360.0, 3499920.0 ], [ 513360.0, 3500010.0 ], [ 513270.0, 3500010.0 ] ] ] } },
{ "type": "Feature", "properties": { "area_km2": 0.1539 }, "geometry": { "type": "Polygon", "coordinates": [ [ [ 512460.0, 3500280.0 ], [ 512460.0, 3500190.0 ], [ 512370.0, 3500190.0 ], [ 512370.0, 3500010.0 ], [ 512460.0, 3500010.0 ], [ 512460.0, 3499920.0 ], [ 512550.0, 3499920.0 ], [ 512550.0, 3499830.0 ], [ 512910.0, 3499830.0 ], [ 512910.0, 3500100.0 ], [ 512550.0, 3500100.0 ], [ 512550.0, 3500190.0 ], [ 512640.0, 3500190.0 ], [ 512640.0, 3500280.0 ], [ 512460.0, 3500280.0 ] ] ] } },
{ "type": "Feature", "properties": { "area_km2": 0.0081 }, "geometry": { "type": "Polygon", "coordinates": [ [ [ 509220.0, 3499920.0 ], [ 509220.0, 3499830.0 ], [ 509310.0, 3499830.0 ], [ 509310.0, 3499920.0 ], [ 509220.0, 3499920.0 ] ] ] } },
{ "type": "Feature", "properties": { "area_km2": 0.0081 }, "geometry": { "type": "Polygon", "coordinates": [ [ [ 513360.0, 3499920.0 ], [ 513360.0, 3499830.0 ], [ 513450.0, 3499830.0 ], [ 513450.0, 3499920.0 ], [ 513360.0, 3499920.0 ] ] ] } },
{ "type": "Feature", "properties": { "area_km2": 0.0243 }, "geometry": { "type": "Polygon", "coordinates": [ [ [ 510120.0, 3499830.0 ], [ 510120.0, 3499740.0 ], [ 510390.0, 3499740.0 ], [ 510390.0, 3499830.0 ], [ 510120.0, 3499830.0 ] ] ] } },
{ "type": "Feature", "properties": { "area_km2": 0.0243 }, "geometry": { "type": "Polygon", "coordinates": [ [ [ 513900.0, 3499830.0 ], [ 513900.0, 3499740.0 ], [ 514170.0, 3499740.0 ], [ 514170.0, 3499830.0 ], [ 513900.0, 3499830.0 ] ] ] } },
{ "type": "Feature", "properties": { "area_km2": 0.0567 }, "geometry": { "type": "Polygon", "coordinates": [ [ [ 509760.0, 3499920.0 ], [ 509760.0, 3499830.0 ], [ 509580.0, 3499830.0 ], [ 509580.0, 3499650.0 ], [ 509670.0, 3499650.0 ], [ 509670.0, 3499740.0 ], [ 510030.0, 3499740.0 ], [ 510030.0, 3499830.0 ], [ 509850.0, 3499830.0 ], [ 509850.0, 3499920.0 ], [ 509760.0, 3499920.0 ] ] ] } },
{ "type": "Feature", "properties": { "area_km2": 0.0081 }, "geometry": { "type": "Polygon", "coordinates": [ [ [ 509310.0, 3499740.0 ], [ 509310.0, 3499650.0 ], [ 509400.0, 3499650.0 ], [ 509400.0, 3499740.0 ], [ 509310.0, 3499740.0 ] ] ] } },
{ "type": "Feature", "properties": { "area_km2": 0.0162 }, "geometry": { "type": "Polygon", "coordinates": [ [ [ 513360.0, 3499740.0 ], [ 513360.0, 3499650.0 ], [ 513540.0, 3499650.0 ], [ 513540.0, 3499740.0 ], [ 513360.0, 3499740.0 ] ] ] } },
{ "type": "Feature", "properties": { "area_km2": 0.0081 }, "geometry": { "type": "Polygon", "coordinates": [ [ [ 513990.0, 3499650.0 ], [ 513990.0, 3499560.0 ], [ 514080.0, 3499560.0 ], [ 514080.0, 3499650.0 ], [ 513990.0, 3499650.0 ] ] ] } },
{ "type": "Feature", "properties": { "area_km2": 0.0081 }, "geometry": { "type": "Polygon", "coordinates": [ [ [ 507240.0, 3499560.0 ], [ 507240.0, 3499470.0 ], [ 507330.0, 3499470.0 ], [ 507330.0, 3499560.0 ], [ 507240.0, 3499560.0 ] ] ] } },
{ "type": "Feature", "properties": { "area_km2": 0.0081 }, "geometry": { "type": "Polygon", "coordinates": [ [ [ 508680.0, 3499560.0 ], [ 508680.0, 3499470.0 ], [ 508770.0, 3499470.0 ], [ 508770.0, 3499560.0 ], [ 508680.0, 3499560.0 ] ] ] } },
{ "type": "Feature", "properties": { "area_km2": 0.0081 }, "geometry": { "type": "Polygon", "coordinates": [ [ [ 508950.0, 3499560.0 ], [ 508950.0, 3499470.0 ], [ 509040.0, 3499470.0 ], [ 509040.0, 3499560.0 ], [ 508950.0, 3499560.0 ] ] ] } },
{ "type": "Feature", "properties": { "area_km2": 0.0081 }, "geometry": { "type": "Polygon", "coordinates": [ [ [ 513090.0, 3499560.0 ], [ 513090.0, 3499470.0 ], [ 513180.0, 3499470.0 ], [ 513180.0, 3499560.0 ], [ 513090.0, 3499560.0 ] ] ] } },
{ "type": "Feature", "properties": { "area_km2": 0.0081 }, "geometry": { "type": "Polygon", "coordinates": [ [ [ 508140.0, 3499470.0 ], [ 508140.0, 3499380.0 ], [ 508230.0, 3499380.0 ], [ 508230.0, 3499470.0 ], [ 508140.0, 3499470.0 ] ] ] } },
{ "type": "Feature", "properties": { "area_km2": 0.0081 }, "geometry": { "type": "Polygon", "coordinates": [ [ [ 509490.0, 3499470.0 ], [ 509490.0, 3499380.0 ], [ 509580.0, 3499380.0 ], [ 509580.0, 3499470.0 ], [ 509490.0, 3499470.0 ] ] ] } },
{ "type": "Feature", "properties": { "area_km2": 0.0081 }, "geometry": { "type": "Polygon", "coordinates": [ [ [ 510930.0, 3499470.0 ], [ 510930.0, 3499380.0 ], [ 511020.0, 3499380.0 ], [ 511020.0, 3499470.0 ], [ 510930.0, 3499470.0 ] ] ] } },
{ "type": "Feature", "properties": { "area_km2": 0.0081 }, "geometry": { "type": "Polygon", "coordinates": [ [ [ 510210.0, 3499380.0 ], [ 510210.0, 3499290.0 ], [ 510300.0, 3499290.0 ], [ 510300.0, 3499380.0 ], [ 510210.0, 3499380.0 ] ] ] } },
{ "type": "Feature", "properties": { "area_km2": 0.0081 }, "geometry": { "type": "Polygon", "coordinates": [ [ [ 513360.0, 3499380.0 ], [ 513360.0, 3499290.0 ], [ 513450.0, 3499290.0 ], [ 513450.0, 3499380.0 ], [ 513360.0, 3499380.0 ] ] ] } },
{ "type": "Feature", "properties": { "area_km2": 0.0162 }, "geometry": { "type": "Polygon", "coordinates": [ [ [ 509310.0, 3499290.0 ], [ 509310.0, 3499200.0 ], [ 509490.0, 3499200.0 ], [ 509490.0, 3499290.0 ], [ 509310.0, 3499290.0 ] ] ] } },
{ "type": "Feature", "properties": { "area_km2": 0.0081 }, "geometry": { "type": "Polygon", "coordinates": [ [ [ 510030.0, 3499290.0 ], [ 510030.0, 3499200.0 ], [ 510120.0, 3499200.0 ], [ 510120.0, 3499290.0 ], [ 510030.0, 3499290.0 ] ] ] } },
{ "type": "Feature", "properties": { "area_km2": 0.0081 }, "geometry": { "type": "Polygon", "coordinates": [ [ [ 511560.0, 3499290.0 ], [ 511560.0, 3499200.0 ], [ 511650.0, 3499200.0 ], [ 511650.0, 3499290.0 ], [ 511560.0, 3499290.0 ] ] ] } },
{ "type": "Feature", "properties": { "area_km2": 0.0081 }, "geometry": { "type": "Polygon", "coordinates": [ [ [ 513540.0, 3499290.0 ], [ 513540.0, 3499200.0 ], [ 513630.0, 3499200.0 ], [ 513630.0, 3499290.0 ], [ 513540.0, 3499290.0 ] ] ] } },
{ "type": "Feature", "properties": { "area_km2": 0.0162 }, "geometry": { "type": "Polygon", "coordinates": [ [ [ 509490.0, 3499200.0 ], [ 509490.0, 3499110.0 ], [ 509670.0, 3499110.0 ], [ 509670.0, 3499200.0 ], [ 509490.0, 3499200.0 ] ] ] } },
{ "type": "Feature", "properties": { "area_km2": 0.0081 }, "geometry": { "type": "Polygon", "coordinates": [ [ [ 510930.0, 3499200.0 ], [ 510930.0, 3499110.0 ], [ 511020.0, 3499110.0 ], [ 511020.0, 3499200.0 ], [ 510930.0, 3499200.0 ] ] ] } },
{ "type": "Feature", "properties": { "area_km2": 0.0405 }, "geometry": { "type": "Polygon", "coordinates": [ [ [ 513720.0, 3499200.0 ], [ 513720.0, 3499020.0 ], [ 513810.0, 3499020.0 ], [ 513810.0, 3499110.0 ], [ 514080.0, 3499110.0 ], [ 514080.0, 3499200.0 ], [ 513720.0, 3499200.0 ] ] ] } },
{ "type": "Feature", "properties": { "area_km2": 0.0081 }, "geometry": { "type": "Polygon", "coordinates": [ [ [ 508500.0, 3499110.0 ], [ 508500.0, 3499020.0 ], [ 508590.0, 3499020.0 ], [ 508590.0, 3499110.0 ], [ 508500.0, 3499110.0 ] ] ] } },
{ "type": "Feature", "properties": { "area_km2": 0.0081 }, "geometry": { "type": "Polygon", "coordinates": [ [ [ 508860.0, 3499110.0 ], [ 508860.0, 3499020.0 ], [ 508950.0, 3499020.0 ], [ 508950.0, 3499110.0 ], [ 508860.0, 3499110.0 ] ] ] } },
{ "type": "Feature", "properties": { "area_km2": 0.0081 }, "geometry": { "type": "Polygon", "coordinates": [ [ [ 509760.0, 3499110.0 ], [ 509760.0, 3499020.0 ], [ 509850.0, 3499020.0 ], [ 509850.0, 3499110.0 ], [ 509760.0, 3499110.0 ] ] ] } },
{ "type": "Feature", "properties": { "area_km2": 0.0162 }, "geometry": { "type": "Polygon", "coordinates": [ [ [ 510300.0, 3499110.0 ], [ 510300.0, 3499020.0 ], [ 510480.0, 3499020.0 ], [ 510480.0, 3499110.0 ], [ 510300.0, 3499110.0 ] ] ] } },
{ "type": "Feature", "properties": { "area_km2": 0.0081 }, "geometry": { "type": "Polygon", "coordinates": [ [ [ 513810.0, 3499020.0 ], [ 513810.0, 3498930.0 ], [ 513900.0, 3498930.0 ], [ 513900.0, 3499020.0 ], [ 513810.0, 3499020.0 ] ] ] } },
{ "type": "Feature", "properties": { "area_km2": 0.0081 }, "geometry": { "type": "Polygon", "coordinates": [ [ [ 514080.0, 3499020.0 ], [ 514080.0, 3498930.0 ], [ 514170.0, 3498930.0 ], [ 514170.0, 3499020.0 ], [ 514080.0, 3499020.0 ] ] ] } },
{ "type": "Feature", "properties": { "area_km2": 0.0081 }, "geometry": { "type": "Polygon", "coordinates": [ [ [ 507690.0, 3498930.0 ], [ 507690.0, 3498840.0 ], [ 507780.0, 3498840.0 ], [ 507780.0, 3498930.0 ], [ 507690.0, 3498930.0 ] ] ] } },
{ "type": "Feature", "properties": { "area_km2": 0.0081 }, "geometry": { "type": "Polygon", "coordinates": [ [ [ 509670.0, 3498930.0 ], [ 509670.0, 3498840.0 ], [ 509760.0, 3498840.0 ], [ 509760.0, 3498930.0 ], [ 509670.0, 3498930.0 ] ] ] } },
{ "type": "Feature", "properties": { "area_km2": 0.0081 }, "geometry": { "type": "Polygon", "coordinates": [ [ [ 510930.0, 3498930.0 ], [ 510930.0, 3498840.0 ], [ 511020.0, 3498840.0 ], [ 511020.0, 3498930.0 ], [ 510930.0, 3498930.0 ] ] ] } },
{ "type": "Feature", "properties": { "area_km2": 0.1134 }, "geometry": { "type": "Polygon", "coordinates": [ [ [ 511020.0, 3499110.0 ], [ 511020.0, 3498930.0 ], [ 511110.0, 3498930.0 ], [ 511110.0, 3498840.0 ], [ 511380.0, 3498840.0 ], [ 511380.0, 3498750.0 ], [ 511650.0, 3498750.0 ], [ 511650.0, 3498840.0 ], [ 511740.0, 3498840.0 ], [ 511740.0, 3499020.0 ], [ 511650.0, 3499020.0 ], [ 511650.0, 3498930.0 ], [ 511200.0, 3498930.0 ], [ 511200.0, 3499020.0 ], [ 511110.0, 3499020.0 ], [ 511110.0, 3499110.0 ], [ 511020.0, 3499110.0 ] ] ] } },
{ "type": "Feature", "properties": { "area_km2": 0.0081 }, "geometry": { "type": "Polygon", "coordinates": [ [ [ 510300.0, 3498840.0 ], [ 510300.0, 3498750.0 ], [ 510390.0, 3498750.0 ], [ 510390.0, 3498840.0 ], [ 510300.0, 3498840.0 ] ] ] } },
{ "type": "Feature", "properties": { "area_km2": 0.0081 }, "geometry": { "type": "Polygon", "coordinates": [ [ [ 510840.0, 3498840.0 ], [ 510840.0, 3498750.0 ], [ 510930.0, 3498750.0 ], [ 510930.0, 3498840.0 ], [ 510840.0, 3498840.0 ] ] ] } },
{ "type": "Feature", "properties": { "area_km2": 0.0243 }, "geometry": { "type": "Polygon", "coordinates": [ [ [ 510480.0, 3498840.0 ], [ 510480.0, 3498750.0 ], [ 510570.0, 3498750.0 ], [ 510570.0, 3498660.0 ], [ 510660.0, 3498660.0 ], [ 510660.0, 3498840.0 ], [ 510480.0, 3498840.0 ] ] ] } },
{ "type": "Feature", "properties": { "area_km2": 0.0405 }, "geometry": { "type": "Polygon", "coordinates": [ [ [ 513810.0, 3498840.0 ], [ 513810.0, 3498660.0 ], [ 513900.0, 3498660.0 ], [ 513900.0, 3498750.0 ], [ 513990.0, 3498750.0 ], [ 513990.0, 3498660.0 ], [ 514080.0, 3498660.0 ], [ 514080.0, 3498840.0 ], [ 513810.0, 3498840.0 ] ] ] } },
{ "type": "Feature", "properties": { "area_km2": 0.0081 }, "geometry": { "type": "Polygon", "coordinates": [ [ [ 509220.0, 3498750.0 ], [ 509220.0, 3498660.0 ], [ 509310.0, 3498660.0 ], [ 509310.0, 3498750.0 ], [ 509220.0, 3498750.0 ] ] ] } },
{ "type": "Feature", "properties": { "area_km2": 0.0081 }, "geometry": { "type": "Polygon", "coordinates": [ [ [ 509580.0, 3498750.0 ], [ 509580.0, 3498660.0 ], [ 509670.0, 3498660.0 ], [ 509670.0, 3498750.0 ], [ 509580.0, 3498750.0 ] ] ] } },
{ "type": "Feature", "properties": { "area_km2": 0.0162 }, "geometry": { "type": "Polygon", "coordinates": [ [ [ 510030.0, 3498660.0 ], [ 510030.0, 3498480.0 ], [ 510120.0, 3498480.0 ], [ 510120.0, 3498660.0 ], [ 510030.0, 3498660.0 ] ] ] } },
{ "type": "Feature", "properties": { "area_km2": 0.0081 }, "geometry": { "type": "Polygon", "coordinates": [ [ [ 509310.0, 3498570.0 ], [ 509310.0, 3498480.0 ], [ 509400.0, 3498480.0 ], [ 509400.0, 3498570.0 ], [ 509310.0, 3498570.0 ] ] ] } },
{ "type": "Feature", "properties": { "area_km2": 0.0081 }, "geometry": { "type": "Polygon", "coordinates": [ [ [ 512100.0, 3498570.0 ], [ 512100.0, 3498480.0 ], [ 512190.0, 3498480.0 ], [ 512190.0, 3498570.0 ], [ 512100.0, 3498570.0 ] ] ] } },
{ "type": "Feature", "properties": { "area_km2": 0.0486 }, "geometry": { "type": "Polygon", "coordinates": [ [ [ 509670.0, 3498660.0 ], [ 509670.0, 3498570.0 ], [ 509490.0, 3498570.0 ], [ 509490.0, 3498480.0 ], [ 509580.0, 3498480.0 ], [ 509580.0, 3498390.0 ], [ 509670.0, 3498390.0 ], [ 509670.0, 3498480.0 ], [ 509760.0, 3498480.0 ], [ 509760.0, 3498570.0 ], [ 509850.0, 3498570.0 ], [ 509850.0, 3498660.0 ], [ 509670.0, 3498660.0 ] ] ] } },
{ "type": "Feature", "properties": { "area_km2": 0.0081 }, "geometry": { "type": "Polygon", "coordinates": [ [ [ 510120.0, 3498480.0 ], [ 510120.0, 3498390.0 ], [ 510210.0, 3498390.0 ], [ 510210.0, 3498480.0 ], [ 510120.0, 3498480.0 ] ] ] } },
{ "type": "Feature", "properties": { "area_km2": 0.0081 }, "geometry": { "type": "Polygon", "coordinates": [ [ [ 508140.0, 3498390.0 ], [ 508140.0, 3498300.0 ], [ 508230.0, 3498300.0 ], [ 508230.0, 3498390.0 ], [ 508140.0, 3498390.0 ] ] ] } },
{ "type": "Feature", "properties": { "area_km2": 0.0081 }, "geometry": { "type": "Polygon", "coordinates": [ [ [ 509940.0, 3498390.0 ], [ 509940.0, 3498300.0 ], [ 510030.0, 3498300.0 ], [ 510030.0, 3498390.0 ], [ 509940.0, 3498390.0 ] ] ] } },
{ "type": "Feature", "properties": { "area_km2": 0.0081 }, "geometry": { "type": "Polygon", "coordinates": [ [ [ 508410.0, 3498300.0 ], [ 508410.0, 3498210.0 ], [ 508500.0, 3498210.0 ], [ 508500.0, 3498300.0 ], [ 508410.0, 3498300.0 ] ] ] } },
{ "type": "Feature", "properties": { "area_km2": 0.0081 }, "geometry": { "type": "Polygon", "coordinates": [ [ [ 508590.0, 3498300.0 ], [ 508590.0, 3498210.0 ], [ 508680.0, 3498210.0 ], [ 508680.0, 3498300.0 ], [ 508590.0, 3498300.0 ] ] ] } },
{ "type": "Feature", "properties": { "area_km2": 0.0081 }, "geometry": { "type": "Polygon", "coordinates": [ [ [ 509130.0, 3498300.0 ], [ 509130.0, 3498210.0 ], [ 509220.0, 3498210.0 ], [ 509220.0, 3498300.0 ], [ 509130.0, 3498300.0 ] ] ] } },
{ "type": "Feature", "properties": { "area_km2": 0.0162 }, "geometry": { "type": "Polygon", "coordinates": [ [ [ 510840.0, 3498300.0 ], [ 510840.0, 3498210.0 ], [ 511020.0, 3498210.0 ], [ 511020.0, 3498300.0 ], [ 510840.0, 3498300.0 ] ] ] } },
{ "type": "Feature", "properties": { "area_km2": 0.0081 }, "geometry": { "type": "Polygon", "coordinates": [ [ [ 505710.0, 3498210.0 ], [ 505710.0, 3498120.0 ], [ 505800.0, 3498120.0 ], [ 505800.0, 3498210.0 ], [ 505710.0, 3498210.0 ] ] ] } },
{ "type": "Feature", "properties": { "area_km2": 0.0081 }, "geometry": { "type": "Polygon", "coordinates": [ [ [ 509040.0, 3498210.0 ], [ 509040.0, 3498120.0 ], [ 509130.0, 3498120.0 ], [ 509130.0, 3498210.0 ], [ 509040.0, 3498210.0 ] ] ] } },
{ "type": "Feature", "properties": { "area_km2": 0.0081 }, "geometry": { "type": "Polygon", "coordinates": [ [ [ 509220.0, 3498210.0 ], [ 509220.0, 3498120.0 ], [ 509310.0, 3498120.0 ], [ 509310.0, 3498210.0 ], [ 509220.0, 3498210.0 ] ] ] } },
{ "type": "Feature", "properties": { "area_km2": 0.0081 }, "geometry": { "type": "Polygon", "coordinates": [ [ [ 511110.0, 3498210.0 ], [ 511110.0, 3498120.0 ], [ 511200.0, 3498120.0 ], [ 511200.0, 3498210.0 ], [ 511110.0, 3498210.0 ] ] ] } },
{ "type": "Feature", "properties": { "area_km2": 0.0081 }, "geometry": { "type": "Polygon", "coordinates": [ [ [ 511830.0, 3498210.0 ], [ 511830.0, 3498120.0 ], [ 511920.0, 3498120.0 ], [ 511920.0, 3498210.0 ], [ 511830.0, 3498210.0 ] ] ] } },
{ "type": "Feature", "properties": { "area_km2": 0.0243 }, "geometry": { "type": "Polygon", "coordinates": [ [ [ 508230.0, 3498210.0 ], [ 508230.0, 3498030.0 ], [ 508320.0, 3498030.0 ], [ 508320.0, 3498120.0 ], [ 508410.0, 3498120.0 ], [ 508410.0, 3498210.0 ], [ 508230.0, 3498210.0 ] ] ] } },
{ "type": "Feature", "properties": { "area_km2": 0.0162 }, "geometry": { "type": "Polygon", "coordinates": [ [ [ 507240.0, 3498030.0 ], [ 507240.0, 3497940.0 ], [ 507420.0, 3497940.0 ], [ 507420.0, 3498030.0 ], [ 507240.0, 3498030.0 ] ] ] } },
{ "type": "Feature", "properties": { "area_km2": 0.0162 }, "geometry": { "type": "Polygon", "coordinates": [ [ [ 508770.0, 3498030.0 ], [ 508770.0, 3497940.0 ], [ 508950.0, 3497940.0 ], [ 508950.0, 3498030.0 ], [ 508770.0, 3498030.0 ] ] ] } },
{ "type": "Feature", "properties": { "area_km2": 0.0081 }, "geometry": { "type": "Polygon", "coordinates": [ [ [ 513810.0, 3498030.0 ], [ 513810.0, 3497940.0 ], [ 513900.0, 3497940.0 ], [ 513900.0, 3498030.0 ], [ 513810.0, 3498030.0 ] ] ] } },
{ "type": "Feature", "properties": { "area_km2": 0.324 }, "geometry": { "type": "Polygon", "coordinates": [ [ [ 510390.0, 3498570.0 ], [ 510390.0, 3498480.0 ], [ 510660.0, 3498480.0 ], [ 510660.0, 3498300.0 ], [ 510750.0, 3498300.0 ], [ 510750.0, 3498390.0 ], [ 511020.0, 3498390.0 ], [ 511020.0, 3498300.0 ], [ 511380.0, 3498300.0 ], [ 511380.0, 3498210.0 ], [ 511290.0, 3498210.0 ], [ 511290.0, 3498120.0 ], [ 511380.0, 3498120.0 ], [ 511380.0, 3498030.0 ], [ 511560.0, 3498030.0 ], [ 511560.0, 3497940.0 ], [ 511740.0, 3497940.0 ], [ 511740.0, 3497850.0 ], [ 511830.0, 3497850.0 ], [ 511830.0, 3497940.0 ], [ 511920.0, 3497940.0 ], [ 511920.0, 3497850.0 ], [ 512100.0, 3497850.0 ], [ 512100.0, 3498030.0 ], [ 511830.0, 3498030.0 ], [ 511830.0, 3498120.0 ], [ 511560.0, 3498120.0 ], [ 511560.0, 3498210.0 ], [ 511470.0, 3498210.0 ], [ 511470.0, 3498300.0 ], [ 511740.0, 3498300.0 ], [ 511740.0, 3498210.0 ], [ 511830.0, 3498210.0 ], [ 511830.0, 3498390.0 ], [ 511560.0, 3498390.0 ], [ 511560.0, 3498480.0 ], [ 511470.0, 3498480.0 ], [ 511470.0, 3498390.0 ], [ 511380.0, 3498390.0 ], [ 511380.0, 3498480.0 ], [ 511290.0, 3498480.0 ], [ 511290.0, 3498390.0 ], [ 511110.0, 3498390.0 ], [ 511110.0, 3498480.0 ], [ 510750.0, 3498480.0 ], [ 510750.0, 3498570.0 ], [ 510390.0, 3498570.0 ] ] ] } },
{ "type": "Feature", "properties": { "area_km2": 0.0405 }, "geometry": { "type": "Polygon", "coordinates": [ [ [ 510750.0, 3498030.0 ], [ 510750.0, 3497940.0 ], [ 510840.0, 3497940.0 ], [ 510840.0, 3497850.0 ], [ 510930.0, 3497850.0 ], [ 510930.0, 3497940.0 ], [ 511110.0, 3497940.0 ], [ 511110.0, 3498030.0 ], [ 510750.0, 3498030.0 ] ] ] } },
{ "type": "Feature", "properties": { "area_km2": 0.0081 }, "geometry": { "type": "Polygon", "coordinates": [ [ [ 509760.0, 3497940.0 ], [ 509760.0, 3497850.0 ], [ 509850.0, 3497850.0 ], [ 509850.0, 3497940.0 ], [ 509760.0, 3497940.0 ] ] ] } },
{ "type": "Feature", "properties": { "area_km2": 0.0081 }, "geometry": { "type": "Polygon", "coordinates": [ [ [ 510210.0, 3497940.0 ], [ 510210.0, 3497850.0 ], [ 510300.0, 3497850.0 ], [ 510300.0, 3497940.0 ], [ 510210.0, 3497940.0 ] ] ] } },
{ "type": "Feature", "properties": { "area_km2": 0.0081 }, "geometry": { "type": "Polygon", "coordinates": [ [ [ 506970.0, 3497850.0 ], [ 506970.0, 3497760.0 ], [ 507060.0, 3497760.0 ], [ 507060.0, 3497850.0 ], [ 506970.0, 3497850.0 ] ] ] } },
{ "type": "Feature", "properties": { "area_km2": 0.0081 }, "geometry": { "type": "Polygon", "coordinates": [ [ [ 510390.0, 3497850.0 ], [ 510390.0, 3497760.0 ], [ 510480.0, 3497760.0 ], [ 510480.0, 3497850.0 ], [ 510390.0, 3497850.0 ] ] ] } },
{ "type": "Feature", "properties": { "area_km2": 0.0081 }, "geometry": { "type": "Polygon", "coordinates": [ [ [ 511200.0, 3497850.0 ], [ 511200.0, 3497760.0 ], [ 511290.0, 3497760.0 ], [ 511290.0, 3497850.0 ], [ 511200.0, 3497850.0 ] ] ] } },
{ "type": "Feature", "properties": { "area_km2": 0.0162 }, "geometry": { "type": "Polygon", "coordinates": [ [ [ 511470.0, 3497850.0 ], [ 511470.0, 3497760.0 ], [ 511650.0, 3497760.0 ], [ 511650.0, 3497850.0 ], [ 511470.0, 3497850.0 ] ] ] } },
{ "type": "Feature", "properties": { "area_km2": 0.0081 }, "geometry": { "type": "Polygon", "coordinates": [ [ [ 505710.0, 3497760.0 ], [ 505710.0, 3497670.0 ], [ 505800.0, 3497670.0 ], [ 505800.0, 3497760.0 ], [ 505710.0, 3497760.0 ] ] ] } },
{ "type": "Feature", "properties": { "area_km2": 0.0081 }, "geometry": { "type": "Polygon", "coordinates": [ [ [ 506340.0, 3497760.0 ], [ 506340.0, 3497670.0 ], [ 506430.0, 3497670.0 ], [ 506430.0, 3497760.0 ], [ 506340.0, 3497760.0 ] ] ] } },
{ "type": "Feature", "properties": { "area_km2": 0.0162 }, "geometry": { "type": "Polygon", "coordinates": [ [ [ 506700.0, 3497760.0 ], [ 506700.0, 3497670.0 ], [ 506880.0, 3497670.0 ], [ 506880.0, 3497760.0 ], [ 506700.0, 3497760.0 ] ] ] } },
{ "type": "Feature", "properties": { "area_km2": 0.0324 }, "geometry": { "type": "Polygon", "coordinates": [ [ [ 511020.0, 3497850.0 ], [ 511020.0, 3497760.0 ], [ 510930.0, 3497760.0 ], [ 510930.0, 3497670.0 ], [ 511200.0, 3497670.0 ], [ 511200.0, 3497760.0 ], [ 511110.0, 3497760.0 ], [ 511110.0, 3497850.0 ], [ 511020.0, 3497850.0 ] ] ] } },
{ "type": "Feature", "properties": { "area_km2": 0.1296 }, "geometry": { "type": "Polygon", "coordinates": [ [ [ 509130.0, 3498120.0 ], [ 509130.0, 3497940.0 ], [ 509310.0, 3497940.0 ], [ 509310.0, 3497760.0 ], [ 509400.0, 3497760.0 ], [ 509400.0, 3497670.0 ], [ 509580.0, 3497670.0 ], [ 509580.0, 3497580.0 ], [ 509670.0, 3497580.0 ], [ 509670.0, 3497670.0 ], [ 509760.0, 3497670.0 ], [ 509760.0, 3497760.0 ], [ 509490.0, 3497760.0 ], [ 509490.0, 3497850.0 ], [ 509670.0, 3497850.0 ], [ 509670.0, 3497940.0 ], [ 509490.0, 3497940.0 ], [ 509490.0, 3498030.0 ], [ 509220.0, 3498030.0 ], [ 509220.0, 3498120.0 ], [ 509130.0, 3498120.0 ] ] ] } },
{ "type": "Feature", "properties": { "area_km2": 0.0081 }, "geometry": { "type": "Polygon", "coordinates": [ [ [ 506880.0, 3497670.0 ], [ 506880.0, 3497580.0 ], [ 506970.0, 3497580.0 ], [ 506970.0, 3497670.0 ], [ 506880.0, 3497670.0 ] ] ] } },
{ "type": "Feature", "properties": { "area_km2": 0.0081 }, "geometry": { "type": "Polygon", "coordinates": [ [ [ 512550.0, 3497670.0 ], [ 512550.0, 3497580.0 ], [ 512640.0, 3497580.0 ], [ 512640.0, 3497670.0 ], [ 512550.0, 3497670.0 ] ] ] } },
{ "type": "Feature", "properties": { "area_km2": 0.0324 }, "geometry": { "type": "Polygon", "coordinates": [ [ [ 513720.0, 3497760.0 ], [ 513720.0, 3497670.0 ], [ 513630.0, 3497670.0 ], [ 513630.0, 3497580.0 ], [ 513810.0, 3497580.0 ], [ 513810.0, 3497670.0 ], [ 513900.0, 3497670.0 ], [ 513900.0, 3497760.0 ], [ 513720.0, 3497760.0 ] ] ] } },
{ "type": "Feature", "properties": { "area_km2": 0.0891 }, "geometry": { "type": "Polygon", "coordinates": [ [ [ 508140.0, 3498030.0 ], [ 508140.0, 3497940.0 ], [ 507960.0, 3497940.0 ], [ 507960.0, 3497850.0 ], [ 507870.0, 3497850.0 ], [ 507870.0, 3497760.0 ], [ 507780.0, 3497760.0 ], [ 507780.0, 3497670.0 ], [ 507870.0, 3497670.0 ], [ 507870.0, 3497490.0 ], [ 507960.0, 3497490.0 ], [ 507960.0, 3497580.0 ], [ 508050.0, 3497580.0 ], [ 508050.0, 3497670.0 ], [ 507960.0, 3497670.0 ], [ 507960.0, 3497760.0 ], [ 508050.0, 3497760.0 ], [ 508050.0, 3497850.0 ], [ 508230.0, 3497850.0 ], [ 508230.0, 3498030.0 ], [ 508140.0, 3498030.0 ] ] ] } },
{ "type": "Feature", "properties": { "area_km2": 0.0243 }, "geometry": { "type": "Polygon", "coordinates": [ [ [ 514080.0, 3497760.0 ], [ 514080.0, 3497490.0 ], [ 514170.0, 3497490.0 ], [ 514170.0, 3497760.0 ], [ 514080.0, 3497760.0 ] ] ] } },
{ "type": "Feature", "properties": { "area_km2": 0.0486 }, "geometry": { "type": "Polygon", "coordinates": [ [ [ 509220.0, 3497760.0 ], [ 509220.0, 3497670.0 ], [ 509130.0, 3497670.0 ], [ 509130.0, 3497490.0 ], [ 509310.0, 3497490.0 ], [ 509310.0, 3497580.0 ], [ 509400.0, 3497580.0 ], [ 509400.0, 3497670.0 ], [ 509310.0, 3497670.0 ], [ 509310.0, 3497760.0 ], [ 509220.0, 3497760.0 ] ] ] } },
{ "type": "Feature", "properties": { "area_km2": 0.0162 }, "geometry": { "type": "Polygon", "coordinates": [ [ [ 513360.0, 3497670.0 ], [ 513360.0, 3497490.0 ], [ 513450.0, 3497490.0 ], [ 513450.0, 3497670.0 ], [ 513360.0, 3497670.0 ] ] ] } },
{ "type": "Feature", "properties": { "area_km2": 0.081 }, "geometry": { "type": "Polygon", "coordinates": [ [ [ 510480.0, 3497760.0 ], [ 510480.0, 3497580.0 ], [ 510300.0, 3497580.0 ], [ 510300.0, 3497490.0 ], [ 510750.0, 3497490.0 ], [ 510750.0, 3497670.0 ], [ 510660.0, 3497670.0 ], [ 510660.0, 3497760.0 ], [ 510480.0, 3497760.0 ] ] ] } },
{ "type": "Feature", "properties": { "area_km2": 0.0081 }, "geometry": { "type": "Polygon", "coordinates": [ [ [ 510840.0, 3497580.0 ], [ 510840.0, 3497490.0 ], [ 510930.0, 3497490.0 ], [ 510930.0, 3497580.0 ], [ 510840.0, 3497580.0 ] ] ] } },
{ "type": "Feature", "properties": { "area_km2": 0.0081 }, "geometry": { "type": "Polygon", "coordinates": [ [ [ 513540.0, 3497580.0 ], [ 513540.0, 3497490.0 ], [ 513630.0, 3497490.0 ], [ 513630.0, 3497580.0 ], [ 513540.0, 3497580.0 ] ] ] } },
{ "type": "Feature", "properties": { "area_km2": 0.0486 }, "geometry": { "type": "Polygon", "coordinates": [ [ [ 506430.0, 3497670.0 ], [ 506430.0, 3497580.0 ], [ 506340.0, 3497580.0 ], [ 506340.0, 3497490.0 ], [ 506430.0, 3497490.0 ], [ 506430.0, 3497400.0 ], [ 506610.0, 3497400.0 ], [ 506610.0, 3497580.0 ], [ 506520.0, 3497580.0 ], [ 506520.0, 3497670.0 ], [ 506430.0, 3497670.0 ] ] ] } },
{ "type": "Feature", "properties": { "area_km2": 0.0081 }, "geometry": { "type": "Polygon", "coordinates": [ [ [ 506880.0, 3497490.0 ], [ 506880.0, 3497400.0 ], [ 506970.0, 3497400.0 ], [ 506970.0, 3497490.0 ], [ 506880.0, 3497490.0 ] ] ] } },
{ "type": "Feature", "properties": { "area_km2": 0.0081 }, "geometry": { "type": "Polygon", "coordinates": [ [ [ 507060.0, 3497490.0 ], [ 507060.0, 3497400.0 ], [ 507150.0, 3497400.0 ], [ 507150.0, 3497490.0 ], [ 507060.0, 3497490.0 ] ] ] } },
{ "type": "Feature", "properties": { "area_km2": 0.1053 }, "geometry": { "type": "Polygon", "coordinates": [ [ [ 507240.0, 3497760.0 ], [ 507240.0, 3497670.0 ], [ 507330.0, 3497670.0 ], [ 507330.0, 3497490.0 ], [ 507240.0, 3497490.0 ], [ 507240.0, 3497400.0 ], [ 507420.0, 3497400.0 ], [ 507420.0, 3497490.0 ], [ 507510.0, 3497490.0 ], [ 507510.0, 3497580.0 ], [ 507690.0, 3497580.0 ], [ 507690.0, 3497760.0 ], [ 507240.0, 3497760.0 ] ] ] } },
{ "type": "Feature", "properties": { "area_km2": 0.0081 }, "geometry": { "type": "Polygon", "coordinates": [ [ [ 509400.0, 3497490.0 ], [ 509400.0, 3497400.0 ], [ 509490.0, 3497400.0 ], [ 509490.0, 3497490.0 ], [ 509400.0, 3497490.0 ] ] ] } },
{ "type": "Feature", "properties": { "area_km2": 0.0162 }, "geometry": { "type": "Polygon", "coordinates": [ [ [ 507510.0, 3497490.0 ], [ 507510.0, 3497310.0 ], [ 507600.0, 3497310.0 ], [ 507600.0, 3497490.0 ], [ 507510.0, 3497490.0 ] ] ] } },
{ "type": "Feature", "properties": { "area_km2": 0.0081 }, "geometry": { "type": "Polygon", "coordinates": [ [ [ 505710.0, 3497400.0 ], [ 505710.0, 3497310.0 ], [ 505800.0, 3497310.0 ], [ 505800.0, 3497400.0 ], [ 505710.0, 3497400.0 ] ] ] } },
{ "type": "Feature", "properties": { "area_km2": 0.0081 }, "geometry": { "type": "Polygon", "coordinates": [ [ [ 505980.0, 3497400.0 ], [ 505980.0, 3497310.0 ], [ 506070.0, 3497310.0 ], [ 506070.0, 3497400.0 ], [ 505980.0, 3497400.0 ] ] ] } },
{ "type": "Feature", "properties": { "area_km2": 0.0243 }, "geometry": { "type": "Polygon", "coordinates": [ [ [ 506250.0, 3497400.0 ], [ 506250.0, 3497310.0 ], [ 506340.0, 3497310.0 ], [ 506340.0, 3497220.0 ], [ 506430.0, 3497220.0 ], [ 506430.0, 3497400.0 ], [ 506250.0, 3497400.0 ] ] ] } },
{ "type": "Feature", "properties": { "area_km2": 0.0081 }, "geometry": { "type": "Polygon", "coordinates": [ [ [ 513810.0, 3497310.0 ], [ 513810.0, 3497220.0 ], [ 513900.0, 3497220.0 ], [ 513900.0, 3497310.0 ], [ 513810.0, 3497310.0 ] ] ] } },
{ "type": "Feature", "properties": { "area_km2": 0.0648 }, "geometry": { "type": "Polygon", "coordinates": [ [ [ 511020.0, 3497490.0 ], [ 511020.0, 3497400.0 ], [ 511200.0, 3497400.0 ], [ 511200.0, 3497220.0 ], [ 511290.0, 3497220.0 ], [ 511290.0, 3497130.0 ], [ 511470.0, 3497130.0 ], [ 511470.0, 3497220.0 ], [ 511380.0, 3497220.0 ], [ 511380.0, 3497310.0 ], [ 511290.0, 3497310.0 ], [ 511290.0, 3497490.0 ], [ 511020.0, 3497490.0 ] ] ] } },
{ "type": "Feature", "properties": { "area_km2": 0.0486 }, "geometry": { "type": "Polygon", "coordinates": [ [ [ 513450.0, 3497490.0 ], [ 513450.0, 3497130.0 ], [ 513540.0, 3497130.0 ], [ 513540.0, 3497220.0 ], [ 513630.0, 3497220.0 ], [ 513630.0, 3497400.0 ], [ 513540.0, 3497400.0 ], [ 513540.0, 3497490.0 ], [ 513450.0, 3497490.0 ] ] ] } },
{ "type": "Feature", "properties": { "area_km2": 0.0405 }, "geometry": { "type": "Polygon", "coordinates": [ [ [ 510390.0, 3497310.0 ], [ 510390.0, 3497220.0 ], [ 510570.0, 3497220.0 ], [ 510570.0, 3497130.0 ], [ 510660.0, 3497130.0 ], [ 510660.0, 3497220.0 ], [ 510750.0, 3497220.0 ], [ 510750.0, 3497310.0 ], [ 510390.0, 3497310.0 ] ] ] } },
{ "type": "Feature", "properties": { "area_km2": 0.0081 }, "geometry": { "type": "Polygon", "coordinates": [ [ [ 505800.0, 3497220.0 ], [ 505800.0, 3497130.0 ], [ 505890.0, 3497130.0 ], [ 505890.0, 3497220.0 ], [ 505800.0, 3497220.0 ] ] ] } },
{ "type": "Feature", "properties": { "area_km2": 0.0081 }, "geometry": { "type": "Polygon", "coordinates": [ [ [ 507060.0, 3497220.0 ], [ 507060.0, 3497130.0 ], [ 507150.0, 3497130.0 ], [ 507150.0, 3497220.0 ], [ 507060.0, 3497220.0 ] ] ] } },
{ "type": "Feature", "properties": { "area_km2": 0.0081 }, "geometry": { "type": "Polygon", "coordinates": [ [ [ 506160.0, 3497130.0 ], [ 506160.0, 3497040.0 ], [ 506250.0, 3497040.0 ], [ 506250.0, 3497130.0 ], [ 506160.0, 3497130.0 ] ] ] } },
{ "type": "Feature", "properties": { "area_km2": 0.0405 }, "geometry": { "type": "Polygon", "coordinates": [ [ [ 507690.0, 3497220.0 ], [ 507690.0, 3496950.0 ], [ 507870.0, 3496950.0 ], [ 507870.0, 3497130.0 ], [ 507780.0, 3497130.0 ], [ 507780.0, 3497220.0 ], [ 507690.0, 3497220.0 ] ] ] } },
{ "type": "Feature", "properties": { "area_km2": 0.3645 }, "geometry": { "type": "Polygon", "coordinates": [ [ [ 509940.0, 3497850.0 ], [ 509940.0, 3497760.0 ], [ 509850.0, 3497760.0 ], [ 509850.0, 3497670.0 ], [ 509760.0, 3497670.0 ], [ 509760.0, 3497580.0 ], [ 509940.0, 3497580.0 ], [ 509940.0, 3497490.0 ], [ 509580.0, 3497490.0 ], [ 509580.0, 3497310.0 ], [ 509670.0, 3497310.0 ], [ 509670.0, 3497220.0 ], [ 509310.0, 3497220.0 ], [ 509310.0, 3497130.0 ], [ 509400.0, 3497130.0 ], [ 509400.0, 3497040.0 ], [ 509490.0, 3497040.0 ], [ 509490.0, 3497130.0 ], [ 509580.0, 3497130.0 ], [ 509580.0, 3497040.0 ], [ 509850.0, 3497040.0 ], [ 509850.0, 3496950.0 ], [ 509940.0, 3496950.0 ], [ 509940.0, 3497040.0 ], [ 510030.0, 3497040.0 ], [ 510030.0, 3497310.0 ], [ 510390.0, 3497310.0 ], [ 510390.0, 3497400.0 ], [ 510120.0, 3497400.0 ], [ 510120.0, 3497490.0 ], [ 510210.0, 3497490.0 ], [ 510210.0, 3497580.0 ], [ 510300.0, 3497580.0 ], [ 510300.0, 3497760.0 ], [ 510210.0, 3497760.0 ], [ 510210.0, 3497670.0 ], [ 510030.0, 3497670.0 ], [ 510030.0, 3497760.0 ], [ 510120.0, 3497760.0 ], [ 510120.0, 3497850.0 ], [ 509940.0, 3497850.0 ] ], [ [ 509760.0, 3497310.0 ], [ 509940.0, 3497310.0 ], [ 509940.0, 3497220.0 ], [ 509850.0, 3497220.0 ], [ 509850.0, 3497130.0 ], [ 509760.0, 3497130.0 ], [ 509760.0, 3497310.0 ] ] ] } },
{ "type": "Feature", "properties": { "area_km2": 0.1053 }, "geometry": { "type": "Polygon", "coordinates": [ [ [ 510840.0, 3497310.0 ], [ 510840.0, 3497220.0 ], [ 510750.0, 3497220.0 ], [ 510750.0, 3497130.0 ], [ 510840.0, 3497130.0 ], [ 510840.0, 3497040.0 ], [ 511200.0, 3497040.0 ], [ 511200.0, 3496950.0 ], [ 511290.0, 3496950.0 ], [ 511290.0, 3497130.0 ], [ 511200.0, 3497130.0 ], [ 511200.0, 3497220.0 ], [ 511020.0, 3497220.0 ], [ 511020.0, 3497310.0 ], [ 510840.0, 3497310.0 ] ] ] } },
{ "type": "Feature", "properties": { "area_km2": 0.0243 }, "geometry": { "type": "Polygon", "coordinates": [ [ [ 513540.0, 3497130.0 ], [ 513540.0, 3497040.0 ], [ 513630.0, 3497040.0 ], [ 513630.0, 3496950.0 ], [ 513720.0, 3496950.0 ], [ 513720.0, 3497130.0 ], [ 513540.0, 3497130.0 ] ] ] } },
{ "type": "Feature", "properties": { "area_km2": 0.0081 }, "geometry": { "type": "Polygon", "coordinates": [ [ [ 509490.0, 3497040.0 ], [ 509490.0, 3496950.0 ], [ 509580.0, 3496950.0 ], [ 509580.0, 3497040.0 ], [ 509490.0, 3497040.0 ] ] ] } },
{ "type": "Feature", "properties": { "area_km2": 4.9086 }, "geometry": { "type": "Polygon", "coordinates": [ [ [ 510840.0, 3501540.0 ], [ 510840.0, 3501450.0 ], [ 510930.0, 3501450.0 ], [ 510930.0, 3501180.0 ], [ 510840.0, 3501180.0 ], [ 510840.0, 3501090.0 ], [ 510750.0, 3501090.0 ], [ 510750.0, 3500910.0 ], [ 510840.0, 3500910.0 ], [ 510840.0, 3500730.0 ], [ 510930.0, 3500730.0 ], [ 510930.0, 3500640.0 ], [ 510840.0, 3500640.0 ], [ 510840.0, 3500550.0 ], [ 510750.0, 3500550.0 ], [ 510750.0, 3500280.0 ], [ 511020.0, 3500280.0 ], [ 511020.0, 3500190.0 ], [ 510570.0, 3500190.0 ], [ 510570.0, 3500100.0 ], [ 510480.0, 3500100.0 ], [ 510480.0, 3500010.0 ], [ 510570.0, 3500010.0 ], [ 510570.0, 3499920.0 ], [ 510660.0, 3499920.0 ], [ 510660.0, 3499830.0 ], [ 510480.0, 3499830.0 ], [ 510480.0, 3499650.0 ], [ 510840.0, 3499650.0 ], [ 510840.0, 3499560.0 ], [ 511110.0, 3499560.0 ], [ 511110.0, 3499380.0 ], [ 511020.0, 3499380.0 ], [ 511020.0, 3499200.0 ], [ 511110.0, 3499200.0 ], [ 511110.0, 3499110.0 ], [ 511470.0, 3499110.0 ], [ 511470.0, 3499020.0 ], [ 511650.0, 3499020.0 ], [ 511650.0, 3499110.0 ], [ 511740.0, 3499110.0 ], [ 511740.0, 3499020.0 ], [ 512010.0, 3499020.0 ], [ 512010.0, 3498840.0 ], [ 511740.0, 3498840.0 ], [ 511740.0, 3498570.0 ], [ 511650.0, 3498570.0 ], [ 511650.0, 3498660.0 ], [ 511290.0, 3498660.0 ], [ 511290.0, 3498570.0 ], [ 511560.0, 3498570.0 ], [ 511560.0, 3498480.0 ], [ 511830.0, 3498480.0 ], [ 511830.0, 3498660.0 ], [ 512190.0, 3498660.0 ], [ 512190.0, 3498570.0 ], [ 512370.0, 3498570.0 ], [ 512370.0, 3498480.0 ], [ 512820.0, 3498480.0 ], [ 512820.0, 3498390.0 ], [ 512640.0, 3498390.0 ], [ 512640.0, 3498300.0 ], [ 512370.0, 3498300.0 ], [ 512370.0, 3498390.0 ], [ 512280.0, 3498390.0 ], [ 512280.0, 3498120.0 ], [ 512190.0, 3498120.0 ], [ 512190.0, 3497940.0 ], [ 512280.0, 3497940.0 ], [ 512280.0, 3497850.0 ], [ 512460.0, 3497850.0 ], [ 512460.0, 3497760.0 ], [ 512910.0, 3497760.0 ], [ 512910.0, 3497670.0 ], [ 513000.0, 3497670.0 ], [ 513000.0, 3497580.0 ], [ 512820.0, 3497580.0 ], [ 512820.0, 3497400.0 ], [ 512910.0, 3497400.0 ], [ 512910.0, 3497310.0 ], [ 512640.0, 3497310.0 ], [ 512640.0, 3497490.0 ], [ 512550.0, 3497490.0 ], [ 512550.0, 3497400.0 ], [ 512460.0, 3497400.0 ], [ 512460.0, 3497490.0 ], [ 512190.0, 3497490.0 ], [ 512190.0, 3497400.0 ], [ 512010.0, 3497400.0 ], [ 512010.0, 3497490.0 ], [ 511920.0, 3497490.0 ], [ 511920.0, 3497580.0 ], [ 512010.0, 3497580.0 ], [ 512010.0, 3497760.0 ], [ 511920.0, 3497760.0 ], [ 511920.0, 3497670.0 ], [ 511560.0, 3497670.0 ], [ 511560.0, 3497310.0 ], [ 511740.0, 3497310.0 ], [ 511740.0, 3497220.0 ], [ 511650.0, 3497220.0 ], [ 511650.0, 3497130.0 ], [ 511470.0, 3497130.0 ], [ 511470.0, 3497040.0 ], [ 511560.0, 3497040.0 ], [ 511560.0, 3496950.0 ], [ 511650.0, 3496950.0 ], [ 511650.0, 3497040.0 ], [ 511740.0, 3497040.0 ], [ 511740.0, 3496950.0 ], [ 512010.0, 3496950.0 ], [ 512010.0, 3497130.0 ], [ 511920.0, 3497130.0 ], [ 511920.0, 3497310.0 ], [ 512010.0, 3497310.0 ], [ 512010.0, 3497220.0 ], [ 512100.0, 3497220.0 ], [ 512100.0, 3497310.0 ], [ 512460.0, 3497310.0 ], [ 512460.0, 3497220.0 ], [ 512370.0, 3497220.0 ], [ 512370.0, 3497130.0 ], [ 512460.0, 3497130.0 ], [ 512460.0, 3497040.0 ], [ 512280.0, 3497040.0 ], [ 512280.0, 3496950.0 ], [ 512910.0, 3496950.0 ], [ 512910.0, 3497130.0 ], [ 513000.0, 3497130.0 ], [ 513000.0, 3497220.0 ], [ 513090.0, 3497220.0 ], [ 513090.0, 3497310.0 ], [ 513180.0, 3497310.0 ], [ 513180.0, 3497400.0 ], [ 513270.0, 3497400.0 ], [ 513270.0, 3497490.0 ], [ 513090.0, 3497490.0 ], [ 513090.0, 3497580.0 ], [ 513270.0, 3497580.0 ], [ 513270.0, 3497670.0 ], [ 513180.0, 3497670.0 ], [ 513180.0, 3497760.0 ], [ 513450.0, 3497760.0 ], [ 513450.0, 3497670.0 ], [ 513630.0, 3497670.0 ], [ 513630.0, 3497760.0 ], [ 513720.0, 3497760.0 ], [ 513720.0, 3497850.0 ], [ 513000.0, 3497850.0 ], [ 513000.0, 3497940.0 ], [ 513090.0, 3497940.0 ], [ 513090.0, 3498030.0 ], [ 513540.0, 3498030.0 ], [ 513540.0, 3497940.0 ], [ 513630.0, 3497940.0 ], [ 513630.0, 3498030.0 ], [ 513810.0, 3498030.0 ], [ 513810.0, 3498120.0 ], [ 513360.0, 3498120.0 ], [ 513360.0, 3498210.0 ], [ 513180.0, 3498210.0 ], [ 513180.0, 3498120.0 ], [ 513090.0, 3498120.0 ], [ 513090.0, 3498210.0 ], [ 512910.0, 3498210.0 ], [ 512910.0, 3498480.0 ], [ 513090.0, 3498480.0 ], [ 513090.0, 3498390.0 ], [ 513270.0, 3498390.0 ], [ 513270.0, 3498480.0 ], [ 513360.0, 3498480.0 ], [ 513360.0, 3498390.0 ], [ 513450.0, 3498390.0 ], [ 513450.0, 3498300.0 ], [ 513630.0, 3498300.0 ], [ 513630.0, 3498210.0 ], [ 513720.0, 3498210.0 ], [ 513720.0, 3498390.0 ], [ 513900.0, 3498390.0 ], [ 513900.0, 3498300.0 ], [ 513990.0, 3498300.0 ], [ 513990.0, 3498390.0 ], [ 514170.0, 3498390.0 ], [ 514170.0, 3498570.0 ], [ 513990.0, 3498570.0 ], [ 513990.0, 3498660.0 ], [ 513900.0, 3498660.0 ], [ 513900.0, 3498570.0 ], [ 513720.0, 3498570.0 ], [ 513720.0, 3498750.0 ], [ 513630.0, 3498750.0 ], [ 513630.0, 3499110.0 ], [ 513540.0, 3499110.0 ], [ 513540.0, 3499200.0 ], [ 513450.0, 3499200.0 ], [ 513450.0, 3499110.0 ], [ 513180.0, 3499110.0 ], [ 513180.0, 3499200.0 ], [ 513270.0, 3499200.0 ], [ 513270.0, 3499380.0 ], [ 513000.0, 3499380.0 ], [ 513000.0, 3499560.0 ], [ 512820.0, 3499560.0 ], [ 512820.0, 3499650.0 ], [ 512460.0, 3499650.0 ], [ 512460.0, 3499740.0 ], [ 512550.0, 3499740.0 ], [ 512550.0, 3499830.0 ], [ 512370.0, 3499830.0 ], [ 512370.0, 3499920.0 ], [ 512100.0, 3499920.0 ], [ 512100.0, 3499830.0 ], [ 512010.0, 3499830.0 ], [ 512010.0, 3500010.0 ], [ 512280.0, 3500010.0 ], [ 512280.0, 3500100.0 ], [ 512010.0, 3500100.0 ], [ 512010.0, 3500190.0 ], [ 511830.0, 3500190.0 ], [ 511830.0, 3500280.0 ], [ 511920.0, 3500280.0 ], [ 511920.0, 3500370.0 ], [ 511650.0, 3500370.0 ], [ 511650.0, 3500460.0 ], [ 511110.0, 3500460.0 ], [ 511110.0, 3500550.0 ], [ 511200.0, 3500550.0 ], [ 511200.0, 3500640.0 ], [ 511290.0, 3500640.0 ], [ 511290.0, 3500730.0 ], [ 511380.0, 3500730.0 ], [ 511380.0, 3500640.0 ], [ 511470.0, 3500640.0 ], [ 511470.0, 3500550.0 ], [ 511560.0, 3500550.0 ], [ 511560.0, 3500640.0 ], [ 511830.0, 3500640.0 ], [ 511830.0, 3500730.0 ], [ 511650.0, 3500730.0 ], [ 511650.0, 3500910.0 ], [ 511560.0, 3500910.0 ], [ 511560.0, 3501000.0 ], [ 511470.0, 3501000.0 ], [ 511470.0, 3501090.0 ], [ 511290.0, 3501090.0 ], [ 511290.0, 3501180.0 ], [ 511470.0, 3501180.0 ], [ 511470.0, 3501360.0 ], [ 511380.0, 3501360.0 ], [ 511380.0, 3501540.0 ], [ 511110.0, 3501540.0 ], [ 511110.0, 3501450.0 ], [ 511020.0, 3501450.0 ], [ 511020.0, 3501540.0 ], [ 510840.0, 3501540.0 ] ], [ [ 511290.0, 3501360.0 ], [ 511380.0, 3501360.0 ], [ 511380.0, 3501270.0 ], [ 511290.0, 3501270.0 ], [ 511290.0, 3501360.0 ] ], [ [ 511290.0, 3500910.0 ], [ 511470.0, 3500910.0 ], [ 511470.0, 3500820.0 ], [ 511290.0, 3500820.0 ], [ 511290.0, 3500910.0 ] ], [ [ 511110.0, 3500820.0 ], [ 511200.0, 3500820.0 ], [ 511200.0, 3500730.0 ], [ 511110.0, 3500730.0 ], [ 511110.0, 3500820.0 ] ], [ [ 511110.0, 3500370.0 ], [ 511200.0, 3500370.0 ], [ 511200.0, 3500280.0 ], [ 511110.0, 3500280.0 ], [ 511110.0, 3500370.0 ] ], [ [ 511560.0, 3500280.0 ], [ 511650.0, 3500280.0 ], [ 511650.0, 3500190.0 ], [ 511560.0, 3500190.0 ], [ 511560.0, 3500280.0 ] ], [ [ 511020.0, 3500190.0 ], [ 511110.0, 3500190.0 ], [ 511110.0, 3500100.0 ], [ 511200.0, 3500100.0 ], [ 511200.0, 3500190.0 ], [ 511290.0, 3500190.0 ], [ 511290.0, 3499920.0 ], [ 511200.0, 3499920.0 ], [ 511200.0, 3500010.0 ], [ 511020.0, 3500010.0 ], [ 511020.0, 3500190.0 ] ], [ [ 511650.0, 3500100.0 ], [ 511830.0, 3500100.0 ], [ 511830.0, 3499920.0 ], [ 511740.0, 3499920.0 ], [ 511740.0, 3500010.0 ], [ 511650.0, 3500010.0 ], [ 511650.0, 3500100.0 ] ], [ [ 511380.0, 3500010.0 ], [ 511470.0, 3500010.0 ], [ 511470.0, 3499920.0 ], [ 511380.0, 3499920.0 ], [ 511380.0, 3500010.0 ] ], [ [ 511110.0, 3499920.0 ], [ 511200.0, 3499920.0 ], [ 511200.0, 3499830.0 ], [ 511110.0, 3499830.0 ], [ 511110.0, 3499920.0 ] ], [ [ 511560.0, 3499920.0 ], [ 511650.0, 3499920.0 ], [ 511650.0, 3499830.0 ], [ 511560.0, 3499830.0 ], [ 511560.0, 3499920.0 ] ], [ [ 511740.0, 3499830.0 ], [ 511830.0, 3499830.0 ], [ 511830.0, 3499560.0 ], [ 511560.0, 3499560.0 ], [ 511560.0, 3499740.0 ], [ 511650.0, 3499740.0 ], [ 511650.0, 3499650.0 ], [ 511740.0, 3499650.0 ], [ 511740.0, 3499830.0 ] ], [ [ 512100.0, 3499830.0 ], [ 512190.0, 3499830.0 ], [ 512190.0, 3499740.0 ], [ 512100.0, 3499740.0 ], [ 512100.0, 3499830.0 ] ], [ [ 512190.0, 3499650.0 ], [ 512370.0, 3499650.0 ], [ 512370.0, 3499470.0 ], [ 512280.0, 3499470.0 ], [ 512280.0, 3499560.0 ], [ 512190.0, 3499560.0 ], [ 512190.0, 3499650.0 ] ], [ [ 512550.0, 3499560.0 ], [ 512640.0, 3499560.0 ], [ 512640.0, 3499470.0 ], [ 512550.0, 3499470.0 ], [ 512550.0, 3499560.0 ] ], [ [ 512730.0, 3499560.0 ], [ 512820.0, 3499560.0 ], [ 512820.0, 3499470.0 ], [ 512730.0, 3499470.0 ], [ 512730.0, 3499560.0 ] ], [ [ 511380.0, 3499470.0 ], [ 511470.0, 3499470.0 ], [ 511470.0, 3499380.0 ], [ 511380.0, 3499380.0 ], [ 511380.0, 3499470.0 ] ], [ [ 512370.0, 3499470.0 ], [ 512460.0, 3499470.0 ], [ 512460.0, 3499380.0 ], [ 512370.0, 3499380.0 ], [ 512370.0, 3499470.0 ] ], [ [ 511200.0, 3499380.0 ], [ 511290.0, 3499380.0 ], [ 511290.0, 3499200.0 ], [ 511110.0, 3499200.0 ], [ 511110.0, 3499290.0 ], [ 511200.0, 3499290.0 ], [ 511200.0, 3499380.0 ] ], [ [ 511560.0, 3499380.0 ], [ 511740.0, 3499380.0 ], [ 511740.0, 3499200.0 ], [ 511650.0, 3499200.0 ], [ 511650.0, 3499110.0 ], [ 511560.0, 3499110.0 ], [ 511560.0, 3499200.0 ], [ 511470.0, 3499200.0 ], [ 511470.0, 3499290.0 ], [ 511560.0, 3499290.0 ], [ 511560.0, 3499380.0 ] ], [ [ 511920.0, 3499380.0 ], [ 512100.0, 3499380.0 ], [ 512100.0, 3499290.0 ], [ 511920.0, 3499290.0 ], [ 511920.0, 3499380.0 ] ], [ [ 512550.0, 3499290.0 ], [ 512820.0, 3499290.0 ], [ 512820.0, 3499200.0 ], [ 512730.0, 3499200.0 ], [ 512730.0, 3499020.0 ], [ 512640.0, 3499020.0 ], [ 512640.0, 3499200.0 ], [ 512550.0, 3499200.0 ], [ 512550.0, 3499290.0 ] ], [ [ 513000.0, 3499290.0 ], [ 513180.0, 3499290.0 ], [ 513180.0, 3499200.0 ], [ 513090.0, 3499200.0 ], [ 513090.0, 3499110.0 ], [ 513000.0, 3499110.0 ], [ 513000.0, 3499020.0 ], [ 512910.0, 3499020.0 ], [ 512910.0, 3499200.0 ], [ 513000.0, 3499200.0 ], [ 513000.0, 3499290.0 ] ], [ [ 511920.0, 3499200.0 ], [ 512100.0, 3499200.0 ], [ 512100.0, 3499110.0 ], [ 511920.0, 3499110.0 ], [ 511920.0, 3499200.0 ] ], [ [ 512190.0, 3499200.0 ], [ 512370.0, 3499200.0 ], [ 512370.0, 3499110.0 ], [ 512280.0, 3499110.0 ], [ 512280.0, 3499020.0 ], [ 512100.0, 3499020.0 ], [ 512100.0, 3499110.0 ], [ 512190.0, 3499110.0 ], [ 512190.0, 3499200.0 ] ], [ [ 512370.0, 3499110.0 ], [ 512460.0, 3499110.0 ], [ 512460.0, 3499020.0 ], [ 512550.0, 3499020.0 ], [ 512550.0, 3498930.0 ], [ 512640.0, 3498930.0 ], [ 512640.0, 3498840.0 ], [ 512460.0, 3498840.0 ], [ 512460.0, 3498750.0 ], [ 512370.0, 3498750.0 ], [ 512370.0, 3499110.0 ] ], [ [ 512730.0, 3499020.0 ], [ 512910.0, 3499020.0 ], [ 512910.0, 3498930.0 ], [ 512730.0, 3498930.0 ], [ 512730.0, 3499020.0 ] ], [ [ 512100.0, 3498930.0 ], [ 512280.0, 3498930.0 ], [ 512280.0, 3498840.0 ], [ 512100.0, 3498840.0 ], [ 512100.0, 3498930.0 ] ], [ [ 513180.0, 3498930.0 ], [ 513540.0, 3498930.0 ], [ 513540.0, 3498840.0 ], [ 513180.0, 3498840.0 ], [ 513180.0, 3498930.0 ] ], [ [ 512010.0, 3498840.0 ], [ 512100.0, 3498840.0 ], [ 512100.0, 3498750.0 ], [ 512010.0, 3498750.0 ], [ 512010.0, 3498840.0 ] ], [ [ 512640.0, 3498840.0 ], [ 512820.0, 3498840.0 ], [ 512820.0, 3498750.0 ], [ 512640.0, 3498750.0 ], [ 512640.0, 3498840.0 ] ], [ [ 513000.0, 3498840.0 ], [ 513090.0, 3498840.0 ], [ 513090.0, 3498750.0 ], [ 513000.0, 3498750.0 ], [ 513000.0, 3498840.0 ] ], [ [ 512190.0, 3498750.0 ], [ 512280.0, 3498750.0 ], [ 512280.0, 3498660.0 ], [ 512190.0, 3498660.0 ], [ 512190.0, 3498750.0 ] ], [ [ 513090.0, 3498570.0 ], [ 513180.0, 3498570.0 ], [ 513180.0, 3498480.0 ], [ 513090.0, 3498480.0 ], [ 513090.0, 3498570.0 ] ], [ [ 512460.0, 3498030.0 ], [ 512640.0, 3498030.0 ], [ 512640.0, 3497940.0 ], [ 512460.0, 3497940.0 ], [ 512460.0, 3498030.0 ] ], [ [ 512820.0, 3498030.0 ], [ 513000.0, 3498030.0 ], [ 513000.0, 3497940.0 ], [ 512820.0, 3497940.0 ], [ 512820.0, 3498030.0 ] ], [ [ 511740.0, 3497580.0 ], [ 511830.0, 3497580.0 ], [ 511830.0, 3497400.0 ], [ 511740.0, 3497400.0 ], [ 511740.0, 3497580.0 ] ], [ [ 511740.0, 3497220.0 ], [ 511830.0, 3497220.0 ], [ 511830.0, 3497130.0 ], [ 511740.0, 3497130.0 ], [ 511740.0, 3497220.0 ] ], [ [ 512820.0, 3497220.0 ], [ 512910.0, 3497220.0 ], [ 512910.0, 3497130.0 ], [ 512820.0, 3497130.0 ], [ 512820.0, 3497220.0 ] ], [ [ 512730.0, 3497130.0 ], [ 512820.0, 3497130.0 ], [ 512820.0, 3497040.0 ], [ 512730.0, 3497040.0 ], [ 512730.0, 3497130.0 ] ] ] } },
{ "type": "Feature", "properties": { "area_km2": 0.1215 }, "geometry": { "type": "Polygon", "coordinates": [ [ [ 507240.0, 3497220.0 ], [ 507240.0, 3497130.0 ], [ 507150.0, 3497130.0 ], [ 507150.0, 3497040.0 ], [ 506970.0, 3497040.0 ], [ 506970.0, 3496950.0 ], [ 507060.0, 3496950.0 ], [ 507060.0, 3496860.0 ], [ 507240.0, 3496860.0 ], [ 507240.0, 3496950.0 ], [ 507330.0, 3496950.0 ], [ 507330.0, 3497040.0 ], [ 507420.0, 3497040.0 ], [ 507420.0, 3496950.0 ], [ 507510.0, 3496950.0 ], [ 507510.0, 3496860.0 ], [ 507600.0, 3496860.0 ], [ 507600.0, 3497040.0 ], [ 507510.0, 3497040.0 ], [ 507510.0, 3497130.0 ], [ 507420.0, 3497130.0 ], [ 507420.0, 3497220.0 ], [ 507240.0, 3497220.0 ] ] ] } },
{ "type": "Feature", "properties": { "area_km2": 0.0567 }, "geometry": { "type": "Polygon", "coordinates": [ [ [ 507960.0, 3497040.0 ], [ 507960.0, 3496950.0 ], [ 508050.0, 3496950.0 ], [ 508050.0, 3496860.0 ], [ 508320.0, 3496860.0 ], [ 508320.0, 3497040.0 ], [ 507960.0, 3497040.0 ] ] ] } },
{ "type": "Feature", "properties": { "area_km2": 0.567 }, "geometry": { "type": "Polygon", "coordinates": [ [ [ 508500.0, 3498210.0 ], [ 508500.0, 3497940.0 ], [ 508410.0, 3497940.0 ], [ 508410.0, 3497850.0 ], [ 508230.0, 3497850.0 ], [ 508230.0, 3497760.0 ], [ 508590.0, 3497760.0 ], [ 508590.0, 3497670.0 ], [ 508770.0, 3497670.0 ], [ 508770.0, 3497580.0 ], [ 508950.0, 3497580.0 ], [ 508950.0, 3497400.0 ], [ 508860.0, 3497400.0 ], [ 508860.0, 3497310.0 ], [ 508320.0, 3497310.0 ], [ 508320.0, 3497490.0 ], [ 508410.0, 3497490.0 ], [ 508410.0, 3497580.0 ], [ 508230.0, 3497580.0 ], [ 508230.0, 3497670.0 ], [ 508140.0, 3497670.0 ], [ 508140.0, 3497490.0 ], [ 508230.0, 3497490.0 ], [ 508230.0, 3497400.0 ], [ 508050.0, 3497400.0 ], [ 508050.0, 3497490.0 ], [ 507960.0, 3497490.0 ], [ 507960.0, 3497130.0 ], [ 508590.0, 3497130.0 ], [ 508590.0, 3497040.0 ], [ 508500.0, 3497040.0 ], [ 508500.0, 3496860.0 ], [ 508590.0, 3496860.0 ], [ 508590.0, 3496950.0 ], [ 508680.0, 3496950.0 ], [ 508680.0, 3497040.0 ], [ 509130.0, 3497040.0 ], [ 509130.0, 3497130.0 ], [ 508950.0, 3497130.0 ], [ 508950.0, 3497310.0 ], [ 509040.0, 3497310.0 ], [ 509040.0, 3497670.0 ], [ 509130.0, 3497670.0 ], [ 509130.0, 3497850.0 ], [ 508770.0, 3497850.0 ], [ 508770.0, 3497940.0 ], [ 508590.0, 3497940.0 ], [ 508590.0, 3498210.0 ], [ 508500.0, 3498210.0 ] ], [ [ 508050.0, 3497310.0 ], [ 508140.0, 3497310.0 ], [ 508140.0, 3497220.0 ], [ 508050.0, 3497220.0 ], [ 508050.0, 3497310.0 ] ] ] } },
{ "type": "Feature", "properties": { "area_km2": 0.0243 }, "geometry": { "type": "Polygon", "coordinates": [ [ [ 509940.0, 3496950.0 ], [ 509940.0, 3496860.0 ], [ 510210.0, 3496860.0 ], [ 510210.0, 3496950.0 ], [ 509940.0, 3496950.0 ] ] ] } },
{ "type": "Feature", "properties": { "area_km2": 0.1134 }, "geometry": { "type": "Polygon", "coordinates": [ [ [ 510480.0, 3497130.0 ], [ 510480.0, 3497040.0 ], [ 510300.0, 3497040.0 ], [ 510300.0, 3496950.0 ], [ 510390.0, 3496950.0 ], [ 510390.0, 3496860.0 ], [ 510840.0, 3496860.0 ], [ 510840.0, 3496770.0 ], [ 510930.0, 3496770.0 ], [ 510930.0, 3496860.0 ], [ 511020.0, 3496860.0 ], [ 511020.0, 3496950.0 ], [ 510750.0, 3496950.0 ], [ 510750.0, 3497040.0 ], [ 510570.0, 3497040.0 ], [ 510570.0, 3497130.0 ], [ 510480.0, 3497130.0 ] ] ] } },
{ "type": "Feature", "properties": { "area_km2": 0.0081 }, "geometry": { "type": "Polygon", "coordinates": [ [ [ 511740.0, 3496860.0 ], [ 511740.0, 3496770.0 ], [ 511830.0, 3496770.0 ], [ 511830.0, 3496860.0 ], [ 511740.0, 3496860.0 ] ] ] } },
{ "type": "Feature", "properties": { "area_km2": 0.0243 }, "geometry": { "type": "Polygon", "coordinates": [ [ [ 506880.0, 3496860.0 ], [ 506880.0, 3496680.0 ], [ 507060.0, 3496680.0 ], [ 507060.0, 3496770.0 ], [ 506970.0, 3496770.0 ], [ 506970.0, 3496860.0 ], [ 506880.0, 3496860.0 ] ] ] } },
{ "type": "Feature", "properties": { "area_km2": 0.1296 }, "geometry": { "type": "Polygon", "coordinates": [ [ [ 513270.0, 3497130.0 ], [ 513270.0, 3497040.0 ], [ 513360.0, 3497040.0 ], [ 513360.0, 3496860.0 ], [ 513090.0, 3496860.0 ], [ 513090.0, 3496680.0 ], [ 513450.0, 3496680.0 ], [ 513450.0, 3496770.0 ], [ 513630.0, 3496770.0 ], [ 513630.0, 3496860.0 ], [ 513540.0, 3496860.0 ], [ 513540.0, 3497040.0 ], [ 513450.0, 3497040.0 ], [ 513450.0, 3497130.0 ], [ 513270.0, 3497130.0 ] ] ] } },
{ "type": "Feature", "properties": { "area_km2": 0.0081 }, "geometry": { "type": "Polygon", "coordinates": [ [ [ 510300.0, 3496770.0 ], [ 510300.0, 3496680.0 ], [ 510390.0, 3496680.0 ], [ 510390.0, 3496770.0 ], [ 510300.0, 3496770.0 ] ] ] } },
{ "type": "Feature", "properties": { "area_km2": 0.0081 }, "geometry": { "type": "Polygon", "coordinates": [ [ [ 512100.0, 3496770.0 ], [ 512100.0, 3496680.0 ], [ 512190.0, 3496680.0 ], [ 512190.0, 3496770.0 ], [ 512100.0, 3496770.0 ] ] ] } },
{ "type": "Feature", "properties": { "area_km2": 0.0081 }, "geometry": { "type": "Polygon", "coordinates": [ [ [ 513630.0, 3496770.0 ], [ 513630.0, 3496680.0 ], [ 513720.0, 3496680.0 ], [ 513720.0, 3496770.0 ], [ 513630.0, 3496770.0 ] ] ] } },
{ "type": "Feature", "properties": { "area_km2": 0.0081 }, "geometry": { "type": "Polygon", "coordinates": [ [ [ 513810.0, 3496770.0 ], [ 513810.0, 3496680.0 ], [ 513900.0, 3496680.0 ], [ 513900.0, 3496770.0 ], [ 513810.0, 3496770.0 ] ] ] } },
{ "type": "Feature", "properties": { "area_km2": 0.0729 }, "geometry": { "type": "Polygon", "coordinates": [ [ [ 507240.0, 3496770.0 ], [ 507240.0, 3496590.0 ], [ 507420.0, 3496590.0 ], [ 507420.0, 3496680.0 ], [ 507510.0, 3496680.0 ], [ 507510.0, 3496590.0 ], [ 507780.0, 3496590.0 ], [ 507780.0, 3496680.0 ], [ 507600.0, 3496680.0 ], [ 507600.0, 3496770.0 ], [ 507240.0, 3496770.0 ] ] ] } },
{ "type": "Feature", "properties": { "area_km2": 0.0081 }, "geometry": { "type": "Polygon", "coordinates": [ [ [ 512910.0, 3496680.0 ], [ 512910.0, 3496590.0 ], [ 513000.0, 3496590.0 ], [ 513000.0, 3496680.0 ], [ 512910.0, 3496680.0 ] ] ] } },
{ "type": "Feature", "properties": { "area_km2": 0.0324 }, "geometry": { "type": "Polygon", "coordinates": [ [ [ 510660.0, 3496680.0 ], [ 510660.0, 3496500.0 ], [ 510840.0, 3496500.0 ], [ 510840.0, 3496680.0 ], [ 510660.0, 3496680.0 ] ] ] } },
{ "type": "Feature", "properties": { "area_km2": 0.0243 }, "geometry": { "type": "Polygon", "coordinates": [ [ [ 507960.0, 3496590.0 ], [ 507960.0, 3496500.0 ], [ 508230.0, 3496500.0 ], [ 508230.0, 3496590.0 ], [ 507960.0, 3496590.0 ] ] ] } },
{ "type": "Feature", "properties": { "area_km2": 0.0081 }, "geometry": { "type": "Polygon", "coordinates": [ [ [ 513000.0, 3496590.0 ], [ 513000.0, 3496500.0 ], [ 513090.0, 3496500.0 ], [ 513090.0, 3496590.0 ], [ 513000.0, 3496590.0 ] ] ] } },
{ "type": "Feature", "properties": { "area_km2": 0.0081 }, "geometry": { "type": "Polygon", "coordinates": [ [ [ 507240.0, 3496500.0 ], [ 507240.0, 3496410.0 ], [ 507330.0, 3496410.0 ], [ 507330.0, 3496500.0 ], [ 507240.0, 3496500.0 ] ] ] } },
{ "type": "Feature", "properties": { "area_km2": 0.0081 }, "geometry": { "type": "Polygon", "coordinates": [ [ [ 507420.0, 3496500.0 ], [ 507420.0, 3496410.0 ], [ 507510.0, 3496410.0 ], [ 507510.0, 3496500.0 ], [ 507420.0, 3496500.0 ] ] ] } },
{ "type": "Feature", "properties": { "area_km2": 0.0081 }, "geometry": { "type": "Polygon", "coordinates": [ [ [ 507420.0, 3496320.0 ], [ 507420.0, 3496230.0 ], [ 507510.0, 3496230.0 ], [ 507510.0, 3496320.0 ], [ 507420.0, 3496320.0 ] ] ] } },
{ "type": "Feature", "properties": { "area_km2": 0.0081 }, "geometry": { "type": "Polygon", "coordinates": [ [ [ 508860.0, 3496320.0 ], [ 508860.0, 3496230.0 ], [ 508950.0, 3496230.0 ], [ 508950.0, 3496320.0 ], [ 508860.0, 3496320.0 ] ] ] } },
{ "type": "Feature", "properties": { "area_km2": 0.0081 }, "geometry": { "type": "Polygon", "coordinates": [ [ [ 509580.0, 3496320.0 ], [ 509580.0, 3496230.0 ], [ 509670.0, 3496230.0 ], [ 509670.0, 3496320.0 ], [ 509580.0, 3496320.0 ] ] ] } },
{ "type": "Feature", "properties": { "area_km2": 0.2592 }, "geometry": { "type": "Polygon", "coordinates": [ [ [ 505710.0, 3496770.0 ], [ 505710.0, 3496590.0 ], [ 505620.0, 3496590.0 ], [ 505620.0, 3496410.0 ], [ 505710.0, 3496410.0 ], [ 505710.0, 3496320.0 ], [ 505890.0, 3496320.0 ], [ 505890.0, 3496140.0 ], [ 505980.0, 3496140.0 ], [ 505980.0, 3496320.0 ], [ 506430.0, 3496320.0 ], [ 506430.0, 3496230.0 ], [ 506520.0, 3496230.0 ], [ 506520.0, 3496500.0 ], [ 506250.0, 3496500.0 ], [ 506250.0, 3496590.0 ], [ 506160.0, 3496590.0 ], [ 506160.0, 3496680.0 ], [ 505980.0, 3496680.0 ], [ 505980.0, 3496500.0 ], [ 505890.0, 3496500.0 ], [ 505890.0, 3496590.0 ], [ 505800.0, 3496590.0 ], [ 505800.0, 3496770.0 ], [ 505710.0, 3496770.0 ] ] ] } },
{ "type": "Feature", "properties": { "area_km2": 0.2106 }, "geometry": { "type": "Polygon", "coordinates": [ [ [ 506610.0, 3496590.0 ], [ 506610.0, 3496320.0 ], [ 506700.0, 3496320.0 ], [ 506700.0, 3496230.0 ], [ 506880.0, 3496230.0 ], [ 506880.0, 3496140.0 ], [ 507330.0, 3496140.0 ], [ 507330.0, 3496320.0 ], [ 507150.0, 3496320.0 ], [ 507150.0, 3496410.0 ], [ 507060.0, 3496410.0 ], [ 507060.0, 3496590.0 ], [ 506970.0, 3496590.0 ], [ 506970.0, 3496500.0 ], [ 506880.0, 3496500.0 ], [ 506880.0, 3496590.0 ], [ 506790.0, 3496590.0 ], [ 506790.0, 3496500.0 ], [ 506700.0, 3496500.0 ], [ 506700.0, 3496590.0 ], [ 506610.0, 3496590.0 ] ] ] } },
{ "type": "Feature", "properties": { "area_km2": 0.1377 }, "geometry": { "type": "Polygon", "coordinates": [ [ [ 513450.0, 3496680.0 ], [ 513450.0, 3496590.0 ], [ 513180.0, 3496590.0 ], [ 513180.0, 3496500.0 ], [ 513270.0, 3496500.0 ], [ 513270.0, 3496410.0 ], [ 513360.0, 3496410.0 ], [ 513360.0, 3496140.0 ], [ 513720.0, 3496140.0 ], [ 513720.0, 3496230.0 ], [ 513540.0, 3496230.0 ], [ 513540.0, 3496590.0 ], [ 513630.0, 3496590.0 ], [ 513630.0, 3496680.0 ], [ 513450.0, 3496680.0 ] ] ] } },
{ "type": "Feature", "properties": { "area_km2": 0.0162 }, "geometry": { "type": "Polygon", "coordinates": [ [ [ 505620.0, 3496320.0 ], [ 505620.0, 3496140.0 ], [ 505710.0, 3496140.0 ], [ 505710.0, 3496320.0 ], [ 505620.0, 3496320.0 ] ] ] } },
{ "type": "Feature", "properties": { "area_km2": 0.6399 }, "geometry": { "type": "Polygon", "coordinates": [ [ [ 511290.0, 3496950.0 ], [ 511290.0, 3496860.0 ], [ 511380.0, 3496860.0 ], [ 511380.0, 3496590.0 ], [ 511200.0, 3496590.0 ], [ 511200.0, 3496680.0 ], [ 511110.0, 3496680.0 ], [ 511110.0, 3496770.0 ], [ 510930.0, 3496770.0 ], [ 510930.0, 3496590.0 ], [ 511020.0, 3496590.0 ], [ 511020.0, 3496410.0 ], [ 510750.0, 3496410.0 ], [ 510750.0, 3496320.0 ], [ 510840.0, 3496320.0 ], [ 510840.0, 3496230.0 ], [ 510930.0, 3496230.0 ], [ 510930.0, 3496320.0 ], [ 511290.0, 3496320.0 ], [ 511290.0, 3496410.0 ], [ 511200.0, 3496410.0 ], [ 511200.0, 3496500.0 ], [ 511470.0, 3496500.0 ], [ 511470.0, 3496410.0 ], [ 511560.0, 3496410.0 ], [ 511560.0, 3496500.0 ], [ 511830.0, 3496500.0 ], [ 511830.0, 3496410.0 ], [ 511920.0, 3496410.0 ], [ 511920.0, 3496320.0 ], [ 511650.0, 3496320.0 ], [ 511650.0, 3496140.0 ], [ 511830.0, 3496140.0 ], [ 511830.0, 3496230.0 ], [ 511920.0, 3496230.0 ], [ 511920.0, 3496140.0 ], [ 512910.0, 3496140.0 ], [ 512910.0, 3496230.0 ], [ 512820.0, 3496230.0 ], [ 512820.0, 3496320.0 ], [ 512550.0, 3496320.0 ], [ 512550.0, 3496410.0 ], [ 512280.0, 3496410.0 ], [ 512280.0, 3496590.0 ], [ 512100.0, 3496590.0 ], [ 512100.0, 3496680.0 ], [ 512010.0, 3496680.0 ], [ 512010.0, 3496860.0 ], [ 511920.0, 3496860.0 ], [ 511920.0, 3496680.0 ], [ 511740.0, 3496680.0 ], [ 511740.0, 3496770.0 ], [ 511650.0, 3496770.0 ], [ 511650.0, 3496590.0 ], [ 511470.0, 3496590.0 ], [ 511470.0, 3496950.0 ], [ 511290.0, 3496950.0 ] ], [ [ 512100.0, 3496500.0 ], [ 512190.0, 3496500.0 ], [ 512190.0, 3496410.0 ], [ 512100.0, 3496410.0 ], [ 512100.0, 3496500.0 ] ] ] } },
{ "type": "Feature", "properties": { "area_km2": 0.0162 }, "geometry": { "type": "Polygon", "coordinates": [ [ [ 506070.0, 3496230.0 ], [ 506070.0, 3496140.0 ], [ 506250.0, 3496140.0 ], [ 506250.0, 3496230.0 ], [ 506070.0, 3496230.0 ] ] ] } },
{ "type": "Feature", "properties": { "area_km2": 0.0081 }, "geometry": { "type": "Polygon", "coordinates": [ [ [ 506340.0, 3496230.0 ], [ 506340.0, 3496140.0 ], [ 506430.0, 3496140.0 ], [ 506430.0, 3496230.0 ], [ 506340.0, 3496230.0 ] ] ] } },
{ "type": "Feature", "properties": { "area_km2": 0.1296 }, "geometry": { "type": "Polygon", "coordinates": [ [ [ 507690.0, 3496410.0 ], [ 507690.0, 3496320.0 ], [ 507600.0, 3496320.0 ], [ 507600.0, 3496230.0 ], [ 507510.0, 3496230.0 ], [ 507510.0, 3496140.0 ], [ 508320.0, 3496140.0 ], [ 508320.0, 3496320.0 ], [ 508230.0, 3496320.0 ], [ 508230.0, 3496230.0 ], [ 508050.0, 3496230.0 ], [ 508050.0, 3496410.0 ], [ 507870.0, 3496410.0 ], [ 507870.0, 3496320.0 ], [ 507960.0, 3496320.0 ], [ 507960.0, 3496230.0 ], [ 507780.0, 3496230.0 ], [ 507780.0, 3496410.0 ], [ 507690.0, 3496410.0 ] ] ] } },
{ "type": "Feature", "properties": { "area_km2": 0.0243 }, "geometry": { "type": "Polygon", "coordinates": [ [ [ 513090.0, 3496320.0 ], [ 513090.0, 3496230.0 ], [ 513000.0, 3496230.0 ], [ 513000.0, 3496140.0 ], [ 513180.0, 3496140.0 ], [ 513180.0, 3496320.0 ], [ 513090.0, 3496320.0 ] ] ] } }
]
}
