{
  "type": "FeatureCollection",
  "features": [
    {
      "type": "Feature",
      "id": 63853,
      "geometry": {
        "type": "LineString",
        "coordinates": [
          [
            -111.94723891562218,
            40.69563062185829
          ],
          [
            -111.94789505319054,
            40.69637449829502
          ],
          [
            -111.94825340193717,
            40.6968894907289
          ],
          [
            -111.94866564241431,
            40.697438927703374
          ],
          [
            -111.94918455244155,
            40.69824391674869
          ],
          [
            -111.94982513478244,
            40.69913612668934
          ],
          [
            -111.95019904055314,
            40.69967445224206
          ],
          [
            -111.95090129133999,
            40.700582217675986
          ],
          [
            -111.95151131568984,
            40.70136053979861
          ],
          [
            -111.95246524567322,
            40.7028366309117
          ],
          [
            -111.95301471369149,
            40.7036760626783
          ],
          [
            -111.95335028295914,
            40.70408772413115
          ],
          [
            -111.95368585492172,
            40.70493493477856
          ],
          [
            -111.9542503283985,
            40.706186030122836
          ],
          [
            -111.95447923260762,
            40.707128240213216
          ],
          [
            -111.9547309153974,
            40.70843655881109
          ],
          [
            -111.95470814310495,
            40.70903543976486
          ],
          [
            -111.95467037882871,
            40.71061097826731
          ],
          [
            -111.95467760487686,
            40.711240414734256
          ],
          [
            -111.95469316459588,
            40.71173596626143
          ],
          [
            -111.95473872624879,
            40.71228540333795
          ],
          [
            -111.95492929305652,
            40.71283483996609
          ],
          [
            -111.95517374800153,
            40.71328483371842
          ],
          [
            -111.95547153772159,
            40.71359371866345
          ],
          [
            -111.95577654899823,
            40.71376538267797
          ],
          [
            -111.95586822027633,
            40.71399426711523
          ],
          [
            -111.95602044878437,
            40.71418926517603
          ],
          [
            -111.95620379044229,
            40.71442926106248
          ],
          [
            -111.95650880261724,
            40.7149098112945
          ],
          [
            -111.95705049302174,
            40.715692022001114
          ],
          [
            -111.95719550176987,
            40.716252571716275
          ],
          [
            -111.95718050709114,
            40.71688589709429
          ],
          [
            -111.9569893932094,
            40.71735533692323
          ],
          [
            -111.9568143924089,
            40.7178281096626
          ],
          [
            -111.95690550942648,
            40.71820588178993
          ],
          [
            -111.95705829668664,
            40.718724764665794
          ],
          [
            -111.95745498013969,
            40.71944531071749
          ],
          [
            -111.95774499404266,
            40.720033080089
          ],
          [
            -111.95777555472861,
            40.72047918732607
          ],
          [
            -111.95766111295467,
            40.72120417924964
          ],
          [
            -111.95745499810599,
            40.72152084330721
          ],
          [
            -111.957050547819,
            40.72234472393434
          ],
          [
            -111.95665387694235,
            40.7232986038132
          ],
          [
            -111.95623442658675,
            40.72413748421877
          ],
          [
            -111.95592887003274,
            40.7251635841694
          ],
          [
            -111.95573831400478,
            40.72569413381456
          ],
          [
            -111.95561609012553,
            40.72606024179693
          ],
          [
            -111.95535720644044,
            40.72729245133122
          ],
          [
            -111.95510497837327,
            40.727982998286116
          ],
          [
            -111.95495998040496,
            40.72851299174509
          ],
          [
            -111.95469331102127,
            40.72915409576057
          ],
          [
            -111.95455608887005,
            40.729844089017696
          ],
          [
            -111.95439553567428,
            40.730591858978805
          ],
          [
            -111.9541594215867,
            40.73133574109537
          ],
          [
            -111.95402164876819,
            40.73229350831888
          ],
          [
            -111.95382331422819,
            40.73291516827573
          ],
          [
            -111.9535260877518,
            40.733491274685
          ],
          [
            -111.95317497044323,
            40.73413571174645
          ],
          [
            -111.95289274313716,
            40.734593486097744
          ],
          [
            -111.95264829358203,
            40.73479181568243
          ],
          [
            -111.95222884142979,
            40.735207924975306
          ],
          [
            -111.9517788285916,
            40.73561181006747
          ],
          [
            -111.95160326993728,
            40.7358523637874
          ],
          [
            -111.95100825913076,
            40.73670680121637
          ],
          [
            -111.95085547905714,
            40.73706568529681
          ],
          [
            -111.95071048198713,
            40.73788178825086
          ]
        ]
      },
      "properties": {
        "OBJECTID": 63853,
        "fault_name": "West Valley fault zone",
        "section_name": "Taylorsville fault",
        "fault_id": "2386",
        "section_id": "a",
        "Location": "Utah",
        "linetype": "Well Constrained",
        "age": "latest Quaternary",
        "dip_direction": "E",
        "slip_rate": "Less than 0.2 mm/yr",
        "slip_sense": "Normal",
        "mapped_scale": "1:50,000",
        "class": "A",
        "mapped_certainty": "Good",
        "strike": "N17\u00b0W",
        "total_fault_length": 16,
        "cooperators": "Utah Geological Survey",
        "earthquake": "",
        "last_review": 1086048000000,
        "fault_url": "https://earthquake.usgs.gov/cfusion/qfault/show_report_AB_archive.cfm?fault_id=2386&section_id=a",
        "symbology": "latest Quaternary Well Constrained",
        "ref_id": "2386a",
        "Fault_ID_num": 2386,
        "Shape_Length": 6647.127090824344,
        "archive_pdf": "https://earthquake.usgs.gov/static/lfs/nshm/qfaults/Reports/2386a.pdf",
        "type": "faults"
      }
    },
    {
      "type": "Feature",
      "id": 63855,
      "geometry": {
        "type": "LineString",
        "coordinates": [
          [
            -111.93651114466769,
            40.66777209315342
          ],
          [
            -111.93659504282367,
            40.66876041471458
          ],
          [
            -111.93664116322864,
            40.669664293098734
          ],
          [
            -111.93666394719921,
            40.670434837697854
          ],
          [
            -111.93667173379609,
            40.67137705126327
          ],
          [
            -111.93670229538037,
            40.67186148977354
          ],
          [
            -111.93688508187944,
            40.672468149142844
          ],
          [
            -111.93701509325388,
            40.67336480369432
          ],
          [
            -111.93712176729555,
            40.67382257691698
          ],
          [
            -111.93719788514284,
            40.67439090320016
          ],
          [
            -111.93722066821508,
            40.67490589725296
          ],
          [
            -111.93722067091001,
            40.6753747799986
          ]
        ]
      },
      "properties": {
        "OBJECTID": 63855,
        "fault_name": "West Valley fault zone",
        "section_name": "Taylorsville fault",
        "fault_id": "2386",
        "section_id": "a",
        "Location": "Utah",
        "linetype": "Well Constrained",
        "age": "latest Quaternary",
        "dip_direction": "E",
        "slip_rate": "Less than 0.2 mm/yr",
        "slip_sense": "Normal",
        "mapped_scale": "1:50,000",
        "class": "A",
        "mapped_certainty": "Good",
        "strike": "N17\u00b0W",
        "total_fault_length": 16,
        "cooperators": "Utah Geological Survey",
        "earthquake": "",
        "last_review": 1086048000000,
        "fault_url": "https://earthquake.usgs.gov/cfusion/qfault/show_report_AB_archive.cfm?fault_id=2386&section_id=a",
        "symbology": "latest Quaternary Well Constrained",
        "ref_id": "2386a",
        "Fault_ID_num": 2386,
        "Shape_Length": 1120.9668250982998,
        "archive_pdf": "https://earthquake.usgs.gov/static/lfs/nshm/qfaults/Reports/2386a.pdf",
        "type": "faults"
      }
    },
    {
      "type": "Feature",
      "id": 63856,
      "geometry": {
        "type": "LineString",
        "coordinates": [
          [
            -111.93722067091001,
            40.6753747799986
          ],
          [
            -111.93751068211803,
            40.67574088668423
          ],
          [
            -111.93803737065733,
            40.67637032223224
          ],
          [
            -111.93854072366047,
            40.67694642403996
          ],
          [
            -111.93892240884155,
            40.677781969039025
          ],
          [
            -111.93922742371142,
            40.67841140507305
          ],
          [
            -111.93945632342897,
            40.678953065244414
          ],
          [
            -111.93979189359493,
            40.6795102787935
          ],
          [
            -111.94021913324237,
            40.68015082530972
          ],
          [
            -111.94062359430914,
            40.68065804005475
          ],
          [
            -111.94097471790593,
            40.68093303483057
          ],
          [
            -111.94135640039208,
            40.681310807793295
          ],
          [
            -111.94191308817025,
            40.68201246426339
          ],
          [
            -111.9422947715547,
            40.68273356627321
          ],
          [
            -111.94277534507889,
            40.68311078201469
          ],
          [
            -111.9430959133796,
            40.68346577719231
          ],
          [
            -111.94333981226744,
            40.68384354806229
          ],
          [
            -111.94367538243341,
            40.684324098278175
          ],
          [
            -111.94385872498962,
            40.68473964703303
          ],
          [
            -111.94446152778292,
            40.68547241424612
          ],
          [
            -111.94514821885073,
            40.68609018319879
          ],
          [
            -111.94591880537956,
            40.68694850318347
          ],
          [
            -111.94691828982928,
            40.68813848576126
          ],
          [
            -111.94739108933298,
            40.68897791883001
          ],
          [
            -111.94758943195784,
            40.68959624380133
          ],
          [
            -111.94770388720652,
            40.69027512485623
          ],
          [
            -111.94796334940665,
            40.69159455268834
          ],
          [
            -111.94818502756763,
            40.69228121223829
          ],
          [
            -111.94849782184785,
            40.69280787183881
          ],
          [
            -111.94889450260598,
            40.69333064221459
          ],
          [
            -111.94936729941475,
            40.693841745219935
          ],
          [
            -111.94964231055414,
            40.694219517211046
          ],
          [
            -111.95009232968053,
            40.69484895330787
          ],
          [
            -111.95032123029641,
            40.6953178360752
          ],
          [
            -111.95061124330105,
            40.69584449482974
          ],
          [
            -111.95103848205018,
            40.696317265694816
          ],
          [
            -111.95122126765092,
            40.69661503990882
          ],
          [
            -111.95157239124772,
            40.6969583671737
          ],
          [
            -111.95185462574031,
            40.69743891680627
          ],
          [
            -111.95209908158361,
            40.69780502421458
          ],
          [
            -111.95251076420698,
            40.698297237722265
          ],
          [
            -111.95277022191554,
            40.69880445329917
          ]
        ]
      },
      "properties": {
        "OBJECTID": 63856,
        "fault_name": "West Valley fault zone",
        "section_name": "Taylorsville fault",
        "fault_id": "2386",
        "section_id": "a",
        "Location": "Utah",
        "linetype": "Well Constrained",
        "age": "latest Quaternary",
        "dip_direction": "NE",
        "slip_rate": "Less than 0.2 mm/yr",
        "slip_sense": "Normal",
        "mapped_scale": "1:50,000",
        "class": "A",
        "mapped_certainty": "Good",
        "strike": "N17\u00b0W",
        "total_fault_length": 16,
        "cooperators": "Utah Geological Survey",
        "earthquake": "",
        "last_review": 1086048000000,
        "fault_url": "https://earthquake.usgs.gov/cfusion/qfault/show_report_AB_archive.cfm?fault_id=2386&section_id=a",
        "symbology": "latest Quaternary Well Constrained",
        "ref_id": "2386a",
        "Fault_ID_num": 2386,
        "Shape_Length": 3896.2075792481824,
        "archive_pdf": "https://earthquake.usgs.gov/static/lfs/nshm/qfaults/Reports/2386a.pdf",
        "type": "faults"
      }
    },
    {
      "type": "Feature",
      "id": 63857,
      "geometry": {
        "type": "LineString",
        "coordinates": [
          [
            -111.93377221011251,
            40.67236149375013
          ],
          [
            -111.93398610886312,
            40.672662601077555
          ],
          [
            -111.9341155578922,
            40.67279982076748
          ],
          [
            -111.93499281037784,
            40.67339536683751
          ],
          [
            -111.93557283099724,
            40.67374980466245
          ],
          [
            -111.9362823006457,
            40.67427646423055
          ],
          [
            -111.93649619759968,
            40.67452812614621
          ],
          [
            -111.93711399956331,
            40.67523756015769
          ],
          [
            -111.93722067091001,
            40.6753747799986
          ]
        ]
      },
      "properties": {
        "OBJECTID": 63857,
        "fault_name": "West Valley fault zone",
        "section_name": "Taylorsville fault",
        "fault_id": "2386",
        "section_id": "a",
        "Location": "Utah",
        "linetype": "Well Constrained",
        "age": "latest Quaternary",
        "dip_direction": "NE",
        "slip_rate": "Less than 0.2 mm/yr",
        "slip_sense": "Normal",
        "mapped_scale": "1:50,000",
        "class": "A",
        "mapped_certainty": "Good",
        "strike": "N17\u00b0W",
        "total_fault_length": 16,
        "cooperators": "Utah Geological Survey",
        "earthquake": "",
        "last_review": 1086048000000,
        "fault_url": "https://earthquake.usgs.gov/cfusion/qfault/show_report_AB_archive.cfm?fault_id=2386&section_id=a",
        "symbology": "latest Quaternary Well Constrained",
        "ref_id": "2386a",
        "Fault_ID_num": 2386,
        "Shape_Length": 591.5761115248931,
        "archive_pdf": "https://earthquake.usgs.gov/static/lfs/nshm/qfaults/Reports/2386a.pdf",
        "type": "faults"
      }
    },
    {
      "type": "Feature",
      "id": 63863,
      "geometry": {
        "type": "LineString",
        "coordinates": [
          [
            -111.95495226926656,
            40.66991589066048
          ],
          [
            -111.95497505233878,
            40.67030532871675
          ],
          [
            -111.95503617011745,
            40.67089254518738
          ],
          [
            -111.9551811815605,
            40.671800312329744
          ],
          [
            -111.95536397165283,
            40.67267419106348
          ],
          [
            -111.95550898399422,
            40.673490289702315
          ],
          [
            -111.95563121416166,
            40.67407806200602
          ],
          [
            -111.95601289664779,
            40.674638609039384
          ],
          [
            -111.9565240290613,
            40.67534804528175
          ],
          [
            -111.95721072192573,
            40.67595470017977
          ],
          [
            -111.95792019337082,
            40.67669468881748
          ],
          [
            -111.95828632332443,
            40.67752245819216
          ],
          [
            -111.95849966691618,
            40.678098560262775
          ],
          [
            -111.95847689372545,
            40.67857911102199
          ],
          [
            -111.95847689642038,
            40.67879633125458
          ],
          [
            -111.95850745800465,
            40.679670210261634
          ],
          [
            -111.95845412682286,
            40.68012020326988
          ],
          [
            -111.95840079923434,
            40.68103963631832
          ],
          [
            -111.95870581320591,
            40.68165740820929
          ],
          [
            -111.95890415672906,
            40.682057958666135
          ],
          [
            -111.95885860136438,
            40.682394065716366
          ],
          [
            -111.95883582637698,
            40.682771282698035
          ],
          [
            -111.95873638736661,
            40.68380905027643
          ],
          [
            -111.9587286160411,
            40.68460237289882
          ],
          [
            -111.95860695181227,
            40.68510625610068
          ],
          [
            -111.95844639592154,
            40.685807916212376
          ],
          [
            -111.95834750937505,
            40.68644124298473
          ],
          [
            -111.95830140064815,
            40.68681901470029
          ],
          [
            -111.95836251483358,
            40.687105124002386
          ],
          [
            -111.9585153002971,
            40.68736067466825
          ],
          [
            -111.95882031157372,
            40.68771511521638
          ],
          [
            -111.95918643703575,
            40.68812733100364
          ],
          [
            -111.95961367668318,
            40.68856232497965
          ],
          [
            -111.96020147761126,
            40.68927175880918
          ],
          [
            -111.960956507116,
            40.690003970099795
          ],
          [
            -111.96162820081011,
            40.69077451393128
          ],
          [
            -111.9618876540271,
            40.690953954720875
          ],
          [
            -111.96213155381326,
            40.6914233927758
          ],
          [
            -111.96250545868565,
            40.69185394267895
          ],
          [
            -111.96319215334672,
            40.69274281966661
          ],
          [
            -111.96416108160204,
            40.69392169210476
          ],
          [
            -111.96494722335835,
            40.69474556825459
          ],
          [
            -111.96557280563063,
            40.695657221757806
          ],
          [
            -111.96619838969954,
            40.69668331933234
          ],
          [
            -111.96677841301388,
            40.69754164112971
          ],
          [
            -111.96723621514391,
            40.69863273709556
          ],
          [
            -111.9675412291155,
            40.69930828427836
          ],
          [
            -111.96781568868929,
            40.699918274790825
          ],
          [
            -111.96796069923404,
            40.700833821134054
          ],
          [
            -111.96800681963904,
            40.70170714422154
          ],
          [
            -111.9681746078661,
            40.702237692851455
          ],
          [
            -111.96842628616432,
            40.7028404629811
          ],
          [
            -111.96873907774962,
            40.70330212323507
          ],
          [
            -111.96900631397024,
            40.704015448001755
          ],
          [
            -111.96941800198347,
            40.70494210086966
          ],
          [
            -111.96957078924365,
            40.70546876185014
          ],
          [
            -111.96990635940958,
            40.70606764429693
          ],
          [
            -111.96998303061909,
            40.706388193832844
          ],
          [
            -111.97012026444841,
            40.70707818475646
          ],
          [
            -111.97030305004917,
            40.7075131803047
          ],
          [
            -111.97070751560753,
            40.708577610815446
          ],
          [
            -111.9710586499841,
            40.70991259524424
          ],
          [
            -111.9712797765795,
            40.71105313728126
          ],
          [
            -111.97147034608219,
            40.71193423731734
          ],
          [
            -111.9716231369356,
            40.71294144693406
          ],
          [
            -111.97166148062517,
            40.713979211721124
          ],
          [
            -111.97170704227808,
            40.71452865003252
          ],
          [
            -111.97179093684079,
            40.71489475678832
          ],
          [
            -111.97197428029533,
            40.71548974899765
          ],
          [
            -111.9721726238185,
            40.71582918986603
          ],
          [
            -111.97250819578106,
            40.71652362508027
          ],
          [
            -111.97296599341952,
            40.717198616320836
          ],
          [
            -111.97347712493473,
            40.71780916196922
          ],
          [
            -111.97414881683223,
            40.71830471022394
          ],
          [
            -111.97469050274519,
            40.7186863700384
          ],
          [
            -111.97518607633798,
            40.71907525419208
          ],
          [
            -111.97627723026919,
            40.72005968181739
          ],
          [
            -111.97739893859817,
            40.72092577972826
          ],
          [
            -111.97849009073275,
            40.72171910020164
          ],
          [
            -111.97860453879488,
            40.721817986736106
          ]
        ]
      },
      "properties": {
        "OBJECTID": 63863,
        "fault_name": "West Valley fault zone",
        "section_name": "Granger section",
        "fault_id": "2386",
        "section_id": "b",
        "Location": "Utah",
        "linetype": "Well Constrained",
        "age": "latest Quaternary",
        "dip_direction": "E",
        "slip_rate": "Between 0.2 and 1.0 mm/yr",
        "slip_sense": "Normal",
        "mapped_scale": "1:50,000",
        "class": "A",
        "mapped_certainty": "Good",
        "strike": "N21\u00b0W",
        "total_fault_length": 16,
        "cooperators": "Utah Geological Survey",
        "earthquake": "",
        "last_review": 1086048000000,
        "fault_url": "https://earthquake.usgs.gov/cfusion/qfault/show_report_AB_archive.cfm?fault_id=2386&section_id=b",
        "symbology": "latest Quaternary Well Constrained",
        "ref_id": "2386b",
        "Fault_ID_num": 2386,
        "Shape_Length": 8351.487802355721,
        "archive_pdf": "https://earthquake.usgs.gov/static/lfs/nshm/qfaults/Reports/2386b.pdf",
        "type": "faults"
      }
    },
    {
      "type": "Feature",
      "id": 63866,
      "geometry": {
        "type": "LineString",
        "coordinates": [
          [
            -111.954570508627,
            40.659864341222146
          ],
          [
            -111.9545860656511,
            40.65997489406845
          ],
          [
            -111.95467717997373,
            40.660139337263736
          ],
          [
            -111.95495219201145,
            40.66060821890078
          ],
          [
            -111.95533331844041,
            40.66103543526149
          ],
          [
            -111.95569999995959,
            40.66145542769241
          ],
          [
            -111.9559666783264,
            40.661790979662946
          ],
          [
            -111.95648558476039,
            40.66221430566148
          ],
          [
            -111.95698171620697,
            40.66278652028071
          ],
          [
            -111.95745451211742,
            40.66339317771344
          ],
          [
            -111.95780563840917,
            40.663953725985536
          ],
          [
            -111.95801898469587,
            40.664525940673315
          ],
          [
            -111.95832455292796,
            40.665147598977015
          ],
          [
            -111.95844623063152,
            40.6659753672546
          ],
          [
            -111.9585762384127,
            40.666456472825274
          ],
          [
            -111.95872846781907,
            40.66689479777621
          ],
          [
            -111.95903403964442,
            40.66762756695904
          ],
          [
            -111.95935460884346,
            40.66835978027127
          ]
        ]
      },
      "properties": {
        "OBJECTID": 63866,
        "fault_name": "West Valley fault zone",
        "section_name": "Granger section",
        "fault_id": "2386",
        "section_id": "b",
        "Location": "Utah",
        "linetype": "Well Constrained",
        "age": "latest Quaternary",
        "dip_direction": "NE",
        "slip_rate": "Between 0.2 and 1.0 mm/yr",
        "slip_sense": "Normal",
        "mapped_scale": "1:50,000",
        "class": "A",
        "mapped_certainty": "Good",
        "strike": "N21\u00b0W",
        "total_fault_length": 16,
        "cooperators": "Utah Geological Survey",
        "earthquake": "",
        "last_review": 1086048000000,
        "fault_url": "https://earthquake.usgs.gov/cfusion/qfault/show_report_AB_archive.cfm?fault_id=2386&section_id=b",
        "symbology": "latest Quaternary Well Constrained",
        "ref_id": "2386b",
        "Fault_ID_num": 2386,
        "Shape_Length": 1376.2522870349694,
        "archive_pdf": "https://earthquake.usgs.gov/static/lfs/nshm/qfaults/Reports/2386b.pdf",
        "type": "faults"
      }
    },
    {
      "type": "Feature",
      "id": 64170,
      "geometry": {
        "type": "LineString",
        "coordinates": [
          [
            -112.24622029042749,
            40.66464560503729
          ],
          [
            -112.24623584655326,
            40.664710604227984
          ],
          [
            -112.2462430717031,
            40.66484004775732
          ],
          [
            -112.24622029491906,
            40.665015604197094
          ],
          [
            -112.24619751813503,
            40.665191158812
          ],
          [
            -112.24618974231795,
            40.665351158017934
          ],
          [
            -112.24617474314765,
            40.66554171268065
          ],
          [
            -112.24618252255802,
            40.66565615778333
          ],
          [
            -112.24618252435464,
            40.66583949017415
          ],
          [
            -112.2461747467409,
            40.666003379249524
          ],
          [
            -112.24615919420839,
            40.666163933883574
          ],
          [
            -112.2461591951067,
            40.66632782284307
          ]
        ]
      },
      "properties": {
        "OBJECTID": 64170,
        "fault_name": "Oquirrh fault zone",
        "section_name": "",
        "fault_id": "2398",
        "section_id": "",
        "Location": "Utah",
        "linetype": "Well Constrained",
        "age": "latest Quaternary",
        "dip_direction": "E",
        "slip_rate": "Between 0.2 and 1.0 mm/yr",
        "slip_sense": "Normal",
        "mapped_scale": "1:24,000",
        "class": "A",
        "mapped_certainty": "Good",
        "strike": "N1\u00b0E",
        "total_fault_length": 21,
        "cooperators": "Utah Geological Survey",
        "earthquake": "",
        "last_review": 1086048000000,
        "fault_url": "https://earthquake.usgs.gov/cfusion/qfault/show_report_AB_archive.cfm?fault_id=2398&section_id=",
        "symbology": "latest Quaternary Well Constrained",
        "ref_id": "2398",
        "Fault_ID_num": 2398,
        "Shape_Length": 247.46701350518532,
        "archive_pdf": "https://earthquake.usgs.gov/static/lfs/nshm/qfaults/Reports/2398.pdf",
        "type": "faults"
      }
    },
    {
      "type": "Feature",
      "id": 64171,
      "geometry": {
        "type": "LineString",
        "coordinates": [
          [
            -112.2421065759581,
            40.53100160405232
          ],
          [
            -112.24214490976622,
            40.530963825093345
          ],
          [
            -112.24232769177372,
            40.53080326905958
          ],
          [
            -112.24248047184734,
            40.53066993271436
          ],
          [
            -112.24285436863491,
            40.53039159470529
          ],
          [
            -112.24354882833329,
            40.529834364215105
          ],
          [
            -112.24418939719946,
            40.529373246187404
          ],
          [
            -112.24469329458167,
            40.52900657318755
          ],
          [
            -112.24512052794091,
            40.52868656703892
          ],
          [
            -112.24538720001952,
            40.52848045431396
          ],
          [
            -112.24569276286172,
            40.52827044901598
          ],
          [
            -112.24610443740025,
            40.52797266515897
          ],
          [
            -112.24657000366929,
            40.527644883096016
          ],
          [
            -112.24688278806805,
            40.52745043425247
          ],
          [
            -112.24715723865873,
            40.5272404311893
          ],
          [
            -112.24742446589616,
            40.527053759730066
          ],
          [
            -112.24769891558853,
            40.526798201679824
          ],
          [
            -112.24791280894925,
            40.526588199304186
          ],
          [
            -112.24824836923374,
            40.526225973959725
          ],
          [
            -112.24860726505436,
            40.52587097021929
          ],
          [
            -112.24888171474672,
            40.52561152171087
          ],
          [
            -112.24921727592951,
            40.525264294846885
          ],
          [
            -112.24946950399668,
            40.5250737353185
          ],
          [
            -112.24970561808426,
            40.52477595705995
          ],
          [
            -112.24991173472958,
            40.52461206626432
          ],
          [
            -112.25019396293398,
            40.52436817267105
          ],
          [
            -112.25040007778263,
            40.52421928077419
          ],
          [
            -112.25062119359825,
            40.524104833675615
          ],
          [
            -112.25076619695646,
            40.523959832700555
          ],
          [
            -112.25104842875412,
            40.52378038476813
          ],
          [
            -112.2514378852607,
            40.52349038314918
          ],
          [
            -112.25169733757939,
            40.523303714902276
          ],
          [
            -112.25205568273273,
            40.52307093606766
          ],
          [
            -112.25233791722535,
            40.52291482287255
          ],
          [
            -112.25255903483759,
            40.52278482090578
          ],
          [
            -112.25271959521989,
            40.52266259775428
          ],
          [
            -112.25294849134418,
            40.522460375168826
          ],
          [
            -112.25321516791436,
            40.52224703983053
          ],
          [
            -112.25341350604762,
            40.522048706243446
          ],
          [
            -112.25378740642846,
            40.52167092668412
          ],
          [
            -112.2541385273303,
            40.52139259090704
          ],
          [
            -112.25445131622064,
            40.5210987002593
          ],
          [
            -112.25472576860793,
            40.5208659219618
          ],
          [
            -112.25500077795071,
            40.52062592009562
          ],
          [
            -112.2553519024458,
            40.520332030183916
          ],
          [
            -112.25572524587115,
            40.52003091615927
          ],
          [
            -112.25602303379456,
            40.5198703592004
          ],
          [
            -112.25625970843089,
            40.51973702432194
          ],
          [
            -112.25655694029716,
            40.51955757669372
          ],
          [
            -112.25691584240599,
            40.519393686113716
          ],
          [
            -112.25712918420115,
            40.519287019112674
          ],
          [
            -112.2573125222658,
            40.519172571787514
          ],
          [
            -112.25750308458196,
            40.51903146081358
          ],
          [
            -112.25759475406343,
            40.518924238728225
          ],
          [
            -112.25769420115866,
            40.51884812700517
          ],
          [
            -112.25781587077736,
            40.51872201510853
          ],
          [
            -112.25793809824987,
            40.51858868067773
          ],
          [
            -112.25799920974035,
            40.518519792927584
          ],
          [
            -112.25804476779997,
            40.51846645875301
          ],
          [
            -112.25815921496378,
            40.518363678693866
          ],
          [
            -112.25830421922032,
            40.51821090210623
          ],
          [
            -112.25840366631553,
            40.518028123300795
          ],
          [
            -112.25851811437768,
            40.517837011902444
          ],
          [
            -112.25863256064319,
            40.51766534498177
          ],
          [
            -112.25871645071432,
            40.517489791202564
          ],
          [
            -112.25878478465967,
            40.51734145630398
          ],
          [
            -112.25887645503944,
            40.51715034567985
          ],
          [
            -112.25897590033804,
            40.51697867768381
          ],
          [
            -112.25905979040917,
            40.516857010763594
          ],
          [
            -112.2591586814472,
            40.516677565670065
          ],
          [
            -112.25928090622479,
            40.51641812323524
          ],
          [
            -112.25940313279895,
            40.51627701124411
          ],
          [
            -112.25950202293869,
            40.51607478783442
          ],
          [
            -112.25962424771625,
            40.51582700876083
          ],
          [
            -112.25972369211654,
            40.51553312171386
          ],
          [
            -112.2597998045739,
            40.51533867597777
          ],
          [
            -112.25991425173774,
            40.51500645385755
          ],
          [
            -112.26013536396009,
            40.51434312128277
          ],
          [
            -112.26016591656122,
            40.51406423331454
          ],
          [
            -112.26018146999203,
            40.51370979005869
          ],
          [
            -112.26021924774301,
            40.51354201287737
          ],
          [
            -112.26026535916485,
            40.513255900754515
          ],
          [
            -112.26028035384357,
            40.512832569193336
          ],
          [
            -112.26028034755537,
            40.51235534819138
          ],
          [
            -112.26024978866603,
            40.51197034973296
          ],
          [
            -112.26028034126716,
            40.511607572101504
          ],
          [
            -112.26030311625456,
            40.511153684958714
          ],
          [
            -112.26031866878706,
            40.510863684720746
          ],
          [
            -112.26034144377448,
            40.510463131077415
          ],
          [
            -112.26033366077087,
            40.51003979895964
          ],
          [
            -112.26033365627927,
            40.509723134262295
          ],
          [
            -112.26032587686892,
            40.50950980073688
          ],
          [
            -112.26033365178769,
            40.50919702521766
          ],
          [
            -112.26028030982613,
            40.50863258093312
          ],
          [
            -112.2601814142965,
            40.508346471767865
          ],
          [
            -112.26011251980242,
            40.50811369495521
          ],
          [
            -112.26005918233243,
            40.50789980922392
          ],
          [
            -112.260013066419,
            40.50757925289235
          ],
          [
            -112.25998250663133,
            40.5072742540034
          ],
          [
            -112.25974637906903,
            40.50663370073214
          ],
          [
            -112.25957859084194,
            40.506309260161274
          ],
          [
            -112.25947136164142,
            40.50600759479702
          ],
          [
            -112.25936468759974,
            40.50573704127805
          ],
          [
            -112.2592580153547,
            40.50553482091583
          ],
          [
            -112.25920467698639,
            40.50534426472924
          ],
          [
            -112.25905189062456,
            40.50508482284069
          ],
          [
            -112.25893744076579,
            40.504981490185926
          ],
          [
            -112.25875409820955,
            40.50486371528619
          ],
          [
            -112.25846464036375,
            40.50468816077578
          ],
          [
            -112.25822018541874,
            40.504516497075166
          ],
          [
            -112.25796072771017,
            40.50435983317632
          ],
          [
            -112.25776238598367,
            40.5042492796613
          ],
          [
            -112.25752570775407,
            40.504119837113635
          ],
          [
            -112.25732014267435,
            40.503997614770334
          ],
          [
            -112.25718235907607,
            40.503928727056326
          ],
          [
            -112.25712180094781,
            40.50388317276768
          ]
        ]
      },
      "properties": {
        "OBJECTID": 64171,
        "fault_name": "Oquirrh fault zone",
        "section_name": "",
        "fault_id": "2398",
        "section_id": "",
        "Location": "Utah",
        "linetype": "Well Constrained",
        "age": "latest Quaternary",
        "dip_direction": "NW",
        "slip_rate": "Between 0.2 and 1.0 mm/yr",
        "slip_sense": "Normal",
        "mapped_scale": "1:24,000",
        "class": "A",
        "mapped_certainty": "Good",
        "strike": "N1\u00b0E",
        "total_fault_length": 21,
        "cooperators": "Utah Geological Survey",
        "earthquake": "",
        "last_review": 1086048000000,
        "fault_url": "https://earthquake.usgs.gov/cfusion/qfault/show_report_AB_archive.cfm?fault_id=2398&section_id=",
        "symbology": "latest Quaternary Well Constrained",
        "ref_id": "2398",
        "Fault_ID_num": 2398,
        "Shape_Length": 4873.50812564443,
        "archive_pdf": "https://earthquake.usgs.gov/static/lfs/nshm/qfaults/Reports/2398.pdf",
        "type": "faults"
      }
    },
    {
      "type": "Feature",
      "id": 64172,
      "geometry": {
        "type": "LineString",
        "coordinates": [
          [
            -112.25388818842016,
            40.65046223320183
          ],
          [
            -112.25408652835007,
            40.65035556374496
          ],
          [
            -112.2542620896993,
            40.65022222975107
          ],
          [
            -112.25446820903956,
            40.650103895122705
          ],
          [
            -112.25463599187675,
            40.64998167201459
          ],
          [
            -112.25483433360327,
            40.649848337273625
          ],
          [
            -112.25502489502114,
            40.64971111329895
          ],
          [
            -112.25523879017848,
            40.649550555867265
          ],
          [
            -112.25534546242353,
            40.6494172223096
          ],
          [
            -112.25547490965597,
            40.649291108952006
          ],
          [
            -112.25564269339148,
            40.64916555219313
          ],
          [
            -112.25571936280436,
            40.64912721766427
          ],
          [
            -112.25582603055781,
            40.64901277282858
          ]
        ]
      },
      "properties": {
        "OBJECTID": 64172,
        "fault_name": "Oquirrh fault zone",
        "section_name": "",
        "fault_id": "2398",
        "section_id": "",
        "Location": "Utah",
        "linetype": "Well Constrained",
        "age": "latest Quaternary",
        "dip_direction": "NW",
        "slip_rate": "Between 0.2 and 1.0 mm/yr",
        "slip_sense": "Normal",
        "mapped_scale": "1:24,000",
        "class": "A",
        "mapped_certainty": "Good",
        "strike": "N1\u00b0E",
        "total_fault_length": 21,
        "cooperators": "Utah Geological Survey",
        "earthquake": "",
        "last_review": 1086048000000,
        "fault_url": "https://earthquake.usgs.gov/cfusion/qfault/show_report_AB_archive.cfm?fault_id=2398&section_id=",
        "symbology": "latest Quaternary Well Constrained",
        "ref_id": "2398",
        "Fault_ID_num": 2398,
        "Shape_Length": 304.98280880156125,
        "archive_pdf": "https://earthquake.usgs.gov/static/lfs/nshm/qfaults/Reports/2398.pdf",
        "type": "faults"
      }
    },
    {
      "type": "Feature",
      "id": 64173,
      "geometry": {
        "type": "LineString",
        "coordinates": [
          [
            -112.25275870068083,
            40.65094668868379
          ],
          [
            -112.25296481912278,
            40.65088612998146
          ],
          [
            -112.25310982517594,
            40.650821128906095
          ],
          [
            -112.25331594361786,
            40.650741126918916
          ],
          [
            -112.25352928631135,
            40.65066834787957
          ]
        ]
      },
      "properties": {
        "OBJECTID": 64173,
        "fault_name": "Oquirrh fault zone",
        "section_name": "",
        "fault_id": "2398",
        "section_id": "",
        "Location": "Utah",
        "linetype": "Well Constrained",
        "age": "latest Quaternary",
        "dip_direction": "NW",
        "slip_rate": "Between 0.2 and 1.0 mm/yr",
        "slip_sense": "Normal",
        "mapped_scale": "1:24,000",
        "class": "A",
        "mapped_certainty": "Good",
        "strike": "N1\u00b0E",
        "total_fault_length": 21,
        "cooperators": "Utah Geological Survey",
        "earthquake": "",
        "last_review": 1086048000000,
        "fault_url": "https://earthquake.usgs.gov/cfusion/qfault/show_report_AB_archive.cfm?fault_id=2398&section_id=",
        "symbology": "latest Quaternary Well Constrained",
        "ref_id": "2398",
        "Fault_ID_num": 2398,
        "Shape_Length": 95.16711080903102,
        "archive_pdf": "https://earthquake.usgs.gov/static/lfs/nshm/qfaults/Reports/2398.pdf",
        "type": "faults"
      }
    },
    {
      "type": "Feature",
      "id": 64174,
      "geometry": {
        "type": "LineString",
        "coordinates": [
          [
            -112.24937796926248,
            40.53804758915642
          ],
          [
            -112.24949963708455,
            40.53791758787004
          ],
          [
            -112.24958352715568,
            40.5377614758057
          ],
          [
            -112.24969797431952,
            40.537635364676866
          ],
          [
            -112.24982019730045,
            40.53748314131109
          ],
          [
            -112.24998075588611,
            40.537353138929426
          ],
          [
            -112.25017909401939,
            40.5372275807058
          ],
          [
            -112.25033131893416,
            40.53710924732794
          ],
          [
            -112.25046132222379,
            40.536983134288704
          ],
          [
            -112.25058354610302,
            40.53685702032936
          ],
          [
            -112.25075854959846,
            40.53671979570665
          ],
          [
            -112.25086577430741,
            40.536567572991395
          ],
          [
            -112.25101800191713,
            40.536376461200184
          ],
          [
            -112.25115522766163,
            40.53618979470842
          ],
          [
            -112.25126245057392,
            40.53600257196443
          ],
          [
            -112.25143023430942,
            40.53583868131423
          ],
          [
            -112.25154468057494,
            40.5356592371962
          ],
          [
            -112.25169746334352,
            40.53536201528378
          ],
          [
            -112.25184191244122,
            40.53511423718145
          ],
          [
            -112.25202525140418,
            40.534885347227586
          ],
          [
            -112.25219303244475,
            40.53459923675793
          ],
          [
            -112.2522924759467,
            40.53437034572743
          ],
          [
            -112.25244470265811,
            40.53407256917669
          ],
          [
            -112.25258248356144,
            40.53386645731452
          ],
          [
            -112.25274248788658,
            40.533649235248625
          ],
          [
            -112.25287193601734,
            40.533439233858964
          ],
          [
            -112.25298638228286,
            40.53322201109083
          ],
          [
            -112.25308582758143,
            40.53301201109324
          ],
          [
            -112.25312416138956,
            40.532821455159954
          ],
          [
            -112.25317749706291,
            40.53273367666756
          ],
          [
            -112.25320027294863,
            40.532615344911214
          ]
        ]
      },
      "properties": {
        "OBJECTID": 64174,
        "fault_name": "Oquirrh fault zone",
        "section_name": "",
        "fault_id": "2398",
        "section_id": "",
        "Location": "Utah",
        "linetype": "Well Constrained",
        "age": "latest Quaternary",
        "dip_direction": "NW",
        "slip_rate": "Between 0.2 and 1.0 mm/yr",
        "slip_sense": "Normal",
        "mapped_scale": "1:24,000",
        "class": "A",
        "mapped_certainty": "Good",
        "strike": "N1\u00b0E",
        "total_fault_length": 21,
        "cooperators": "Utah Geological Survey",
        "earthquake": "",
        "last_review": 1086048000000,
        "fault_url": "https://earthquake.usgs.gov/cfusion/qfault/show_report_AB_archive.cfm?fault_id=2398&section_id=",
        "symbology": "latest Quaternary Well Constrained",
        "ref_id": "2398",
        "Fault_ID_num": 2398,
        "Shape_Length": 913.812714393115,
        "archive_pdf": "https://earthquake.usgs.gov/static/lfs/nshm/qfaults/Reports/2398.pdf",
        "type": "faults"
      }
    },
    {
      "type": "Feature",
      "id": 64175,
      "geometry": {
        "type": "LineString",
        "coordinates": [
          [
            -112.25034028591732,
            40.65235448667373
          ],
          [
            -112.25054640076601,
            40.65219059473141
          ],
          [
            -112.25073696038723,
            40.65204559518509
          ],
          [
            -112.25101919218487,
            40.65183948067234
          ],
          [
            -112.25127086778816,
            40.651679479043935
          ],
          [
            -112.2514464300357,
            40.65153447770544
          ],
          [
            -112.25164476816897,
            40.65136669828589
          ],
          [
            -112.25185088840753,
            40.651290029690465
          ],
          [
            -112.25201867214304,
            40.65121002826551
          ],
          [
            -112.2521636781962,
            40.651148915707786
          ],
          [
            -112.25225534767769,
            40.65111113573144
          ],
          [
            -112.25236979573982,
            40.65105780290606
          ]
        ]
      },
      "properties": {
        "OBJECTID": 64175,
        "fault_name": "Oquirrh fault zone",
        "section_name": "",
        "fault_id": "2398",
        "section_id": "",
        "Location": "Utah",
        "linetype": "Well Constrained",
        "age": "latest Quaternary",
        "dip_direction": "NW",
        "slip_rate": "Between 0.2 and 1.0 mm/yr",
        "slip_sense": "Normal",
        "mapped_scale": "1:24,000",
        "class": "A",
        "mapped_certainty": "Good",
        "strike": "N1\u00b0E",
        "total_fault_length": 21,
        "cooperators": "Utah Geological Survey",
        "earthquake": "",
        "last_review": 1086048000000,
        "fault_url": "https://earthquake.usgs.gov/cfusion/qfault/show_report_AB_archive.cfm?fault_id=2398&section_id=",
        "symbology": "latest Quaternary Well Constrained",
        "ref_id": "2398",
        "Fault_ID_num": 2398,
        "Shape_Length": 298.0443962835716,
        "archive_pdf": "https://earthquake.usgs.gov/static/lfs/nshm/qfaults/Reports/2398.pdf",
        "type": "faults"
      }
    },
    {
      "type": "Feature",
      "id": 64176,
      "geometry": {
        "type": "LineString",
        "coordinates": [
          [
            -112.24129044394607,
            40.531280502809345
          ],
          [
            -112.24154989536643,
            40.53122327814432
          ],
          [
            -112.24163378723419,
            40.53119272093285
          ],
          [
            -112.24177878969408,
            40.5311199420722
          ],
          [
            -112.2419237930523,
            40.531062717270004
          ],
          [
            -112.2421065759581,
            40.53100160405232
          ]
        ]
      },
      "properties": {
        "OBJECTID": 64176,
        "fault_name": "Oquirrh fault zone",
        "section_name": "",
        "fault_id": "2398",
        "section_id": "",
        "Location": "Utah",
        "linetype": "Well Constrained",
        "age": "latest Quaternary",
        "dip_direction": "NW",
        "slip_rate": "Between 0.2 and 1.0 mm/yr",
        "slip_sense": "Normal",
        "mapped_scale": "1:24,000",
        "class": "A",
        "mapped_certainty": "Good",
        "strike": "N1\u00b0E",
        "total_fault_length": 21,
        "cooperators": "Utah Geological Survey",
        "earthquake": "",
        "last_review": 1086048000000,
        "fault_url": "https://earthquake.usgs.gov/cfusion/qfault/show_report_AB_archive.cfm?fault_id=2398&section_id=",
        "symbology": "latest Quaternary Well Constrained",
        "ref_id": "2398",
        "Fault_ID_num": 2398,
        "Shape_Length": 100.18987338374939,
        "archive_pdf": "https://earthquake.usgs.gov/static/lfs/nshm/qfaults/Reports/2398.pdf",
        "type": "faults"
      }
    },
    {
      "type": "Feature",
      "id": 64177,
      "geometry": {
        "type": "LineString",
        "coordinates": [
          [
            -112.23764316711157,
            40.536296651231
          ],
          [
            -112.23786483988265,
            40.536208869098665
          ],
          [
            -112.23804762189013,
            40.53612109026491
          ],
          [
            -112.23849818898888,
            40.5359149737808
          ],
          [
            -112.23877263957954,
            40.535785524772876
          ],
          [
            -112.23894042241673,
            40.53568996783003
          ],
          [
            -112.23916931494776,
            40.53558718687185
          ],
          [
            -112.23937543159307,
            40.5354766281768
          ],
          [
            -112.23952821256502,
            40.53535440495777
          ],
          [
            -112.23961932598934,
            40.535282180893496
          ],
          [
            -112.23968821599183,
            40.53523995775789
          ],
          [
            -112.23980266225736,
            40.53517495681183
          ],
          [
            -112.23993988800184,
            40.5350760672904
          ],
          [
            -112.24011544665615,
            40.53492328714773
          ],
          [
            -112.24024489388857,
            40.534771063764445
          ],
          [
            -112.2403976739622,
            40.53459939515171
          ],
          [
            -112.24056545410446,
            40.53439717171447
          ],
          [
            -112.24077157074976,
            40.53417550266027
          ],
          [
            -112.240893794629,
            40.534015501194766
          ],
          [
            -112.2410387970889,
            40.533839943809745
          ],
          [
            -112.2411837986505,
            40.53363383123193
          ],
          [
            -112.2412749111765,
            40.533469942297735
          ],
          [
            -112.24145046803415,
            40.533252716898176
          ],
          [
            -112.24154991423107,
            40.533084940151554
          ],
          [
            -112.24161824727807,
            40.532882716922785
          ],
          [
            -112.24164158011928,
            40.53276049375133
          ],
          [
            -112.24167935697191,
            40.53262327166248
          ],
          [
            -112.24169491219939,
            40.53243216227575
          ],
          [
            -112.24169491040276,
            40.532283826987474
          ],
          [
            -112.241656574798,
            40.53210049733567
          ],
          [
            -112.24162601590868,
            40.5319710532478
          ],
          [
            -112.24156490172325,
            40.531802720256124
          ],
          [
            -112.24156490172325,
            40.531734388198196
          ],
          [
            -112.2415804560524,
            40.53165772091448
          ],
          [
            -112.24164878999775,
            40.53149383124359
          ],
          [
            -112.24179379155935,
            40.531348829868
          ],
          [
            -112.24195435014502,
            40.53116216165917
          ],
          [
            -112.2421065759581,
            40.53100160405232
          ]
        ]
      },
      "properties": {
        "OBJECTID": 64177,
        "fault_name": "Oquirrh fault zone",
        "section_name": "",
        "fault_id": "2398",
        "section_id": "",
        "Location": "Utah",
        "linetype": "Well Constrained",
        "age": "latest Quaternary",
        "dip_direction": "NW",
        "slip_rate": "Between 0.2 and 1.0 mm/yr",
        "slip_sense": "Normal",
        "mapped_scale": "1:24,000",
        "class": "A",
        "mapped_certainty": "Good",
        "strike": "N1\u00b0E",
        "total_fault_length": 21,
        "cooperators": "Utah Geological Survey",
        "earthquake": "",
        "last_review": 1086048000000,
        "fault_url": "https://earthquake.usgs.gov/cfusion/qfault/show_report_AB_archive.cfm?fault_id=2398&section_id=",
        "symbology": "latest Quaternary Well Constrained",
        "ref_id": "2398",
        "Fault_ID_num": 2398,
        "Shape_Length": 982.8743333605569,
        "archive_pdf": "https://earthquake.usgs.gov/static/lfs/nshm/qfaults/Reports/2398.pdf",
        "type": "faults"
      }
    },
    {
      "type": "Feature",
      "id": 64178,
      "geometry": {
        "type": "LineString",
        "coordinates": [
          [
            -112.23797147260181,
            40.53251999305231
          ],
          [
            -112.23816203222303,
            40.53248221290118
          ],
          [
            -112.23829203641097,
            40.53248221017012
          ],
          [
            -112.23842926215545,
            40.532466652265626
          ],
          [
            -112.23861982267499,
            40.53239053885076
          ],
          [
            -112.2387953822276,
            40.532329424795755
          ],
          [
            -112.23903983357933,
            40.532233866337705
          ],
          [
            -112.23937539655877,
            40.532100528059765
          ],
          [
            -112.23971096133484,
            40.53198996907358
          ],
          [
            -112.23997041185687,
            40.53184885367555
          ],
          [
            -112.24019152857082,
            40.53176107390907
          ],
          [
            -112.24027541774362,
            40.5316960723191
          ],
          [
            -112.24038264424918,
            40.531616071746264
          ],
          [
            -112.24048153438892,
            40.53155495971597
          ],
          [
            -112.24062653864546,
            40.531489957926055
          ],
          [
            -112.24078654207229,
            40.53143273275711
          ],
          [
            -112.24087821065544,
            40.531391065014354
          ],
          [
            -112.24099265961591,
            40.53134884079227
          ]
        ]
      },
      "properties": {
        "OBJECTID": 64178,
        "fault_name": "Oquirrh fault zone",
        "section_name": "",
        "fault_id": "2398",
        "section_id": "",
        "Location": "Utah",
        "linetype": "Well Constrained",
        "age": "latest Quaternary",
        "dip_direction": "NW",
        "slip_rate": "Between 0.2 and 1.0 mm/yr",
        "slip_sense": "Normal",
        "mapped_scale": "1:24,000",
        "class": "A",
        "mapped_certainty": "Good",
        "strike": "N1\u00b0E",
        "total_fault_length": 21,
        "cooperators": "Utah Geological Survey",
        "earthquake": "",
        "last_review": 1086048000000,
        "fault_url": "https://earthquake.usgs.gov/cfusion/qfault/show_report_AB_archive.cfm?fault_id=2398&section_id=",
        "symbology": "latest Quaternary Well Constrained",
        "ref_id": "2398",
        "Fault_ID_num": 2398,
        "Shape_Length": 382.7782757053349,
        "archive_pdf": "https://earthquake.usgs.gov/static/lfs/nshm/qfaults/Reports/2398.pdf",
        "type": "faults"
      }
    },
    {
      "type": "Feature",
      "id": 64179,
      "geometry": {
        "type": "LineString",
        "coordinates": [
          [
            -112.2069880762943,
            40.559959764282524
          ],
          [
            -112.20685084875318,
            40.55987587733046
          ],
          [
            -112.20670584359834,
            40.55979921290692
          ],
          [
            -112.20661417411684,
            40.559715327118646
          ],
          [
            -112.20648416992893,
            40.55964699418589
          ],
          [
            -112.20631638619341,
            40.55959366271469
          ],
          [
            -112.2061336023893,
            40.55952477821563
          ],
          [
            -112.20589692865128,
            40.55943700331985
          ],
          [
            -112.20566803162868,
            40.55934145077076
          ],
          [
            -112.20542357937863,
            40.55922367787597
          ],
          [
            -112.20518745900283,
            40.55912423692314
          ],
          [
            -112.20484411481641,
            40.5589603537064
          ],
          [
            -112.20456188301875,
            40.55880369078203
          ],
          [
            -112.20435576367848,
            40.558674247788076
          ],
          [
            -112.20402741866236,
            40.558521477106154
          ],
          [
            -112.20358518343788,
            40.55829259479077
          ],
          [
            -112.20328739461614,
            40.55811704370035
          ],
          [
            -112.2031118332669,
            40.55801815801813
          ],
          [
            -112.20296682811205,
            40.55790760631553
          ],
          [
            -112.2028451566967,
            40.55780038569059
          ],
          [
            -112.2027457096015,
            40.557739275024
          ],
          [
            -112.20260848116206,
            40.55763650128054
          ],
          [
            -112.20253236600972,
            40.55753761284105
          ],
          [
            -112.20239458241146,
            40.55737705906897
          ],
          [
            -112.20233402428319,
            40.55722428269689
          ],
          [
            -112.20228791106473,
            40.5570453968251
          ],
          [
            -112.20217346030763,
            40.55686984314682
          ],
          [
            -112.20205178979062,
            40.55671706698227
          ],
          [
            -112.20193678387469,
            40.556568180082174
          ],
          [
            -112.20181511156102,
            40.55640040576334
          ],
          [
            -112.20167010640617,
            40.55622874070901
          ],
          [
            -112.20157065841263,
            40.55610318715398
          ],
          [
            -112.20145620765555,
            40.555942634719585
          ],
          [
            -112.20138787191358,
            40.55582819129899
          ],
          [
            -112.20131898011444,
            40.55571763666267
          ],
          [
            -112.20122730883632,
            40.55556875027009
          ],
          [
            -112.2011206383879,
            40.55542430674935
          ],
          [
            -112.20102174555323,
            40.55525264396997
          ],
          [
            -112.20086895559812,
            40.55467653679872
          ],
          [
            -112.20086117708607,
            40.55451987067524
          ],
          [
            -112.20082339484355,
            40.55420320588959
          ],
          [
            -112.20077727893013,
            40.553909874801775
          ],
          [
            -112.2007772771335,
            40.55372265312371
          ],
          [
            -112.20076949772313,
            40.55355487576959
          ],
          [
            -112.20075449585786,
            40.55342154375235
          ],
          [
            -112.20069338167248,
            40.55331432276842
          ],
          [
            -112.20067060399013,
            40.55319265697007
          ],
          [
            -112.20070837994446,
            40.55307043467753
          ],
          [
            -112.20077726904866,
            40.55294821216195
          ],
          [
            -112.20084615994946,
            40.55284154532994
          ],
          [
            -112.20095282860126,
            40.55269265527202
          ],
          [
            -112.20100616157968,
            40.55261265588242
          ],
          [
            -112.2010750515822,
            40.552517097688636
          ],
          [
            -112.2011283845606,
            40.55241820919577
          ],
          [
            -112.20115116224295,
            40.55223098812475
          ],
          [
            -112.20117393633201,
            40.551845988683006
          ],
          [
            -112.20118948796623,
            40.551380435339965
          ],
          [
            -112.20117392914551,
            40.55111710421149
          ],
          [
            -112.20118170675924,
            40.55091099427932
          ],
          [
            -112.20115892458533,
            40.55064432832355
          ],
          [
            -112.20110558891196,
            40.55046099567358
          ],
          [
            -112.20106725240889,
            40.550312109195886
          ],
          [
            -112.20102891590582,
            40.55017488824569
          ],
          [
            -112.2010216916543,
            40.549988221296616
          ],
          [
            -112.2009911345616,
            40.54992711169051
          ],
          [
            -112.20089168656806,
            40.54978989131659
          ],
          [
            -112.20085335006499,
            40.54963711469657
          ],
          [
            -112.20081557141573,
            40.549461560706206
          ],
          [
            -112.20078501072979,
            40.549312674054185
          ],
          [
            -112.20077723221773,
            40.549206006891644
          ],
          [
            -112.20076223035248,
            40.54901545333357
          ],
          [
            -112.20070833862195,
            40.548851563802586
          ],
          [
            -112.20068555824466,
            40.548676009800666
          ],
          [
            -112.20066277786736,
            40.54850434268971
          ],
          [
            -112.20066277607074,
            40.548374345314315
          ],
          [
            -112.20066277517243,
            40.54822934566003
          ],
          [
            -112.20063221628311,
            40.54810768017887
          ],
          [
            -112.20060943770244,
            40.5480387920534
          ],
          [
            -112.20053332165178,
            40.5477832382703
          ],
          [
            -112.20044942708908,
            40.54744768477802
          ],
          [
            -112.2004722020765,
            40.54710824217264
          ],
          [
            -112.20045664415407,
            40.54679546733034
          ],
          [
            -112.20047219399164,
            40.546333801165844
          ],
          [
            -112.20050996994595,
            40.54604769180557
          ],
          [
            -112.20056385808324,
            40.54576880332243
          ],
          [
            -112.20066274732466,
            40.545483247202036
          ],
          [
            -112.20075441321288,
            40.545166581322064
          ],
          [
            -112.20082330141875,
            40.544883802974205
          ],
          [
            -112.20094496924084,
            40.54467046870633
          ],
          [
            -112.20099830221923,
            40.54448713472031
          ],
          [
            -112.20108219139206,
            40.54426213503313
          ],
          [
            -112.20115885990661,
            40.5441365802017
          ],
          [
            -112.20126552766008,
            40.543961022714775
          ],
          [
            -112.20146386489503,
            40.54384268826061
          ],
          [
            -112.20166998064202,
            40.54372824122576
          ],
          [
            -112.20184554109296,
            40.54361379467801
          ],
          [
            -112.2020438783279,
            40.54352601394167
          ],
          [
            -112.20218110317407,
            40.54340378970679
          ],
          [
            -112.20236444123873,
            40.543297121324805
          ],
          [
            -112.20248611085744,
            40.54322100929122
          ],
          [
            -112.20267722563752,
            40.543072119005416
          ],
          [
            -112.20292111913547,
            40.542839339205734
          ],
          [
            -112.20311945637042,
            40.542671559159466
          ],
          [
            -112.20336390682384,
            40.5424921108155
          ],
          [
            -112.2036916903929,
            40.54219488576654
          ],
          [
            -112.20398169800765,
            40.5420304388814
          ],
          [
            -112.20418781375464,
            40.54190487918411
          ],
          [
            -112.20440892957026,
            40.54177876698052
          ],
          [
            -112.20463004628418,
            40.541679874918685
          ],
          [
            -112.20479060666649,
            40.541603204679134
          ],
          [
            -112.2050194991975,
            40.54155375887818
          ],
          [
            -112.2051183911339,
            40.541492647037224
          ],
          [
            -112.20565229494153,
            40.54140875128408
          ],
          [
            -112.20614842009991,
            40.54137818711246
          ],
          [
            -112.20656065428886,
            40.541378182333844
          ],
          [
            -112.20693455377135,
            40.54138595513194
          ],
          [
            -112.20730789899334,
            40.54141650496407
          ],
          [
            -112.20756735041368,
            40.541416500868124
          ],
          [
            -112.20789569363318,
            40.541420385899755
          ],
          [
            -112.20819292460114,
            40.54143538194221
          ],
          [
            -112.20846793304558,
            40.541458154866966
          ],
          [
            -112.20865071595139,
            40.54145815281899
          ],
          [
            -112.20893350111125,
            40.54145481528452
          ],
          [
            -112.20925350976154,
            40.541424255229906
          ],
          [
            -112.20958963059476,
            40.541374250196
          ],
          [
            -112.20979519208123,
            40.54134369283529
          ],
          [
            -112.20997853014589,
            40.54134035666039
          ],
          [
            -112.21008519969598,
            40.541324798764755
          ],
          [
            -112.21026076014691,
            40.541317019132954
          ],
          [
            -112.21046687769052,
            40.54127923779816
          ],
          [
            -112.21065743821008,
            40.541279235750125
          ],
          [
            -112.2108941128464,
            40.54125256680075
          ],
          [
            -112.2110846715693,
            40.54122923129069
          ],
          [
            -112.2112524544065,
            40.54121034128383
          ],
          [
            -112.21136690157032,
            40.54119144922371
          ],
          [
            -112.21151190672516,
            40.541183668893694
          ],
          [
            -112.21184024994467,
            40.541202552764055
          ],
          [
            -112.2121374809126,
            40.54119866089319
          ],
          [
            -112.2124963794282,
            40.54117587695754
          ],
          [
            -112.21278638794125,
            40.54116476180743
          ],
          [
            -112.21309917413666,
            40.54113420230312
          ],
          [
            -112.21341918368526,
            40.54111141971091
          ],
          [
            -112.21366363503701,
            40.54108419432209
          ],
          [
            -112.21412142459066,
            40.540993076809215
          ],
          [
            -112.21466310511369,
            40.54085918183869
          ],
          [
            -112.21507533840432,
            40.54077528734016
          ],
          [
            -112.21545645944339,
            40.54068417008978
          ],
          [
            -112.21605925415186,
            40.5405808288111
          ],
          [
            -112.21661649169901,
            40.54050860082357
          ],
          [
            -112.21714261699462,
            40.540462482241374
          ],
          [
            -112.21764652066504,
            40.540390252760865
          ],
          [
            -112.21795930686045,
            40.54035969222059
          ],
          [
            -112.218225981634,
            40.54030246575213
          ],
          [
            -112.2185693231255,
            40.54022968518081
          ],
          [
            -112.2189282234377,
            40.540188012668494
          ],
          [
            -112.21937045686553,
            40.540100230173394
          ],
          [
            -112.21955379403188,
            40.54005467110463
          ],
          [
            -112.21968324216263,
            40.539993559261404
          ],
          [
            -112.21992769261608,
            40.539947443738015
          ],
          [
            -112.22042326171729,
            40.53985577102681
          ],
          [
            -112.22077438261913,
            40.53979132275015
          ],
          [
            -112.22133161926796,
            40.5396690917007
          ],
          [
            -112.22221664397743,
            40.539516302916624
          ],
          [
            -112.22265887740531,
            40.539417408197444
          ],
          [
            -112.22304777605811,
            40.539341291755505
          ],
          [
            -112.22336834076557,
            40.539237953184
          ],
          [
            -112.22372724017944,
            40.539180725757284
          ],
          [
            -112.22397891218945,
            40.53907405679452
          ],
          [
            -112.22452059361082,
            40.53892904929415
          ],
          [
            -112.22488671368296,
            40.53880682281566
          ],
          [
            -112.22532950316798,
            40.53869237332088
          ],
          [
            -112.2257639589821,
            40.53856681078027
          ],
          [
            -112.22616063704525,
            40.53849402832327
          ],
          [
            -112.22660342742857,
            40.53840235567124
          ],
          [
            -112.22696176898867,
            40.538307350664056
          ],
          [
            -112.2273434460849,
            40.53826901123582
          ],
          [
            -112.22780123833348,
            40.538280672339226
          ],
          [
            -112.2282740270574,
            40.53817733281437
          ],
          [
            -112.22863292557298,
            40.538123993800575
          ],
          [
            -112.22907515900083,
            40.53799065632075
          ],
          [
            -112.22934238983154,
            40.53792176325126
          ],
          [
            -112.22965517423033,
            40.53779953766577
          ],
          [
            -112.22999073810807,
            40.537688975794474
          ],
          [
            -112.23022741274441,
            40.53761675219869
          ],
          [
            -112.23069297811512,
            40.53746396692632
          ],
          [
            -112.23110465714521,
            40.537402850671675
          ],
          [
            -112.23152466804957,
            40.53737229013397
          ],
          [
            -112.23193634707967,
            40.53728117303392
          ],
          [
            -112.23226468940085,
            40.53718950213584
          ],
          [
            -112.23276025670545,
            40.537097827698794
          ],
          [
            -112.23313415708625,
            40.53704448987363
          ],
          [
            -112.23343194231472,
            40.53701004183718
          ],
          [
            -112.23379028567145,
            40.53697947975492
          ],
          [
            -112.23405751740049,
            40.53696447725333
          ],
          [
            -112.23429418934188,
            40.53694169597381
          ],
          [
            -112.23447697224769,
            40.53692224971623
          ],
          [
            -112.23466808882436,
            40.53690724720179
          ],
          [
            -112.23488142702627,
            40.53685390922496
          ],
          [
            -112.23504198740856,
            40.5368272419274
          ],
          [
            -112.23530866128381,
            40.53678890370025
          ],
          [
            -112.23560644830891,
            40.536773344747566
          ],
          [
            -112.23585812031891,
            40.536701118799314
          ],
          [
            -112.23612535025131,
            40.53664778202378
          ],
          [
            -112.23635424457896,
            40.5366016682935
          ],
          [
            -112.23674314413009,
            40.53648721776245
          ],
          [
            -112.23694148316167,
            40.53644554906655
          ],
          [
            -112.23706370883755,
            40.536411102770316
          ],
          [
            -112.23729260226688,
            40.53633498905711
          ]
        ]
      },
      "properties": {
        "OBJECTID": 64179,
        "fault_name": "Oquirrh fault zone",
        "section_name": "",
        "fault_id": "2398",
        "section_id": "",
        "Location": "Utah",
        "linetype": "Well Constrained",
        "age": "latest Quaternary",
        "dip_direction": "NW",
        "slip_rate": "Between 0.2 and 1.0 mm/yr",
        "slip_sense": "Normal",
        "mapped_scale": "1:24,000",
        "class": "A",
        "mapped_certainty": "Good",
        "strike": "N1\u00b0E",
        "total_fault_length": 21,
        "cooperators": "Utah Geological Survey",
        "earthquake": "",
        "last_review": 1086048000000,
        "fault_url": "https://earthquake.usgs.gov/cfusion/qfault/show_report_AB_archive.cfm?fault_id=2398&section_id=",
        "symbology": "latest Quaternary Well Constrained",
        "ref_id": "2398",
        "Fault_ID_num": 2398,
        "Shape_Length": 6945.021639249445,
        "archive_pdf": "https://earthquake.usgs.gov/static/lfs/nshm/qfaults/Reports/2398.pdf",
        "type": "faults"
      }
    },
    {
      "type": "Feature",
      "id": 64180,
      "geometry": {
        "type": "LineString",
        "coordinates": [
          [
            -112.25674113715124,
            40.60189012010232
          ],
          [
            -112.25660390781346,
            40.60175289918017
          ],
          [
            -112.2563977875749,
            40.60167234527272
          ],
          [
            -112.2560999951599,
            40.60144012731952
          ],
          [
            -112.25590165073844,
            40.601275684783644
          ],
          [
            -112.2556960856587,
            40.601104020258475
          ],
          [
            -112.25550496459043,
            40.60096291069011
          ],
          [
            -112.25520772823259,
            40.60076069329584
          ],
          [
            -112.25500938560775,
            40.60058513971161
          ],
          [
            -112.25481826543779,
            40.60044792020289
          ],
          [
            -112.25465047810903,
            40.60032625414912
          ],
          [
            -112.25449047019062,
            40.60016958985154
          ],
          [
            -112.25434546234082,
            40.6000207027723
          ],
          [
            -112.25427656964337,
            40.59984903775247
          ],
          [
            -112.25396377626143,
            40.599574596795485
          ],
          [
            -112.25379598803435,
            40.59933793194981
          ],
          [
            -112.25372709443857,
            40.599174044224796
          ],
          [
            -112.25365097928623,
            40.598937379325186
          ],
          [
            -112.25362819801066,
            40.598777377777985
          ],
          [
            -112.25357486143896,
            40.59862071394299
          ],
          [
            -112.2535137445586,
            40.5984757146838
          ],
          [
            -112.25340707141524,
            40.598227938907506
          ],
          [
            -112.25329984401135,
            40.598037383716004
          ],
          [
            -112.25315539042211,
            40.59781238667198
          ],
          [
            -112.25303316205127,
            40.597690164693944
          ],
          [
            -112.25296426755719,
            40.59756405526234
          ],
          [
            -112.25284259614183,
            40.59744572415999
          ],
          [
            -112.2525220260445,
            40.59732017085467
          ],
          [
            -112.2522470140068,
            40.597171286296465
          ],
          [
            -112.25199533391198,
            40.59704517725023
          ],
          [
            -112.25172087703311,
            40.59692740182014
          ],
          [
            -112.25145364440576,
            40.59678573775716
          ],
          [
            -112.251263077598,
            40.596667963234246
          ],
          [
            -112.25104140123365,
            40.59653796526681
          ],
          [
            -112.25084305681219,
            40.59641963371253
          ],
          [
            -112.25075916494441,
            40.59639296831132
          ],
          [
            -112.25069860771448,
            40.59635852420669
          ],
          [
            -112.25059915972096,
            40.596309081330276
          ],
          [
            -112.25049248927253,
            40.59622130420746
          ],
          [
            -112.25024081366931,
            40.59600408592528
          ]
        ]
      },
      "properties": {
        "OBJECTID": 64180,
        "fault_name": "Oquirrh fault zone",
        "section_name": "",
        "fault_id": "2398",
        "section_id": "",
        "Location": "Utah",
        "linetype": "Well Constrained",
        "age": "latest Quaternary",
        "dip_direction": "SW",
        "slip_rate": "Between 0.2 and 1.0 mm/yr",
        "slip_sense": "Normal",
        "mapped_scale": "1:24,000",
        "class": "A",
        "mapped_certainty": "Good",
        "strike": "N1\u00b0E",
        "total_fault_length": 21,
        "cooperators": "Utah Geological Survey",
        "earthquake": "",
        "last_review": 1086048000000,
        "fault_url": "https://earthquake.usgs.gov/cfusion/qfault/show_report_AB_archive.cfm?fault_id=2398&section_id=",
        "symbology": "latest Quaternary Well Constrained",
        "ref_id": "2398",
        "Fault_ID_num": 2398,
        "Shape_Length": 1164.9742118221238,
        "archive_pdf": "https://earthquake.usgs.gov/static/lfs/nshm/qfaults/Reports/2398.pdf",
        "type": "faults"
      }
    },
    {
      "type": "Feature",
      "id": 64181,
      "geometry": {
        "type": "LineString",
        "coordinates": [
          [
            -112.25401087313514,
            40.694663220124994
          ],
          [
            -112.25381975296519,
            40.6945409996614
          ],
          [
            -112.25361363092999,
            40.694381003073644
          ],
          [
            -112.25349918017291,
            40.69422045032177
          ],
          [
            -112.2533163918772,
            40.69403767478644
          ],
          [
            -112.25317916164113,
            40.69380878578139
          ],
          [
            -112.25307193244063,
            40.69355323396124
          ],
          [
            -112.25296525839894,
            40.69332045822951
          ],
          [
            -112.25285080764186,
            40.6930993478097
          ],
          [
            -112.25269857733718,
            40.69285879622705
          ],
          [
            -112.25246189731095,
            40.6926110211883
          ],
          [
            -112.2523318904281,
            40.692462133132516
          ],
          [
            -112.25216410309932,
            40.69232880225543
          ],
          [
            -112.25190464628909,
            40.6922065843208
          ],
          [
            -112.2518057525561,
            40.6921226957558
          ],
          [
            -112.2515690743265,
            40.692008255214105
          ],
          [
            -112.25135573163303,
            40.69188603532923
          ],
          [
            -112.25119516765746,
            40.69181381475432
          ],
          [
            -112.2510123811584,
            40.691741038300634
          ],
          [
            -112.25085181897947,
            40.691683818748274
          ],
          [
            -112.2506995895731,
            40.69164215273174
          ],
          [
            -112.2505695862835,
            40.69164215409397
          ],
          [
            -112.2504018034463,
            40.691615489246466
          ],
          [
            -112.2502951320996,
            40.69159215715553
          ],
          [
            -112.25019568500437,
            40.691554381015216
          ],
          [
            -112.25003567888258,
            40.691481604278174
          ],
          [
            -112.24989067462606,
            40.69139382826341
          ],
          [
            -112.2498445623059,
            40.691356049967226
          ],
          [
            -112.24973789006084,
            40.69127605096238
          ],
          [
            -112.24964621968105,
            40.69120716387514
          ],
          [
            -112.24953177341555,
            40.69113827671669
          ],
          [
            -112.24935676632683,
            40.69103161168805
          ],
          [
            -112.24918842743247,
            40.69087550209528
          ],
          [
            -112.24903619712781,
            40.69073772634026
          ],
          [
            -112.24879952159316,
            40.69051272893498
          ],
          [
            -112.24864673882459,
            40.69035661880774
          ],
          [
            -112.24855562270531,
            40.690215511187304
          ],
          [
            -112.24850173187312,
            40.690131620796784
          ],
          [
            -112.24843339523281,
            40.69002106617732
          ]
        ]
      },
      "properties": {
        "OBJECTID": 64181,
        "fault_name": "Oquirrh fault zone",
        "section_name": "",
        "fault_id": "2398",
        "section_id": "",
        "Location": "Utah",
        "linetype": "Well Constrained",
        "age": "latest Quaternary",
        "dip_direction": "SW",
        "slip_rate": "Between 0.2 and 1.0 mm/yr",
        "slip_sense": "Normal",
        "mapped_scale": "1:24,000",
        "class": "A",
        "mapped_certainty": "Good",
        "strike": "N1\u00b0E",
        "total_fault_length": 21,
        "cooperators": "Utah Geological Survey",
        "earthquake": "",
        "last_review": 1086048000000,
        "fault_url": "https://earthquake.usgs.gov/cfusion/qfault/show_report_AB_archive.cfm?fault_id=2398&section_id=",
        "symbology": "latest Quaternary Well Constrained",
        "ref_id": "2398",
        "Fault_ID_num": 2398,
        "Shape_Length": 959.9986150217055,
        "archive_pdf": "https://earthquake.usgs.gov/static/lfs/nshm/qfaults/Reports/2398.pdf",
        "type": "faults"
      }
    },
    {
      "type": "Feature",
      "id": 64182,
      "geometry": {
        "type": "LineString",
        "coordinates": [
          [
            -112.24863075689736,
            40.59516077480223
          ],
          [
            -112.24843241606914,
            40.594958554863325
          ],
          [
            -112.2482568547199,
            40.59485578029789
          ],
          [
            -112.24804295776592,
            40.59471856130709
          ],
          [
            -112.24786795157553,
            40.594592451727124
          ],
          [
            -112.24769961178288,
            40.59442078777516
          ],
          [
            -112.24754738417315,
            40.59429912303051
          ],
          [
            -112.2473718228239,
            40.5941196827828
          ],
          [
            -112.24714292400465,
            40.59392913020633
          ],
          [
            -112.24700569556522,
            40.59379524287492
          ],
          [
            -112.24691402518543,
            40.59368857701949
          ],
          [
            -112.24677679944094,
            40.5935819137224
          ],
          [
            -112.24672346376758,
            40.59352857928151
          ],
          [
            -112.24663957189985,
            40.59346358102902
          ]
        ]
      },
      "properties": {
        "OBJECTID": 64182,
        "fault_name": "Oquirrh fault zone",
        "section_name": "",
        "fault_id": "2398",
        "section_id": "",
        "Location": "Utah",
        "linetype": "Well Constrained",
        "age": "latest Quaternary",
        "dip_direction": "SW",
        "slip_rate": "Between 0.2 and 1.0 mm/yr",
        "slip_sense": "Normal",
        "mapped_scale": "1:24,000",
        "class": "A",
        "mapped_certainty": "Good",
        "strike": "N1\u00b0E",
        "total_fault_length": 21,
        "cooperators": "Utah Geological Survey",
        "earthquake": "",
        "last_review": 1086048000000,
        "fault_url": "https://earthquake.usgs.gov/cfusion/qfault/show_report_AB_archive.cfm?fault_id=2398&section_id=",
        "symbology": "latest Quaternary Well Constrained",
        "ref_id": "2398",
        "Fault_ID_num": 2398,
        "Shape_Length": 334.7959403780089,
        "archive_pdf": "https://earthquake.usgs.gov/static/lfs/nshm/qfaults/Reports/2398.pdf",
        "type": "faults"
      }
    },
    {
      "type": "Feature",
      "id": 64183,
      "geometry": {
        "type": "LineString",
        "coordinates": [
          [
            -112.2422371649493,
            40.58798587520949
          ],
          [
            -112.24190881993314,
            40.58785976793972
          ],
          [
            -112.2416571452282,
            40.58775699269593
          ],
          [
            -112.24150436156131,
            40.587684217999765
          ],
          [
            -112.24133657872412,
            40.58761588633689
          ],
          [
            -112.24116101737489,
            40.58754311080503
          ],
          [
            -112.24095545499009,
            40.5874475581353
          ],
          [
            -112.24081044983525,
            40.587383114735026
          ],
          [
            -112.24058877526754,
            40.5873370072911
          ],
          [
            -112.2403526575867,
            40.587272565830915
          ],
          [
            -112.24010820533663,
            40.58719201494166
          ],
          [
            -112.23992542243084,
            40.58715423766269
          ],
          [
            -112.23955929966374,
            40.587077575835295
          ],
          [
            -112.23932984658396,
            40.586898691301684
          ],
          [
            -112.23923873226133,
            40.58684146981651
          ],
          [
            -112.23915483859695,
            40.586772581981805
          ],
          [
            -112.23907039157035,
            40.586745918190886
          ],
          [
            -112.23893316672417,
            40.58674592023753
          ],
          [
            -112.23877316239903,
            40.58675369800193
          ],
          [
            -112.23862038142708,
            40.58675758995371
          ],
          [
            -112.23847537357727,
            40.58674203578923
          ],
          [
            -112.23812480873262,
            40.58664648470381
          ],
          [
            -112.23783479932125,
            40.58653593321763
          ],
          [
            -112.23748367572445,
            40.58641038330297
          ],
          [
            -112.23715588676548,
            40.58626538689797
          ],
          [
            -112.23660642323878,
            40.585853172041936
          ],
          [
            -112.23621696493556,
            40.585693178751164
          ],
          [
            -112.23599584642501,
            40.58557873571566
          ],
          [
            -112.2357825064265,
            40.58546429589545
          ],
          [
            -112.23561472179267,
            40.58535763107733
          ],
          [
            -112.23542360431766,
            40.585208745123836
          ],
          [
            -112.23517970632814,
            40.58506374884259
          ],
          [
            -112.23500414497892,
            40.58491875088261
          ],
          [
            -112.2347141346692,
            40.5847432007272
          ],
          [
            -112.23440134577885,
            40.58455264871986
          ],
          [
            -112.23390521702721,
            40.5842776551369
          ],
          [
            -112.23367631910632,
            40.58411765875951
          ],
          [
            -112.23340964343444,
            40.583987662998716
          ],
          [
            -112.23327241768995,
            40.583907666216604
          ],
          [
            -112.23312741343342,
            40.583881001283515
          ],
          [
            -112.23289851641081,
            40.58375933919354
          ]
        ]
      },
      "properties": {
        "OBJECTID": 64183,
        "fault_name": "Oquirrh fault zone",
        "section_name": "",
        "fault_id": "2398",
        "section_id": "",
        "Location": "Utah",
        "linetype": "Well Constrained",
        "age": "latest Quaternary",
        "dip_direction": "SW",
        "slip_rate": "Between 0.2 and 1.0 mm/yr",
        "slip_sense": "Normal",
        "mapped_scale": "1:24,000",
        "class": "A",
        "mapped_certainty": "Good",
        "strike": "N1\u00b0E",
        "total_fault_length": 21,
        "cooperators": "Utah Geological Survey",
        "earthquake": "",
        "last_review": 1086048000000,
        "fault_url": "https://earthquake.usgs.gov/cfusion/qfault/show_report_AB_archive.cfm?fault_id=2398&section_id=",
        "symbology": "latest Quaternary Well Constrained",
        "ref_id": "2398",
        "Fault_ID_num": 2398,
        "Shape_Length": 1235.0354492834385,
        "archive_pdf": "https://earthquake.usgs.gov/static/lfs/nshm/qfaults/Reports/2398.pdf",
        "type": "faults"
      }
    },
    {
      "type": "Feature",
      "id": 64184,
      "geometry": {
        "type": "LineString",
        "coordinates": [
          [
            -112.23260850430448,
            40.58356045227539
          ],
          [
            -112.23245572243422,
            40.5835187883097
          ],
          [
            -112.23217349063657,
            40.583385458669476
          ],
          [
            -112.23195959368259,
            40.58324435195632
          ],
          [
            -112.23166236091802,
            40.58310657767505
          ],
          [
            -112.23142568628167,
            40.58296546969132
          ],
          [
            -112.23111289739133,
            40.58278991986715
          ],
          [
            -112.23097566985021,
            40.5827404771913
          ],
          [
            -112.23079233088724,
            40.582622147144974
          ],
          [
            -112.2306473257324,
            40.582488815035184
          ],
          [
            -112.2304184287098,
            40.58232104224003
          ],
          [
            -112.23024342341772,
            40.58221826598959
          ],
          [
            -112.23001452459847,
            40.58204993580133
          ],
          [
            -112.22985396421618,
            40.581977715703765
          ],
          [
            -112.22960228861291,
            40.5818593856726
          ],
          [
            -112.22938117010237,
            40.581733277767
          ],
          [
            -112.22917505166042,
            40.58161161381728
          ],
          [
            -112.22900726792491,
            40.581538839256766
          ],
          [
            -112.22873225858214,
            40.58134051132585
          ],
          [
            -112.22854947298141,
            40.58115384599598
          ],
          [
            -112.22839669111112,
            40.58105829306746
          ],
          [
            -112.22829779737812,
            40.58098218370518
          ],
          [
            -112.22821390640868,
            40.58088662984918
          ],
          [
            -112.22812223423227,
            40.58079107585664
          ],
          [
            -112.2280455648194,
            40.580741631703276
          ],
          [
            -112.227969452362,
            40.58072274329157
          ],
          [
            -112.22787778377882,
            40.580703300877914
          ],
          [
            -112.22781722475227,
            40.58067663466743
          ],
          [
            -112.22774833385145,
            40.58064996981085
          ],
          [
            -112.22771000004333,
            40.58064274669827
          ],
          [
            -112.22758832772968,
            40.58056608422994
          ],
          [
            -112.2274811012241,
            40.58039830729455
          ],
          [
            -112.22738942994599,
            40.580326086096065
          ],
          [
            -112.2272144237556,
            40.58014664383148
          ],
          [
            -112.22700830531366,
            40.57998275887228
          ],
          [
            -112.22677163067732,
            40.579799428788455
          ],
          [
            -112.22662662642078,
            40.57966998819238
          ],
          [
            -112.22639772760155,
            40.579578322784684
          ],
          [
            -112.22603938244819,
            40.57941832881204
          ],
          [
            -112.22565770355534,
            40.57928055688448
          ],
          [
            -112.22537547175769,
            40.5791433386827
          ],
          [
            -112.2251921318964,
            40.579059451894786
          ],
          [
            -112.2249254544279,
            40.57892223392177
          ],
          [
            -112.2246887815882,
            40.578815570269796
          ],
          [
            -112.22440654979054,
            40.5786666847644
          ],
          [
            -112.22416209843882,
            40.57859390972919
          ],
          [
            -112.22397931283804,
            40.57852557969576
          ],
          [
            -112.22374263999836,
            40.578422249738885
          ],
          [
            -112.22353652065809,
            40.57831947568562
          ],
          [
            -112.22327706744112,
            40.578166700718434
          ],
          [
            -112.22307872840952,
            40.578078925707665
          ],
          [
            -112.22282705100965,
            40.57791504182358
          ],
          [
            -112.22250648540388,
            40.577716712700905
          ],
          [
            -112.22230092122247,
            40.57753727230679
          ],
          [
            -112.22202591187968,
            40.577342833199246
          ],
          [
            -112.22183534686859,
            40.57712172385217
          ],
          [
            -112.22161422835802,
            40.576923393742305
          ],
          [
            -112.22126310386292,
            40.576641178682706
          ],
          [
            -112.22106476393301,
            40.57649229174973
          ],
          [
            -112.22085086697905,
            40.57630507386912
          ],
          [
            -112.22060696719286,
            40.57609563266873
          ],
          [
            -112.22041640667335,
            40.57593507974241
          ],
          [
            -112.22025584359609,
            40.57577897101192
          ],
          [
            -112.22009583837263,
            40.57560341870362
          ],
          [
            -112.21988971903237,
            40.57543953284936
          ],
          [
            -112.21967582118006,
            40.57521064834102
          ],
          [
            -112.21953859274063,
            40.574962872329344
          ],
          [
            -112.21937080720849,
            40.57475676416677
          ],
          [
            -112.21910412884169,
            40.57443232516482
          ],
          [
            -112.21895134697142,
            40.574264549904456
          ],
          [
            -112.21879856330453,
            40.574146219194006
          ],
          [
            -112.21871466964015,
            40.57399344288493
          ],
          [
            -112.21860022067969,
            40.57388677819804
          ],
          [
            -112.21849355023126,
            40.57375733571461
          ],
          [
            -112.21838687888454,
            40.57368844805125
          ],
          [
            -112.21831020767506,
            40.573543449997466
          ],
          [
            -112.21829520760643,
            40.57348622800456
          ],
          [
            -112.21827242902577,
            40.573334006293145
          ],
          [
            -112.21821131394206,
            40.57319623002393
          ],
          [
            -112.21818075684934,
            40.573097342736276
          ],
          [
            -112.21810464169701,
            40.5729940098543
          ],
          [
            -112.21807408190934,
            40.57268901114732
          ],
          [
            -112.21802796689424,
            40.57245623604602
          ],
          [
            -112.21797463122088,
            40.57222345877018
          ],
          [
            -112.21794407233155,
            40.57205568274763
          ],
          [
            -112.21788295724782,
            40.57190679516344
          ],
          [
            -112.21785240015512,
            40.57177346216744
          ],
          [
            -112.21779184023023,
            40.571564019064006
          ],
          [
            -112.21776850559243,
            40.57141513175059
          ],
          [
            -112.217676833416,
            40.571132911198234
          ],
          [
            -112.21763905207176,
            40.570937911683586
          ],
          [
            -112.21760071736533,
            40.57079680191457
          ],
          [
            -112.21753237892841,
            40.57060624907461
          ],
          [
            -112.21746348533264,
            40.5703623632477
          ],
          [
            -112.21740237204554,
            40.570160142019844
          ],
          [
            -112.21735681129097,
            40.56993514330034
          ],
          [
            -112.2171812481451,
            40.56959181324814
          ],
          [
            -112.21712790887848,
            40.569248480752094
          ],
          [
            -112.2170512385673,
            40.56899237330551
          ],
          [
            -112.21695234213934,
            40.56869126369208
          ],
          [
            -112.21679177816377,
            40.568313491227954
          ],
          [
            -112.21659343643725,
            40.56800849370621
          ],
          [
            -112.21631120014803,
            40.56744405474964
          ],
          [
            -112.2161128584215,
            40.56716183587453
          ],
          [
            -112.21589951662635,
            40.5668907287387
          ],
          [
            -112.21574673206115,
            40.5666501772508
          ],
          [
            -112.21560172421135,
            40.56640240229549
          ],
          [
            -112.21541894040723,
            40.56618518269888
          ],
          [
            -112.21521281927033,
            40.5659179627238
          ],
          [
            -112.21495336425673,
            40.56562796811221
          ],
          [
            -112.21481613671561,
            40.56544908217689
          ],
          [
            -112.21463279595602,
            40.56528075210596
          ],
          [
            -112.21438112035274,
            40.565044644902486
          ],
          [
            -112.21432000526903,
            40.56493742478997
          ],
          [
            -112.2141444439198,
            40.56483464913137
          ]
        ]
      },
      "properties": {
        "OBJECTID": 64184,
        "fault_name": "Oquirrh fault zone",
        "section_name": "",
        "fault_id": "2398",
        "section_id": "",
        "Location": "Utah",
        "linetype": "Well Constrained",
        "age": "latest Quaternary",
        "dip_direction": "SW",
        "slip_rate": "Between 0.2 and 1.0 mm/yr",
        "slip_sense": "Normal",
        "mapped_scale": "1:24,000",
        "class": "A",
        "mapped_certainty": "Good",
        "strike": "N1\u00b0E",
        "total_fault_length": 21,
        "cooperators": "Utah Geological Survey",
        "earthquake": "",
        "last_review": 1086048000000,
        "fault_url": "https://earthquake.usgs.gov/cfusion/qfault/show_report_AB_archive.cfm?fault_id=2398&section_id=",
        "symbology": "latest Quaternary Well Constrained",
        "ref_id": "2398",
        "Fault_ID_num": 2398,
        "Shape_Length": 3589.5975007706897,
        "archive_pdf": "https://earthquake.usgs.gov/static/lfs/nshm/qfaults/Reports/2398.pdf",
        "type": "faults"
      }
    },
    {
      "type": "Feature",
      "id": 64185,
      "geometry": {
        "type": "LineString",
        "coordinates": [
          [
            -112.21373276129644,
            40.564464655726496
          ],
          [
            -112.21358775524328,
            40.56428132611443
          ],
          [
            -112.21335107970864,
            40.56406410577573
          ],
          [
            -112.21312218178771,
            40.56378577822022
          ],
          [
            -112.21287050528613,
            40.56356078195508
          ],
          [
            -112.21259549414675,
            40.56333523215807
          ],
          [
            -112.21241270944431,
            40.56316745773712
          ],
          [
            -112.21221437041274,
            40.563083570710184
          ],
          [
            -112.21206936525789,
            40.56297690569424
          ],
          [
            -112.21189380211202,
            40.562805243854505
          ],
          [
            -112.21142822955477,
            40.56245802821882
          ],
          [
            -112.21113822014338,
            40.56227525476682
          ],
          [
            -112.21097043640788,
            40.5621719242826
          ],
          [
            -112.21080265267237,
            40.562061371932515
          ],
          [
            -112.21061209035621,
            40.561935819079224
          ],
          [
            -112.21045152817726,
            40.56183248807103
          ],
          [
            -112.21025318824738,
            40.56168026987865
          ],
          [
            -112.21015429541269,
            40.561603604791756
          ],
          [
            -112.21000151264411,
            40.56155027419693
          ],
          [
            -112.20977261741815,
            40.56143194284243
          ],
          [
            -112.20955927562302,
            40.561317502663236
          ],
          [
            -112.20938371337546,
            40.561214726223454
          ],
          [
            -112.20918537344556,
            40.561115286863284
          ],
          [
            -112.20881924888184,
            40.56087140330241
          ],
          [
            -112.2086203537931,
            40.56075307279522
          ],
          [
            -112.20836867729153,
            40.5606197441932
          ],
          [
            -112.20817811587368,
            40.56048196904628
          ],
          [
            -112.20798755265919,
            40.560383082079994
          ],
          [
            -112.20784254930098,
            40.56027975208722
          ],
          [
            -112.20770532265816,
            40.56022308725086
          ],
          [
            -112.20749920421623,
            40.56013142522983
          ]
        ]
      },
      "properties": {
        "OBJECTID": 64185,
        "fault_name": "Oquirrh fault zone",
        "section_name": "",
        "fault_id": "2398",
        "section_id": "",
        "Location": "Utah",
        "linetype": "Well Constrained",
        "age": "latest Quaternary",
        "dip_direction": "SW",
        "slip_rate": "Between 0.2 and 1.0 mm/yr",
        "slip_sense": "Normal",
        "mapped_scale": "1:24,000",
        "class": "A",
        "mapped_certainty": "Good",
        "strike": "N1\u00b0E",
        "total_fault_length": 21,
        "cooperators": "Utah Geological Survey",
        "earthquake": "",
        "last_review": 1086048000000,
        "fault_url": "https://earthquake.usgs.gov/cfusion/qfault/show_report_AB_archive.cfm?fault_id=2398&section_id=",
        "symbology": "latest Quaternary Well Constrained",
        "ref_id": "2398",
        "Fault_ID_num": 2398,
        "Shape_Length": 949.8280829376106,
        "archive_pdf": "https://earthquake.usgs.gov/static/lfs/nshm/qfaults/Reports/2398.pdf",
        "type": "faults"
      }
    },
    {
      "type": "Feature",
      "id": 64186,
      "geometry": {
        "type": "LineString",
        "coordinates": [
          [
            -112.25753495141834,
            40.6448088803163
          ],
          [
            -112.2575349487234,
            40.64472499004283
          ],
          [
            -112.25752716931304,
            40.64460276798901
          ],
          [
            -112.25747383274134,
            40.64447721399677
          ],
          [
            -112.25738993907697,
            40.64435888213183
          ],
          [
            -112.25727548831989,
            40.64419499372684
          ],
          [
            -112.2572221508499,
            40.64409555095797
          ],
          [
            -112.2571915937572,
            40.644007773896334
          ],
          [
            -112.25713825808383,
            40.643939441877535
          ],
          [
            -112.25711547860485,
            40.64388221810325
          ],
          [
            -112.2570849197155,
            40.64377166381088
          ],
          [
            -112.2571154759099,
            40.64364555273538
          ],
          [
            -112.2571304750802,
            40.64348166394205
          ],
          [
            -112.25718380805861,
            40.643317774746336
          ],
          [
            -112.25722991858214,
            40.64314221982521
          ],
          [
            -112.2572526962645,
            40.64287499789366
          ],
          [
            -112.25727547215021,
            40.642703333228674
          ],
          [
            -112.25726047118327,
            40.642615555017805
          ],
          [
            -112.25730602564965,
            40.642451665740325
          ],
          [
            -112.25731380326339,
            40.642348333022674
          ],
          [
            -112.25728324527236,
            40.64217666632154
          ],
          [
            -112.25725268728134,
            40.642077778805074
          ],
          [
            -112.257222128392,
            40.64190611208976
          ],
          [
            -112.25704656255121,
            40.64163889202588
          ],
          [
            -112.2570237830722,
            40.64156667222988
          ],
          [
            -112.2569626688868,
            40.64144056175972
          ],
          [
            -112.25694766612325,
            40.64133000614972
          ],
          [
            -112.25694766522493,
            40.64121945103821
          ],
          [
            -112.25698544387421,
            40.641147228061826
          ],
          [
            -112.25700877761372,
            40.64111667331721
          ],
          [
            -112.25705433567336,
            40.64107056067684
          ],
          [
            -112.25720711844194,
            40.64098666979466
          ],
          [
            -112.25746657255722,
            40.64091777914038
          ],
          [
            -112.25764935815798,
            40.640880000188396
          ],
          [
            -112.25790103465955,
            40.64084166430852
          ],
          [
            -112.2580993763861,
            40.64081499618332
          ],
          [
            -112.258282718044,
            40.64080332772497
          ],
          [
            -112.25845828029153,
            40.64080332704331
          ],
          [
            -112.25858773021893,
            40.64079610225021
          ],
          [
            -112.2587482932962,
            40.64078054498247
          ],
          [
            -112.25888552083731,
            40.64078054430086
          ],
          [
            -112.2589771912171,
            40.640765543255014
          ],
          [
            -112.25913719644056,
            40.64072331781837
          ],
          [
            -112.25926720062849,
            40.64062443019376
          ],
          [
            -112.25941165242111,
            40.64056720494071
          ],
          [
            -112.25948054242362,
            40.640517760008635
          ],
          [
            -112.25957999041715,
            40.6404449807265
          ],
          [
            -112.25970166093418,
            40.640349427336865
          ],
          [
            -112.25984666698736,
            40.64027331390193
          ],
          [
            -112.25997667117527,
            40.64020442523806
          ],
          [
            -112.26006834155505,
            40.64013219980011
          ],
          [
            -112.26020556909617,
            40.64006331030894
          ],
          [
            -112.26028946186223,
            40.640036643236115
          ],
          [
            -112.2603577958076,
            40.64001386432195
          ],
          [
            -112.26041168843642,
            40.64000275331869
          ],
          [
            -112.26064780791391,
            40.63993386233066
          ],
          [
            -112.26091504143959,
            40.63992996870347
          ],
          [
            -112.26103726801377,
            40.6399416359512
          ],
          [
            -112.26118949742013,
            40.63995274628297
          ],
          [
            -112.26135005959907,
            40.63999107722011
          ],
          [
            -112.26147951132307,
            40.64000607503171
          ],
          [
            -112.26160951730763,
            40.640013852052135
          ],
          [
            -112.26176174401904,
            40.63999107176687
          ],
          [
            -112.26184563678511,
            40.639979405209395
          ],
          [
            -112.26218898276818,
            40.63983440230677
          ],
          [
            -112.26244843688349,
            40.63965162285032
          ],
          [
            -112.26269288823522,
            40.63936551032977
          ],
          [
            -112.26289122816513,
            40.63915161906996
          ],
          [
            -112.26302067629588,
            40.6389688411523
          ],
          [
            -112.26316568055242,
            40.638762729877755
          ],
          [
            -112.26329512688652,
            40.638598839320686
          ],
          [
            -112.26341013100584,
            40.63845383819093
          ],
          [
            -112.26349402197528,
            40.638366059845254
          ],
          [
            -112.26353179972624,
            40.638221060254885
          ],
          [
            -112.26360847003743,
            40.63815994875463
          ],
          [
            -112.26366902726735,
            40.6380760589863
          ],
          [
            -112.26374569578192,
            40.63799994773094
          ],
          [
            -112.26381403062557,
            40.6379160577616
          ],
          [
            -112.26382958675134,
            40.637820502797105
          ],
          [
            -112.26382958585305,
            40.6376638371047
          ],
          [
            -112.26375346620912,
            40.63728661718255
          ],
          [
            -112.26354734327559,
            40.63704606326483
          ],
          [
            -112.263280107055,
            40.63668773427158
          ],
          [
            -112.26305120643913,
            40.63642051581383
          ],
          [
            -112.26289841917897,
            40.63624885022885
          ],
          [
            -112.2627611889429,
            40.63601218506433
          ],
          [
            -112.26265451669788,
            40.63582551968198
          ],
          [
            -112.2625478426562,
            40.63568441185723
          ],
          [
            -112.26238727957895,
            40.6355544141163
          ],
          [
            -112.26220449397819,
            40.635466636730236
          ],
          [
            -112.2620594870267,
            40.63539441571022
          ],
          [
            -112.26187614267384,
            40.63527608478607
          ],
          [
            -112.26162446707059,
            40.635214976725365
          ],
          [
            -112.26131167458698,
            40.6351655360094
          ],
          [
            -112.26119722472819,
            40.63509275907266
          ],
          [
            -112.26092999120253,
            40.635066094786204
          ],
          [
            -112.26080831978719,
            40.6350016523007
          ],
          [
            -112.26067053259565,
            40.634814431908154
          ],
          [
            -112.26056386035063,
            40.634634989319345
          ],
          [
            -112.26047218458093,
            40.63437943631905
          ],
          [
            -112.26035773562046,
            40.63413943706935
          ],
          [
            -112.26025106068047,
            40.6338644388569
          ],
          [
            -112.2601749437315,
            40.63358999579706
          ],
          [
            -112.26011382864779,
            40.633379995722095
          ],
          [
            -112.26002215557303,
            40.633197219727506
          ],
          [
            -112.25997659571676,
            40.63289944515508
          ],
          [
            -112.25992325824677,
            40.63271666784503
          ],
          [
            -112.25989269756083,
            40.63249889121876
          ],
          [
            -112.25983936188746,
            40.63233500300981
          ],
          [
            -112.25980880299814,
            40.632132781698374
          ],
          [
            -112.25974768701606,
            40.63193833909919
          ],
          [
            -112.25971712722843,
            40.63176667221588
          ],
          [
            -112.25964823542928,
            40.63157222991405
          ],
          [
            -112.25955656055791,
            40.63140445416892
          ],
          [
            -112.25957211578537,
            40.63120945518898
          ],
          [
            -112.25957211488705,
            40.63108389918473
          ],
          [
            -112.25957989339908,
            40.63098445529123
          ],
          [
            -112.25956433457839,
            40.63088556687577
          ]
        ]
      },
      "properties": {
        "OBJECTID": 64186,
        "fault_name": "Oquirrh fault zone",
        "section_name": "",
        "fault_id": "2398",
        "section_id": "",
        "Location": "Utah",
        "linetype": "Well Constrained",
        "age": "latest Quaternary",
        "dip_direction": "W",
        "slip_rate": "Between 0.2 and 1.0 mm/yr",
        "slip_sense": "Normal",
        "mapped_scale": "1:24,000",
        "class": "A",
        "mapped_certainty": "Good",
        "strike": "N1\u00b0E",
        "total_fault_length": 21,
        "cooperators": "Utah Geological Survey",
        "earthquake": "",
        "last_review": 1086048000000,
        "fault_url": "https://earthquake.usgs.gov/cfusion/qfault/show_report_AB_archive.cfm?fault_id=2398&section_id=",
        "symbology": "latest Quaternary Well Constrained",
        "ref_id": "2398",
        "Fault_ID_num": 2398,
        "Shape_Length": 2750.4582717362096,
        "archive_pdf": "https://earthquake.usgs.gov/static/lfs/nshm/qfaults/Reports/2398.pdf",
        "type": "faults"
      }
    },
    {
      "type": "Feature",
      "id": 64187,
      "geometry": {
        "type": "LineString",
        "coordinates": [
          [
            -112.25801512159896,
            40.606021206882616
          ],
          [
            -112.25799234122167,
            40.60581509689861
          ],
          [
            -112.2580078946525,
            40.60559398619807
          ],
          [
            -112.25795455358923,
            40.60519343218632
          ],
          [
            -112.25793121895141,
            40.60492621115548
          ],
          [
            -112.25784732259208,
            40.604739546866604
          ],
          [
            -112.25783232342181,
            40.604567880324936
          ],
          [
            -112.25777120743973,
            40.60439232514532
          ],
          [
            -112.25767175495464,
            40.60417899365967
          ],
          [
            -112.2576567530894,
            40.60407566105115
          ]
        ]
      },
      "properties": {
        "OBJECTID": 64187,
        "fault_name": "Oquirrh fault zone",
        "section_name": "",
        "fault_id": "2398",
        "section_id": "",
        "Location": "Utah",
        "linetype": "Well Constrained",
        "age": "latest Quaternary",
        "dip_direction": "W",
        "slip_rate": "Between 0.2 and 1.0 mm/yr",
        "slip_sense": "Normal",
        "mapped_scale": "1:24,000",
        "class": "A",
        "mapped_certainty": "Good",
        "strike": "N1\u00b0E",
        "total_fault_length": 21,
        "cooperators": "Utah Geological Survey",
        "earthquake": "",
        "last_review": 1086048000000,
        "fault_url": "https://earthquake.usgs.gov/cfusion/qfault/show_report_AB_archive.cfm?fault_id=2398&section_id=",
        "symbology": "latest Quaternary Well Constrained",
        "ref_id": "2398",
        "Fault_ID_num": 2398,
        "Shape_Length": 290.2848247350358,
        "archive_pdf": "https://earthquake.usgs.gov/static/lfs/nshm/qfaults/Reports/2398.pdf",
        "type": "faults"
      }
    },
    {
      "type": "Feature",
      "id": 64188,
      "geometry": {
        "type": "LineString",
        "coordinates": [
          [
            -112.25596325899723,
            40.6489061058257
          ],
          [
            -112.25616159982546,
            40.64875721489026
          ],
          [
            -112.25626104512405,
            40.64857054766039
          ],
          [
            -112.25633715758143,
            40.64837943674617
          ],
          [
            -112.25640604758394,
            40.64826499130963
          ],
          [
            -112.25647438332591,
            40.64798277001732
          ],
          [
            -112.25647437883435,
            40.64763165903566
          ],
          [
            -112.25648993226517,
            40.6474066592744
          ],
          [
            -112.2564821528548,
            40.64721999371944
          ],
          [
            -112.25648215105818,
            40.64708666095794
          ],
          [
            -112.25650492874053,
            40.64694888330942
          ],
          [
            -112.25654326344694,
            40.64679277272379
          ],
          [
            -112.25658159635675,
            40.64663999406138
          ],
          [
            -112.25664992940379,
            40.64647221733062
          ],
          [
            -112.25674159888527,
            40.64628166067649
          ],
          [
            -112.25681048978612,
            40.646159438746935
          ],
          [
            -112.25693993701856,
            40.64599165876331
          ],
          [
            -112.2570621617961,
            40.645834991800136
          ],
          [
            -112.2571688322445,
            40.64566332520574
          ],
          [
            -112.25722994642992,
            40.645552769092376
          ],
          [
            -112.25728327940836,
            40.64540776807286
          ],
          [
            -112.25732883477302,
            40.64527832500623
          ],
          [
            -112.25738272560523,
            40.64519054609213
          ],
          [
            -112.25743605858366,
            40.64512165773179
          ],
          [
            -112.25749717187074,
            40.64505332412696
          ]
        ]
      },
      "properties": {
        "OBJECTID": 64188,
        "fault_name": "Oquirrh fault zone",
        "section_name": "",
        "fault_id": "2398",
        "section_id": "",
        "Location": "Utah",
        "linetype": "Well Constrained",
        "age": "latest Quaternary",
        "dip_direction": "W",
        "slip_rate": "Between 0.2 and 1.0 mm/yr",
        "slip_sense": "Normal",
        "mapped_scale": "1:24,000",
        "class": "A",
        "mapped_certainty": "Good",
        "strike": "N1\u00b0E",
        "total_fault_length": 21,
        "cooperators": "Utah Geological Survey",
        "earthquake": "",
        "last_review": 1086048000000,
        "fault_url": "https://earthquake.usgs.gov/cfusion/qfault/show_report_AB_archive.cfm?fault_id=2398&section_id=",
        "symbology": "latest Quaternary Well Constrained",
        "ref_id": "2398",
        "Fault_ID_num": 2398,
        "Shape_Length": 603.9589030853914,
        "archive_pdf": "https://earthquake.usgs.gov/static/lfs/nshm/qfaults/Reports/2398.pdf",
        "type": "faults"
      }
    },
    {
      "type": "Feature",
      "id": 64189,
      "geometry": {
        "type": "LineString",
        "coordinates": [
          [
            -112.24783057537151,
            40.6875910782682
          ],
          [
            -112.24776168177574,
            40.68747996904719
          ],
          [
            -112.24771612371609,
            40.687331636262485
          ],
          [
            -112.24766278804275,
            40.68720163696172
          ],
          [
            -112.24764000856376,
            40.687121637737526
          ],
          [
            -112.24759389444696,
            40.68696163831986
          ]
        ]
      },
      "properties": {
        "OBJECTID": 64189,
        "fault_name": "Oquirrh fault zone",
        "section_name": "",
        "fault_id": "2398",
        "section_id": "",
        "Location": "Utah",
        "linetype": "Well Constrained",
        "age": "latest Quaternary",
        "dip_direction": "W",
        "slip_rate": "Between 0.2 and 1.0 mm/yr",
        "slip_sense": "Normal",
        "mapped_scale": "1:24,000",
        "class": "A",
        "mapped_certainty": "Good",
        "strike": "N1\u00b0E",
        "total_fault_length": 21,
        "cooperators": "Utah Geological Survey",
        "earthquake": "",
        "last_review": 1086048000000,
        "fault_url": "https://earthquake.usgs.gov/cfusion/qfault/show_report_AB_archive.cfm?fault_id=2398&section_id=",
        "symbology": "latest Quaternary Well Constrained",
        "ref_id": "2398",
        "Fault_ID_num": 2398,
        "Shape_Length": 96.42821414224757,
        "archive_pdf": "https://earthquake.usgs.gov/static/lfs/nshm/qfaults/Reports/2398.pdf",
        "type": "faults"
      }
    },
    {
      "type": "Feature",
      "id": 64190,
      "geometry": {
        "type": "LineString",
        "coordinates": [
          [
            -112.24738777061513,
            40.68631664168918
          ],
          [
            -112.24733443494176,
            40.68614108819833
          ],
          [
            -112.24732720979195,
            40.68598497668523
          ],
          [
            -112.24729665180091,
            40.68575608930931
          ],
          [
            -112.24726609201328,
            40.68558831422456
          ],
          [
            -112.24725831439956,
            40.685412756771576
          ],
          [
            -112.24724275557882,
            40.68523720226213
          ],
          [
            -112.24725053319257,
            40.68513775799817
          ],
          [
            -112.24726608662338,
            40.68500831368054
          ]
        ]
      },
      "properties": {
        "OBJECTID": 64190,
        "fault_name": "Oquirrh fault zone",
        "section_name": "",
        "fault_id": "2398",
        "section_id": "",
        "Location": "Utah",
        "linetype": "Well Constrained",
        "age": "latest Quaternary",
        "dip_direction": "W",
        "slip_rate": "Between 0.2 and 1.0 mm/yr",
        "slip_sense": "Normal",
        "mapped_scale": "1:24,000",
        "class": "A",
        "mapped_certainty": "Good",
        "strike": "N1\u00b0E",
        "total_fault_length": 21,
        "cooperators": "Utah Geological Survey",
        "earthquake": "",
        "last_review": 1086048000000,
        "fault_url": "https://earthquake.usgs.gov/cfusion/qfault/show_report_AB_archive.cfm?fault_id=2398&section_id=",
        "symbology": "latest Quaternary Well Constrained",
        "ref_id": "2398",
        "Fault_ID_num": 2398,
        "Shape_Length": 193.33680347762225,
        "archive_pdf": "https://earthquake.usgs.gov/static/lfs/nshm/qfaults/Reports/2398.pdf",
        "type": "faults"
      }
    },
    {
      "type": "Feature",
      "id": 64191,
      "geometry": {
        "type": "LineString",
        "coordinates": [
          [
            -112.2472127204073,
            40.68189165730708
          ],
          [
            -112.24718938487116,
            40.681742767781564
          ],
          [
            -112.24715882598183,
            40.68155999071966
          ],
          [
            -112.24711326792217,
            40.6813538808872
          ],
          [
            -112.24709826605695,
            40.68122777068116
          ],
          [
            -112.24712104194266,
            40.68107165992183
          ],
          [
            -112.24713604201128,
            40.680941660672744
          ],
          [
            -112.24713603931633,
            40.68076277129639
          ],
          [
            -112.24712881506481,
            40.680617773227425
          ],
          [
            -112.24709825797211,
            40.68048777173069
          ],
          [
            -112.24709825617549,
            40.68034666228882
          ],
          [
            -112.24708269915139,
            40.680254995320716
          ],
          [
            -112.24703714109175,
            40.68016388480493
          ]
        ]
      },
      "properties": {
        "OBJECTID": 64191,
        "fault_name": "Oquirrh fault zone",
        "section_name": "",
        "fault_id": "2398",
        "section_id": "",
        "Location": "Utah",
        "linetype": "Well Constrained",
        "age": "latest Quaternary",
        "dip_direction": "W",
        "slip_rate": "Between 0.2 and 1.0 mm/yr",
        "slip_sense": "Normal",
        "mapped_scale": "1:24,000",
        "class": "A",
        "mapped_certainty": "Good",
        "strike": "N1\u00b0E",
        "total_fault_length": 21,
        "cooperators": "Utah Geological Survey",
        "earthquake": "",
        "last_review": 1086048000000,
        "fault_url": "https://earthquake.usgs.gov/cfusion/qfault/show_report_AB_archive.cfm?fault_id=2398&section_id=",
        "symbology": "latest Quaternary Well Constrained",
        "ref_id": "2398",
        "Fault_ID_num": 2398,
        "Shape_Length": 256.05751200349425,
        "archive_pdf": "https://earthquake.usgs.gov/static/lfs/nshm/qfaults/Reports/2398.pdf",
        "type": "faults"
      }
    },
    {
      "type": "Feature",
      "id": 64192,
      "geometry": {
        "type": "LineString",
        "coordinates": [
          [
            -112.24570921730277,
            40.66976892918838
          ],
          [
            -112.24567865931178,
            40.66952059612627
          ],
          [
            -112.24565587893449,
            40.66940226165942
          ],
          [
            -112.24561032087485,
            40.669207821338915
          ],
          [
            -112.24556420675806,
            40.6690400420773
          ],
          [
            -112.24554920399449,
            40.66886448805482
          ],
          [
            -112.24551864510515,
            40.668700599878214
          ],
          [
            -112.24545753002144,
            40.668513379304834
          ],
          [
            -112.24544252815618,
            40.66837226768394
          ],
          [
            -112.24543474784751,
            40.66815504687512
          ]
        ]
      },
      "properties": {
        "OBJECTID": 64192,
        "fault_name": "Oquirrh fault zone",
        "section_name": "",
        "fault_id": "2398",
        "section_id": "",
        "Location": "Utah",
        "linetype": "Well Constrained",
        "age": "latest Quaternary",
        "dip_direction": "W",
        "slip_rate": "Between 0.2 and 1.0 mm/yr",
        "slip_sense": "Normal",
        "mapped_scale": "1:24,000",
        "class": "A",
        "mapped_certainty": "Good",
        "strike": "N1\u00b0E",
        "total_fault_length": 21,
        "cooperators": "Utah Geological Survey",
        "earthquake": "",
        "last_review": 1086048000000,
        "fault_url": "https://earthquake.usgs.gov/cfusion/qfault/show_report_AB_archive.cfm?fault_id=2398&section_id=",
        "symbology": "latest Quaternary Well Constrained",
        "ref_id": "2398",
        "Fault_ID_num": 2398,
        "Shape_Length": 239.38282487338302,
        "archive_pdf": "https://earthquake.usgs.gov/static/lfs/nshm/qfaults/Reports/2398.pdf",
        "type": "faults"
      }
    },
    {
      "type": "Feature",
      "id": 64193,
      "geometry": {
        "type": "LineString",
        "coordinates": [
          [
            -112.24534299033112,
            40.65948785122367
          ],
          [
            -112.24535798770479,
            40.65924396320507
          ],
          [
            -112.24530464933648,
            40.6590072957544
          ],
          [
            -112.24525909217517,
            40.65880118571114
          ],
          [
            -112.245159642385,
            40.65854952168537
          ],
          [
            -112.24512186014249,
            40.65835118920026
          ],
          [
            -112.24501463184028,
            40.65813007930552
          ],
          [
            -112.24497685139436,
            40.65796619132819
          ],
          [
            -112.24493851578963,
            40.657851748023035
          ],
          [
            -112.24491573720896,
            40.65771452619682
          ],
          [
            -112.24494629160672,
            40.65755008179447
          ],
          [
            -112.24501462465375,
            40.65732119287876
          ],
          [
            -112.24511406905403,
            40.65698952604851
          ],
          [
            -112.24522073680747,
            40.65679897080493
          ],
          [
            -112.24526684643271,
            40.6566156367355
          ],
          [
            -112.24531240089905,
            40.6564017489634
          ],
          [
            -112.2453046205904,
            40.65620341622642
          ],
          [
            -112.24532795343158,
            40.65599397183273
          ],
          [
            -112.24535073021562,
            40.65578786133898
          ],
          [
            -112.24535794997556,
            40.65551341777339
          ],
          [
            -112.24532794804169,
            40.65532230629846
          ],
          [
            -112.24532016773303,
            40.65515064025673
          ],
          [
            -112.2452973855591,
            40.65491786330459
          ],
          [
            -112.24525127144231,
            40.65463953225077
          ],
          [
            -112.24522071255296,
            40.65436897674659
          ],
          [
            -112.24515959657093,
            40.65416675675565
          ],
          [
            -112.24508348141859,
            40.65392231293202
          ],
          [
            -112.24506070014299,
            40.65369731393552
          ],
          [
            -112.24506069744804,
            40.65348398110529
          ],
          [
            -112.24503014035534,
            40.653372870923214
          ],
          [
            -112.24498457960075,
            40.65320176075818
          ],
          [
            -112.24494624579265,
            40.65310620586748
          ],
          [
            -112.24484679690079,
            40.6529956518614
          ],
          [
            -112.24484679600248,
            40.652892317748965
          ]
        ]
      },
      "properties": {
        "OBJECTID": 64193,
        "fault_name": "Oquirrh fault zone",
        "section_name": "",
        "fault_id": "2398",
        "section_id": "",
        "Location": "Utah",
        "linetype": "Well Constrained",
        "age": "latest Quaternary",
        "dip_direction": "W",
        "slip_rate": "Between 0.2 and 1.0 mm/yr",
        "slip_sense": "Normal",
        "mapped_scale": "1:24,000",
        "class": "A",
        "mapped_certainty": "Good",
        "strike": "N1\u00b0E",
        "total_fault_length": 21,
        "cooperators": "Utah Geological Survey",
        "earthquake": "",
        "last_review": 1086048000000,
        "fault_url": "https://earthquake.usgs.gov/cfusion/qfault/show_report_AB_archive.cfm?fault_id=2398&section_id=",
        "symbology": "latest Quaternary Well Constrained",
        "ref_id": "2398",
        "Fault_ID_num": 2398,
        "Shape_Length": 987.3008367160065,
        "archive_pdf": "https://earthquake.usgs.gov/static/lfs/nshm/qfaults/Reports/2398.pdf",
        "type": "faults"
      }
    },
    {
      "type": "Feature",
      "id": 64194,
      "geometry": {
        "type": "LineString",
        "coordinates": [
          [
            -112.24526695243391,
            40.666793386251115
          ],
          [
            -112.24520583555356,
            40.666564497708215
          ],
          [
            -112.24519027942779,
            40.66646505420623
          ],
          [
            -112.24510638756001,
            40.666342833133385
          ],
          [
            -112.24510638576338,
            40.66625505603667
          ],
          [
            -112.24507582777237,
            40.66614061128029
          ],
          [
            -112.24500749023376,
            40.66595005696599
          ],
          [
            -112.24494637694666,
            40.66585505795354
          ],
          [
            -112.24492359656938,
            40.66575172604281
          ],
          [
            -112.24490804134193,
            40.6656295036627
          ],
          [
            -112.24490026103325,
            40.66552283801322
          ],
          [
            -112.24490026013494,
            40.66540450531061
          ],
          [
            -112.24489303588341,
            40.66520228197519
          ],
          [
            -112.24494636886183,
            40.66502672670816
          ],
          [
            -112.2449919233282,
            40.664878393700526
          ],
          [
            -112.24504525720494,
            40.664725616245114
          ],
          [
            -112.24515970257212,
            40.66458061532291
          ],
          [
            -112.24520581489229,
            40.66448172625351
          ],
          [
            -112.24522081406259,
            40.664332838048885
          ],
          [
            -112.24523636659511,
            40.664038948774916
          ],
          [
            -112.24527414434607,
            40.663897837907555
          ],
          [
            -112.24526692009454,
            40.663730060959296
          ],
          [
            -112.24521358442118,
            40.66353561772894
          ],
          [
            -112.24519802560047,
            40.66337117404799
          ],
          [
            -112.2451902461901,
            40.66316561989874
          ],
          [
            -112.2451674649145,
            40.66300506486102
          ],
          [
            -112.24514468543553,
            40.662871732295905
          ],
          [
            -112.24512912841143,
            40.66270784302077
          ],
          [
            -112.24513690333022,
            40.662551175781665
          ],
          [
            -112.24514468004564,
            40.662360622114775
          ],
          [
            -112.24515967921594,
            40.66226506671327
          ],
          [
            -112.24519023541032,
            40.66202506823983
          ],
          [
            -112.24519801122743,
            40.66196006575055
          ],
          [
            -112.24519023271536,
            40.66184951074281
          ]
        ]
      },
      "properties": {
        "OBJECTID": 64194,
        "fault_name": "Oquirrh fault zone",
        "section_name": "",
        "fault_id": "2398",
        "section_id": "",
        "Location": "Utah",
        "linetype": "Well Constrained",
        "age": "latest Quaternary",
        "dip_direction": "W",
        "slip_rate": "Between 0.2 and 1.0 mm/yr",
        "slip_sense": "Normal",
        "mapped_scale": "1:24,000",
        "class": "A",
        "mapped_certainty": "Good",
        "strike": "N1\u00b0E",
        "total_fault_length": 21,
        "cooperators": "Utah Geological Survey",
        "earthquake": "",
        "last_review": 1086048000000,
        "fault_url": "https://earthquake.usgs.gov/cfusion/qfault/show_report_AB_archive.cfm?fault_id=2398&section_id=",
        "symbology": "latest Quaternary Well Constrained",
        "ref_id": "2398",
        "Fault_ID_num": 2398,
        "Shape_Length": 740.2359922298574,
        "archive_pdf": "https://earthquake.usgs.gov/static/lfs/nshm/qfaults/Reports/2398.pdf",
        "type": "faults"
      }
    },
    {
      "type": "Feature",
      "id": 64202,
      "geometry": {
        "type": "LineString",
        "coordinates": [
          [
            -112.29040553386464,
            40.36305381625065
          ],
          [
            -112.29102285433126,
            40.36154421179611
          ],
          [
            -112.29136603682093,
            40.3610532689881
          ],
          [
            -112.29186978328617,
            40.36040465010249
          ],
          [
            -112.29243640193984,
            40.35973204178557
          ],
          [
            -112.29423342058028,
            40.357861609330136
          ]
        ]
      },
      "properties": {
        "OBJECTID": 64202,
        "fault_name": "Southern Oquirrh Mountains fault zone",
        "section_name": "",
        "fault_id": "2399",
        "section_id": "",
        "Location": "Utah",
        "linetype": "Inferred",
        "age": "latest Quaternary",
        "dip_direction": "NW",
        "slip_rate": "Between 0.2 and 1.0 mm/yr",
        "slip_sense": "Normal",
        "mapped_scale": "1:24,000",
        "class": "A",
        "mapped_certainty": "Good",
        "strike": "N25\u00b0W",
        "total_fault_length": 24,
        "cooperators": "Utah Geological Survey",
        "earthquake": "",
        "last_review": 1086048000000,
        "fault_url": "https://earthquake.usgs.gov/cfusion/qfault/show_report_AB_archive.cfm?fault_id=2399&section_id=",
        "symbology": "latest Quaternary Inferred",
        "ref_id": "2399",
        "Fault_ID_num": 2399,
        "Shape_Length": 877.7859146662472,
        "archive_pdf": "https://earthquake.usgs.gov/static/lfs/nshm/qfaults/Reports/2399.pdf",
        "type": "faults"
      }
    },
    {
      "type": "Feature",
      "id": 64203,
      "geometry": {
        "type": "LineString",
        "coordinates": [
          [
            -112.30522498720784,
            40.37496184178928
          ],
          [
            -112.30521799831493,
            40.37459495829654
          ],
          [
            -112.30512597040565,
            40.374348103865614
          ],
          [
            -112.30468620734483,
            40.373542816334066
          ],
          [
            -112.30416693529654,
            40.37310038729243
          ],
          [
            -112.30366720340228,
            40.37275817508617
          ]
        ]
      },
      "properties": {
        "OBJECTID": 64203,
        "fault_name": "Southern Oquirrh Mountains fault zone",
        "section_name": "",
        "fault_id": "2399",
        "section_id": "",
        "Location": "Utah",
        "linetype": "Inferred",
        "age": "latest Quaternary",
        "dip_direction": "SW",
        "slip_rate": "Between 0.2 and 1.0 mm/yr",
        "slip_sense": "Normal",
        "mapped_scale": "1:24,000",
        "class": "A",
        "mapped_certainty": "Good",
        "strike": "N25\u00b0W",
        "total_fault_length": 24,
        "cooperators": "Utah Geological Survey",
        "earthquake": "",
        "last_review": 1086048000000,
        "fault_url": "https://earthquake.usgs.gov/cfusion/qfault/show_report_AB_archive.cfm?fault_id=2399&section_id=",
        "symbology": "latest Quaternary Inferred",
        "ref_id": "2399",
        "Fault_ID_num": 2399,
        "Shape_Length": 380.0811310611123,
        "archive_pdf": "https://earthquake.usgs.gov/static/lfs/nshm/qfaults/Reports/2399.pdf",
        "type": "faults"
      }
    },
    {
      "type": "Feature",
      "id": 64204,
      "geometry": {
        "type": "LineString",
        "coordinates": [
          [
            -112.3031758671627,
            40.35315515205135
          ],
          [
            -112.30305012278586,
            40.352817655287204
          ],
          [
            -112.3030494391679,
            40.35281582266458
          ],
          [
            -112.30296202141267,
            40.35240743615961
          ],
          [
            -112.30296013584889,
            40.35240023980294
          ],
          [
            -112.30286114330121,
            40.35202243000016
          ],
          [
            -112.3028932922086,
            40.35175033689855
          ],
          [
            -112.3029371380793,
            40.351464300249866
          ],
          [
            -112.30301939770817,
            40.351112324676436
          ],
          [
            -112.30312745695203,
            40.35068081568188
          ],
          [
            -112.3032867336418,
            40.34997035825944
          ],
          [
            -112.30329838389271,
            40.3496399162396
          ],
          [
            -112.30325688891313,
            40.349328845186264
          ],
          [
            -112.30291028294388,
            40.34830302979473
          ],
          [
            -112.30230701302663,
            40.34762050433748
          ],
          [
            -112.2988036678602,
            40.34446397029405
          ],
          [
            -112.29812070390251,
            40.34384856821372
          ],
          [
            -112.29685813344878,
            40.34271085667265
          ],
          [
            -112.29578885888463,
            40.34201474720185
          ]
        ]
      },
      "properties": {
        "OBJECTID": 64204,
        "fault_name": "Southern Oquirrh Mountains fault zone",
        "section_name": "",
        "fault_id": "2399",
        "section_id": "",
        "Location": "Utah",
        "linetype": "Inferred",
        "age": "latest Quaternary",
        "dip_direction": "SW",
        "slip_rate": "Between 0.2 and 1.0 mm/yr",
        "slip_sense": "Normal",
        "mapped_scale": "1:24,000",
        "class": "A",
        "mapped_certainty": "Good",
        "strike": "N25\u00b0W",
        "total_fault_length": 24,
        "cooperators": "Utah Geological Survey",
        "earthquake": "",
        "last_review": 1086048000000,
        "fault_url": "https://earthquake.usgs.gov/cfusion/qfault/show_report_AB_archive.cfm?fault_id=2399&section_id=",
        "symbology": "latest Quaternary Inferred",
        "ref_id": "2399",
        "Fault_ID_num": 2399,
        "Shape_Length": 1937.613199729295,
        "archive_pdf": "https://earthquake.usgs.gov/static/lfs/nshm/qfaults/Reports/2399.pdf",
        "type": "faults"
      }
    },
    {
      "type": "Feature",
      "id": 64206,
      "geometry": {
        "type": "LineString",
        "coordinates": [
          [
            -112.30236485914104,
            40.37096101628544
          ],
          [
            -112.30205261732469,
            40.37063176533078
          ]
        ]
      },
      "properties": {
        "OBJECTID": 64206,
        "fault_name": "Southern Oquirrh Mountains fault zone",
        "section_name": "",
        "fault_id": "2399",
        "section_id": "",
        "Location": "Utah",
        "linetype": "Inferred",
        "age": "latest Quaternary",
        "dip_direction": "SW",
        "slip_rate": "Between 0.2 and 1.0 mm/yr",
        "slip_sense": "Normal",
        "mapped_scale": "1:24,000",
        "class": "A",
        "mapped_certainty": "Good",
        "strike": "N25\u00b0W",
        "total_fault_length": 24,
        "cooperators": "Utah Geological Survey",
        "earthquake": "",
        "last_review": 1086048000000,
        "fault_url": "https://earthquake.usgs.gov/cfusion/qfault/show_report_AB_archive.cfm?fault_id=2399&section_id=",
        "symbology": "latest Quaternary Inferred",
        "ref_id": "2399",
        "Fault_ID_num": 2399,
        "Shape_Length": 59.35107041415387,
        "archive_pdf": "https://earthquake.usgs.gov/static/lfs/nshm/qfaults/Reports/2399.pdf",
        "type": "faults"
      }
    },
    {
      "type": "Feature",
      "id": 64207,
      "geometry": {
        "type": "LineString",
        "coordinates": [
          [
            -112.30197711931496,
            40.36785435127377
          ],
          [
            -112.30179270506858,
            40.367593860194496
          ],
          [
            -112.30158585719464,
            40.36735629593679
          ],
          [
            -112.30141863041462,
            40.367193213126576
          ],
          [
            -112.30122367443839,
            40.367022390314354
          ],
          [
            -112.30109924160186,
            40.366922275660905
          ],
          [
            -112.30082696223926,
            40.36672750499747
          ],
          [
            -112.30068683493639,
            40.36660363570975
          ],
          [
            -112.3005748644278,
            40.36648788025381
          ],
          [
            -112.3004721375835,
            40.366366373223485
          ],
          [
            -112.3003001407493,
            40.36611580085674
          ]
        ]
      },
      "properties": {
        "OBJECTID": 64207,
        "fault_name": "Southern Oquirrh Mountains fault zone",
        "section_name": "",
        "fault_id": "2399",
        "section_id": "",
        "Location": "Utah",
        "linetype": "Inferred",
        "age": "latest Quaternary",
        "dip_direction": "SW",
        "slip_rate": "Between 0.2 and 1.0 mm/yr",
        "slip_sense": "Normal",
        "mapped_scale": "1:24,000",
        "class": "A",
        "mapped_certainty": "Good",
        "strike": "N25\u00b0W",
        "total_fault_length": 24,
        "cooperators": "Utah Geological Survey",
        "earthquake": "",
        "last_review": 1086048000000,
        "fault_url": "https://earthquake.usgs.gov/cfusion/qfault/show_report_AB_archive.cfm?fault_id=2399&section_id=",
        "symbology": "latest Quaternary Inferred",
        "ref_id": "2399",
        "Fault_ID_num": 2399,
        "Shape_Length": 317.2610873014694,
        "archive_pdf": "https://earthquake.usgs.gov/static/lfs/nshm/qfaults/Reports/2399.pdf",
        "type": "faults"
      }
    },
    {
      "type": "Feature",
      "id": 64208,
      "geometry": {
        "type": "LineString",
        "coordinates": [
          [
            -112.29983388457413,
            40.36885145973847
          ],
          [
            -112.29910793892502,
            40.36848823680146
          ],
          [
            -112.29847424127247,
            40.368228344305635
          ],
          [
            -112.29822870295922,
            40.36811115776872
          ]
        ]
      },
      "properties": {
        "OBJECTID": 64208,
        "fault_name": "Southern Oquirrh Mountains fault zone",
        "section_name": "",
        "fault_id": "2399",
        "section_id": "",
        "Location": "Utah",
        "linetype": "Inferred",
        "age": "latest Quaternary",
        "dip_direction": "SW",
        "slip_rate": "Between 0.2 and 1.0 mm/yr",
        "slip_sense": "Normal",
        "mapped_scale": "1:24,000",
        "class": "A",
        "mapped_certainty": "Good",
        "strike": "N25\u00b0W",
        "total_fault_length": 24,
        "cooperators": "Utah Geological Survey",
        "earthquake": "",
        "last_review": 1086048000000,
        "fault_url": "https://earthquake.usgs.gov/cfusion/qfault/show_report_AB_archive.cfm?fault_id=2399&section_id=",
        "symbology": "latest Quaternary Inferred",
        "ref_id": "2399",
        "Fault_ID_num": 2399,
        "Shape_Length": 209.0467860460656,
        "archive_pdf": "https://earthquake.usgs.gov/static/lfs/nshm/qfaults/Reports/2399.pdf",
        "type": "faults"
      }
    },
    {
      "type": "Feature",
      "id": 64209,
      "geometry": {
        "type": "LineString",
        "coordinates": [
          [
            -112.29748596779747,
            40.36734232186472
          ],
          [
            -112.29701230231784,
            40.366751213292694
          ],
          [
            -112.2967934116292,
            40.36643646016605
          ],
          [
            -112.29670377683182,
            40.36627728125254
          ],
          [
            -112.2966195391127,
            40.366096958064034
          ],
          [
            -112.29654210164026,
            40.365901167241695
          ],
          [
            -112.29647711391934,
            40.36570137729439
          ]
        ]
      },
      "properties": {
        "OBJECTID": 64209,
        "fault_name": "Southern Oquirrh Mountains fault zone",
        "section_name": "",
        "fault_id": "2399",
        "section_id": "",
        "Location": "Utah",
        "linetype": "Inferred",
        "age": "latest Quaternary",
        "dip_direction": "SW",
        "slip_rate": "Between 0.2 and 1.0 mm/yr",
        "slip_sense": "Normal",
        "mapped_scale": "1:24,000",
        "class": "A",
        "mapped_certainty": "Good",
        "strike": "N25\u00b0W",
        "total_fault_length": 24,
        "cooperators": "Utah Geological Survey",
        "earthquake": "",
        "last_review": 1086048000000,
        "fault_url": "https://earthquake.usgs.gov/cfusion/qfault/show_report_AB_archive.cfm?fault_id=2399&section_id=",
        "symbology": "latest Quaternary Inferred",
        "ref_id": "2399",
        "Fault_ID_num": 2399,
        "Shape_Length": 266.45300776670257,
        "archive_pdf": "https://earthquake.usgs.gov/static/lfs/nshm/qfaults/Reports/2399.pdf",
        "type": "faults"
      }
    },
    {
      "type": "Feature",
      "id": 64210,
      "geometry": {
        "type": "LineString",
        "coordinates": [
          [
            -112.29646109516118,
            40.364439968117864
          ],
          [
            -112.29634100298411,
            40.36432780375042
          ],
          [
            -112.29622976011092,
            40.36420734074222
          ],
          [
            -112.29613420541583,
            40.364086306673855
          ],
          [
            -112.29604579681882,
            40.363953489278515
          ],
          [
            -112.29596987839751,
            40.363815117839756
          ],
          [
            -112.29590932386255,
            40.36367852026434
          ],
          [
            -112.29585775966692,
            40.36352931923108
          ],
          [
            -112.29582034303873,
            40.36338243481026
          ]
        ]
      },
      "properties": {
        "OBJECTID": 64210,
        "fault_name": "Southern Oquirrh Mountains fault zone",
        "section_name": "",
        "fault_id": "2399",
        "section_id": "",
        "Location": "Utah",
        "linetype": "Inferred",
        "age": "latest Quaternary",
        "dip_direction": "SW",
        "slip_rate": "Between 0.2 and 1.0 mm/yr",
        "slip_sense": "Normal",
        "mapped_scale": "1:24,000",
        "class": "A",
        "mapped_certainty": "Good",
        "strike": "N25\u00b0W",
        "total_fault_length": 24,
        "cooperators": "Utah Geological Survey",
        "earthquake": "",
        "last_review": 1086048000000,
        "fault_url": "https://earthquake.usgs.gov/cfusion/qfault/show_report_AB_archive.cfm?fault_id=2399&section_id=",
        "symbology": "latest Quaternary Inferred",
        "ref_id": "2399",
        "Fault_ID_num": 2399,
        "Shape_Length": 172.43839431744314,
        "archive_pdf": "https://earthquake.usgs.gov/static/lfs/nshm/qfaults/Reports/2399.pdf",
        "type": "faults"
      }
    },
    {
      "type": "Feature",
      "id": 64228,
      "geometry": {
        "type": "LineString",
        "coordinates": [
          [
            -112.30366720340228,
            40.37275817508617
          ],
          [
            -112.30366344574946,
            40.37275453898445
          ],
          [
            -112.30352891764576,
            40.372624409119375
          ],
          [
            -112.30336720113169,
            40.37244704575258
          ],
          [
            -112.30236485914104,
            40.37096101628544
          ]
        ]
      },
      "properties": {
        "OBJECTID": 64228,
        "fault_name": "Southern Oquirrh Mountains fault zone",
        "section_name": "",
        "fault_id": "2399",
        "section_id": "",
        "Location": "Utah",
        "linetype": "Well Constrained",
        "age": "latest Quaternary",
        "dip_direction": "SW",
        "slip_rate": "Between 0.2 and 1.0 mm/yr",
        "slip_sense": "Normal",
        "mapped_scale": "1:24,000",
        "class": "A",
        "mapped_certainty": "Good",
        "strike": "N25\u00b0W",
        "total_fault_length": 24,
        "cooperators": "Utah Geological Survey",
        "earthquake": "",
        "last_review": 1086048000000,
        "fault_url": "https://earthquake.usgs.gov/cfusion/qfault/show_report_AB_archive.cfm?fault_id=2399&section_id=",
        "symbology": "latest Quaternary Well Constrained",
        "ref_id": "2399",
        "Fault_ID_num": 2399,
        "Shape_Length": 300.5587863084283,
        "archive_pdf": "https://earthquake.usgs.gov/static/lfs/nshm/qfaults/Reports/2399.pdf",
        "type": "faults"
      }
    },
    {
      "type": "Feature",
      "id": 64229,
      "geometry": {
        "type": "LineString",
        "coordinates": [
          [
            -112.30206223109487,
            40.37063593880084
          ],
          [
            -112.30193200771801,
            40.3705167579993
          ],
          [
            -112.3018782516331,
            40.3704866306602
          ],
          [
            -112.3017644180186,
            40.37042283895244
          ],
          [
            -112.30150094843398,
            40.37029791220915
          ],
          [
            -112.30121931311768,
            40.37019206916657
          ],
          [
            -112.30103373465472,
            40.37013647429761
          ],
          [
            -112.30087239633137,
            40.37009786016381
          ],
          [
            -112.3003521379329,
            40.37002740608062
          ],
          [
            -112.30010227512986,
            40.36997424824747
          ],
          [
            -112.29972782408178,
            40.36986575672354
          ],
          [
            -112.2990305194189,
            40.36963653932511
          ],
          [
            -112.29890227682725,
            40.369517386185834
          ],
          [
            -112.29878810724284,
            40.36939275274587
          ],
          [
            -112.29868809331069,
            40.36926267730195
          ],
          [
            -112.29861712640326,
            40.36914473902262
          ],
          [
            -112.29851948043019,
            40.3689210253086
          ],
          [
            -112.29833157982219,
            40.36841678725431
          ],
          [
            -112.29822870295922,
            40.36811115776872
          ]
        ]
      },
      "properties": {
        "OBJECTID": 64229,
        "fault_name": "Southern Oquirrh Mountains fault zone",
        "section_name": "",
        "fault_id": "2399",
        "section_id": "",
        "Location": "Utah",
        "linetype": "Well Constrained",
        "age": "latest Quaternary",
        "dip_direction": "SW",
        "slip_rate": "Between 0.2 and 1.0 mm/yr",
        "slip_sense": "Normal",
        "mapped_scale": "1:24,000",
        "class": "A",
        "mapped_certainty": "Good",
        "strike": "N25\u00b0W",
        "total_fault_length": 24,
        "cooperators": "Utah Geological Survey",
        "earthquake": "",
        "last_review": 1086048000000,
        "fault_url": "https://earthquake.usgs.gov/cfusion/qfault/show_report_AB_archive.cfm?fault_id=2399&section_id=",
        "symbology": "latest Quaternary Well Constrained",
        "ref_id": "2399",
        "Fault_ID_num": 2399,
        "Shape_Length": 616.0195079632297,
        "archive_pdf": "https://earthquake.usgs.gov/static/lfs/nshm/qfaults/Reports/2399.pdf",
        "type": "faults"
      }
    },
    {
      "type": "Feature",
      "id": 64230,
      "geometry": {
        "type": "LineString",
        "coordinates": [
          [
            -112.29955079937695,
            40.36639360994887
          ],
          [
            -112.29914530973916,
            40.3661841536762
          ],
          [
            -112.29862330321913,
            40.365879902811685
          ],
          [
            -112.2983554121267,
            40.36570815471707
          ],
          [
            -112.29815609572807,
            40.36555390966287
          ],
          [
            -112.29803874700588,
            40.36544055825492
          ],
          [
            -112.29795479764594,
            40.36533630989001
          ],
          [
            -112.29773539401927,
            40.36494922219726
          ],
          [
            -112.29763394457929,
            40.364804527717034
          ],
          [
            -112.29742843339848,
            40.364567416323965
          ],
          [
            -112.29719710463641,
            40.36434191876256
          ]
        ]
      },
      "properties": {
        "OBJECTID": 64230,
        "fault_name": "Southern Oquirrh Mountains fault zone",
        "section_name": "",
        "fault_id": "2399",
        "section_id": "",
        "Location": "Utah",
        "linetype": "Well Constrained",
        "age": "latest Quaternary",
        "dip_direction": "SW",
        "slip_rate": "Between 0.2 and 1.0 mm/yr",
        "slip_sense": "Normal",
        "mapped_scale": "1:24,000",
        "class": "A",
        "mapped_certainty": "Good",
        "strike": "N25\u00b0W",
        "total_fault_length": 24,
        "cooperators": "Utah Geological Survey",
        "earthquake": "",
        "last_review": 1086048000000,
        "fault_url": "https://earthquake.usgs.gov/cfusion/qfault/show_report_AB_archive.cfm?fault_id=2399&section_id=",
        "symbology": "latest Quaternary Well Constrained",
        "ref_id": "2399",
        "Fault_ID_num": 2399,
        "Shape_Length": 406.15818599863627,
        "archive_pdf": "https://earthquake.usgs.gov/static/lfs/nshm/qfaults/Reports/2399.pdf",
        "type": "faults"
      }
    },
    {
      "type": "Feature",
      "id": 64231,
      "geometry": {
        "type": "LineString",
        "coordinates": [
          [
            -112.29822870295922,
            40.36811115776872
          ],
          [
            -112.29803952584524,
            40.36799144412487
          ],
          [
            -112.29788175113862,
            40.36785146504063
          ],
          [
            -112.29773650433697,
            40.36768258904624
          ],
          [
            -112.29748596779747,
            40.36734232186472
          ]
        ]
      },
      "properties": {
        "OBJECTID": 64231,
        "fault_name": "Southern Oquirrh Mountains fault zone",
        "section_name": "",
        "fault_id": "2399",
        "section_id": "",
        "Location": "Utah",
        "linetype": "Well Constrained",
        "age": "latest Quaternary",
        "dip_direction": "SW",
        "slip_rate": "Between 0.2 and 1.0 mm/yr",
        "slip_sense": "Normal",
        "mapped_scale": "1:24,000",
        "class": "A",
        "mapped_certainty": "Good",
        "strike": "N25\u00b0W",
        "total_fault_length": 24,
        "cooperators": "Utah Geological Survey",
        "earthquake": "",
        "last_review": 1086048000000,
        "fault_url": "https://earthquake.usgs.gov/cfusion/qfault/show_report_AB_archive.cfm?fault_id=2399&section_id=",
        "symbology": "latest Quaternary Well Constrained",
        "ref_id": "2399",
        "Fault_ID_num": 2399,
        "Shape_Length": 140.83768739351214,
        "archive_pdf": "https://earthquake.usgs.gov/static/lfs/nshm/qfaults/Reports/2399.pdf",
        "type": "faults"
      }
    },
    {
      "type": "Feature",
      "id": 64246,
      "geometry": {
        "type": "LineString",
        "coordinates": [
          [
            -112.30302985858968,
            40.36281997393221
          ],
          [
            -112.3026870695621,
            40.36250720113656
          ],
          [
            -112.30252650917978,
            40.36240053611559
          ],
          [
            -112.30237428336666,
            40.36217942775699
          ],
          [
            -112.30195426976738,
            40.36182054480506
          ],
          [
            -112.30174815042713,
            40.361683325777285
          ],
          [
            -112.30167981558347,
            40.361404996222774
          ],
          [
            -112.30158814610198,
            40.36113777626304
          ],
          [
            -112.30145869886955,
            40.36081333521394
          ],
          [
            -112.30135925357096,
            40.360447228272
          ],
          [
            -112.30126036343123,
            40.36008500871041
          ],
          [
            -112.30102368789659,
            40.35975668005266
          ],
          [
            -112.3008403489336,
            40.359627237667645
          ],
          [
            -112.30045144489092,
            40.35958890774621
          ],
          [
            -112.30015365606917,
            40.3595622453151
          ],
          [
            -112.29981808680154,
            40.35953169278875
          ],
          [
            -112.29949752119578,
            40.35952780681089
          ],
          [
            -112.29909306012897,
            40.359535586296055
          ],
          [
            -112.29831525473854,
            40.35936004009545
          ],
          [
            -112.29809358017081,
            40.35921170979155
          ],
          [
            -112.29800968830307,
            40.358936713221674
          ],
          [
            -112.29794857771093,
            40.35863560377226
          ],
          [
            -112.29785746338828,
            40.35855893867284
          ],
          [
            -112.29768190203905,
            40.35852838500734
          ],
          [
            -112.29750633979148,
            40.35845616371248
          ],
          [
            -112.29730022134954,
            40.358349499811595
          ],
          [
            -112.29719355179945,
            40.3581622807167
          ],
          [
            -112.29703299141715,
            40.357865062781435
          ],
          [
            -112.29660575356634,
            40.35758617873621
          ]
        ]
      },
      "properties": {
        "OBJECTID": 64246,
        "fault_name": "Southern Oquirrh Mountains fault zone",
        "section_name": "",
        "fault_id": "2399",
        "section_id": "",
        "Location": "Utah",
        "linetype": "Well Constrained",
        "age": "latest Quaternary",
        "dip_direction": "SW",
        "slip_rate": "Between 0.2 and 1.0 mm/yr",
        "slip_sense": "Normal",
        "mapped_scale": "1:50,000",
        "class": "A",
        "mapped_certainty": "Good",
        "strike": "N25\u00b0W",
        "total_fault_length": 24,
        "cooperators": "Utah Geological Survey",
        "earthquake": "",
        "last_review": 1086048000000,
        "fault_url": "https://earthquake.usgs.gov/cfusion/qfault/show_report_AB_archive.cfm?fault_id=2399&section_id=",
        "symbology": "latest Quaternary Well Constrained",
        "ref_id": "2399",
        "Fault_ID_num": 2399,
        "Shape_Length": 1171.6958690066995,
        "archive_pdf": "https://earthquake.usgs.gov/static/lfs/nshm/qfaults/Reports/2399.pdf",
        "type": "faults"
      }
    },
    {
      "type": "Feature",
      "id": 64247,
      "geometry": {
        "type": "LineString",
        "coordinates": [
          [
            -112.30288530888066,
            40.382480941712814
          ],
          [
            -112.30266363431295,
            40.38228650204639
          ],
          [
            -112.30215250728934,
            40.38160706597286
          ],
          [
            -112.30190861109644,
            40.38113429427103
          ],
          [
            -112.30142803936889,
            40.3807759673056
          ],
          [
            -112.3010080248713,
            40.38034097278982
          ],
          [
            -112.30081746255513,
            40.380188198946016
          ],
          [
            -112.30042856120737,
            40.37998598169673
          ],
          [
            -112.3000468814162,
            40.379768763831876
          ],
          [
            -112.29952019557186,
            40.37956654669225
          ],
          [
            -112.29879572495645,
            40.37923822191638
          ],
          [
            -112.29842960039274,
            40.37908989429688
          ],
          [
            -112.29831515143229,
            40.37902878366614
          ],
          [
            -112.29788013686604,
            40.37876545617306
          ],
          [
            -112.29733067333936,
            40.37836879668146
          ],
          [
            -112.29685010161182,
            40.377976025927964
          ],
          [
            -112.29630063808513,
            40.37763270112877
          ],
          [
            -112.29573617538817,
            40.37722437530544
          ],
          [
            -112.29497337006633,
            40.37688105009774
          ],
          [
            -112.29438557273154,
            40.37640439307414
          ],
          [
            -112.29348554166523,
            40.37580162674466
          ],
          [
            -112.2934244265815,
            40.37574829416712
          ],
          [
            -112.29306552806594,
            40.375442743781775
          ],
          [
            -112.29221883536792,
            40.374264428228834
          ],
          [
            -112.29181437879272,
            40.373493324710736
          ],
          [
            -112.29151714872307,
            40.372818333275724
          ],
          [
            -112.29150159169899,
            40.37277999990484
          ],
          [
            -112.29097491214286,
            40.37171223375203
          ],
          [
            -112.29070823916594,
            40.371063907691614
          ],
          [
            -112.29033434058174,
            40.37016336319075
          ],
          [
            -112.28995266258718,
            40.36957226019676
          ],
          [
            -112.28944153466524,
            40.36898448991801
          ],
          [
            -112.28855650456588,
            40.368133949131895
          ],
          [
            -112.2878548161244,
            40.36749340417401
          ],
          [
            -112.28734368820247,
            40.36697841320204
          ],
          [
            -112.28654977242572,
            40.36638286898591
          ],
          [
            -112.28585586069966,
            40.36581121225038
          ],
          [
            -112.28519972672457,
            40.365413998752715
          ],
          [
            -112.28452803842033,
            40.364826787004986
          ],
          [
            -112.28384912496627,
            40.3643501302732
          ],
          [
            -112.28346022541514,
            40.36399124792617
          ],
          [
            -112.28301743143855,
            40.3635145880239
          ],
          [
            -112.28240685731971,
            40.362835708737414
          ],
          [
            -112.28193406410422,
            40.36233571687312
          ],
          [
            -112.28118626244427,
            40.361614617934165
          ],
          [
            -112.28035456801827,
            40.36091296473278
          ],
          [
            -112.27938564694944,
            40.36006242271583
          ],
          [
            -112.2781800521426,
            40.35883410996709
          ],
          [
            -112.27718835428975,
            40.35775412715908
          ],
          [
            -112.2770433491349,
            40.3576435733229
          ],
          [
            -112.27657777837429,
            40.357300246932375
          ],
          [
            -112.27546440820777,
            40.35646526419759
          ],
          [
            -112.27458660056328,
            40.35574027719616
          ],
          [
            -112.273762683751,
            40.355103066689686
          ],
          [
            -112.27283932074181,
            40.35434419207871
          ],
          [
            -112.27240486223273,
            40.353870866279905
          ],
          [
            -112.27233597043359,
            40.35379475574162
          ],
          [
            -112.27216041088099,
            40.35361198125219
          ],
          [
            -112.2713514941373,
            40.35278755015887
          ],
          [
            -112.27063480472891,
            40.35205534022901
          ],
          [
            -112.26991755926336,
            40.35143757367704
          ],
          [
            -112.26916197998968,
            40.35062869688038
          ],
          [
            -112.26847529161682,
            40.3498581540723
          ],
          [
            -112.2677202684003,
            40.34906094409217
          ],
          [
            -112.26691135255494,
            40.34827873581736
          ],
          [
            -112.26639244701927,
            40.347924298118606
          ],
          [
            -112.26595743155474,
            40.34758486025552
          ],
          [
            -112.26556075169493,
            40.34731375498124
          ],
          [
            -112.26516407363178,
            40.34683709492726
          ],
          [
            -112.26491240162179,
            40.34618487975833
          ],
          [
            -112.2646985055661,
            40.345680996769005
          ],
          [
            -112.26469128490787,
            40.34564655391367
          ],
          [
            -112.26450017192442,
            40.34490656127816
          ],
          [
            -112.26420294095648,
            40.34436879008114
          ],
          [
            -112.2641801605792,
            40.34434601327754
          ],
          [
            -112.26366847839674,
            40.34384991017037
          ],
          [
            -112.26324124413917,
            40.34318991829635
          ],
          [
            -112.26278345368723,
            40.34243492805069
          ],
          [
            -112.26241011205852,
            40.341644938755685
          ],
          [
            -112.26204343413256,
            40.3410960583235
          ],
          [
            -112.26165453188652,
            40.34074106319168
          ],
          [
            -112.26115840582982,
            40.34034829500972
          ],
          [
            -112.26065505641995,
            40.33986774723772
          ],
          [
            -112.2602355979795,
            40.339489974731215
          ],
          [
            -112.25964780244132,
            40.338780542918926
          ],
          [
            -112.25925112437817,
            40.33824277287104
          ],
          [
            -112.25875499742314,
            40.337800001904405
          ],
          [
            -112.2583810952457,
            40.33744167530313
          ],
          [
            -112.25818275711244,
            40.33710945731558
          ],
          [
            -112.25793108420413,
            40.33654890889175
          ],
          [
            -112.25760329704178,
            40.33613669268796
          ],
          [
            -112.25700828174368,
            40.334828374687746
          ],
          [
            -112.25658827173764,
            40.3337372749717
          ],
          [
            -112.25634438183295,
            40.33261228606197
          ],
          [
            -112.2561766016907,
            40.33172729528396
          ],
          [
            -112.25616882856855,
            40.3309528577998
          ],
          [
            -112.25618383133211,
            40.330674526728636
          ]
        ]
      },
      "properties": {
        "OBJECTID": 64247,
        "fault_name": "Southern Oquirrh Mountains fault zone",
        "section_name": "",
        "fault_id": "2399",
        "section_id": "",
        "Location": "Utah",
        "linetype": "Well Constrained",
        "age": "latest Quaternary",
        "dip_direction": "SW",
        "slip_rate": "Between 0.2 and 1.0 mm/yr",
        "slip_sense": "Normal",
        "mapped_scale": "1:50,000",
        "class": "A",
        "mapped_certainty": "Good",
        "strike": "N25\u00b0W",
        "total_fault_length": 24,
        "cooperators": "Utah Geological Survey",
        "earthquake": "",
        "last_review": 1086048000000,
        "fault_url": "https://earthquake.usgs.gov/cfusion/qfault/show_report_AB_archive.cfm?fault_id=2399&section_id=",
        "symbology": "latest Quaternary Well Constrained",
        "ref_id": "2399",
        "Fault_ID_num": 2399,
        "Shape_Length": 9403.205731767634,
        "archive_pdf": "https://earthquake.usgs.gov/static/lfs/nshm/qfaults/Reports/2399.pdf",
        "type": "faults"
      }
    },
    {
      "type": "Feature",
      "id": 64248,
      "geometry": {
        "type": "LineString",
        "coordinates": [
          [
            -112.30221377957825,
            40.35085340167452
          ],
          [
            -112.30179432293441,
            40.350212854766454
          ],
          [
            -112.30158820359415,
            40.34980063579017
          ],
          [
            -112.30138208784716,
            40.34938119776162
          ],
          [
            -112.3009398526227,
            40.34876676067592
          ],
          [
            -112.30080984843477,
            40.34859898703946
          ],
          [
            -112.3004820603741,
            40.348175659013364
          ],
          [
            -112.29967314632539,
            40.34725233894354
          ],
          [
            -112.29899423556624,
            40.346474018332245
          ],
          [
            -112.29781141934008,
            40.34531459268039
          ],
          [
            -112.29775808456505,
            40.34524570520858
          ]
        ]
      },
      "properties": {
        "OBJECTID": 64248,
        "fault_name": "Southern Oquirrh Mountains fault zone",
        "section_name": "",
        "fault_id": "2399",
        "section_id": "",
        "Location": "Utah",
        "linetype": "Well Constrained",
        "age": "latest Quaternary",
        "dip_direction": "SW",
        "slip_rate": "Between 0.2 and 1.0 mm/yr",
        "slip_sense": "Normal",
        "mapped_scale": "1:50,000",
        "class": "A",
        "mapped_certainty": "Good",
        "strike": "N25\u00b0W",
        "total_fault_length": 24,
        "cooperators": "Utah Geological Survey",
        "earthquake": "",
        "last_review": 1086048000000,
        "fault_url": "https://earthquake.usgs.gov/cfusion/qfault/show_report_AB_archive.cfm?fault_id=2399&section_id=",
        "symbology": "latest Quaternary Well Constrained",
        "ref_id": "2399",
        "Fault_ID_num": 2399,
        "Shape_Length": 961.9170406795821,
        "archive_pdf": "https://earthquake.usgs.gov/static/lfs/nshm/qfaults/Reports/2399.pdf",
        "type": "faults"
      }
    },
    {
      "type": "Feature",
      "id": 64249,
      "geometry": {
        "type": "LineString",
        "coordinates": [
          [
            -112.30126040744867,
            40.35131118368014
          ],
          [
            -112.30093206422916,
            40.35084952409629
          ],
          [
            -112.30064205391947,
            40.3505673057686
          ],
          [
            -112.30027593025407,
            40.350376755682646
          ],
          [
            -112.29979535942485,
            40.35000676168154
          ],
          [
            -112.29949757239974,
            40.349579545671205
          ],
          [
            -112.29903255859459,
            40.34881288979497
          ],
          [
            -112.29875755015014,
            40.34839678317337
          ],
          [
            -112.29870421627342,
            40.348301229226855
          ]
        ]
      },
      "properties": {
        "OBJECTID": 64249,
        "fault_name": "Southern Oquirrh Mountains fault zone",
        "section_name": "",
        "fault_id": "2399",
        "section_id": "",
        "Location": "Utah",
        "linetype": "Well Constrained",
        "age": "latest Quaternary",
        "dip_direction": "SW",
        "slip_rate": "Between 0.2 and 1.0 mm/yr",
        "slip_sense": "Normal",
        "mapped_scale": "1:50,000",
        "class": "A",
        "mapped_certainty": "Good",
        "strike": "N25\u00b0W",
        "total_fault_length": 24,
        "cooperators": "Utah Geological Survey",
        "earthquake": "",
        "last_review": 1086048000000,
        "fault_url": "https://earthquake.usgs.gov/cfusion/qfault/show_report_AB_archive.cfm?fault_id=2399&section_id=",
        "symbology": "latest Quaternary Well Constrained",
        "ref_id": "2399",
        "Fault_ID_num": 2399,
        "Shape_Length": 531.7134821426102,
        "archive_pdf": "https://earthquake.usgs.gov/static/lfs/nshm/qfaults/Reports/2399.pdf",
        "type": "faults"
      }
    },
    {
      "type": "Feature",
      "id": 64287,
      "geometry": {
        "type": "LineString",
        "coordinates": [
          [
            -112.30406414107858,
            40.36263567492714
          ],
          [
            -112.30400919921746,
            40.36236823328161
          ],
          [
            -112.30392396257173,
            40.362118709743896
          ],
          [
            -112.30373931027184,
            40.36177802499999
          ],
          [
            -112.30357834385102,
            40.361573299966906
          ]
        ]
      },
      "properties": {
        "OBJECTID": 64287,
        "fault_name": "Southern Oquirrh Mountains fault zone",
        "section_name": "",
        "fault_id": "2399",
        "section_id": "",
        "Location": "Utah",
        "linetype": "Well Constrained",
        "age": "latest Quaternary",
        "dip_direction": "Unspecified",
        "slip_rate": "Between 0.2 and 1.0 mm/yr",
        "slip_sense": "Normal",
        "mapped_scale": "1:24,000",
        "class": "A",
        "mapped_certainty": "Good",
        "strike": "N25\u00b0W",
        "total_fault_length": 24,
        "cooperators": "Utah Geological Survey",
        "earthquake": "",
        "last_review": 1086048000000,
        "fault_url": "https://earthquake.usgs.gov/cfusion/qfault/show_report_AB_archive.cfm?fault_id=2399&section_id=",
        "symbology": "latest Quaternary Well Constrained",
        "ref_id": "2399",
        "Fault_ID_num": 2399,
        "Shape_Length": 165.93241692662357,
        "archive_pdf": "https://earthquake.usgs.gov/static/lfs/nshm/qfaults/Reports/2399.pdf",
        "type": "faults"
      }
    },
    {
      "type": "Feature",
      "id": 64292,
      "geometry": {
        "type": "LineString",
        "coordinates": [
          [
            -112.30276035681791,
            40.36874601070279
          ],
          [
            -112.30371110586687,
            40.365166424866715
          ],
          [
            -112.30406414107858,
            40.36263567492714
          ],
          [
            -112.30408128542577,
            40.36144429982993
          ],
          [
            -112.30406360837759,
            40.361161980730444
          ],
          [
            -112.30407614257076,
            40.360956895149535
          ],
          [
            -112.304103903208,
            40.36078323981594
          ],
          [
            -112.30414420163162,
            40.360621564865596
          ],
          [
            -112.30420240886879,
            40.36045031332811
          ],
          [
            -112.3042763303352,
            40.36028030167858
          ]
        ]
      },
      "properties": {
        "OBJECTID": 64292,
        "fault_name": "Southern Oquirrh Mountains fault zone",
        "section_name": "",
        "fault_id": "2399",
        "section_id": "",
        "Location": "Utah",
        "linetype": "Inferred",
        "age": "latest Quaternary",
        "dip_direction": "W",
        "slip_rate": "Between 0.2 and 1.0 mm/yr",
        "slip_sense": "Normal",
        "mapped_scale": "1:24,000",
        "class": "A",
        "mapped_certainty": "Good",
        "strike": "N25\u00b0W",
        "total_fault_length": 24,
        "cooperators": "Utah Geological Survey",
        "earthquake": "",
        "last_review": 1086048000000,
        "fault_url": "https://earthquake.usgs.gov/cfusion/qfault/show_report_AB_archive.cfm?fault_id=2399&section_id=",
        "symbology": "latest Quaternary Inferred",
        "ref_id": "2399",
        "Fault_ID_num": 2399,
        "Shape_Length": 1252.3783402320041,
        "archive_pdf": "https://earthquake.usgs.gov/static/lfs/nshm/qfaults/Reports/2399.pdf",
        "type": "faults"
      }
    },
    {
      "type": "Feature",
      "id": 64293,
      "geometry": {
        "type": "LineString",
        "coordinates": [
          [
            -112.30417802679533,
            40.35517944888944
          ],
          [
            -112.30417680418824,
            40.355176774326175
          ],
          [
            -112.30393515378354,
            40.35464826088771
          ]
        ]
      },
      "properties": {
        "OBJECTID": 64293,
        "fault_name": "Southern Oquirrh Mountains fault zone",
        "section_name": "",
        "fault_id": "2399",
        "section_id": "",
        "Location": "Utah",
        "linetype": "Inferred",
        "age": "latest Quaternary",
        "dip_direction": "W",
        "slip_rate": "Between 0.2 and 1.0 mm/yr",
        "slip_sense": "Normal",
        "mapped_scale": "1:24,000",
        "class": "A",
        "mapped_certainty": "Good",
        "strike": "N25\u00b0W",
        "total_fault_length": 24,
        "cooperators": "Utah Geological Survey",
        "earthquake": "",
        "last_review": 1086048000000,
        "fault_url": "https://earthquake.usgs.gov/cfusion/qfault/show_report_AB_archive.cfm?fault_id=2399&section_id=",
        "symbology": "latest Quaternary Inferred",
        "ref_id": "2399",
        "Fault_ID_num": 2399,
        "Shape_Length": 82.17085536847107,
        "archive_pdf": "https://earthquake.usgs.gov/static/lfs/nshm/qfaults/Reports/2399.pdf",
        "type": "faults"
      }
    },
    {
      "type": "Feature",
      "id": 64294,
      "geometry": {
        "type": "LineString",
        "coordinates": [
          [
            -112.30371110586687,
            40.365166424866715
          ],
          [
            -112.30324159329878,
            40.36400865529559
          ],
          [
            -112.30270060986838,
            40.36302701966341
          ]
        ]
      },
      "properties": {
        "OBJECTID": 64294,
        "fault_name": "Southern Oquirrh Mountains fault zone",
        "section_name": "",
        "fault_id": "2399",
        "section_id": "",
        "Location": "Utah",
        "linetype": "Inferred",
        "age": "latest Quaternary",
        "dip_direction": "W",
        "slip_rate": "Between 0.2 and 1.0 mm/yr",
        "slip_sense": "Normal",
        "mapped_scale": "1:24,000",
        "class": "A",
        "mapped_certainty": "Good",
        "strike": "N25\u00b0W",
        "total_fault_length": 24,
        "cooperators": "Utah Geological Survey",
        "earthquake": "",
        "last_review": 1086048000000,
        "fault_url": "https://earthquake.usgs.gov/cfusion/qfault/show_report_AB_archive.cfm?fault_id=2399&section_id=",
        "symbology": "latest Quaternary Inferred",
        "ref_id": "2399",
        "Fault_ID_num": 2399,
        "Shape_Length": 332.58726195602054,
        "archive_pdf": "https://earthquake.usgs.gov/static/lfs/nshm/qfaults/Reports/2399.pdf",
        "type": "faults"
      }
    },
    {
      "type": "Feature",
      "id": 64313,
      "geometry": {
        "type": "LineString",
        "coordinates": [
          [
            -112.3042763303352,
            40.36028030167858
          ],
          [
            -112.30434486280822,
            40.35981234372022
          ],
          [
            -112.30446968731022,
            40.35924734772829
          ],
          [
            -112.30448606898773,
            40.35909143478183
          ],
          [
            -112.30443888318081,
            40.3589065752303
          ],
          [
            -112.30410733207742,
            40.35811313375279
          ],
          [
            -112.30397205208385,
            40.35756960894521
          ],
          [
            -112.3039421804057,
            40.35727702817868
          ],
          [
            -112.30397743568734,
            40.35684281499576
          ],
          [
            -112.30419999689224,
            40.356319562339394
          ],
          [
            -112.30426845121185,
            40.356099204837115
          ],
          [
            -112.30424541301807,
            40.355658233703394
          ],
          [
            -112.30417802679533,
            40.35517944888944
          ]
        ]
      },
      "properties": {
        "OBJECTID": 64313,
        "fault_name": "Southern Oquirrh Mountains fault zone",
        "section_name": "",
        "fault_id": "2399",
        "section_id": "",
        "Location": "Utah",
        "linetype": "Well Constrained",
        "age": "latest Quaternary",
        "dip_direction": "W",
        "slip_rate": "Between 0.2 and 1.0 mm/yr",
        "slip_sense": "Normal",
        "mapped_scale": "1:24,000",
        "class": "A",
        "mapped_certainty": "Good",
        "strike": "N25\u00b0W",
        "total_fault_length": 24,
        "cooperators": "Utah Geological Survey",
        "earthquake": "",
        "last_review": 1086048000000,
        "fault_url": "https://earthquake.usgs.gov/cfusion/qfault/show_report_AB_archive.cfm?fault_id=2399&section_id=",
        "symbology": "latest Quaternary Well Constrained",
        "ref_id": "2399",
        "Fault_ID_num": 2399,
        "Shape_Length": 759.9820388047802,
        "archive_pdf": "https://earthquake.usgs.gov/static/lfs/nshm/qfaults/Reports/2399.pdf",
        "type": "faults"
      }
    },
    {
      "type": "Feature",
      "id": 64314,
      "geometry": {
        "type": "LineString",
        "coordinates": [
          [
            -112.30393515378354,
            40.35464826088771
          ],
          [
            -112.30393492291653,
            40.35464672678394
          ],
          [
            -112.30389779285089,
            40.3543995172479
          ],
          [
            -112.30386101043327,
            40.35381854388806
          ],
          [
            -112.30383683676897,
            40.35373101532454
          ],
          [
            -112.30369955802387,
            40.35352848524318
          ],
          [
            -112.30317812912057,
            40.35315676628456
          ],
          [
            -112.3031758671627,
            40.35315515205135
          ]
        ]
      },
      "properties": {
        "OBJECTID": 64314,
        "fault_name": "Southern Oquirrh Mountains fault zone",
        "section_name": "",
        "fault_id": "2399",
        "section_id": "",
        "Location": "Utah",
        "linetype": "Well Constrained",
        "age": "latest Quaternary",
        "dip_direction": "W",
        "slip_rate": "Between 0.2 and 1.0 mm/yr",
        "slip_sense": "Normal",
        "mapped_scale": "1:24,000",
        "class": "A",
        "mapped_certainty": "Good",
        "strike": "N25\u00b0W",
        "total_fault_length": 24,
        "cooperators": "Utah Geological Survey",
        "earthquake": "",
        "last_review": 1086048000000,
        "fault_url": "https://earthquake.usgs.gov/cfusion/qfault/show_report_AB_archive.cfm?fault_id=2399&section_id=",
        "symbology": "latest Quaternary Well Constrained",
        "ref_id": "2399",
        "Fault_ID_num": 2399,
        "Shape_Length": 247.73252731306053,
        "archive_pdf": "https://earthquake.usgs.gov/static/lfs/nshm/qfaults/Reports/2399.pdf",
        "type": "faults"
      }
    },
    {
      "type": "Feature",
      "id": 64317,
      "geometry": {
        "type": "LineString",
        "coordinates": [
          [
            -112.30153586055918,
            40.36062625780766
          ],
          [
            -112.30159968855506,
            40.360316462696495
          ],
          [
            -112.30165238013639,
            40.360181290018105
          ],
          [
            -112.30185115844412,
            40.359834432844714
          ],
          [
            -112.3018914703425,
            40.35971392484323
          ],
          [
            -112.30192038441655,
            40.35945707266509
          ],
          [
            -112.3019083739412,
            40.35906500420534
          ],
          [
            -112.30186586386532,
            40.3589179019636
          ],
          [
            -112.30174247487115,
            40.358726321312034
          ]
        ]
      },
      "properties": {
        "OBJECTID": 64317,
        "fault_name": "Southern Oquirrh Mountains fault zone",
        "section_name": "",
        "fault_id": "2399",
        "section_id": "",
        "Location": "Utah",
        "linetype": "Well Constrained",
        "age": "latest Quaternary",
        "dip_direction": "W",
        "slip_rate": "Between 0.2 and 1.0 mm/yr",
        "slip_sense": "Normal",
        "mapped_scale": "1:24,000",
        "class": "A",
        "mapped_certainty": "Good",
        "strike": "N25\u00b0W",
        "total_fault_length": 24,
        "cooperators": "Utah Geological Survey",
        "earthquake": "",
        "last_review": 1086048000000,
        "fault_url": "https://earthquake.usgs.gov/cfusion/qfault/show_report_AB_archive.cfm?fault_id=2399&section_id=",
        "symbology": "latest Quaternary Well Constrained",
        "ref_id": "2399",
        "Fault_ID_num": 2399,
        "Shape_Length": 288.00900475505586,
        "archive_pdf": "https://earthquake.usgs.gov/static/lfs/nshm/qfaults/Reports/2399.pdf",
        "type": "faults"
      }
    },
    {
      "type": "Feature",
      "id": 64331,
      "geometry": {
        "type": "LineString",
        "coordinates": [
          [
            -112.31786185690584,
            40.410175060132886
          ],
          [
            -112.3183046562723,
            40.409457839848024
          ],
          [
            -112.31853355598983,
            40.408492844972415
          ],
          [
            -112.31890746355718,
            40.4076845147404
          ],
          [
            -112.31915136963156,
            40.40622730132652
          ],
          [
            -112.31906747866212,
            40.40584563701659
          ],
          [
            -112.31867080509055,
            40.40459842723983
          ],
          [
            -112.31837301986204,
            40.403499549264886
          ],
          [
            -112.31781633927037,
            40.401985119007314
          ],
          [
            -112.31733577023778,
            40.40090179704628
          ],
          [
            -112.31664130604781,
            40.39950570197843
          ],
          [
            -112.31633629656781,
            40.398746266254136
          ],
          [
            -112.31626740656533,
            40.39855571211974
          ],
          [
            -112.31620629507485,
            40.39840349199352
          ],
          [
            -112.31597739895057,
            40.397800720009904
          ],
          [
            -112.31569516894955,
            40.39718628368567
          ],
          [
            -112.3151534830366,
            40.39698406615701
          ],
          [
            -112.3149401439364,
            40.396621847996876
          ],
          [
            -112.31465013542332,
            40.39614852080381
          ],
          [
            -112.31454346497493,
            40.3959846340307
          ],
          [
            -112.31439068310466,
            40.395717969884515
          ],
          [
            -112.31415400936665,
            40.39532853084098
          ],
          [
            -112.31334509441962,
            40.39432521069411
          ],
          [
            -112.31262840321459,
            40.393429112901046
          ],
          [
            -112.31172781968435,
            40.39231135124343
          ],
          [
            -112.31150670027549,
            40.392105243184716
          ],
          [
            -112.31097279467122,
            40.391598029315674
          ],
          [
            -112.31030110457033,
            40.39101026096693
          ],
          [
            -112.30973664187334,
            40.39051860230058
          ],
          [
            -112.30932440678609,
            40.3898202783147
          ],
          [
            -112.30924051491834,
            40.38972083521223
          ],
          [
            -112.30903439737473,
            40.38946917216479
          ],
          [
            -112.3087371673051,
            40.38883251314675
          ],
          [
            -112.30835548931053,
            40.38819918711079
          ],
          [
            -112.30827159744278,
            40.38805418880798
          ],
          [
            -112.30815714938065,
            40.3878825252806
          ],
          [
            -112.30804270221681,
            40.38749308266008
          ],
          [
            -112.30798158982803,
            40.38730641868811
          ],
          [
            -112.30776824982954,
            40.38686753472819
          ],
          [
            -112.30753157878647,
            40.38627642978939
          ],
          [
            -112.30737157356299,
            40.38577643597655
          ],
          [
            -112.30704323124182,
            40.38521588630876
          ],
          [
            -112.3065321042182,
            40.38452145277654
          ],
          [
            -112.30611986733432,
            40.383995346739894
          ],
          [
            -112.30571541165742,
            40.38351479866013
          ],
          [
            -112.30536484321946,
            40.383354247067494
          ],
          [
            -112.30483815557851,
            40.38330869720977
          ],
          [
            -112.30429647056386,
            40.38323981297326
          ],
          [
            -112.30386923271305,
            40.3831253732104
          ],
          [
            -112.30354866531066,
            40.38295371080664
          ],
          [
            -112.30325143344439,
            40.38276315919618
          ]
        ]
      },
      "properties": {
        "OBJECTID": 64331,
        "fault_name": "Southern Oquirrh Mountains fault zone",
        "section_name": "",
        "fault_id": "2399",
        "section_id": "",
        "Location": "Utah",
        "linetype": "Well Constrained",
        "age": "latest Quaternary",
        "dip_direction": "W",
        "slip_rate": "Between 0.2 and 1.0 mm/yr",
        "slip_sense": "Normal",
        "mapped_scale": "1:50,000",
        "class": "A",
        "mapped_certainty": "Good",
        "strike": "N25\u00b0W",
        "total_fault_length": 24,
        "cooperators": "Utah Geological Survey",
        "earthquake": "",
        "last_review": 1086048000000,
        "fault_url": "https://earthquake.usgs.gov/cfusion/qfault/show_report_AB_archive.cfm?fault_id=2399&section_id=",
        "symbology": "latest Quaternary Well Constrained",
        "ref_id": "2399",
        "Fault_ID_num": 2399,
        "Shape_Length": 4598.558559973155,
        "archive_pdf": "https://earthquake.usgs.gov/static/lfs/nshm/qfaults/Reports/2399.pdf",
        "type": "faults"
      }
    },
    {
      "type": "Feature",
      "id": 64332,
      "geometry": {
        "type": "LineString",
        "coordinates": [
          [
            -112.31466504296547,
            40.41475283185945
          ],
          [
            -112.3154661982651,
            40.41230006434142
          ]
        ]
      },
      "properties": {
        "OBJECTID": 64332,
        "fault_name": "Southern Oquirrh Mountains fault zone",
        "section_name": "",
        "fault_id": "2399",
        "section_id": "",
        "Location": "Utah",
        "linetype": "Well Constrained",
        "age": "latest Quaternary",
        "dip_direction": "W",
        "slip_rate": "Between 0.2 and 1.0 mm/yr",
        "slip_sense": "Normal",
        "mapped_scale": "1:50,000",
        "class": "A",
        "mapped_certainty": "Good",
        "strike": "N25\u00b0W",
        "total_fault_length": 24,
        "cooperators": "Utah Geological Survey",
        "earthquake": "",
        "last_review": 1086048000000,
        "fault_url": "https://earthquake.usgs.gov/cfusion/qfault/show_report_AB_archive.cfm?fault_id=2399&section_id=",
        "symbology": "latest Quaternary Well Constrained",
        "ref_id": "2399",
        "Fault_ID_num": 2399,
        "Shape_Length": 369.5340092109474,
        "archive_pdf": "https://earthquake.usgs.gov/static/lfs/nshm/qfaults/Reports/2399.pdf",
        "type": "faults"
      }
    },
    {
      "type": "Feature",
      "id": 64333,
      "geometry": {
        "type": "LineString",
        "coordinates": [
          [
            -112.30936250523563,
            40.4368282711141
          ],
          [
            -112.30935473301177,
            40.435767722664814
          ],
          [
            -112.30920973055187,
            40.43471495290539
          ],
          [
            -112.3090191736256,
            40.43384162726225
          ],
          [
            -112.3089963986382,
            40.432991080205824
          ],
          [
            -112.30904195759615,
            40.43256719377419
          ],
          [
            -112.30904973790481,
            40.43238830619327
          ],
          [
            -112.30907251828211,
            40.431991641204974
          ],
          [
            -112.30917919142549,
            40.431754976235275
          ],
          [
            -112.30940086689151,
            40.43144219871286
          ],
          [
            -112.30977421570675,
            40.43124775274171
          ],
          [
            -112.31014089812426,
            40.43091164067428
          ],
          [
            -112.31044591299413,
            40.43045052986937
          ],
          [
            -112.3107359268971,
            40.42984775428183
          ],
          [
            -112.3111098335661,
            40.42906164580957
          ],
          [
            -112.31115539342238,
            40.42884053674344
          ],
          [
            -112.31126206476911,
            40.42840942770434
          ],
          [
            -112.31125484590748,
            40.427631100710826
          ],
          [
            -112.31120095956686,
            40.426879994073865
          ],
          [
            -112.3108959518835,
            40.42604444714263
          ],
          [
            -112.31061372278079,
            40.42536167710421
          ],
          [
            -112.31028538135793,
            40.424568352849434
          ],
          [
            -112.31025538032237,
            40.42449168618217
          ],
          [
            -112.30993481381829,
            40.424045581004954
          ],
          [
            -112.30978980866344,
            40.42384725121198
          ],
          [
            -112.30945424298906,
            40.423420032807684
          ],
          [
            -112.30911812035919,
            40.422996704949355
          ],
          [
            -112.30879033140025,
            40.42261115629634
          ],
          [
            -112.30824086697524,
            40.42240116222651
          ],
          [
            -112.30758473210182,
            40.42210394727335
          ],
          [
            -112.3070813808953,
            40.42182506377191
          ],
          [
            -112.30674525916375,
            40.4213178481379
          ],
          [
            -112.30656247715626,
            40.4207345212554
          ],
          [
            -112.30644802999244,
            40.42018119322372
          ],
          [
            -112.30637914178658,
            40.41977286275677
          ],
          [
            -112.3063335882185,
            40.419189532736226
          ],
          [
            -112.30632581060478,
            40.41867064816339
          ],
          [
            -112.30630303741401,
            40.417884543788794
          ],
          [
            -112.30631804017756,
            40.41729343689053
          ],
          [
            -112.30631804017756,
            40.417262881133226
          ],
          [
            -112.30628026601987,
            40.41645455501982
          ],
          [
            -112.30626471438566,
            40.41556956082603
          ],
          [
            -112.306173602758,
            40.41490178882222
          ],
          [
            -112.30594470843032,
            40.41415790627067
          ],
          [
            -112.30573859358164,
            40.413417914096655
          ],
          [
            -112.30536469320083,
            40.41267014385509
          ],
          [
            -112.30477689676434,
            40.41197960007014
          ],
          [
            -112.3047163404327,
            40.41180015569041
          ],
          [
            -112.30431188565414,
            40.41050350222095
          ],
          [
            -112.30412077087408,
            40.40993517473324
          ],
          [
            -112.30373187042464,
            40.40913407332823
          ],
          [
            -112.30343408699281,
            40.40836352630385
          ],
          [
            -112.30302963221422,
            40.40711964925973
          ],
          [
            -112.30251128273572,
            40.40636465811263
          ],
          [
            -112.30201515757734,
            40.405296336658886
          ],
          [
            -112.30170237228026,
            40.40453745604228
          ],
          [
            -112.30149625563494,
            40.403961351703245
          ],
          [
            -112.3013818075728,
            40.40364468806269
          ],
          [
            -112.30102346331775,
            40.403175249239666
          ],
          [
            -112.30073345480469,
            40.402824699783984
          ],
          [
            -112.3005351157731,
            40.40238581503268
          ],
          [
            -112.3004662257706,
            40.4020197082027
          ],
          [
            -112.300481783693,
            40.40175637618807
          ],
          [
            -112.30045900690897,
            40.401443600785804
          ],
          [
            -112.30045123109187,
            40.40104693734057
          ],
          [
            -112.30051234617562,
            40.40060082926561
          ],
          [
            -112.3003212295989,
            40.40007416610373
          ],
          [
            -112.30020678423172,
            40.399677504166974
          ],
          [
            -112.29999344513152,
            40.39894862420601
          ],
          [
            -112.29974899737304,
            40.39805640876047
          ],
          [
            -112.29955843865012,
            40.39715197318457
          ],
          [
            -112.29932954342416,
            40.39663697765898
          ]
        ]
      },
      "properties": {
        "OBJECTID": 64333,
        "fault_name": "Southern Oquirrh Mountains fault zone",
        "section_name": "",
        "fault_id": "2399",
        "section_id": "",
        "Location": "Utah",
        "linetype": "Well Constrained",
        "age": "latest Quaternary",
        "dip_direction": "W",
        "slip_rate": "Between 0.2 and 1.0 mm/yr",
        "slip_sense": "Normal",
        "mapped_scale": "1:50,000",
        "class": "A",
        "mapped_certainty": "Good",
        "strike": "N25\u00b0W",
        "total_fault_length": 24,
        "cooperators": "Utah Geological Survey",
        "earthquake": "",
        "last_review": 1086048000000,
        "fault_url": "https://earthquake.usgs.gov/cfusion/qfault/show_report_AB_archive.cfm?fault_id=2399&section_id=",
        "symbology": "latest Quaternary Well Constrained",
        "ref_id": "2399",
        "Fault_ID_num": 2399,
        "Shape_Length": 6262.143007534017,
        "archive_pdf": "https://earthquake.usgs.gov/static/lfs/nshm/qfaults/Reports/2399.pdf",
        "type": "faults"
      }
    },
    {
      "type": "Feature",
      "id": 64334,
      "geometry": {
        "type": "LineString",
        "coordinates": [
          [
            -112.29584290243042,
            40.36626112221083
          ],
          [
            -112.2956140090011,
            40.365719459774084
          ],
          [
            -112.29551511796305,
            40.36550557368733
          ],
          [
            -112.29535455758075,
            40.36488391396457
          ],
          [
            -112.29530122639895,
            40.36444891883621
          ],
          [
            -112.2952784478183,
            40.36425447367547
          ],
          [
            -112.29539290037201,
            40.36362503366894
          ],
          [
            -112.29525567462751,
            40.36302615106205
          ],
          [
            -112.29512567313455,
            40.362553377668455
          ],
          [
            -112.29516401233255,
            40.361923938205486
          ],
          [
            -112.29514845890174,
            40.361408942327856
          ],
          [
            -112.29514846159665,
            40.36081339065837
          ],
          [
            -112.29518679899806,
            40.360203394080834
          ],
          [
            -112.29532402923412,
            40.3596233982421
          ],
          [
            -112.29552237455391,
            40.358956178874095
          ]
        ]
      },
      "properties": {
        "OBJECTID": 64334,
        "fault_name": "Southern Oquirrh Mountains fault zone",
        "section_name": "",
        "fault_id": "2399",
        "section_id": "",
        "Location": "Utah",
        "linetype": "Well Constrained",
        "age": "latest Quaternary",
        "dip_direction": "W",
        "slip_rate": "Between 0.2 and 1.0 mm/yr",
        "slip_sense": "Normal",
        "mapped_scale": "1:50,000",
        "class": "A",
        "mapped_certainty": "Good",
        "strike": "N25\u00b0W",
        "total_fault_length": 24,
        "cooperators": "Utah Geological Survey",
        "earthquake": "",
        "last_review": 1086048000000,
        "fault_url": "https://earthquake.usgs.gov/cfusion/qfault/show_report_AB_archive.cfm?fault_id=2399&section_id=",
        "symbology": "latest Quaternary Well Constrained",
        "ref_id": "2399",
        "Fault_ID_num": 2399,
        "Shape_Length": 1082.9962314671245,
        "archive_pdf": "https://earthquake.usgs.gov/static/lfs/nshm/qfaults/Reports/2399.pdf",
        "type": "faults"
      }
    }
  ]
}