{
  "type": "FeatureCollection",
  "features": [
    {
      "type": "Feature",
      "geometry": {
        "type": "LineString",
        "coordinates": [
          [
            -117.54307799969426,
            36.737837999936225
          ],
          [
            -117.54304000005939,
            36.73139500017245
          ]
        ]
      },
      "properties": {
        "fault_name": "Tin Mountain fault",
        "age": "late Quaternary",
        "slip_rate": "Less than 0.2 mm/yr"
      }
    },
    {
      "type": "Feature",
      "geometry": {
        "type": "LineString",
        "coordinates": [
          [
            -117.53049699981705,
            36.74828600032601
          ],
          [
            -117.53153399970968,
            36.746931000174044
          ],
          [
            -117.53332700018584,
            36.743715999743166
          ],
          [
            -117.53546400061862,
            36.740133001298375
          ],
          [
            -117.53682100017838,
            36.73774499983185
          ],
          [
            -117.53743899977134,
            36.735473000345145
          ],
          [
            -117.53859899968762,
            36.73303399969002
          ],
          [
            -117.5389799985558,
            36.73121900025069
          ],
          [
            -117.53950599988391,
            36.72935799993833
          ],
          [
            -117.53949099981529,
            36.72714799997436
          ],
          [
            -117.53962899990756,
            36.72410800034787
          ],
          [
            -117.53947599974668,
            36.72116399978057
          ],
          [
            -117.53881299994787,
            36.717454999956004
          ],
          [
            -117.53846200031857,
            36.714487999668336
          ],
          [
            -117.5382170000962,
            36.71285099874847
          ],
          [
            -117.5379649993028,
            36.71199600030308
          ],
          [
            -117.5375760000387,
            36.710958000210745
          ]
        ]
      },
      "properties": {
        "fault_name": "Tin Mountain fault",
        "age": "late Quaternary",
        "slip_rate": "Less than 0.2 mm/yr"
      }
    },
    {
      "type": "Feature",
      "geometry": {
        "type": "LineString",
        "coordinates": [
          [
            -117.53869099974912,
            36.72778899974304
          ],
          [
            -117.53801100023186,
            36.726129000277695
          ],
          [
            -117.53782000043617,
            36.72481499974972
          ],
          [
            -117.53780600019245,
            36.723180000248654
          ],
          [
            -117.5378430000024,
            36.72186900008393
          ],
          [
            -117.538110999791,
            36.720675998727295
          ],
          [
            -117.5382859996932,
            36.71984799966231
          ],
          [
            -117.53834699979254,
            36.71869399987487
          ],
          [
            -117.53849999995343,
            36.717937000170565
          ],
          [
            -117.53862200015215,
            36.71706200029328
          ],
          [
            -117.5385909992917,
            36.71699300004608
          ]
        ]
      },
      "properties": {
        "fault_name": "Tin Mountain fault",
        "age": "late Quaternary",
        "slip_rate": "Less than 0.2 mm/yr"
      }
    },
    {
      "type": "Feature",
      "geometry": {
        "type": "LineString",
        "coordinates": [
          [
            -117.51580199997161,
            36.75778100033113
          ],
          [
            -117.51935000039082,
            36.75662099966708
          ],
          [
            -117.52037899988755,
            36.75614100128471
          ],
          [
            -117.52259199958995,
            36.75433200025191
          ],
          [
            -117.52503400141786,
            36.75279900005415
          ],
          [
            -117.52600999941451,
            36.752021000026254
          ],
          [
            -117.52779500039307,
            36.750278000334916
          ],
          [
            -117.52868799944734,
            36.749681999790454
          ],
          [
            -117.53006200142049,
            36.7487209997766
          ],
          [
            -117.53049699981705,
            36.74828600032601
          ]
        ]
      },
      "properties": {
        "fault_name": "Tin Mountain fault",
        "age": "late Quaternary",
        "slip_rate": "Less than 0.2 mm/yr"
      }
    },
    {
      "type": "Feature",
      "geometry": {
        "type": "LineString",
        "coordinates": [
          [
            -117.50123699982252,
            36.77578999989014
          ],
          [
            -117.5031909999572,
            36.77446200023473
          ],
          [
            -117.50483099937418,
            36.77311199928498
          ],
          [
            -117.50635699988666,
            36.77159799994301
          ],
          [
            -117.5087749996285,
            36.769028999748045
          ],
          [
            -117.51059199859749,
            36.767332000104844
          ],
          [
            -117.51162900028676,
            36.765429999965626
          ],
          [
            -117.51307799990802,
            36.76292300031606
          ],
          [
            -117.51474900018546,
            36.76065299992106
          ],
          [
            -117.51501600014916,
            36.75968799984601
          ],
          [
            -117.51556599997006,
            36.758215999926016
          ],
          [
            -117.51577199983437,
            36.75778100033113
          ]
        ]
      },
      "properties": {
        "fault_name": "Tin Mountain fault",
        "age": "late Quaternary",
        "slip_rate": "Less than 0.2 mm/yr"
      }
    },
    {
      "type": "Feature",
      "geometry": {
        "type": "LineString",
        "coordinates": [
          [
            -117.49227299996153,
            36.790572000102415
          ],
          [
            -117.49439400139904,
            36.789751000269405
          ],
          [
            -117.49513400029245,
            36.78950299993826
          ],
          [
            -117.4959960002829,
            36.78913700034433
          ],
          [
            -117.49671300140669,
            36.78870199990944
          ],
          [
            -117.49726300032928,
            36.78796900067639
          ],
          [
            -117.49800999979371,
            36.787003999781724
          ],
          [
            -117.49839099956021,
            36.7858329998998
          ],
          [
            -117.49894899977701,
            36.78457100001019
          ],
          [
            -117.49941499993234,
            36.78353700006343
          ],
          [
            -117.49978900002615,
            36.7828470002198
          ],
          [
            -117.50053500056397,
            36.781770999658946
          ],
          [
            -117.5010860002098,
            36.78096499966533
          ],
          [
            -117.50163399858427,
            36.78009600005546
          ],
          [
            -117.50218400020178,
            36.77936000019661
          ],
          [
            -117.50258800043284,
            36.7786699987219
          ],
          [
            -117.50305299986492,
            36.77825700131085
          ],
          [
            -117.50342699995873,
            36.777593001264826
          ]
        ]
      },
      "properties": {
        "fault_name": "Tin Mountain fault",
        "age": "late Quaternary",
        "slip_rate": "Less than 0.2 mm/yr"
      }
    },
    {
      "type": "Feature",
      "geometry": {
        "type": "LineString",
        "coordinates": [
          [
            -117.49694299976385,
            36.78124899974476
          ],
          [
            -117.49732400042866,
            36.780123999961354
          ],
          [
            -117.49772800065969,
            36.77945599982822
          ],
          [
            -117.49862099971396,
            36.77828499973005
          ],
          [
            -117.49968100007112,
            36.777370000225645
          ],
          [
            -117.50037599965698,
            36.776659000111465
          ],
          [
            -117.50100899931859,
            36.77617899978465
          ],
          [
            -117.50129900064513,
            36.77595000018564
          ]
        ]
      },
      "properties": {
        "fault_name": "Tin Mountain fault",
        "age": "late Quaternary",
        "slip_rate": "Less than 0.2 mm/yr"
      }
    },
    {
      "type": "Feature",
      "geometry": {
        "type": "LineString",
        "coordinates": [
          [
            -117.49898999978491,
            36.88566699999231
          ],
          [
            -117.49940099968865,
            36.88421699874047
          ],
          [
            -117.49960699955295,
            36.883346999860855
          ],
          [
            -117.4998960001563,
            36.8824019998068
          ],
          [
            -117.50010299984554,
            36.88178299987615
          ],
          [
            -117.50031600028085,
            36.880654000008654
          ],
          [
            -117.50031600028085,
            36.88060799979508
          ]
        ]
      },
      "properties": {
        "fault_name": "Tin Mountain fault",
        "age": "late Quaternary",
        "slip_rate": "Less than 0.2 mm/yr"
      }
    },
    {
      "type": "Feature",
      "geometry": {
        "type": "LineString",
        "coordinates": [
          [
            -117.68620699971443,
            36.829600000293304
          ],
          [
            -117.69279099857015,
            36.82765999877701
          ],
          [
            -117.7057189996753,
            36.82196900035851
          ],
          [
            -117.71268999994192,
            36.818256999239416
          ],
          [
            -117.7224319992295,
            36.81198400010241
          ]
        ]
      },
      "properties": {
        "fault_name": "unnamed faults west of Dry Mountain",
        "age": "late Quaternary",
        "slip_rate": "Unspecified"
      }
    },
    {
      "type": "Feature",
      "geometry": {
        "type": "LineString",
        "coordinates": [
          [
            -117.6531990001825,
            36.8998070001308
          ],
          [
            -117.65219900009981,
            36.90150600135711
          ]
        ]
      },
      "properties": {
        "fault_name": "unnamed faults west of Dry Mountain",
        "age": "late Quaternary",
        "slip_rate": "Unspecified"
      }
    },
    {
      "type": "Feature",
      "geometry": {
        "type": "LineString",
        "coordinates": [
          [
            -117.6860000000252,
            36.82971300026689
          ],
          [
            -117.685308999739,
            36.83027600018052
          ],
          [
            -117.68462000000092,
            36.83092299967096
          ],
          [
            -117.68396200022495,
            36.83126199969984
          ],
          [
            -117.68292099923606,
            36.83146399965187
          ],
          [
            -117.6816359996463,
            36.83161099968738
          ],
          [
            -117.68031900026953,
            36.83203700030802
          ],
          [
            -117.67948799934291,
            36.83243300025613
          ],
          [
            -117.67896899858583,
            36.832715999907265
          ]
        ]
      },
      "properties": {
        "fault_name": "unnamed faults west of Dry Mountain",
        "age": "late Quaternary",
        "slip_rate": "Unspecified"
      }
    },
    {
      "type": "Feature",
      "geometry": {
        "type": "LineString",
        "coordinates": [
          [
            -117.67506399958786,
            36.835437000348044
          ],
          [
            -117.67496300020385,
            36.83598799877205
          ],
          [
            -117.67477700043102,
            36.836723000109004
          ],
          [
            -117.67474800011867,
            36.83741399993671
          ],
          [
            -117.67475099959344,
            36.8378379997453
          ],
          [
            -117.67475300014156,
            36.83802099984542
          ]
        ]
      },
      "properties": {
        "fault_name": "unnamed faults west of Dry Mountain",
        "age": "late Quaternary",
        "slip_rate": "Unspecified"
      }
    },
    {
      "type": "Feature",
      "geometry": {
        "type": "LineString",
        "coordinates": [
          [
            -117.67451400066528,
            36.83827800030348
          ],
          [
            -117.67461399932606,
            36.83869099976781
          ],
          [
            -117.67461800042236,
            36.83914300030378
          ],
          [
            -117.6745580001479,
            36.839661000168526
          ],
          [
            -117.67456300017076,
            36.840177998647526
          ]
        ]
      },
      "properties": {
        "fault_name": "unnamed faults west of Dry Mountain",
        "age": "late Quaternary",
        "slip_rate": "Unspecified"
      }
    },
    {
      "type": "Feature",
      "geometry": {
        "type": "LineString",
        "coordinates": [
          [
            -117.67372499957145,
            36.84178499974363
          ],
          [
            -117.67345500013303,
            36.84225200007097
          ],
          [
            -117.67331600021586,
            36.84292500030466
          ],
          [
            -117.67341800032311,
            36.843480000102396
          ],
          [
            -117.67334200015513,
            36.84395900067759
          ],
          [
            -117.67334699927967,
            36.84461799988505
          ],
          [
            -117.67307899859276,
            36.84515000033288
          ],
          [
            -117.67268199983106,
            36.84575899986772
          ],
          [
            -117.67236399981374,
            36.84616200035041
          ],
          [
            -117.6723329998516,
            36.846356000146535
          ]
        ]
      },
      "properties": {
        "fault_name": "unnamed faults west of Dry Mountain",
        "age": "late Quaternary",
        "slip_rate": "Unspecified"
      }
    },
    {
      "type": "Feature",
      "geometry": {
        "type": "LineString",
        "coordinates": [
          [
            -117.6733000003223,
            36.840485001281486
          ],
          [
            -117.67337399994219,
            36.840992999731924
          ],
          [
            -117.67348400044531,
            36.841500001261466
          ]
        ]
      },
      "properties": {
        "fault_name": "unnamed faults west of Dry Mountain",
        "age": "late Quaternary",
        "slip_rate": "Unspecified"
      }
    },
    {
      "type": "Feature",
      "geometry": {
        "type": "LineString",
        "coordinates": [
          [
            -117.67243099976088,
            36.84645900029026
          ],
          [
            -117.67209600002514,
            36.84686100001239
          ],
          [
            -117.67198700024515,
            36.847210999934006
          ],
          [
            -117.6717980000993,
            36.84767700025542
          ],
          [
            -117.67172000028148,
            36.847949000318096
          ]
        ]
      },
      "properties": {
        "fault_name": "unnamed faults west of Dry Mountain",
        "age": "late Quaternary",
        "slip_rate": "Unspecified"
      }
    },
    {
      "type": "Feature",
      "geometry": {
        "type": "LineString",
        "coordinates": [
          [
            -117.67170799968761,
            36.84838899877239
          ],
          [
            -117.67156999959533,
            36.84916499971695
          ],
          [
            -117.67125300030123,
            36.84976199999807
          ],
          [
            -117.67083999984939,
            36.85031999875498
          ],
          [
            -117.67044199856781,
            36.85077400007193
          ],
          [
            -117.6698359995687,
            36.85134700126403
          ]
        ]
      },
      "properties": {
        "fault_name": "unnamed faults west of Dry Mountain",
        "age": "late Quaternary",
        "slip_rate": "Unspecified"
      }
    },
    {
      "type": "Feature",
      "geometry": {
        "type": "LineString",
        "coordinates": [
          [
            -117.66629100042087,
            36.85614900022242
          ],
          [
            -117.66620000018426,
            36.85687300028323
          ],
          [
            -117.66607599943738,
            36.85731399965475
          ],
          [
            -117.66592099962672,
            36.858089999846705
          ],
          [
            -117.66542900043042,
            36.85881700029824
          ],
          [
            -117.66516400011656,
            36.859825999756005
          ],
          [
            -117.66489700015285,
            36.860526000028365
          ],
          [
            -117.66469200011345,
            36.861043998775685
          ],
          [
            -117.66472600044865,
            36.861173000190384
          ]
        ]
      },
      "properties": {
        "fault_name": "unnamed faults west of Dry Mountain",
        "age": "late Quaternary",
        "slip_rate": "Unspecified"
      }
    },
    {
      "type": "Feature",
      "geometry": {
        "type": "LineString",
        "coordinates": [
          [
            -117.66167299959878,
            36.878381999835156
          ],
          [
            -117.66145299859241,
            36.87904200070808
          ]
        ]
      },
      "properties": {
        "fault_name": "unnamed faults west of Dry Mountain",
        "age": "late Quaternary",
        "slip_rate": "Unspecified"
      }
    },
    {
      "type": "Feature",
      "geometry": {
        "type": "LineString",
        "coordinates": [
          [
            -117.66159899997892,
            36.87911800126111
          ],
          [
            -117.66109000016588,
            36.879871000280275
          ],
          [
            -117.66093400142861,
            36.880441000348895
          ]
        ]
      },
      "properties": {
        "fault_name": "unnamed faults west of Dry Mountain",
        "age": "late Quaternary",
        "slip_rate": "Unspecified"
      }
    },
    {
      "type": "Feature",
      "geometry": {
        "type": "LineString",
        "coordinates": [
          [
            -117.66134299988587,
            36.87374299981412
          ],
          [
            -117.6611549995649,
            36.8742739998973
          ],
          [
            -117.660965999419,
            36.874753999674425
          ],
          [
            -117.66096899979206,
            36.875180000659874
          ],
          [
            -117.66097200016512,
            36.87550300031757
          ]
        ]
      },
      "properties": {
        "fault_name": "unnamed faults west of Dry Mountain",
        "age": "late Quaternary",
        "slip_rate": "Unspecified"
      }
    },
    {
      "type": "Feature",
      "geometry": {
        "type": "LineString",
        "coordinates": [
          [
            -117.66054600019277,
            36.87643599976899
          ],
          [
            -117.66038899983391,
            36.876928000000994
          ],
          [
            -117.6605210000784,
            36.87730099988155
          ],
          [
            -117.66061999981262,
            36.87763800071351
          ],
          [
            -117.66084799941827,
            36.87792099975386
          ],
          [
            -117.66099500062964,
            36.87820499871926
          ],
          [
            -117.66099900082762,
            36.87857899979902
          ]
        ]
      },
      "properties": {
        "fault_name": "unnamed faults west of Dry Mountain",
        "age": "late Quaternary",
        "slip_rate": "Unspecified"
      }
    },
    {
      "type": "Feature",
      "geometry": {
        "type": "LineString",
        "coordinates": [
          [
            -117.66095200007364,
            36.87881200025661
          ],
          [
            -117.6602819997038,
            36.87941100008528
          ],
          [
            -117.65999600037183,
            36.8798779997573
          ]
        ]
      },
      "properties": {
        "fault_name": "unnamed faults west of Dry Mountain",
        "age": "late Quaternary",
        "slip_rate": "Unspecified"
      }
    },
    {
      "type": "Feature",
      "geometry": {
        "type": "LineString",
        "coordinates": [
          [
            -117.66064400010207,
            36.880364999675415
          ],
          [
            -117.66020100041128,
            36.88127299975006
          ],
          [
            -117.66020600043414,
            36.88184099971708
          ]
        ]
      },
      "properties": {
        "fault_name": "unnamed faults west of Dry Mountain",
        "age": "late Quaternary",
        "slip_rate": "Unspecified"
      }
    },
    {
      "type": "Feature",
      "geometry": {
        "type": "LineString",
        "coordinates": [
          [
            -117.66060100044436,
            36.886647001347676
          ],
          [
            -117.66024999991674,
            36.886945998711305
          ],
          [
            -117.65988300039396,
            36.887284000225115
          ]
        ]
      },
      "properties": {
        "fault_name": "unnamed faults west of Dry Mountain",
        "age": "late Quaternary",
        "slip_rate": "Unspecified"
      }
    },
    {
      "type": "Feature",
      "geometry": {
        "type": "LineString",
        "coordinates": [
          [
            -117.66053000029925,
            36.88212300022355
          ],
          [
            -117.66042199944589,
            36.882666999929825
          ],
          [
            -117.66042399999405,
            36.88289899993595
          ]
        ]
      },
      "properties": {
        "fault_name": "unnamed faults west of Dry Mountain",
        "age": "late Quaternary",
        "slip_rate": "Unspecified"
      }
    },
    {
      "type": "Feature",
      "geometry": {
        "type": "LineString",
        "coordinates": [
          [
            -117.66034799982604,
            36.87399399977219
          ],
          [
            -117.66017499957368,
            36.874525000266324
          ],
          [
            -117.65995399964075,
            36.87500500134046
          ]
        ]
      },
      "properties": {
        "fault_name": "unnamed faults west of Dry Mountain",
        "age": "late Quaternary",
        "slip_rate": "Unspecified"
      }
    },
    {
      "type": "Feature",
      "geometry": {
        "type": "LineString",
        "coordinates": [
          [
            -117.65999800002167,
            36.88004599994713
          ],
          [
            -117.65980900077409,
            36.880590000078904
          ],
          [
            -117.65981300007374,
            36.88100199994561
          ],
          [
            -117.65986300030245,
            36.88127399996498
          ]
        ]
      },
      "properties": {
        "fault_name": "unnamed faults west of Dry Mountain",
        "age": "late Quaternary",
        "slip_rate": "Unspecified"
      }
    },
    {
      "type": "Feature",
      "geometry": {
        "type": "LineString",
        "coordinates": [
          [
            -117.65995199999091,
            36.88228199868936
          ],
          [
            -117.65992500022675,
            36.88278500005199
          ],
          [
            -117.65997399973223,
            36.882965999945945
          ]
        ]
      },
      "properties": {
        "fault_name": "unnamed faults west of Dry Mountain",
        "age": "late Quaternary",
        "slip_rate": "Unspecified"
      }
    },
    {
      "type": "Feature",
      "geometry": {
        "type": "LineString",
        "coordinates": [
          [
            -117.65965700043816,
            36.887207999896106
          ],
          [
            -117.65938599937819,
            36.88748100021526
          ],
          [
            -117.65916400141695,
            36.88784399971191
          ],
          [
            -117.6586190007206,
            36.8881709987546
          ],
          [
            -117.65823700023087,
            36.8886109998461
          ],
          [
            -117.65791800038863,
            36.88893599968526
          ],
          [
            -117.65774399941307,
            36.88929900016688
          ]
        ]
      },
      "properties": {
        "fault_name": "unnamed faults west of Dry Mountain",
        "age": "late Quaternary",
        "slip_rate": "Unspecified"
      }
    },
    {
      "type": "Feature",
      "geometry": {
        "type": "LineString",
        "coordinates": [
          [
            -117.65390299998921,
            36.89747700009398
          ],
          [
            -117.65379400020927,
            36.897864998695326
          ],
          [
            -117.65358999999474,
            36.89855099968279
          ],
          [
            -117.6534650003213,
            36.898952999775105
          ],
          [
            -117.65332399985598,
            36.89934100021121
          ],
          [
            -117.65324600003818,
            36.89967799930945
          ],
          [
            -117.65321500007605,
            36.89979399977388
          ]
        ]
      },
      "properties": {
        "fault_name": "unnamed faults west of Dry Mountain",
        "age": "late Quaternary",
        "slip_rate": "Unspecified"
      }
    },
    {
      "type": "Feature",
      "geometry": {
        "type": "LineString",
        "coordinates": [
          [
            -117.65219999992472,
            36.901532000048704
          ],
          [
            -117.65197800016686,
            36.90197300021151
          ],
          [
            -117.65177200030253,
            36.9024000001298
          ],
          [
            -117.65156600043822,
            36.902685999857646
          ],
          [
            -117.65156800008803,
            36.902918000085094
          ],
          [
            -117.65145799958488,
            36.90332000015906
          ]
        ]
      },
      "properties": {
        "fault_name": "unnamed faults west of Dry Mountain",
        "age": "late Quaternary",
        "slip_rate": "Unspecified"
      }
    },
    {
      "type": "Feature",
      "geometry": {
        "type": "LineString",
        "coordinates": [
          [
            -117.64823300010416,
            36.91612599998994
          ],
          [
            -117.64803699938727,
            36.91790600133791
          ],
          [
            -117.64709900012716,
            36.920677000655076
          ],
          [
            -117.64679900055151,
            36.921868999733526
          ],
          [
            -117.64598200076692,
            36.9238889996841
          ],
          [
            -117.64465500044606,
            36.92681699969209
          ],
          [
            -117.64342000018671,
            36.92938299977246
          ],
          [
            -117.64237599972307,
            36.93161200021826
          ],
          [
            -117.64059099964281,
            36.93533599982659
          ],
          [
            -117.64030299976271,
            36.935951999850424
          ],
          [
            -117.64009400042367,
            36.9363849996532
          ],
          [
            -117.64001700043077,
            36.936855999747785
          ],
          [
            -117.63997600042288,
            36.9372610003324
          ],
          [
            -117.6399429999126,
            36.937771999848
          ],
          [
            -117.63979899997257,
            36.938074001354
          ],
          [
            -117.6397030006114,
            36.93834900026726
          ],
          [
            -117.63964099978882,
            36.93865000002372
          ],
          [
            -117.63961199857819,
            36.93913399987761
          ],
          [
            -117.63948599997813,
            36.9396710012449
          ],
          [
            -117.63922999988509,
            36.94018299983861
          ],
          [
            -117.63884900011855,
            36.94109299997979
          ],
          [
            -117.63821399990886,
            36.942181999903255
          ],
          [
            -117.63780399983003,
            36.94329600018754
          ],
          [
            -117.63707000078443,
            36.94404999999486
          ],
          [
            -117.6367590004398,
            36.94542200001204
          ],
          [
            -117.63535599995096,
            36.947058000141126
          ],
          [
            -117.63388700023819,
            36.94856500033973
          ],
          [
            -117.6322959994284,
            36.95095200006359
          ],
          [
            -117.6313110003126,
            36.9525859998845
          ],
          [
            -117.63032100027567,
            36.95367699988502
          ],
          [
            -117.62984199970153,
            36.954171000244465
          ]
        ]
      },
      "properties": {
        "fault_name": "unnamed faults west of Dry Mountain",
        "age": "late Quaternary",
        "slip_rate": "Unspecified"
      }
    },
    {
      "type": "Feature",
      "geometry": {
        "type": "LineString",
        "coordinates": [
          [
            -117.96880799955572,
            36.522795000214266
          ],
          [
            -117.97172400013825,
            36.52713600132936
          ],
          [
            -117.97558599858019,
            36.532932000005964
          ],
          [
            -117.97706699978511,
            36.53560199931425
          ],
          [
            -117.9788689995838,
            36.53961799988273
          ],
          [
            -117.98031100043072,
            36.54313500003923
          ],
          [
            -117.98121199988091,
            36.5451760002524
          ],
          [
            -117.98255500009527,
            36.547671999684
          ],
          [
            -117.98389599976153,
            36.54997299877732
          ],
          [
            -117.9851279996478,
            36.55229599967069
          ],
          [
            -117.98618800000499,
            36.5541189996541
          ],
          [
            -117.98801699956786,
            36.55652799983142
          ]
        ]
      },
      "properties": {
        "fault_name": "Owens Valley fault zone",
        "age": "historic",
        "slip_rate": "Between 1.0 and 5.0 mm/yr"
      }
    },
    {
      "type": "Feature",
      "geometry": {
        "type": "LineString",
        "coordinates": [
          [
            -117.95193199979491,
            36.499612000200635
          ],
          [
            -117.95356200006448,
            36.50317199997571
          ],
          [
            -117.95468500017083,
            36.50560400025405
          ],
          [
            -117.95575899987338,
            36.508253999991275
          ],
          [
            -117.95681300038274,
            36.509817001355
          ],
          [
            -117.95819699970669,
            36.51165200122987
          ],
          [
            -117.96198899962506,
            36.51638500018195
          ],
          [
            -117.96616899988095,
            36.521499000118624
          ],
          [
            -117.966933999787,
            36.52242699997885
          ],
          [
            -117.96869699922763,
            36.52420700030087
          ],
          [
            -117.9695179992102,
            36.52474900000481
          ]
        ]
      },
      "properties": {
        "fault_name": "Owens Valley fault zone",
        "age": "historic",
        "slip_rate": "Between 1.0 and 5.0 mm/yr"
      }
    },
    {
      "type": "Feature",
      "geometry": {
        "type": "LineString",
        "coordinates": [
          [
            -117.95865899966407,
            36.51016300017902
          ],
          [
            -117.9679609996339,
            36.5223180012249
          ]
        ]
      },
      "properties": {
        "fault_name": "Owens Valley fault zone",
        "age": "historic",
        "slip_rate": "Between 1.0 and 5.0 mm/yr"
      }
    },
    {
      "type": "Feature",
      "geometry": {
        "type": "LineString",
        "coordinates": [
          [
            -117.94773900001856,
            36.49132300019121
          ],
          [
            -117.95406500002973,
            36.48793199994347
          ]
        ]
      },
      "properties": {
        "fault_name": "Owens Valley fault zone",
        "age": "historic",
        "slip_rate": "Between 1.0 and 5.0 mm/yr"
      }
    },
    {
      "type": "Feature",
      "geometry": {
        "type": "LineString",
        "coordinates": [
          [
            -117.94697599976232,
            36.49131899993737
          ],
          [
            -117.94832700037263,
            36.494446000080586
          ],
          [
            -117.95094000010813,
            36.49856999999401
          ],
          [
            -117.9515579997011,
            36.499916998756625
          ]
        ]
      },
      "properties": {
        "fault_name": "Owens Valley fault zone",
        "age": "historic",
        "slip_rate": "Between 1.0 and 5.0 mm/yr"
      }
    },
    {
      "type": "Feature",
      "geometry": {
        "type": "LineString",
        "coordinates": [
          [
            -117.94648400056604,
            36.4910590003292
          ],
          [
            -117.94662000011019,
            36.49266599988611
          ],
          [
            -117.94706800072214,
            36.49357700022382
          ],
          [
            -117.94823999943567,
            36.495704999977185
          ],
          [
            -117.95047499977773,
            36.49983000013622
          ]
        ]
      },
      "properties": {
        "fault_name": "Owens Valley fault zone",
        "age": "historic",
        "slip_rate": "Between 1.0 and 5.0 mm/yr"
      }
    },
    {
      "type": "Feature",
      "geometry": {
        "type": "LineString",
        "coordinates": [
          [
            -117.94697699958724,
            36.4910629998742
          ],
          [
            -117.94942999859086,
            36.4889769996628
          ]
        ]
      },
      "properties": {
        "fault_name": "Owens Valley fault zone",
        "age": "historic",
        "slip_rate": "Between 1.0 and 5.0 mm/yr"
      }
    },
    {
      "type": "Feature",
      "geometry": {
        "type": "LineString",
        "coordinates": [
          [
            -117.70775999984858,
            36.580274999724466
          ],
          [
            -117.70707199993542,
            36.57849899979205
          ],
          [
            -117.70615999971625,
            36.57701000022085
          ],
          [
            -117.70551100016115,
            36.5761749998154
          ]
        ]
      },
      "properties": {
        "fault_name": "Lee Flat fault zone",
        "age": "latest Quaternary",
        "slip_rate": ""
      }
    },
    {
      "type": "Feature",
      "geometry": {
        "type": "LineString",
        "coordinates": [
          [
            -117.70372899955564,
            36.57460700032144
          ],
          [
            -117.70275899961017,
            36.57395400017883
          ],
          [
            -117.70201499962047,
            36.5733529996952
          ],
          [
            -117.7013979998524,
            36.572595000122035
          ]
        ]
      },
      "properties": {
        "fault_name": "Lee Flat fault zone",
        "age": "latest Quaternary",
        "slip_rate": ""
      }
    },
    {
      "type": "Feature",
      "geometry": {
        "type": "LineString",
        "coordinates": [
          [
            -117.70236299977503,
            36.56768700006741
          ],
          [
            -117.7009660000323,
            36.56580599971317
          ]
        ]
      },
      "properties": {
        "fault_name": "Lee Flat fault zone",
        "age": "latest Quaternary",
        "slip_rate": ""
      }
    },
    {
      "type": "Feature",
      "geometry": {
        "type": "LineString",
        "coordinates": [
          [
            -117.68417800013505,
            36.50833799990387
          ],
          [
            -117.68476200029114,
            36.509149000122164
          ],
          [
            -117.6852819999748,
            36.509958999782384
          ],
          [
            -117.6858660001309,
            36.51058500001503
          ],
          [
            -117.68654399999835,
            36.511109000044826
          ]
        ]
      },
      "properties": {
        "fault_name": "Lee Flat fault zone",
        "age": "latest Quaternary",
        "slip_rate": ""
      }
    },
    {
      "type": "Feature",
      "geometry": {
        "type": "LineString",
        "coordinates": [
          [
            -117.69913800029434,
            36.55781600015319
          ],
          [
            -117.69861199986455,
            36.557272000355034
          ],
          [
            -117.69778599985912,
            36.556344000094526
          ],
          [
            -117.69688200003587,
            36.55501300015048
          ],
          [
            -117.69630499955248,
            36.55406499997577
          ],
          [
            -117.69585099999102,
            36.553177999778846
          ]
        ]
      },
      "properties": {
        "fault_name": "Lee Flat fault zone",
        "age": "latest Quaternary",
        "slip_rate": ""
      }
    },
    {
      "type": "Feature",
      "geometry": {
        "type": "LineString",
        "coordinates": [
          [
            -117.68543900033366,
            36.54161900021125
          ],
          [
            -117.68705000033663,
            36.54484600000992
          ],
          [
            -117.69025700027399,
            36.5487990000328
          ],
          [
            -117.69206200044573,
            36.55122000020349
          ]
        ]
      },
      "properties": {
        "fault_name": "Lee Flat fault zone",
        "age": "latest Quaternary",
        "slip_rate": ""
      }
    },
    {
      "type": "Feature",
      "geometry": {
        "type": "LineString",
        "coordinates": [
          [
            -117.67067099979498,
            36.52881299969864
          ],
          [
            -117.67087599983437,
            36.529860999828095
          ],
          [
            -117.67103499984303,
            36.531394000324575
          ],
          [
            -117.67104499988878,
            36.53288599978431
          ],
          [
            -117.6709050001467,
            36.5344580002913
          ]
        ]
      },
      "properties": {
        "fault_name": "Lee Flat fault zone",
        "age": "latest Quaternary",
        "slip_rate": ""
      }
    },
    {
      "type": "Feature",
      "geometry": {
        "type": "LineString",
        "coordinates": [
          [
            -117.70551100016115,
            36.5761749998154
          ],
          [
            -117.70372899955564,
            36.57460700032144
          ]
        ]
      },
      "properties": {
        "fault_name": "Lee Flat fault zone",
        "age": "latest Quaternary",
        "slip_rate": ""
      }
    },
    {
      "type": "Feature",
      "geometry": {
        "type": "LineString",
        "coordinates": [
          [
            -117.70332699987273,
            36.56364500028641
          ],
          [
            -117.70254500024821,
            36.56195100033206
          ],
          [
            -117.7020430001079,
            36.56124500032112
          ],
          [
            -117.7013180003848,
            36.560498999668624
          ],
          [
            -117.70054199970977,
            36.55971200002052
          ],
          [
            -117.70002000037626,
            36.55904400030797
          ],
          [
            -117.69913800029434,
            36.55781600015319
          ]
        ]
      },
      "properties": {
        "fault_name": "Lee Flat fault zone",
        "age": "latest Quaternary",
        "slip_rate": ""
      }
    },
    {
      "type": "Feature",
      "geometry": {
        "type": "LineString",
        "coordinates": [
          [
            -117.70257500038544,
            36.570507000291514
          ],
          [
            -117.70169800032637,
            36.56935800004832
          ],
          [
            -117.7008549997042,
            36.56839099970613
          ],
          [
            -117.70010800023981,
            36.56737299971088
          ],
          [
            -117.69939299966416,
            36.56635400001145
          ]
        ]
      },
      "properties": {
        "fault_name": "Lee Flat fault zone",
        "age": "latest Quaternary",
        "slip_rate": ""
      }
    },
    {
      "type": "Feature",
      "geometry": {
        "type": "LineString",
        "coordinates": [
          [
            -117.70150699963236,
            36.5647890002974
          ],
          [
            -117.70098600012378,
            36.56397899973361
          ],
          [
            -117.70014099985178,
            36.56275100009145
          ],
          [
            -117.69965299995515,
            36.56194099980462
          ]
        ]
      },
      "properties": {
        "fault_name": "Lee Flat fault zone",
        "age": "latest Quaternary",
        "slip_rate": ""
      }
    },
    {
      "type": "Feature",
      "geometry": {
        "type": "LineString",
        "coordinates": [
          [
            -117.7013979998524,
            36.572595000122035
          ],
          [
            -117.70116699987373,
            36.57173400007526
          ],
          [
            -117.7007419997263,
            36.57071500019415
          ],
          [
            -117.70015599992037,
            36.56974900019997
          ],
          [
            -117.69934400015865,
            36.568755999906564
          ],
          [
            -117.69869600042844,
            36.56799799994576
          ]
        ]
      },
      "properties": {
        "fault_name": "Lee Flat fault zone",
        "age": "latest Quaternary",
        "slip_rate": ""
      }
    },
    {
      "type": "Feature",
      "geometry": {
        "type": "LineString",
        "coordinates": [
          [
            -117.7009660000323,
            36.56580599971317
          ],
          [
            -117.70015500009548,
            36.56481399997038
          ],
          [
            -117.69908300004273,
            36.56332499988495
          ],
          [
            -117.69859400032121,
            36.56235899982305
          ]
        ]
      },
      "properties": {
        "fault_name": "Lee Flat fault zone",
        "age": "latest Quaternary",
        "slip_rate": ""
      }
    },
    {
      "type": "Feature",
      "geometry": {
        "type": "LineString",
        "coordinates": [
          [
            -117.6980729999143,
            36.566327000123344
          ],
          [
            -117.69684299967781,
            36.56538600029194
          ],
          [
            -117.69610000041139,
            36.56496800005735
          ],
          [
            -117.69467699983105,
            36.56392299967647
          ],
          [
            -117.692962000071,
            36.56248599996587
          ],
          [
            -117.69131300043317,
            36.561413999760326
          ],
          [
            -117.68963100028508,
            36.560212000269026
          ]
        ]
      },
      "properties": {
        "fault_name": "Lee Flat fault zone",
        "age": "latest Quaternary",
        "slip_rate": ""
      }
    },
    {
      "type": "Feature",
      "geometry": {
        "type": "LineString",
        "coordinates": [
          [
            -117.6709050001467,
            36.5344580002913
          ],
          [
            -117.67077499955204,
            36.537481999794636
          ],
          [
            -117.67139499969316,
            36.54119199986754
          ],
          [
            -117.67191000025228,
            36.544055000027086
          ],
          [
            -117.67221800022386,
            36.54558700034281
          ],
          [
            -117.67267199978528,
            36.54667499968551
          ],
          [
            -117.6734240001709,
            36.547805000123134
          ],
          [
            -117.67422599988687,
            36.54877300000633
          ],
          [
            -117.67537300028266,
            36.54950000011513
          ],
          [
            -117.67632099958853,
            36.55010600030867
          ],
          [
            -117.67771700040466,
            36.55071099988256
          ],
          [
            -117.67891300030595,
            36.55123599965878
          ],
          [
            -117.68046099966143,
            36.55244799982305
          ],
          [
            -117.68151000014795,
            36.55325400010743
          ],
          [
            -117.68231100003902,
            36.554142000307415
          ],
          [
            -117.68331199994664,
            36.555230999875036
          ],
          [
            -117.68471799991022,
            36.557450000103046
          ],
          [
            -117.68532200015778,
            36.55841799968624
          ],
          [
            -117.68592300003233,
            36.55930500034735
          ],
          [
            -117.68672100044866,
            36.559708999775495
          ],
          [
            -117.68757099984522,
            36.560313999933896
          ],
          [
            -117.68901699999176,
            36.56100100000477
          ],
          [
            -117.69016400038757,
            36.56160600014758
          ],
          [
            -117.69111300041666,
            36.56241300019902
          ],
          [
            -117.69241399989991,
            36.56362400035935
          ],
          [
            -117.69346500003626,
            36.56483400028013
          ],
          [
            -117.69411699996441,
            36.56564099980059
          ],
          [
            -117.69496600043439,
            36.566327000123344
          ],
          [
            -117.69696300022675,
            36.56753700027234
          ]
        ]
      },
      "properties": {
        "fault_name": "Lee Flat fault zone",
        "age": "latest Quaternary",
        "slip_rate": ""
      }
    },
    {
      "type": "Feature",
      "geometry": {
        "type": "LineString",
        "coordinates": [
          [
            -117.66322300040068,
            36.549021000124974
          ],
          [
            -117.66381300040456,
            36.54813500000191
          ],
          [
            -117.66415700036117,
            36.54740900028522
          ],
          [
            -117.66447500037847,
            36.54670399972444
          ],
          [
            -117.66459400020418,
            36.5457370001739
          ],
          [
            -117.66463600003696,
            36.54448699966408
          ],
          [
            -117.66467799986975,
            36.54325699999266
          ],
          [
            -117.66474599964181,
            36.54235000026567
          ],
          [
            -117.66489100030509,
            36.54154400030635
          ],
          [
            -117.66535599973717,
            36.54045499987048
          ],
          [
            -117.66591999980179,
            36.53936700031924
          ],
          [
            -117.66675900022601,
            36.53838000000034
          ],
          [
            -117.6677440002401,
            36.53694999996658
          ]
        ]
      },
      "properties": {
        "fault_name": "Lee Flat fault zone",
        "age": "latest Quaternary",
        "slip_rate": ""
      }
    },
    {
      "type": "Feature",
      "geometry": {
        "type": "LineString",
        "coordinates": [
          [
            -117.66391899981146,
            36.54916300020713
          ],
          [
            -117.66460900027278,
            36.548236000223355
          ],
          [
            -117.66500199973486,
            36.547471000040304
          ],
          [
            -117.66536900015599,
            36.54660399991752
          ],
          [
            -117.66546399969221,
            36.54587800025495
          ]
        ]
      },
      "properties": {
        "fault_name": "Lee Flat fault zone",
        "age": "latest Quaternary",
        "slip_rate": ""
      }
    },
    {
      "type": "Feature",
      "geometry": {
        "type": "LineString",
        "coordinates": [
          [
            -117.66350100023504,
            36.54591700030873
          ],
          [
            -117.66394099955278,
            36.544747999793486
          ],
          [
            -117.66457699958741,
            36.543014999767095
          ]
        ]
      },
      "properties": {
        "fault_name": "Lee Flat fault zone",
        "age": "latest Quaternary",
        "slip_rate": ""
      }
    },
    {
      "type": "Feature",
      "geometry": {
        "type": "LineString",
        "coordinates": [
          [
            -117.65144800043743,
            36.532205000002506
          ],
          [
            -117.65171500040113,
            36.533810999659266
          ],
          [
            -117.65194999967946,
            36.535378000313095
          ],
          [
            -117.65216599958953,
            36.536526999904844
          ],
          [
            -117.65255999977482,
            36.53787199994015
          ],
          [
            -117.65365299974395,
            36.540378999948096
          ]
        ]
      },
      "properties": {
        "fault_name": "Lee Flat fault zone",
        "age": "latest Quaternary",
        "slip_rate": ""
      }
    },
    {
      "type": "Feature",
      "geometry": {
        "type": "LineString",
        "coordinates": [
          [
            -117.74262199995607,
            36.54808600018988
          ],
          [
            -117.74417299968458,
            36.54976099991646
          ],
          [
            -117.74554799968602,
            36.551236999850126
          ]
        ]
      },
      "properties": {
        "fault_name": "Lee Flat fault zone",
        "age": "undifferentiated Quaternary",
        "slip_rate": ""
      }
    },
    {
      "type": "Feature",
      "geometry": {
        "type": "LineString",
        "coordinates": [
          [
            -117.72886100007109,
            36.5365869996859
          ],
          [
            -117.73097099984138,
            36.53823400032476
          ],
          [
            -117.73230800020798,
            36.53925600020357
          ],
          [
            -117.73399500037891,
            36.540391999930634
          ],
          [
            -117.73624200041655,
            36.54152800028837
          ],
          [
            -117.73757899988483,
            36.54254999993033
          ],
          [
            -117.7394140001938,
            36.54470700004164
          ],
          [
            -117.74262199995607,
            36.54808600018988
          ]
        ]
      },
      "properties": {
        "fault_name": "Lee Flat fault zone",
        "age": "undifferentiated Quaternary",
        "slip_rate": ""
      }
    },
    {
      "type": "Feature",
      "geometry": {
        "type": "LineString",
        "coordinates": [
          [
            -117.7023390003839,
            36.530387000182166
          ],
          [
            -117.7039100002039,
            36.534355999704346
          ],
          [
            -117.70450000020777,
            36.53592300014157
          ],
          [
            -117.70515499961068,
            36.53764699992966
          ],
          [
            -117.70619400005147,
            36.539057000306016
          ],
          [
            -117.7103509998428,
            36.54464700006638
          ]
        ]
      },
      "properties": {
        "fault_name": "Lee Flat fault zone",
        "age": "undifferentiated Quaternary",
        "slip_rate": ""
      }
    },
    {
      "type": "Feature",
      "geometry": {
        "type": "LineString",
        "coordinates": [
          [
            -117.68654399999835,
            36.511109000044826
          ],
          [
            -117.68735199956213,
            36.51155300012099
          ],
          [
            -117.6886110001109,
            36.51218099968491
          ],
          [
            -117.68922600022916,
            36.51272799971718
          ],
          [
            -117.68961500039157,
            36.5132509997176
          ],
          [
            -117.6897810000729,
            36.51398299999954
          ],
          [
            -117.69001200005161,
            36.51497500017409
          ],
          [
            -117.69021100024322,
            36.51583700007888
          ],
          [
            -117.69079600022424,
            36.516697999851296
          ],
          [
            -117.6926790002138,
            36.51941500023047
          ],
          [
            -117.6967070001337,
            36.52526600005688
          ],
          [
            -117.70249400019459,
            36.53425099991492
          ]
        ]
      },
      "properties": {
        "fault_name": "Lee Flat fault zone",
        "age": "undifferentiated Quaternary",
        "slip_rate": ""
      }
    },
    {
      "type": "Feature",
      "geometry": {
        "type": "LineString",
        "coordinates": [
          [
            -117.73477299980547,
            36.54158399997601
          ],
          [
            -117.73773100022079,
            36.5443659997669
          ]
        ]
      },
      "properties": {
        "fault_name": "Lee Flat fault zone",
        "age": "undifferentiated Quaternary",
        "slip_rate": ""
      }
    },
    {
      "type": "Feature",
      "geometry": {
        "type": "LineString",
        "coordinates": [
          [
            -117.73028799995109,
            36.54056100022619
          ],
          [
            -117.73170300013548,
            36.54277500010747
          ],
          [
            -117.73332699965894,
            36.544818999822766
          ],
          [
            -117.73424700027401,
            36.54629500031009
          ],
          [
            -117.73460700012411,
            36.54777100003807
          ],
          [
            -117.73511000008939,
            36.54964499995317
          ],
          [
            -117.73589400026201,
            36.551575000283286
          ],
          [
            -117.73625199956398,
            36.552824000016905
          ]
        ]
      },
      "properties": {
        "fault_name": "Lee Flat fault zone",
        "age": "undifferentiated Quaternary",
        "slip_rate": ""
      }
    },
    {
      "type": "Feature",
      "geometry": {
        "type": "LineString",
        "coordinates": [
          [
            -117.7170450001,
            36.52744299999036
          ],
          [
            -117.71915800024331,
            36.529429999791915
          ],
          [
            -117.72268200037307,
            36.53334899987256
          ],
          [
            -117.7242339999265,
            36.53522300004441
          ],
          [
            -117.72515299981835,
            36.5365849996458
          ]
        ]
      },
      "properties": {
        "fault_name": "Lee Flat fault zone",
        "age": "undifferentiated Quaternary",
        "slip_rate": ""
      }
    },
    {
      "type": "Feature",
      "geometry": {
        "type": "LineString",
        "coordinates": [
          [
            -117.70492700000506,
            36.5301900000431
          ],
          [
            -117.70724799966251,
            36.53212100001146
          ]
        ]
      },
      "properties": {
        "fault_name": "Lee Flat fault zone",
        "age": "undifferentiated Quaternary",
        "slip_rate": ""
      }
    },
    {
      "type": "Feature",
      "geometry": {
        "type": "LineString",
        "coordinates": [
          [
            -117.70113199971365,
            36.52763300003972
          ],
          [
            -117.70345300026942,
            36.52945100034843
          ]
        ]
      },
      "properties": {
        "fault_name": "Lee Flat fault zone",
        "age": "undifferentiated Quaternary",
        "slip_rate": ""
      }
    },
    {
      "type": "Feature",
      "geometry": {
        "type": "LineString",
        "coordinates": [
          [
            -117.69176600016971,
            36.507304999778135
          ],
          [
            -117.69296500044406,
            36.50883900030034
          ],
          [
            -117.6938859999857,
            36.51071300001355
          ],
          [
            -117.69424599983583,
            36.51224500019595
          ],
          [
            -117.69418700028459,
            36.513948000253144
          ]
        ]
      },
      "properties": {
        "fault_name": "Lee Flat fault zone",
        "age": "undifferentiated Quaternary",
        "slip_rate": ""
      }
    },
    {
      "type": "Feature",
      "geometry": {
        "type": "LineString",
        "coordinates": [
          [
            -117.88927500010605,
            36.53122899984035
          ],
          [
            -117.893334999813,
            36.53367299975895
          ],
          [
            -117.89592900018025,
            36.5358239997722
          ],
          [
            -117.89827499995208,
            36.53768199978185
          ]
        ]
      },
      "properties": {
        "fault_name": "Southern Inyo Mountains fault",
        "age": "undifferentiated Quaternary",
        "slip_rate": ""
      }
    },
    {
      "type": "Feature",
      "geometry": {
        "type": "LineString",
        "coordinates": [
          [
            -117.87586499985036,
            36.52330800028561
          ],
          [
            -117.87808299957565,
            36.5248729997123
          ],
          [
            -117.88054399987352,
            36.52633899972465
          ],
          [
            -117.88312300017213,
            36.52761099993636
          ],
          [
            -117.88545399987535,
            36.528588999801784
          ],
          [
            -117.88742300007863,
            36.5297620003605
          ],
          [
            -117.88828400024417,
            36.53034899997457
          ]
        ]
      },
      "properties": {
        "fault_name": "Southern Inyo Mountains fault",
        "age": "undifferentiated Quaternary",
        "slip_rate": ""
      }
    },
    {
      "type": "Feature",
      "geometry": {
        "type": "LineString",
        "coordinates": [
          [
            -117.85257900041283,
            36.506875999809914
          ],
          [
            -117.856156000246,
            36.50971300003305
          ],
          [
            -117.85935700033558,
            36.51186499986066
          ],
          [
            -117.86292699959779,
            36.51421200005373
          ],
          [
            -117.86650299960608,
            36.51685299970094
          ],
          [
            -117.87007299976658,
            36.51920100011525
          ],
          [
            -117.8756149996051,
            36.52291699977259
          ]
        ]
      },
      "properties": {
        "fault_name": "Southern Inyo Mountains fault",
        "age": "undifferentiated Quaternary",
        "slip_rate": ""
      }
    },
    {
      "type": "Feature",
      "geometry": {
        "type": "LineString",
        "coordinates": [
          [
            -117.84801199964431,
            36.50306200000345
          ],
          [
            -117.8529319996919,
            36.50609399970932
          ]
        ]
      },
      "properties": {
        "fault_name": "Southern Inyo Mountains fault",
        "age": "undifferentiated Quaternary",
        "slip_rate": ""
      }
    },
    {
      "type": "Feature",
      "geometry": {
        "type": "LineString",
        "coordinates": [
          [
            -117.84380200014952,
            36.49865999975567
          ],
          [
            -117.84503400003582,
            36.499539999696196
          ]
        ]
      },
      "properties": {
        "fault_name": "Southern Inyo Mountains fault",
        "age": "undifferentiated Quaternary",
        "slip_rate": ""
      }
    },
    {
      "type": "Feature",
      "geometry": {
        "type": "LineString",
        "coordinates": [
          [
            -117.84258699998168,
            36.49885499972286
          ],
          [
            -117.84286999983888,
            36.50139700017728
          ]
        ]
      },
      "properties": {
        "fault_name": "Southern Inyo Mountains fault",
        "age": "undifferentiated Quaternary",
        "slip_rate": ""
      }
    },
    {
      "type": "Feature",
      "geometry": {
        "type": "LineString",
        "coordinates": [
          [
            -117.83703699974724,
            36.49445300006147
          ],
          [
            -117.84233599991153,
            36.49836600009891
          ]
        ]
      },
      "properties": {
        "fault_name": "Southern Inyo Mountains fault",
        "age": "undifferentiated Quaternary",
        "slip_rate": ""
      }
    },
    {
      "type": "Feature",
      "geometry": {
        "type": "LineString",
        "coordinates": [
          [
            -117.8392729999142,
            36.497288999677146
          ],
          [
            -117.84100799976575,
            36.49914800026861
          ]
        ]
      },
      "properties": {
        "fault_name": "Southern Inyo Mountains fault",
        "age": "undifferentiated Quaternary",
        "slip_rate": ""
      }
    },
    {
      "type": "Feature",
      "geometry": {
        "type": "LineString",
        "coordinates": [
          [
            -117.82979400039237,
            36.482815000083626
          ],
          [
            -117.83226999986053,
            36.48545599970753
          ],
          [
            -117.8359930001819,
            36.48995500028317
          ],
          [
            -117.83748600018411,
            36.49200899986032
          ]
        ]
      },
      "properties": {
        "fault_name": "Southern Inyo Mountains fault",
        "age": "undifferentiated Quaternary",
        "slip_rate": ""
      }
    },
    {
      "type": "Feature",
      "geometry": {
        "type": "LineString",
        "coordinates": [
          [
            -117.8329710001925,
            36.49142100020638
          ],
          [
            -117.83555899981366,
            36.49337700032248
          ]
        ]
      },
      "properties": {
        "fault_name": "Southern Inyo Mountains fault",
        "age": "undifferentiated Quaternary",
        "slip_rate": ""
      }
    },
    {
      "type": "Feature",
      "geometry": {
        "type": "LineString",
        "coordinates": [
          [
            -117.82509100007977,
            36.485034000134924
          ],
          [
            -117.82467500015316,
            36.485703000285575
          ],
          [
            -117.82409099999704,
            36.48717500013041
          ],
          [
            -117.82325300029606,
            36.490489000217465
          ],
          [
            -117.82274899960757,
            36.49256399981225
          ]
        ]
      },
      "properties": {
        "fault_name": "Southern Inyo Mountains fault",
        "age": "undifferentiated Quaternary",
        "slip_rate": ""
      }
    },
    {
      "type": "Feature",
      "geometry": {
        "type": "LineString",
        "coordinates": [
          [
            -117.80540900023959,
            36.47488600009562
          ],
          [
            -117.80931900015872,
            36.479413999753376
          ],
          [
            -117.81117100018612,
            36.481795000095424
          ],
          [
            -117.81421599974179,
            36.48544999995568
          ],
          [
            -117.81685100011691,
            36.48867000007494
          ],
          [
            -117.81853800028787,
            36.490882999921276
          ],
          [
            -117.82018500027588,
            36.492760999692464
          ],
          [
            -117.82212099996889,
            36.494907000151514
          ]
        ]
      },
      "properties": {
        "fault_name": "Southern Inyo Mountains fault",
        "age": "undifferentiated Quaternary",
        "slip_rate": ""
      }
    },
    {
      "type": "Feature",
      "geometry": {
        "type": "LineString",
        "coordinates": [
          [
            -117.82274899960757,
            36.49256399981225
          ],
          [
            -117.82212099996889,
            36.494907000151514
          ],
          [
            -117.82090300032628,
            36.500328999735416
          ]
        ]
      },
      "properties": {
        "fault_name": "Southern Inyo Mountains fault",
        "age": "undifferentiated Quaternary",
        "slip_rate": ""
      }
    },
    {
      "type": "Feature",
      "geometry": {
        "type": "LineString",
        "coordinates": [
          [
            -117.80311799982105,
            36.490586999843465
          ],
          [
            -117.80373600031234,
            36.49109100029475
          ],
          [
            -117.80455999976964,
            36.49176199988987
          ],
          [
            -117.80522000009371,
            36.49219800001333
          ],
          [
            -117.80604500027425,
            36.492802999759704
          ],
          [
            -117.80645600017796,
            36.493238999800624
          ],
          [
            -117.80682699989873,
            36.49370800009586
          ],
          [
            -117.80731999981823,
            36.494411999648705
          ],
          [
            -117.80785600029378,
            36.49498299997336
          ],
          [
            -117.80863799991825,
            36.495753999755536
          ],
          [
            -117.80975000015397,
            36.4968950000646
          ],
          [
            -117.81098500041332,
            36.49833699998877
          ],
          [
            -117.81296200011417,
            36.500751999867035
          ]
        ]
      },
      "properties": {
        "fault_name": "Southern Inyo Mountains fault",
        "age": "undifferentiated Quaternary",
        "slip_rate": ""
      }
    },
    {
      "type": "Feature",
      "geometry": {
        "type": "LineString",
        "coordinates": [
          [
            -117.80416200028469,
            36.48787699998587
          ],
          [
            -117.8034939995647,
            36.489550000146274
          ],
          [
            -117.80311799982105,
            36.490586999843465
          ],
          [
            -117.7992349996661,
            36.50045900033596
          ]
        ]
      },
      "properties": {
        "fault_name": "Southern Inyo Mountains fault",
        "age": "undifferentiated Quaternary",
        "slip_rate": ""
      }
    },
    {
      "type": "Feature",
      "geometry": {
        "type": "LineString",
        "coordinates": [
          [
            -117.91727599955175,
            36.81162799980396
          ],
          [
            -117.91662000032395,
            36.81022200122555
          ],
          [
            -117.9162789998421,
            36.809313999946404
          ],
          [
            -117.91612199858496,
            36.80829100015301
          ],
          [
            -117.91595700142345,
            36.807589001241254
          ],
          [
            -117.91525500036826,
            36.8065920000529
          ],
          [
            -117.91453899996769,
            36.806178999939355
          ],
          [
            -117.91396700040546,
            36.80579599987912
          ],
          [
            -117.91314700024779,
            36.805149000130186
          ],
          [
            -117.91240499990798,
            36.8042979997483
          ],
          [
            -117.91173899973609,
            36.80333000015866
          ],
          [
            -117.91114200005954,
            36.80248000022891
          ],
          [
            -117.91017599941371,
            36.80186099967097
          ],
          [
            -117.90860399976879,
            36.80083000021651
          ],
          [
            -117.90780100022788,
            36.79991799969168
          ],
          [
            -117.9069850002682,
            36.79868899978462
          ],
          [
            -117.90581399958295,
            36.7975430012203
          ],
          [
            -117.9032119997181,
            36.79551600027065
          ],
          [
            -117.90143800040681,
            36.7938750012951
          ],
          [
            -117.89998399986436,
            36.792236000140406
          ],
          [
            -117.89906199959943,
            36.790684998703696
          ],
          [
            -117.89845900007509,
            36.78913700034433
          ],
          [
            -117.89851399942836,
            36.786905000220045
          ],
          [
            -117.89866400011451,
            36.785103000663135
          ],
          [
            -117.89880800005454,
            36.78355900126378
          ],
          [
            -117.89895500036764,
            36.78192900026901
          ],
          [
            -117.89850799958057,
            36.780236000202216
          ],
          [
            -117.89770099984172,
            36.77880200126141
          ],
          [
            -117.89719600022666,
            36.77716300002593
          ],
          [
            -117.89693399938751,
            36.776022999858704
          ],
          [
            -117.89698500033946,
            36.775221999957665
          ],
          [
            -117.89691599984417,
            36.7736759997268
          ],
          [
            -117.89698400141286,
            36.772459000038374
          ],
          [
            -117.89684300004924,
            36.771443999754815
          ],
          [
            -117.89676799970616,
            36.77090899933713
          ],
          [
            -117.89642399974957,
            36.77014799980292
          ],
          [
            -117.8957999994105,
            36.768916999683334
          ],
          [
            -117.89537900035934,
            36.76833099968442
          ],
          [
            -117.89496000005968,
            36.76765700027557
          ],
          [
            -117.89476099986805,
            36.76689600012795
          ],
          [
            -117.89474899927417,
            36.76628100032142
          ],
          [
            -117.89501299976313,
            36.76422299983265
          ]
        ]
      },
      "properties": {
        "fault_name": "Hunter Mountain- Saline Valley fault zone",
        "age": "late Quaternary",
        "slip_rate": "Between 1.0 and 5.0 mm/yr"
      }
    },
    {
      "type": "Feature",
      "geometry": {
        "type": "LineString",
        "coordinates": [
          [
            -117.89374400006693,
            36.75940799981524
          ],
          [
            -117.89466999963145,
            36.76078699964113
          ],
          [
            -117.89512400009119,
            36.76405199973226
          ]
        ]
      },
      "properties": {
        "fault_name": "Hunter Mountain- Saline Valley fault zone",
        "age": "latest Quaternary",
        "slip_rate": "Between 1.0 and 5.0 mm/yr"
      }
    },
    {
      "type": "Feature",
      "geometry": {
        "type": "LineString",
        "coordinates": [
          [
            -117.87652699982425,
            36.745562999898375
          ],
          [
            -117.87845800039268,
            36.747603999805946
          ],
          [
            -117.87948199986653,
            36.74846299977953
          ],
          [
            -117.88087900140589,
            36.7495659997115
          ],
          [
            -117.88391300019258,
            36.751454999872195
          ],
          [
            -117.89125699982978,
            36.75638999985333
          ],
          [
            -117.89374400006693,
            36.75940799981524
          ]
        ]
      },
      "properties": {
        "fault_name": "Hunter Mountain- Saline Valley fault zone",
        "age": "latest Quaternary",
        "slip_rate": "Between 1.0 and 5.0 mm/yr"
      }
    },
    {
      "type": "Feature",
      "geometry": {
        "type": "LineString",
        "coordinates": [
          [
            -117.77568300008977,
            36.67023100010578
          ],
          [
            -117.77651999996586,
            36.67230099994308
          ]
        ]
      },
      "properties": {
        "fault_name": "Hunter Mountain- Saline Valley fault zone",
        "age": "latest Quaternary",
        "slip_rate": "Between 1.0 and 5.0 mm/yr"
      }
    },
    {
      "type": "Feature",
      "geometry": {
        "type": "LineString",
        "coordinates": [
          [
            -117.77173899983546,
            36.66556299975429
          ],
          [
            -117.77383500026032,
            36.66740399985267
          ]
        ]
      },
      "properties": {
        "fault_name": "Hunter Mountain- Saline Valley fault zone",
        "age": "latest Quaternary",
        "slip_rate": "Between 1.0 and 5.0 mm/yr"
      }
    },
    {
      "type": "Feature",
      "geometry": {
        "type": "LineString",
        "coordinates": [
          [
            -117.83432600010244,
            36.70320500015563
          ],
          [
            -117.83511299974981,
            36.70512600018649
          ],
          [
            -117.83659299933323,
            36.70786700024688
          ],
          [
            -117.83776499984337,
            36.71028100006654
          ],
          [
            -117.8392009999442,
            36.71223299993332
          ],
          [
            -117.84028199931943,
            36.71325599992166
          ],
          [
            -117.8410819993856,
            36.71382599971633
          ]
        ]
      },
      "properties": {
        "fault_name": "Hunter Mountain- Saline Valley fault zone",
        "age": "latest Quaternary",
        "slip_rate": "Between 1.0 and 5.0 mm/yr"
      }
    },
    {
      "type": "Feature",
      "geometry": {
        "type": "LineString",
        "coordinates": [
          [
            -117.83119799980781,
            36.70666100032315
          ],
          [
            -117.83188499989605,
            36.7081670002156
          ],
          [
            -117.83257300070755,
            36.70952800003919
          ],
          [
            -117.8335210000134,
            36.71090599998988
          ]
        ]
      },
      "properties": {
        "fault_name": "Hunter Mountain- Saline Valley fault zone",
        "age": "latest Quaternary",
        "slip_rate": "Between 1.0 and 5.0 mm/yr"
      }
    },
    {
      "type": "Feature",
      "geometry": {
        "type": "LineString",
        "coordinates": [
          [
            -117.83160899971153,
            36.70459699974944
          ],
          [
            -117.83188300024624,
            36.70571499994921
          ],
          [
            -117.83249200141502,
            36.70726400013017
          ],
          [
            -117.83287400010812,
            36.707986000199384
          ],
          [
            -117.8332059985725,
            36.70856300022466
          ]
        ]
      },
      "properties": {
        "fault_name": "Hunter Mountain- Saline Valley fault zone",
        "age": "latest Quaternary",
        "slip_rate": "Between 1.0 and 5.0 mm/yr"
      }
    },
    {
      "type": "Feature",
      "geometry": {
        "type": "LineString",
        "coordinates": [
          [
            -117.77079200035452,
            36.7203320003004
          ],
          [
            -117.77738500032935,
            36.723181999772166
          ],
          [
            -117.77981599959165,
            36.72402200022818
          ],
          [
            -117.78378599978525,
            36.72539699985424
          ],
          [
            -117.79018899978931,
            36.72745300130433
          ]
        ]
      },
      "properties": {
        "fault_name": "Hunter Mountain- Saline Valley fault zone",
        "age": "latest Quaternary",
        "slip_rate": "Between 1.0 and 5.0 mm/yr"
      }
    },
    {
      "type": "Feature",
      "geometry": {
        "type": "LineString",
        "coordinates": [
          [
            -117.7880959997375,
            36.732301000290825
          ],
          [
            -117.77444099925941,
            36.72342799980267
          ]
        ]
      },
      "properties": {
        "fault_name": "Hunter Mountain- Saline Valley fault zone",
        "age": "latest Quaternary",
        "slip_rate": "Between 1.0 and 5.0 mm/yr"
      }
    },
    {
      "type": "Feature",
      "geometry": {
        "type": "LineString",
        "coordinates": [
          [
            -117.76545599858369,
            36.702494001245164
          ],
          [
            -117.76653000008287,
            36.69981000023574
          ],
          [
            -117.76779199920807,
            36.69823899990249
          ],
          [
            -117.76960099957778,
            36.696619999778854
          ],
          [
            -117.77111200002165,
            36.695005000646994
          ]
        ]
      },
      "properties": {
        "fault_name": "Hunter Mountain- Saline Valley fault zone",
        "age": "latest Quaternary",
        "slip_rate": "Between 1.0 and 5.0 mm/yr"
      }
    },
    {
      "type": "Feature",
      "geometry": {
        "type": "LineString",
        "coordinates": [
          [
            -117.75649900019198,
            36.69178999932472
          ],
          [
            -117.76048600010401,
            36.69105900001128
          ],
          [
            -117.76407600035603,
            36.690962999987214
          ],
          [
            -117.76623299998195,
            36.69122299977511
          ],
          [
            -117.7679469999171,
            36.6916680000732
          ]
        ]
      },
      "properties": {
        "fault_name": "Hunter Mountain- Saline Valley fault zone",
        "age": "latest Quaternary",
        "slip_rate": "Between 1.0 and 5.0 mm/yr"
      }
    },
    {
      "type": "Feature",
      "geometry": {
        "type": "LineString",
        "coordinates": [
          [
            -117.71984500033155,
            36.64423499978761
          ],
          [
            -117.71854099957692,
            36.64419900022641
          ],
          [
            -117.7179250014304,
            36.644080000315796
          ],
          [
            -117.71725299961412,
            36.64390199996092
          ],
          [
            -117.71358999956719,
            36.64268999976125
          ]
        ]
      },
      "properties": {
        "fault_name": "Hunter Mountain- Saline Valley fault zone",
        "age": "latest Quaternary",
        "slip_rate": "Between 1.0 and 5.0 mm/yr"
      }
    },
    {
      "type": "Feature",
      "geometry": {
        "type": "LineString",
        "coordinates": [
          [
            -117.70783900038964,
            36.731689000352766
          ],
          [
            -117.71236999937645,
            36.72621199995118
          ],
          [
            -117.71487500005523,
            36.72224000029013
          ],
          [
            -117.71588699983354,
            36.719633001298675
          ],
          [
            -117.71619800017814,
            36.71746300008585
          ]
        ]
      },
      "properties": {
        "fault_name": "Hunter Mountain- Saline Valley fault zone",
        "age": "latest Quaternary",
        "slip_rate": "Between 1.0 and 5.0 mm/yr"
      }
    },
    {
      "type": "Feature",
      "geometry": {
        "type": "LineString",
        "coordinates": [
          [
            -117.88172199933317,
            36.745202999712696
          ],
          [
            -117.88017399997766,
            36.744347999341784
          ],
          [
            -117.87803599972,
            36.74297700021895
          ]
        ]
      },
      "properties": {
        "fault_name": "Hunter Mountain- Saline Valley fault zone",
        "age": "latest Quaternary",
        "slip_rate": "Between 1.0 and 5.0 mm/yr"
      }
    },
    {
      "type": "Feature",
      "geometry": {
        "type": "LineString",
        "coordinates": [
          [
            -117.86771399957598,
            36.73822899997841
          ],
          [
            -117.86695200004296,
            36.737186999719
          ]
        ]
      },
      "properties": {
        "fault_name": "Hunter Mountain- Saline Valley fault zone",
        "age": "latest Quaternary",
        "slip_rate": "Between 1.0 and 5.0 mm/yr"
      }
    },
    {
      "type": "Feature",
      "geometry": {
        "type": "LineString",
        "coordinates": [
          [
            -117.86652500024569,
            36.74017900032779
          ],
          [
            -117.86547799940902,
            36.74021500033145
          ]
        ]
      },
      "properties": {
        "fault_name": "Hunter Mountain- Saline Valley fault zone",
        "age": "latest Quaternary",
        "slip_rate": "Between 1.0 and 5.0 mm/yr"
      }
    },
    {
      "type": "Feature",
      "geometry": {
        "type": "LineString",
        "coordinates": [
          [
            -117.866391999278,
            36.74107600000707
          ],
          [
            -117.86517299981048,
            36.74087700030812
          ]
        ]
      },
      "properties": {
        "fault_name": "Hunter Mountain- Saline Valley fault zone",
        "age": "latest Quaternary",
        "slip_rate": "Between 1.0 and 5.0 mm/yr"
      }
    },
    {
      "type": "Feature",
      "geometry": {
        "type": "LineString",
        "coordinates": [
          [
            -117.86621000060143,
            36.739209000151504
          ],
          [
            -117.8648699998618,
            36.73875099976207
          ]
        ]
      },
      "properties": {
        "fault_name": "Hunter Mountain- Saline Valley fault zone",
        "age": "latest Quaternary",
        "slip_rate": "Between 1.0 and 5.0 mm/yr"
      }
    },
    {
      "type": "Feature",
      "geometry": {
        "type": "LineString",
        "coordinates": [
          [
            -117.86454900036975,
            36.7410650012309
          ],
          [
            -117.86323000044479,
            36.74096599993703
          ]
        ]
      },
      "properties": {
        "fault_name": "Hunter Mountain- Saline Valley fault zone",
        "age": "latest Quaternary",
        "slip_rate": "Between 1.0 and 5.0 mm/yr"
      }
    },
    {
      "type": "Feature",
      "geometry": {
        "type": "LineString",
        "coordinates": [
          [
            -117.86114300024074,
            36.71917500006204
          ],
          [
            -117.86153100057827,
            36.72024399995301
          ],
          [
            -117.86211900003403,
            36.72127000027525
          ],
          [
            -117.86260799975553,
            36.72217799987774
          ],
          [
            -117.86289800018379,
            36.72312899978238
          ],
          [
            -117.86298699987225,
            36.724202999907696
          ],
          [
            -117.86287700026736,
            36.72535899991521
          ],
          [
            -117.86281000032022,
            36.727192000165445
          ],
          [
            -117.86280000027449,
            36.728147000130306
          ],
          [
            -117.86303699920263,
            36.72945699964357
          ],
          [
            -117.86312700141096,
            36.730450999863486
          ],
          [
            -117.86292299939981,
            36.73093199985662
          ],
          [
            -117.86276899941404,
            36.73145200027333
          ],
          [
            -117.86291200042747,
            36.73208700007665
          ],
          [
            -117.86310599969791,
            36.732642001266846
          ],
          [
            -117.8635479995638,
            36.733350999830854
          ],
          [
            -117.86428799935553,
            36.73413599965362
          ]
        ]
      },
      "properties": {
        "fault_name": "Hunter Mountain- Saline Valley fault zone",
        "age": "latest Quaternary",
        "slip_rate": "Between 1.0 and 5.0 mm/yr"
      }
    },
    {
      "type": "Feature",
      "geometry": {
        "type": "LineString",
        "coordinates": [
          [
            -117.85014300022931,
            36.70481700022371
          ],
          [
            -117.85007399973404,
            36.70414899971749
          ],
          [
            -117.84998900024351,
            36.70361900010154
          ],
          [
            -117.84969400069075,
            36.70314500027074
          ],
          [
            -117.8494519999431,
            36.70247200128135
          ],
          [
            -117.84926100014738,
            36.701598999664185
          ],
          [
            -117.84912200023021,
            36.7006060002899
          ],
          [
            -117.84897999993998,
            36.69977199988404
          ],
          [
            -117.84849399969316,
            36.69862499983646
          ]
        ]
      },
      "properties": {
        "fault_name": "Hunter Mountain- Saline Valley fault zone",
        "age": "latest Quaternary",
        "slip_rate": "Between 1.0 and 5.0 mm/yr"
      }
    },
    {
      "type": "Feature",
      "geometry": {
        "type": "LineString",
        "coordinates": [
          [
            -117.84786799970428,
            36.7029160001834
          ],
          [
            -117.84842199972316,
            36.70471500008208
          ]
        ]
      },
      "properties": {
        "fault_name": "Hunter Mountain- Saline Valley fault zone",
        "age": "latest Quaternary",
        "slip_rate": "Between 1.0 and 5.0 mm/yr"
      }
    },
    {
      "type": "Feature",
      "geometry": {
        "type": "LineString",
        "coordinates": [
          [
            -117.84716299917436,
            36.70327999994592
          ],
          [
            -117.84766300056317,
            36.70528799876162
          ]
        ]
      },
      "properties": {
        "fault_name": "Hunter Mountain- Saline Valley fault zone",
        "age": "latest Quaternary",
        "slip_rate": "Between 1.0 and 5.0 mm/yr"
      }
    },
    {
      "type": "Feature",
      "geometry": {
        "type": "LineString",
        "coordinates": [
          [
            -117.81763199991651,
            36.65370400034249
          ],
          [
            -117.81896799955987,
            36.65440199966253
          ],
          [
            -117.8202220000858,
            36.655126999676185
          ],
          [
            -117.82156799977491,
            36.65593499996649
          ],
          [
            -117.82276200002639,
            36.65690699984319
          ],
          [
            -117.82400099958538,
            36.65832000022445
          ],
          [
            -117.82679999999202,
            36.662405000101224
          ],
          [
            -117.83374100012142,
            36.67503999874041
          ]
        ]
      },
      "properties": {
        "fault_name": "Hunter Mountain- Saline Valley fault zone",
        "age": "latest Quaternary",
        "slip_rate": "Between 1.0 and 5.0 mm/yr"
      }
    },
    {
      "type": "Feature",
      "geometry": {
        "type": "LineString",
        "coordinates": [
          [
            -117.77437900023347,
            36.687551999687905
          ],
          [
            -117.77822000055562,
            36.686778999917564
          ],
          [
            -117.78111099922717,
            36.68637799993484
          ],
          [
            -117.78434900002496,
            36.68613100026296
          ],
          [
            -117.7882319992816,
            36.6861139993581
          ],
          [
            -117.79380400015567,
            36.68650900000464
          ]
        ]
      },
      "properties": {
        "fault_name": "Hunter Mountain- Saline Valley fault zone",
        "age": "latest Quaternary",
        "slip_rate": "Between 1.0 and 5.0 mm/yr"
      }
    },
    {
      "type": "Feature",
      "geometry": {
        "type": "LineString",
        "coordinates": [
          [
            -117.77752599989635,
            36.72044199969282
          ],
          [
            -117.7790580002566,
            36.72161699996792
          ],
          [
            -117.77946400013747,
            36.72193899968943
          ],
          [
            -117.77978800000257,
            36.722085000245336
          ],
          [
            -117.78027300042447,
            36.72225499869845
          ],
          [
            -117.78077999968939,
            36.72228200014624
          ],
          [
            -117.78149500026504,
            36.72228999977335
          ],
          [
            -117.78237500069716,
            36.722232999351874
          ]
        ]
      },
      "properties": {
        "fault_name": "Hunter Mountain- Saline Valley fault zone",
        "age": "latest Quaternary",
        "slip_rate": "Between 1.0 and 5.0 mm/yr"
      }
    },
    {
      "type": "Feature",
      "geometry": {
        "type": "LineString",
        "coordinates": [
          [
            -117.77495199962055,
            36.71314499934842
          ],
          [
            -117.77707000068509,
            36.71534300134671
          ],
          [
            -117.77943400000025,
            36.71785700004845
          ]
        ]
      },
      "properties": {
        "fault_name": "Hunter Mountain- Saline Valley fault zone",
        "age": "latest Quaternary",
        "slip_rate": "Between 1.0 and 5.0 mm/yr"
      }
    },
    {
      "type": "Feature",
      "geometry": {
        "type": "LineString",
        "coordinates": [
          [
            -117.77596200064734,
            36.67027800073276
          ],
          [
            -117.77565899980033,
            36.668988999702314
          ],
          [
            -117.77547899987528,
            36.667259998717846
          ],
          [
            -117.77557000011187,
            36.6656660001024
          ],
          [
            -117.77584699922299,
            36.66470000010349
          ],
          [
            -117.77621799984207,
            36.66374100001198
          ],
          [
            -117.77693400024265,
            36.66210900034868
          ],
          [
            -117.77807599971723,
            36.65929899972125
          ],
          [
            -117.77874299971404,
            36.657398000068405
          ],
          [
            -117.77897900061389,
            36.65627899975699
          ],
          [
            -117.77913900044747,
            36.65524200011467
          ]
        ]
      },
      "properties": {
        "fault_name": "Hunter Mountain- Saline Valley fault zone",
        "age": "latest Quaternary",
        "slip_rate": "Between 1.0 and 5.0 mm/yr"
      }
    },
    {
      "type": "Feature",
      "geometry": {
        "type": "LineString",
        "coordinates": [
          [
            -117.76887300037995,
            36.69491899964238
          ],
          [
            -117.77093999959419,
            36.694713000061
          ],
          [
            -117.77290799997257,
            36.6947399996634
          ],
          [
            -117.77647899995799,
            36.694605999889255
          ],
          [
            -117.7791350002495,
            36.694684999956394
          ]
        ]
      },
      "properties": {
        "fault_name": "Hunter Mountain- Saline Valley fault zone",
        "age": "latest Quaternary",
        "slip_rate": "Between 1.0 and 5.0 mm/yr"
      }
    },
    {
      "type": "Feature",
      "geometry": {
        "type": "LineString",
        "coordinates": [
          [
            -117.77634400023877,
            36.7388620000445
          ],
          [
            -117.77173199926443,
            36.73263299983969
          ],
          [
            -117.76689100065622,
            36.72503100026608
          ]
        ]
      },
      "properties": {
        "fault_name": "Hunter Mountain- Saline Valley fault zone",
        "age": "latest Quaternary",
        "slip_rate": "Between 1.0 and 5.0 mm/yr"
      }
    },
    {
      "type": "Feature",
      "geometry": {
        "type": "LineString",
        "coordinates": [
          [
            -117.77395799938564,
            36.667521000216006
          ],
          [
            -117.77461900043296,
            36.66856699974243
          ],
          [
            -117.77521199991158,
            36.66943499976715
          ],
          [
            -117.77568300008977,
            36.67023100010578
          ]
        ]
      },
      "properties": {
        "fault_name": "Hunter Mountain- Saline Valley fault zone",
        "age": "latest Quaternary",
        "slip_rate": "Between 1.0 and 5.0 mm/yr"
      }
    },
    {
      "type": "Feature",
      "geometry": {
        "type": "LineString",
        "coordinates": [
          [
            -117.76415099980075,
            36.71609899975541
          ],
          [
            -117.76586800010895,
            36.71850300122864
          ],
          [
            -117.76709999999525,
            36.71967999981684
          ],
          [
            -117.76808900020733,
            36.72038200030561
          ],
          [
            -117.77031799980325,
            36.72146399967412
          ]
        ]
      },
      "properties": {
        "fault_name": "Hunter Mountain- Saline Valley fault zone",
        "age": "latest Quaternary",
        "slip_rate": "Between 1.0 and 5.0 mm/yr"
      }
    },
    {
      "type": "Feature",
      "geometry": {
        "type": "LineString",
        "coordinates": [
          [
            -117.76625000059869,
            36.6981020012811
          ],
          [
            -117.76751599992186,
            36.696052999833455
          ],
          [
            -117.76817799989578,
            36.69469000025876
          ],
          [
            -117.76884499989254,
            36.693304000073525
          ],
          [
            -117.76940599958411,
            36.691606000202285
          ],
          [
            -117.77008599999968,
            36.68854599968605
          ],
          [
            -117.77001300020476,
            36.686063000222816
          ],
          [
            -117.7698270004319,
            36.68442800023443
          ]
        ]
      },
      "properties": {
        "fault_name": "Hunter Mountain- Saline Valley fault zone",
        "age": "latest Quaternary",
        "slip_rate": "Between 1.0 and 5.0 mm/yr"
      }
    },
    {
      "type": "Feature",
      "geometry": {
        "type": "LineString",
        "coordinates": [
          [
            -117.76733199979884,
            36.72130900022344
          ],
          [
            -117.76830299956923,
            36.72360400030103
          ],
          [
            -117.769670999898,
            36.72605200030088
          ]
        ]
      },
      "properties": {
        "fault_name": "Hunter Mountain- Saline Valley fault zone",
        "age": "latest Quaternary",
        "slip_rate": "Between 1.0 and 5.0 mm/yr"
      }
    },
    {
      "type": "Feature",
      "geometry": {
        "type": "LineString",
        "coordinates": [
          [
            -117.75226400058285,
            36.71239500008946
          ],
          [
            -117.75420600012363,
            36.714992999990734
          ],
          [
            -117.75614600001455,
            36.7177220000586
          ],
          [
            -117.75922900010336,
            36.72109000031309
          ],
          [
            -117.76911400040437,
            36.73315600023072
          ]
        ]
      },
      "properties": {
        "fault_name": "Hunter Mountain- Saline Valley fault zone",
        "age": "latest Quaternary",
        "slip_rate": "Between 1.0 and 5.0 mm/yr"
      }
    },
    {
      "type": "Feature",
      "geometry": {
        "type": "LineString",
        "coordinates": [
          [
            -117.75871299971932,
            36.71705500032318
          ],
          [
            -117.7634210000548,
            36.71917600023592
          ],
          [
            -117.76738299985249,
            36.721187999728755
          ]
        ]
      },
      "properties": {
        "fault_name": "Hunter Mountain- Saline Valley fault zone",
        "age": "latest Quaternary",
        "slip_rate": "Between 1.0 and 5.0 mm/yr"
      }
    },
    {
      "type": "Feature",
      "geometry": {
        "type": "LineString",
        "coordinates": [
          [
            -117.75359600002827,
            36.71253999980176
          ],
          [
            -117.75652799960598,
            36.71320399981579
          ],
          [
            -117.75925699969244,
            36.71397100032859
          ],
          [
            -117.76094400076173,
            36.71446400122738
          ],
          [
            -117.76318200057852,
            36.714790000173124
          ],
          [
            -117.7660179998968,
            36.71498700006057
          ]
        ]
      },
      "properties": {
        "fault_name": "Hunter Mountain- Saline Valley fault zone",
        "age": "latest Quaternary",
        "slip_rate": "Between 1.0 and 5.0 mm/yr"
      }
    },
    {
      "type": "Feature",
      "geometry": {
        "type": "LineString",
        "coordinates": [
          [
            -117.74927400038048,
            36.68304700128134
          ],
          [
            -117.75246899972394,
            36.68353100029591
          ],
          [
            -117.75619299987022,
            36.68439299992296
          ],
          [
            -117.75983100070111,
            36.68550400008226
          ],
          [
            -117.76212200022137,
            36.68624399999547
          ],
          [
            -117.76403699999796,
            36.68692600016003
          ],
          [
            -117.7658560004134,
            36.68804899877168
          ]
        ]
      },
      "properties": {
        "fault_name": "Hunter Mountain- Saline Valley fault zone",
        "age": "latest Quaternary",
        "slip_rate": "Between 1.0 and 5.0 mm/yr"
      }
    },
    {
      "type": "Feature",
      "geometry": {
        "type": "LineString",
        "coordinates": [
          [
            -117.75508400000759,
            36.70753000003519
          ],
          [
            -117.7572190007905,
            36.707177999877274
          ],
          [
            -117.75966799959619,
            36.70665400012561
          ],
          [
            -117.76129899969064,
            36.70616199987178
          ],
          [
            -117.76411399999085,
            36.70541600012389
          ]
        ]
      },
      "properties": {
        "fault_name": "Hunter Mountain- Saline Valley fault zone",
        "age": "latest Quaternary",
        "slip_rate": "Between 1.0 and 5.0 mm/yr"
      }
    },
    {
      "type": "Feature",
      "geometry": {
        "type": "LineString",
        "coordinates": [
          [
            -117.75875499955211,
            36.709717999817336
          ],
          [
            -117.76124299961417,
            36.70992100007318
          ],
          [
            -117.76387499961625,
            36.71055900016357
          ]
        ]
      },
      "properties": {
        "fault_name": "Hunter Mountain- Saline Valley fault zone",
        "age": "latest Quaternary",
        "slip_rate": "Between 1.0 and 5.0 mm/yr"
      }
    },
    {
      "type": "Feature",
      "geometry": {
        "type": "LineString",
        "coordinates": [
          [
            -117.76335099973461,
            36.70126200005618
          ],
          [
            -117.76367200012497,
            36.6995640002039
          ],
          [
            -117.7638500004002,
            36.697874000305504
          ]
        ]
      },
      "properties": {
        "fault_name": "Hunter Mountain- Saline Valley fault zone",
        "age": "latest Quaternary",
        "slip_rate": "Between 1.0 and 5.0 mm/yr"
      }
    },
    {
      "type": "Feature",
      "geometry": {
        "type": "LineString",
        "coordinates": [
          [
            -117.75264600017425,
            36.70817400027533
          ],
          [
            -117.75868799960496,
            36.71135099869201
          ],
          [
            -117.76326400059426,
            36.713390999838275
          ]
        ]
      },
      "properties": {
        "fault_name": "Hunter Mountain- Saline Valley fault zone",
        "age": "latest Quaternary",
        "slip_rate": "Between 1.0 and 5.0 mm/yr"
      }
    },
    {
      "type": "Feature",
      "geometry": {
        "type": "LineString",
        "coordinates": [
          [
            -117.75155099965698,
            36.74335600025114
          ],
          [
            -117.7522820001262,
            36.74485900030883
          ],
          [
            -117.75291599961267,
            36.74624299876058
          ],
          [
            -117.75354700142108,
            36.747746999662596
          ],
          [
            -117.75402700002348,
            36.74937200005622
          ]
        ]
      },
      "properties": {
        "fault_name": "Hunter Mountain- Saline Valley fault zone",
        "age": "latest Quaternary",
        "slip_rate": "Between 1.0 and 5.0 mm/yr"
      }
    },
    {
      "type": "Feature",
      "geometry": {
        "type": "LineString",
        "coordinates": [
          [
            -117.74252199860032,
            36.73272899964982
          ],
          [
            -117.74472599987857,
            36.734417999713045
          ],
          [
            -117.74605700039734,
            36.735671999655956
          ],
          [
            -117.7481799996881,
            36.73735300026676
          ],
          [
            -117.74996099957042,
            36.73852199998237
          ],
          [
            -117.75094999978245,
            36.7391449999344
          ],
          [
            -117.75285599933821,
            36.74064699977821
          ]
        ]
      },
      "properties": {
        "fault_name": "Hunter Mountain- Saline Valley fault zone",
        "age": "latest Quaternary",
        "slip_rate": "Between 1.0 and 5.0 mm/yr"
      }
    },
    {
      "type": "Feature",
      "geometry": {
        "type": "LineString",
        "coordinates": [
          [
            -117.75258099987693,
            36.74084000000337
          ],
          [
            -117.74723900005496,
            36.751386000299064
          ]
        ]
      },
      "properties": {
        "fault_name": "Hunter Mountain- Saline Valley fault zone",
        "age": "latest Quaternary",
        "slip_rate": "Between 1.0 and 5.0 mm/yr"
      }
    },
    {
      "type": "Feature",
      "geometry": {
        "type": "LineString",
        "coordinates": [
          [
            -117.74981199960749,
            36.670497999974664
          ],
          [
            -117.74554199983824,
            36.670454999831676
          ],
          [
            -117.74015999983328,
            36.670371999739075
          ]
        ]
      },
      "properties": {
        "fault_name": "Hunter Mountain- Saline Valley fault zone",
        "age": "latest Quaternary",
        "slip_rate": "Between 1.0 and 5.0 mm/yr"
      }
    },
    {
      "type": "Feature",
      "geometry": {
        "type": "LineString",
        "coordinates": [
          [
            -117.74541799998967,
            36.72584700001419
          ],
          [
            -117.73921400017727,
            36.728365000023125
          ]
        ]
      },
      "properties": {
        "fault_name": "Hunter Mountain- Saline Valley fault zone",
        "age": "latest Quaternary",
        "slip_rate": "Between 1.0 and 5.0 mm/yr"
      }
    },
    {
      "type": "Feature",
      "geometry": {
        "type": "LineString",
        "coordinates": [
          [
            -117.73490900024792,
            36.73479700025215
          ],
          [
            -117.73509500002076,
            36.735988999703025
          ],
          [
            -117.73567499997891,
            36.73757300124613
          ],
          [
            -117.73645799942831,
            36.738876000328105
          ],
          [
            -117.73763700140779,
            36.740332000046756
          ],
          [
            -117.73921099980421,
            36.74210100070497
          ],
          [
            -117.74123499936076,
            36.743783999881494
          ],
          [
            -117.74326700021155,
            36.74474999974285
          ]
        ]
      },
      "properties": {
        "fault_name": "Hunter Mountain- Saline Valley fault zone",
        "age": "latest Quaternary",
        "slip_rate": "Between 1.0 and 5.0 mm/yr"
      }
    },
    {
      "type": "Feature",
      "geometry": {
        "type": "LineString",
        "coordinates": [
          [
            -117.73779999981777,
            36.72571800019957
          ],
          [
            -117.73799000068689,
            36.726511000208696
          ],
          [
            -117.73832899972228,
            36.727341999645674
          ],
          [
            -117.73891500042652,
            36.72840900023688
          ],
          [
            -117.74004199983254,
            36.73006499996491
          ],
          [
            -117.7409199997165,
            36.731763999696895
          ]
        ]
      },
      "properties": {
        "fault_name": "Hunter Mountain- Saline Valley fault zone",
        "age": "latest Quaternary",
        "slip_rate": "Between 1.0 and 5.0 mm/yr"
      }
    },
    {
      "type": "Feature",
      "geometry": {
        "type": "LineString",
        "coordinates": [
          [
            -117.73937600055896,
            36.749990000166775
          ],
          [
            -117.73776399983277,
            36.74732500010368
          ],
          [
            -117.73598799997335,
            36.7447269998018
          ],
          [
            -117.7332320001227,
            36.74168399973616
          ],
          [
            -117.73152300021042,
            36.74039599999401
          ],
          [
            -117.7279730001414,
            36.73778200018879
          ]
        ]
      },
      "properties": {
        "fault_name": "Hunter Mountain- Saline Valley fault zone",
        "age": "latest Quaternary",
        "slip_rate": "Between 1.0 and 5.0 mm/yr"
      }
    },
    {
      "type": "Feature",
      "geometry": {
        "type": "LineString",
        "coordinates": [
          [
            -117.73521099857508,
            36.738973000166354
          ],
          [
            -117.73529199966424,
            36.74068399873631
          ],
          [
            -117.73537500040325,
            36.742156000306295
          ],
          [
            -117.73525800022738,
            36.74367099980903
          ]
        ]
      },
      "properties": {
        "fault_name": "Hunter Mountain- Saline Valley fault zone",
        "age": "latest Quaternary",
        "slip_rate": "Between 1.0 and 5.0 mm/yr"
      }
    },
    {
      "type": "Feature",
      "geometry": {
        "type": "LineString",
        "coordinates": [
          [
            -117.73132699859522,
            36.7300310003061
          ],
          [
            -117.73149200024827,
            36.73082499971609
          ],
          [
            -117.73178099995329,
            36.731675998769504
          ],
          [
            -117.73221900141782,
            36.73264599982098
          ],
          [
            -117.73258400039249,
            36.73335699976642
          ]
        ]
      },
      "properties": {
        "fault_name": "Hunter Mountain- Saline Valley fault zone",
        "age": "latest Quaternary",
        "slip_rate": "Between 1.0 and 5.0 mm/yr"
      }
    },
    {
      "type": "Feature",
      "geometry": {
        "type": "LineString",
        "coordinates": [
          [
            -117.72870299988737,
            36.733014001258795
          ],
          [
            -117.72968300077689,
            36.73447399975475
          ],
          [
            -117.7308080014314,
            36.73628899999546
          ],
          [
            -117.73242100018588,
            36.739012999678046
          ]
        ]
      },
      "properties": {
        "fault_name": "Hunter Mountain- Saline Valley fault zone",
        "age": "latest Quaternary",
        "slip_rate": "Between 1.0 and 5.0 mm/yr"
      }
    },
    {
      "type": "Feature",
      "geometry": {
        "type": "LineString",
        "coordinates": [
          [
            -117.73138900031613,
            36.72003600023668
          ],
          [
            -117.73101299967418,
            36.72246999980346
          ],
          [
            -117.73053399999837,
            36.72522400015022
          ],
          [
            -117.7300079995686,
            36.72766099965404
          ]
        ]
      },
      "properties": {
        "fault_name": "Hunter Mountain- Saline Valley fault zone",
        "age": "latest Quaternary",
        "slip_rate": "Between 1.0 and 5.0 mm/yr"
      }
    },
    {
      "type": "Feature",
      "geometry": {
        "type": "LineString",
        "coordinates": [
          [
            -117.72990899983438,
            36.73650100011907
          ],
          [
            -117.73053700037143,
            36.73824400030308
          ]
        ]
      },
      "properties": {
        "fault_name": "Hunter Mountain- Saline Valley fault zone",
        "age": "latest Quaternary",
        "slip_rate": "Between 1.0 and 5.0 mm/yr"
      }
    },
    {
      "type": "Feature",
      "geometry": {
        "type": "LineString",
        "coordinates": [
          [
            -117.72719099961857,
            36.730209998721875
          ],
          [
            -117.72761600066434,
            36.73227300020255
          ],
          [
            -117.72823799955694,
            36.73449399996543
          ],
          [
            -117.72851200009165,
            36.73708400013978
          ]
        ]
      },
      "properties": {
        "fault_name": "Hunter Mountain- Saline Valley fault zone",
        "age": "latest Quaternary",
        "slip_rate": "Between 1.0 and 5.0 mm/yr"
      }
    },
    {
      "type": "Feature",
      "geometry": {
        "type": "LineString",
        "coordinates": [
          [
            -117.72730899961938,
            36.73299500065647
          ],
          [
            -117.72699899999796,
            36.733953999647355
          ],
          [
            -117.72653900058874,
            36.734956999678765
          ]
        ]
      },
      "properties": {
        "fault_name": "Hunter Mountain- Saline Valley fault zone",
        "age": "latest Quaternary",
        "slip_rate": "Between 1.0 and 5.0 mm/yr"
      }
    },
    {
      "type": "Feature",
      "geometry": {
        "type": "LineString",
        "coordinates": [
          [
            -117.72663499994991,
            36.64374499967101
          ],
          [
            -117.72283999965849,
            36.644576999825304
          ],
          [
            -117.72200600015543,
            36.64450300015662
          ],
          [
            -117.72138500018941,
            36.64449799875442
          ],
          [
            -117.72061600008539,
            36.64429800006039
          ],
          [
            -117.7198050001486,
            36.64393699994983
          ],
          [
            -117.7189960007599,
            36.64333200006583
          ],
          [
            -117.71801599987036,
            36.64257299986021
          ],
          [
            -117.71691799987838,
            36.64192399867304
          ],
          [
            -117.71560399997631,
            36.641449000190484
          ],
          [
            -117.71431300143709,
            36.640932999664045
          ]
        ]
      },
      "properties": {
        "fault_name": "Hunter Mountain- Saline Valley fault zone",
        "age": "latest Quaternary",
        "slip_rate": "Between 1.0 and 5.0 mm/yr"
      }
    },
    {
      "type": "Feature",
      "geometry": {
        "type": "LineString",
        "coordinates": [
          [
            -117.72140799975566,
            36.72794900009423
          ],
          [
            -117.72183799992595,
            36.72981100003253
          ],
          [
            -117.72270999996215,
            36.73245499987408
          ],
          [
            -117.72324100041479,
            36.73628400024015
          ]
        ]
      },
      "properties": {
        "fault_name": "Hunter Mountain- Saline Valley fault zone",
        "age": "latest Quaternary",
        "slip_rate": "Between 1.0 and 5.0 mm/yr"
      }
    },
    {
      "type": "Feature",
      "geometry": {
        "type": "LineString",
        "coordinates": [
          [
            -117.71733700017805,
            36.634646000028766
          ],
          [
            -117.71346099969576,
            36.63296099987925
          ],
          [
            -117.7091139999336,
            36.63093999967418
          ]
        ]
      },
      "properties": {
        "fault_name": "Hunter Mountain- Saline Valley fault zone",
        "age": "latest Quaternary",
        "slip_rate": "Between 1.0 and 5.0 mm/yr"
      }
    },
    {
      "type": "Feature",
      "geometry": {
        "type": "LineString",
        "coordinates": [
          [
            -117.7154199998533,
            36.63730799987226
          ],
          [
            -117.71108899998467,
            36.63571599996384
          ]
        ]
      },
      "properties": {
        "fault_name": "Hunter Mountain- Saline Valley fault zone",
        "age": "latest Quaternary",
        "slip_rate": "Between 1.0 and 5.0 mm/yr"
      }
    },
    {
      "type": "Feature",
      "geometry": {
        "type": "LineString",
        "coordinates": [
          [
            -117.71537099855117,
            36.6395039996473
          ],
          [
            -117.71374600010112,
            36.63956499992882
          ],
          [
            -117.71245999978817,
            36.63936199992738
          ],
          [
            -117.71157100003354,
            36.639047000208286
          ],
          [
            -117.71037500013222,
            36.63860700009224
          ],
          [
            -117.70878400022073,
            36.638010999689065
          ]
        ]
      },
      "properties": {
        "fault_name": "Hunter Mountain- Saline Valley fault zone",
        "age": "latest Quaternary",
        "slip_rate": "Between 1.0 and 5.0 mm/yr"
      }
    },
    {
      "type": "Feature",
      "geometry": {
        "type": "LineString",
        "coordinates": [
          [
            -117.71534700005837,
            36.63640099972687
          ],
          [
            -117.71340099942131,
            36.63563699989731
          ],
          [
            -117.71233900031265,
            36.63513300015744
          ],
          [
            -117.71138199988764,
            36.634555999983284
          ],
          [
            -117.71055899935695,
            36.63404999998126
          ]
        ]
      },
      "properties": {
        "fault_name": "Hunter Mountain- Saline Valley fault zone",
        "age": "latest Quaternary",
        "slip_rate": "Between 1.0 and 5.0 mm/yr"
      }
    },
    {
      "type": "Feature",
      "geometry": {
        "type": "LineString",
        "coordinates": [
          [
            -117.70732399983048,
            36.72628199991837
          ],
          [
            -117.70604599991346,
            36.723116000349904
          ],
          [
            -117.70501200039385,
            36.72017700000552
          ],
          [
            -117.70450300058084,
            36.71795300032896
          ],
          [
            -117.7039939998695,
            36.71576099870413
          ],
          [
            -117.70414899968019,
            36.714034999925744
          ]
        ]
      },
      "properties": {
        "fault_name": "Hunter Mountain- Saline Valley fault zone",
        "age": "latest Quaternary",
        "slip_rate": "Between 1.0 and 5.0 mm/yr"
      }
    },
    {
      "type": "Feature",
      "geometry": {
        "type": "LineString",
        "coordinates": [
          [
            -117.70468300140422,
            36.727729000335394
          ],
          [
            -117.70545000006179,
            36.72880100011206
          ],
          [
            -117.70621999999071,
            36.7296439996985
          ],
          [
            -117.70662400022177,
            36.7302290000134
          ],
          [
            -117.70701800040706,
            36.73173300010165
          ]
        ]
      },
      "properties": {
        "fault_name": "Hunter Mountain- Saline Valley fault zone",
        "age": "latest Quaternary",
        "slip_rate": "Between 1.0 and 5.0 mm/yr"
      }
    },
    {
      "type": "Feature",
      "geometry": {
        "type": "LineString",
        "coordinates": [
          [
            -117.70521700043327,
            36.73092000032598
          ],
          [
            -117.70584500007197,
            36.73266300123312
          ]
        ]
      },
      "properties": {
        "fault_name": "Hunter Mountain- Saline Valley fault zone",
        "age": "latest Quaternary",
        "slip_rate": "Between 1.0 and 5.0 mm/yr"
      }
    },
    {
      "type": "Feature",
      "geometry": {
        "type": "LineString",
        "coordinates": [
          [
            -117.70473100018647,
            36.72329800012469
          ],
          [
            -117.70467099991201,
            36.72503800022936
          ],
          [
            -117.70469500020147,
            36.726645999871245
          ],
          [
            -117.7044730004436,
            36.72815900009425
          ],
          [
            -117.70396899975515,
            36.729215999701964
          ]
        ]
      },
      "properties": {
        "fault_name": "Hunter Mountain- Saline Valley fault zone",
        "age": "latest Quaternary",
        "slip_rate": "Between 1.0 and 5.0 mm/yr"
      }
    },
    {
      "type": "Feature",
      "geometry": {
        "type": "LineString",
        "coordinates": [
          [
            -117.70322999978833,
            36.732599999877216
          ],
          [
            -117.70367500002726,
            36.73504300123057
          ]
        ]
      },
      "properties": {
        "fault_name": "Hunter Mountain- Saline Valley fault zone",
        "age": "latest Quaternary",
        "slip_rate": "Between 1.0 and 5.0 mm/yr"
      }
    },
    {
      "type": "Feature",
      "geometry": {
        "type": "LineString",
        "coordinates": [
          [
            -117.70366099978357,
            36.71996600033703
          ],
          [
            -117.70338700014719,
            36.71875600021932
          ],
          [
            -117.7032419985856,
            36.71705100023716
          ],
          [
            -117.70330900032938,
            36.714688000307085
          ],
          [
            -117.70353399956196,
            36.712847001324015
          ]
        ]
      },
      "properties": {
        "fault_name": "Hunter Mountain- Saline Valley fault zone",
        "age": "latest Quaternary",
        "slip_rate": "Between 1.0 and 5.0 mm/yr"
      }
    },
    {
      "type": "Feature",
      "geometry": {
        "type": "LineString",
        "coordinates": [
          [
            -117.7010020000173,
            36.73147000124374
          ],
          [
            -117.70078000025947,
            36.72827500012919
          ],
          [
            -117.70054799955756,
            36.72693299972526
          ],
          [
            -117.7000789999275,
            36.72490499865868
          ],
          [
            -117.69953500085266,
            36.72215599978905
          ],
          [
            -117.69905399973042,
            36.719808000246765
          ],
          [
            -117.69846399972654,
            36.716279001331834
          ]
        ]
      },
      "properties": {
        "fault_name": "Hunter Mountain- Saline Valley fault zone",
        "age": "latest Quaternary",
        "slip_rate": "Between 1.0 and 5.0 mm/yr"
      }
    },
    {
      "type": "Feature",
      "geometry": {
        "type": "LineString",
        "coordinates": [
          [
            -117.69834999992374,
            36.68103800007686
          ],
          [
            -117.69559599972291,
            36.6799329993115
          ],
          [
            -117.69356799996841,
            36.67847600022224
          ],
          [
            -117.69166900008533,
            36.67689999985595
          ],
          [
            -117.69089499995843,
            36.675901999858446
          ],
          [
            -117.69065800013196,
            36.67491800029614
          ],
          [
            -117.69049400010043,
            36.67353000031215
          ],
          [
            -117.6905269997124,
            36.67215299978493
          ],
          [
            -117.69048300022978,
            36.670271000104655
          ],
          [
            -117.69021700009101,
            36.666015999793615
          ],
          [
            -117.69041099936145,
            36.66178100026725
          ],
          [
            -117.69100299991347,
            36.65891299986346
          ]
        ]
      },
      "properties": {
        "fault_name": "Hunter Mountain- Saline Valley fault zone",
        "age": "latest Quaternary",
        "slip_rate": "Between 1.0 and 5.0 mm/yr"
      }
    },
    {
      "type": "Feature",
      "geometry": {
        "type": "LineString",
        "coordinates": [
          [
            -117.69835400012168,
            36.7406710001161
          ],
          [
            -117.69808399978496,
            36.742506000248774
          ]
        ]
      },
      "properties": {
        "fault_name": "Hunter Mountain- Saline Valley fault zone",
        "age": "latest Quaternary",
        "slip_rate": "Between 1.0 and 5.0 mm/yr"
      }
    },
    {
      "type": "Feature",
      "geometry": {
        "type": "LineString",
        "coordinates": [
          [
            -117.69652300001069,
            36.739661999712595
          ],
          [
            -117.69580400013537,
            36.74144300002311
          ]
        ]
      },
      "properties": {
        "fault_name": "Hunter Mountain- Saline Valley fault zone",
        "age": "latest Quaternary",
        "slip_rate": "Between 1.0 and 5.0 mm/yr"
      }
    },
    {
      "type": "Feature",
      "geometry": {
        "type": "LineString",
        "coordinates": [
          [
            -117.69417499969072,
            36.73092399968975
          ],
          [
            -117.69500700044226,
            36.733437000302004
          ],
          [
            -117.69543900026237,
            36.73507100030861
          ],
          [
            -117.69579599973945,
            36.736148000292
          ],
          [
            -117.6959120000904,
            36.73676900018453
          ],
          [
            -117.69614999974176,
            36.7374550002691
          ],
          [
            -117.69651299996495,
            36.73800700030194
          ]
        ]
      },
      "properties": {
        "fault_name": "Hunter Mountain- Saline Valley fault zone",
        "age": "latest Quaternary",
        "slip_rate": "Between 1.0 and 5.0 mm/yr"
      }
    },
    {
      "type": "Feature",
      "geometry": {
        "type": "LineString",
        "coordinates": [
          [
            -117.69338300002048,
            36.73201699964157
          ],
          [
            -117.69344600066799,
            36.73365600027984
          ],
          [
            -117.69375399974125,
            36.735356999666
          ],
          [
            -117.69427299960002,
            36.736562999766115
          ],
          [
            -117.69491499858412,
            36.737766999773825
          ],
          [
            -117.6960869999926,
            36.73932500004901
          ]
        ]
      },
      "properties": {
        "fault_name": "Hunter Mountain- Saline Valley fault zone",
        "age": "latest Quaternary",
        "slip_rate": "Between 1.0 and 5.0 mm/yr"
      }
    },
    {
      "type": "Feature",
      "geometry": {
        "type": "LineString",
        "coordinates": [
          [
            -117.69407299958348,
            36.712795999758065
          ],
          [
            -117.69415399977433,
            36.71182700029946
          ],
          [
            -117.6940819998043,
            36.71090999967575
          ],
          [
            -117.6938490001758,
            36.709730999356694
          ],
          [
            -117.69354000037931,
            36.70802900024586
          ],
          [
            -117.69355600027284,
            36.70658499989347
          ],
          [
            -117.69394600026018,
            36.70470999971159
          ],
          [
            -117.69425399933344,
            36.703933000260896
          ]
        ]
      },
      "properties": {
        "fault_name": "Hunter Mountain- Saline Valley fault zone",
        "age": "latest Quaternary",
        "slip_rate": "Between 1.0 and 5.0 mm/yr"
      }
    },
    {
      "type": "Feature",
      "geometry": {
        "type": "LineString",
        "coordinates": [
          [
            -117.69359800010562,
            36.72486200013712
          ],
          [
            -117.6937289996269,
            36.72413900014134
          ],
          [
            -117.69369500019003,
            36.72354800025169
          ],
          [
            -117.69349599999839,
            36.722960999912836
          ],
          [
            -117.69330299965455,
            36.7219129996994
          ],
          [
            -117.69327200059071,
            36.720994999782974
          ],
          [
            -117.69352699996051,
            36.72023700027292
          ],
          [
            -117.69370200076104,
            36.71924999866708
          ]
        ]
      },
      "properties": {
        "fault_name": "Hunter Mountain- Saline Valley fault zone",
        "age": "latest Quaternary",
        "slip_rate": "Between 1.0 and 5.0 mm/yr"
      }
    },
    {
      "type": "Feature",
      "geometry": {
        "type": "LineString",
        "coordinates": [
          [
            -117.69253499937544,
            36.73244099985927
          ],
          [
            -117.69265599974925,
            36.732717999677696
          ],
          [
            -117.6929269999109,
            36.73300299988761
          ],
          [
            -117.69331000022555,
            36.73329599968001
          ]
        ]
      },
      "properties": {
        "fault_name": "Hunter Mountain- Saline Valley fault zone",
        "age": "latest Quaternary",
        "slip_rate": "Between 1.0 and 5.0 mm/yr"
      }
    },
    {
      "type": "Feature",
      "geometry": {
        "type": "LineString",
        "coordinates": [
          [
            -117.69102499965479,
            36.73365700026513
          ],
          [
            -117.69214300063658,
            36.7362970003232
          ],
          [
            -117.69330699985248,
            36.73851100012033
          ]
        ]
      },
      "properties": {
        "fault_name": "Hunter Mountain- Saline Valley fault zone",
        "age": "latest Quaternary",
        "slip_rate": "Between 1.0 and 5.0 mm/yr"
      }
    },
    {
      "type": "Feature",
      "geometry": {
        "type": "LineString",
        "coordinates": [
          [
            -117.6931090003841,
            36.72093100022366
          ],
          [
            -117.6927150001988,
            36.719492999980986
          ],
          [
            -117.69270000013019,
            36.717098000335035
          ],
          [
            -117.69269199973425,
            36.71421000010474
          ],
          [
            -117.69264900007656,
            36.71073199977063
          ],
          [
            -117.69272000022167,
            36.7090729999686
          ]
        ]
      },
      "properties": {
        "fault_name": "Hunter Mountain- Saline Valley fault zone",
        "age": "latest Quaternary",
        "slip_rate": "Between 1.0 and 5.0 mm/yr"
      }
    },
    {
      "type": "Feature",
      "geometry": {
        "type": "LineString",
        "coordinates": [
          [
            -117.69247899929891,
            36.73187500000292
          ],
          [
            -117.69249699974057,
            36.73249199990093
          ],
          [
            -117.69239200015862,
            36.73293100029816
          ],
          [
            -117.6922859998534,
            36.73346999990471
          ],
          [
            -117.69235600017359,
            36.733927000143645
          ],
          [
            -117.6924759998242,
            36.73428299931599
          ],
          [
            -117.69276899972715,
            36.73475699998346
          ]
        ]
      },
      "properties": {
        "fault_name": "Hunter Mountain- Saline Valley fault zone",
        "age": "latest Quaternary",
        "slip_rate": "Between 1.0 and 5.0 mm/yr"
      }
    },
    {
      "type": "Feature",
      "geometry": {
        "type": "LineString",
        "coordinates": [
          [
            -117.69269000008445,
            36.724525999692034
          ],
          [
            -117.69273899958993,
            36.72249500019428
          ]
        ]
      },
      "properties": {
        "fault_name": "Hunter Mountain- Saline Valley fault zone",
        "age": "latest Quaternary",
        "slip_rate": "Between 1.0 and 5.0 mm/yr"
      }
    },
    {
      "type": "Feature",
      "geometry": {
        "type": "LineString",
        "coordinates": [
          [
            -117.69217200005058,
            36.7130359998426
          ],
          [
            -117.6908989992581,
            36.7095090001076
          ],
          [
            -117.69030300030475,
            36.70781100024786
          ],
          [
            -117.68966200024724,
            36.706409000012336
          ],
          [
            -117.68893800034905,
            36.70513899978244
          ],
          [
            -117.6878920002356,
            36.70338100017202
          ],
          [
            -117.68649799996759,
            36.700758000655
          ]
        ]
      },
      "properties": {
        "fault_name": "Hunter Mountain- Saline Valley fault zone",
        "age": "latest Quaternary",
        "slip_rate": "Between 1.0 and 5.0 mm/yr"
      }
    },
    {
      "type": "Feature",
      "geometry": {
        "type": "LineString",
        "coordinates": [
          [
            -117.69114400037878,
            36.720564000078426
          ],
          [
            -117.69104100044663,
            36.72243599966206
          ],
          [
            -117.69064399988828,
            36.72486999877549
          ]
        ]
      },
      "properties": {
        "fault_name": "Hunter Mountain- Saline Valley fault zone",
        "age": "latest Quaternary",
        "slip_rate": "Between 1.0 and 5.0 mm/yr"
      }
    },
    {
      "type": "Feature",
      "geometry": {
        "type": "LineString",
        "coordinates": [
          [
            -117.6904630001383,
            36.708491999640266
          ],
          [
            -117.69024300003028,
            36.710257000311515
          ],
          [
            -117.69027599964222,
            36.71171900135533
          ],
          [
            -117.69039499856963,
            36.71218599973962
          ],
          [
            -117.69066100140334,
            36.71286899975813
          ],
          [
            -117.69104800011931,
            36.713819000171554
          ]
        ]
      },
      "properties": {
        "fault_name": "Hunter Mountain- Saline Valley fault zone",
        "age": "latest Quaternary",
        "slip_rate": "Between 1.0 and 5.0 mm/yr"
      }
    },
    {
      "type": "Feature",
      "geometry": {
        "type": "LineString",
        "coordinates": [
          [
            -117.68864500044609,
            36.723328000125306
          ],
          [
            -117.68806400066305,
            36.72194300024095
          ]
        ]
      },
      "properties": {
        "fault_name": "Hunter Mountain- Saline Valley fault zone",
        "age": "latest Quaternary",
        "slip_rate": "Between 1.0 and 5.0 mm/yr"
      }
    },
    {
      "type": "Feature",
      "geometry": {
        "type": "LineString",
        "coordinates": [
          [
            -117.68753700040834,
            36.72228900036002
          ],
          [
            -117.68816500004708,
            36.72403199989543
          ]
        ]
      },
      "properties": {
        "fault_name": "Hunter Mountain- Saline Valley fault zone",
        "age": "latest Quaternary",
        "slip_rate": "Between 1.0 and 5.0 mm/yr"
      }
    },
    {
      "type": "Feature",
      "geometry": {
        "type": "LineString",
        "coordinates": [
          [
            -117.68663500023493,
            36.72029699977339
          ],
          [
            -117.68665799980114,
            36.72187299991909
          ],
          [
            -117.68701500017654,
            36.72301600026631
          ]
        ]
      },
      "properties": {
        "fault_name": "Hunter Mountain- Saline Valley fault zone",
        "age": "latest Quaternary",
        "slip_rate": "Between 1.0 and 5.0 mm/yr"
      }
    },
    {
      "type": "Feature",
      "geometry": {
        "type": "LineString",
        "coordinates": [
          [
            -117.68558099972554,
            36.72548099969067
          ],
          [
            -117.68581900027525,
            36.72647300010087
          ],
          [
            -117.68650000141403,
            36.727896999854636
          ]
        ]
      },
      "properties": {
        "fault_name": "Hunter Mountain- Saline Valley fault zone",
        "age": "latest Quaternary",
        "slip_rate": "Between 1.0 and 5.0 mm/yr"
      }
    },
    {
      "type": "Feature",
      "geometry": {
        "type": "LineString",
        "coordinates": [
          [
            -117.68493599857176,
            36.721699000056404
          ],
          [
            -117.6848450001318,
            36.72261899973722
          ],
          [
            -117.68396499969968,
            36.724305000100046
          ],
          [
            -117.68382699960745,
            36.7254880003329
          ],
          [
            -117.68410500034013,
            36.72633700005358
          ],
          [
            -117.68487199989599,
            36.72740999988951
          ],
          [
            -117.68596999988797,
            36.72837900006114
          ]
        ]
      },
      "properties": {
        "fault_name": "Hunter Mountain- Saline Valley fault zone",
        "age": "latest Quaternary",
        "slip_rate": "Between 1.0 and 5.0 mm/yr"
      }
    },
    {
      "type": "Feature",
      "geometry": {
        "type": "LineString",
        "coordinates": [
          [
            -117.68458700038894,
            36.71742199995171
          ],
          [
            -117.68513099856543,
            36.71907100134714
          ],
          [
            -117.6853649998155,
            36.72011799985286
          ],
          [
            -117.68543200066095,
            36.72152800022943
          ],
          [
            -117.68572600038881,
            36.72447799971416
          ]
        ]
      },
      "properties": {
        "fault_name": "Hunter Mountain- Saline Valley fault zone",
        "age": "latest Quaternary",
        "slip_rate": "Between 1.0 and 5.0 mm/yr"
      }
    },
    {
      "type": "Feature",
      "geometry": {
        "type": "LineString",
        "coordinates": [
          [
            -117.67534200032054,
            36.72082299967634
          ],
          [
            -117.67548400061075,
            36.72265799972049
          ],
          [
            -117.67574800020138,
            36.72458899975245
          ]
        ]
      },
      "properties": {
        "fault_name": "Hunter Mountain- Saline Valley fault zone",
        "age": "latest Quaternary",
        "slip_rate": "Between 1.0 and 5.0 mm/yr"
      }
    },
    {
      "type": "Feature",
      "geometry": {
        "type": "LineString",
        "coordinates": [
          [
            -117.67380199956435,
            36.720749999313696
          ],
          [
            -117.67427100009272,
            36.72284399964519
          ],
          [
            -117.67449100020073,
            36.72407199999135
          ],
          [
            -117.6748050000201,
            36.72531499867387
          ],
          [
            -117.6753759997574,
            36.72663499974761
          ]
        ]
      },
      "properties": {
        "fault_name": "Hunter Mountain- Saline Valley fault zone",
        "age": "latest Quaternary",
        "slip_rate": "Between 1.0 and 5.0 mm/yr"
      }
    },
    {
      "type": "Feature",
      "geometry": {
        "type": "LineString",
        "coordinates": [
          [
            -117.65912599998548,
            36.68421000029929
          ],
          [
            -117.65908099977963,
            36.68385199977246
          ],
          [
            -117.65898700006834,
            36.683365999336736
          ],
          [
            -117.65899399974103,
            36.6828480003564
          ],
          [
            -117.65902600042637,
            36.682250000321744
          ],
          [
            -117.65908600070082,
            36.681343999965
          ],
          [
            -117.65897199999971,
            36.6805090003043
          ],
          [
            -117.65881599856746,
            36.68001399997062
          ],
          [
            -117.65877199998317,
            36.67958600014748
          ],
          [
            -117.65874399859746,
            36.678800001279285
          ]
        ]
      },
      "properties": {
        "fault_name": "Hunter Mountain- Saline Valley fault zone",
        "age": "latest Quaternary",
        "slip_rate": "Between 1.0 and 5.0 mm/yr"
      }
    },
    {
      "type": "Feature",
      "geometry": {
        "type": "LineString",
        "coordinates": [
          [
            -117.65773500009054,
            36.68402999997304
          ],
          [
            -117.65782599942881,
            36.683660000340815
          ],
          [
            -117.65788200040363,
            36.683162000346655
          ],
          [
            -117.65785300009131,
            36.682475000287646
          ],
          [
            -117.6577170014455,
            36.6813619997086
          ],
          [
            -117.65758600012761,
            36.679931000103494
          ],
          [
            -117.65734900030114,
            36.678898999849196
          ]
        ]
      },
      "properties": {
        "fault_name": "Hunter Mountain- Saline Valley fault zone",
        "age": "latest Quaternary",
        "slip_rate": "Between 1.0 and 5.0 mm/yr"
      }
    },
    {
      "type": "Feature",
      "geometry": {
        "type": "LineString",
        "coordinates": [
          [
            -117.65345600010043,
            36.65764000064039
          ],
          [
            -117.65388399972262,
            36.65672999985422
          ],
          [
            -117.65448100029751,
            36.65580300016676
          ],
          [
            -117.65530000063026,
            36.65480900013895
          ],
          [
            -117.65650700040219,
            36.653364999963415
          ],
          [
            -117.65739799980665,
            36.65245399877618
          ]
        ]
      },
      "properties": {
        "fault_name": "Hunter Mountain- Saline Valley fault zone",
        "age": "latest Quaternary",
        "slip_rate": "Between 1.0 and 5.0 mm/yr"
      }
    },
    {
      "type": "Feature",
      "geometry": {
        "type": "LineString",
        "coordinates": [
          [
            -117.6500719997128,
            36.667498000207885
          ],
          [
            -117.65227699991762,
            36.66155900020111
          ]
        ]
      },
      "properties": {
        "fault_name": "Hunter Mountain- Saline Valley fault zone",
        "age": "latest Quaternary",
        "slip_rate": "Between 1.0 and 5.0 mm/yr"
      }
    },
    {
      "type": "Feature",
      "geometry": {
        "type": "LineString",
        "coordinates": [
          [
            -117.64841300002922,
            36.66782500030394
          ],
          [
            -117.64938499962453,
            36.665988998754145
          ],
          [
            -117.64988899941467,
            36.66500100005113
          ],
          [
            -117.65012100011658,
            36.66360600009688
          ],
          [
            -117.64989500016078,
            36.66241700024244
          ],
          [
            -117.64948699973178,
            36.661361000108386
          ]
        ]
      },
      "properties": {
        "fault_name": "Hunter Mountain- Saline Valley fault zone",
        "age": "latest Quaternary",
        "slip_rate": "Between 1.0 and 5.0 mm/yr"
      }
    },
    {
      "type": "Feature",
      "geometry": {
        "type": "LineString",
        "coordinates": [
          [
            -117.87288500059205,
            36.7431180003356
          ],
          [
            -117.87370700039952,
            36.74369400006657
          ]
        ]
      },
      "properties": {
        "fault_name": "Hunter Mountain- Saline Valley fault zone",
        "age": "latest Quaternary",
        "slip_rate": "Between 1.0 and 5.0 mm/yr"
      }
    },
    {
      "type": "Feature",
      "geometry": {
        "type": "LineString",
        "coordinates": [
          [
            -117.8974249996572,
            36.75956900011973
          ],
          [
            -117.89719100020379,
            36.76063500003746
          ],
          [
            -117.89686300014071,
            36.76147999973154
          ],
          [
            -117.89662600031424,
            36.7622739998228
          ]
        ]
      },
      "properties": {
        "fault_name": "Hunter Mountain- Saline Valley fault zone",
        "age": "latest Quaternary",
        "slip_rate": "Between 1.0 and 5.0 mm/yr"
      }
    },
    {
      "type": "Feature",
      "geometry": {
        "type": "LineString",
        "coordinates": [
          [
            -117.89459299963855,
            36.756816999792306
          ],
          [
            -117.89598699990657,
            36.7575990002567
          ],
          [
            -117.89673500009421,
            36.758484998672664
          ]
        ]
      },
      "properties": {
        "fault_name": "Hunter Mountain- Saline Valley fault zone",
        "age": "latest Quaternary",
        "slip_rate": "Between 1.0 and 5.0 mm/yr"
      }
    },
    {
      "type": "Feature",
      "geometry": {
        "type": "LineString",
        "coordinates": [
          [
            -117.89638300064001,
            36.75989899974134
          ],
          [
            -117.8964530000619,
            36.76061599979593
          ],
          [
            -117.8964270001226,
            36.76108700015292
          ],
          [
            -117.89628700038054,
            36.762301000149094
          ],
          [
            -117.89608499981584,
            36.76341700028148
          ]
        ]
      },
      "properties": {
        "fault_name": "Hunter Mountain- Saline Valley fault zone",
        "age": "latest Quaternary",
        "slip_rate": "Between 1.0 and 5.0 mm/yr"
      }
    },
    {
      "type": "Feature",
      "geometry": {
        "type": "LineString",
        "coordinates": [
          [
            -117.89373200037136,
            36.75684899973581
          ],
          [
            -117.89460000020958,
            36.75743600006476
          ],
          [
            -117.89528399992479,
            36.758001000327006
          ],
          [
            -117.89600199997518,
            36.75893600028719
          ],
          [
            -117.8962560004184,
            36.759602999649125
          ]
        ]
      },
      "properties": {
        "fault_name": "Hunter Mountain- Saline Valley fault zone",
        "age": "latest Quaternary",
        "slip_rate": "Between 1.0 and 5.0 mm/yr"
      }
    },
    {
      "type": "Feature",
      "geometry": {
        "type": "LineString",
        "coordinates": [
          [
            -117.85297000022507,
            36.715619998750604
          ],
          [
            -117.85327999984645,
            36.71589100033692
          ],
          [
            -117.85379300075576,
            36.71621300029876
          ],
          [
            -117.85413199979115,
            36.7164370000397
          ],
          [
            -117.85470400025169,
            36.716747000288365
          ],
          [
            -117.85519999964593,
            36.717090000167175
          ],
          [
            -117.85581899996211,
            36.71738300019025
          ],
          [
            -117.85643800027835,
            36.71764299990647
          ],
          [
            -117.85743900018595,
            36.717873999694355
          ],
          [
            -117.85810100015983,
            36.718026999938274
          ],
          [
            -117.85921499914704,
            36.71832500019278
          ],
          [
            -117.8605130000539,
            36.71867800131093
          ]
        ]
      },
      "properties": {
        "fault_name": "Hunter Mountain- Saline Valley fault zone",
        "age": "latest Quaternary",
        "slip_rate": "Between 1.0 and 5.0 mm/yr"
      }
    },
    {
      "type": "Feature",
      "geometry": {
        "type": "LineString",
        "coordinates": [
          [
            -117.85101000024261,
            36.6969750007015
          ],
          [
            -117.8510930000833,
            36.696181999761656
          ],
          [
            -117.85111600144614,
            36.69543899967609
          ],
          [
            -117.85129099955171,
            36.69464600017957
          ],
          [
            -117.85128700025207,
            36.694225000276724
          ]
        ]
      },
      "properties": {
        "fault_name": "Hunter Mountain- Saline Valley fault zone",
        "age": "latest Quaternary",
        "slip_rate": "Between 1.0 and 5.0 mm/yr"
      }
    },
    {
      "type": "Feature",
      "geometry": {
        "type": "LineString",
        "coordinates": [
          [
            -117.84862799958748,
            36.69147100019415
          ],
          [
            -117.84863900035646,
            36.69106200019021
          ],
          [
            -117.84870899977834,
            36.69043099984254
          ],
          [
            -117.84873700026573,
            36.6902079997622
          ]
        ]
      },
      "properties": {
        "fault_name": "Hunter Mountain- Saline Valley fault zone",
        "age": "latest Quaternary",
        "slip_rate": "Between 1.0 and 5.0 mm/yr"
      }
    },
    {
      "type": "Feature",
      "geometry": {
        "type": "LineString",
        "coordinates": [
          [
            -117.84708699990469,
            36.6896750003192
          ],
          [
            -117.84749300068388,
            36.69032800023144
          ],
          [
            -117.84800799944637,
            36.69100499965233
          ],
          [
            -117.84841300040065,
            36.69143499967174
          ],
          [
            -117.84863000013561,
            36.691656999983586
          ]
        ]
      },
      "properties": {
        "fault_name": "Hunter Mountain- Saline Valley fault zone",
        "age": "latest Quaternary",
        "slip_rate": "Between 1.0 and 5.0 mm/yr"
      }
    },
    {
      "type": "Feature",
      "geometry": {
        "type": "LineString",
        "coordinates": [
          [
            -117.84767600008368,
            36.695735999899945
          ],
          [
            -117.84790200003948,
            36.696774000313475
          ],
          [
            -117.84831300084151,
            36.69781099994514
          ]
        ]
      },
      "properties": {
        "fault_name": "Hunter Mountain- Saline Valley fault zone",
        "age": "latest Quaternary",
        "slip_rate": "Between 1.0 and 5.0 mm/yr"
      }
    },
    {
      "type": "Feature",
      "geometry": {
        "type": "LineString",
        "coordinates": [
          [
            -117.83654200017791,
            36.67828600031067
          ],
          [
            -117.83696499977721,
            36.678559000218335
          ],
          [
            -117.83821399938194,
            36.67936400029102
          ],
          [
            -117.84031200035496,
            36.68014100022759
          ],
          [
            -117.84229400007871,
            36.68151399993719
          ],
          [
            -117.84372000013376,
            36.6825430013389
          ],
          [
            -117.84532800066204,
            36.683436000158004
          ],
          [
            -117.84641099968708,
            36.68414600035964
          ],
          [
            -117.84706200068867,
            36.68464900070116
          ],
          [
            -117.84762599985497,
            36.685635000200044
          ]
        ]
      },
      "properties": {
        "fault_name": "Hunter Mountain- Saline Valley fault zone",
        "age": "latest Quaternary",
        "slip_rate": "Between 1.0 and 5.0 mm/yr"
      }
    },
    {
      "type": "Feature",
      "geometry": {
        "type": "LineString",
        "coordinates": [
          [
            -117.89133499964757,
            36.76137999996385
          ],
          [
            -117.89190999958285,
            36.7626200002459
          ],
          [
            -117.89259900021925,
            36.763451999861104
          ],
          [
            -117.89335900010246,
            36.7646019999881
          ],
          [
            -117.89389600040286,
            36.76568700018562
          ],
          [
            -117.89456099985152,
            36.767289999709895
          ]
        ]
      },
      "properties": {
        "fault_name": "Hunter Mountain- Saline Valley fault zone",
        "age": "latest Quaternary",
        "slip_rate": "Between 1.0 and 5.0 mm/yr"
      }
    },
    {
      "type": "Feature",
      "geometry": {
        "type": "LineString",
        "coordinates": [
          [
            -117.87370700039952,
            36.74369400006657
          ],
          [
            -117.87452799858545,
            36.74429500028496
          ],
          [
            -117.87536699990798,
            36.74489500027686
          ]
        ]
      },
      "properties": {
        "fault_name": "Hunter Mountain- Saline Valley fault zone",
        "age": "latest Quaternary",
        "slip_rate": "Between 1.0 and 5.0 mm/yr"
      }
    },
    {
      "type": "Feature",
      "geometry": {
        "type": "LineString",
        "coordinates": [
          [
            -117.87088099933034,
            36.74136299991222
          ],
          [
            -117.87147200005747,
            36.74193999973456
          ],
          [
            -117.87241799971348,
            36.742688999282954
          ],
          [
            -117.87288500059205,
            36.7431180003356
          ]
        ]
      },
      "properties": {
        "fault_name": "Hunter Mountain- Saline Valley fault zone",
        "age": "latest Quaternary",
        "slip_rate": "Between 1.0 and 5.0 mm/yr"
      }
    },
    {
      "type": "Feature",
      "geometry": {
        "type": "LineString",
        "coordinates": [
          [
            -117.86879099965158,
            36.73719000025683
          ],
          [
            -117.86999099975083,
            36.73887900008002
          ],
          [
            -117.87038199956307,
            36.739929000356526
          ],
          [
            -117.8708979999471,
            36.7407510002284
          ]
        ]
      },
      "properties": {
        "fault_name": "Hunter Mountain- Saline Valley fault zone",
        "age": "latest Quaternary",
        "slip_rate": "Between 1.0 and 5.0 mm/yr"
      }
    },
    {
      "type": "Feature",
      "geometry": {
        "type": "LineString",
        "coordinates": [
          [
            -117.86364000142194,
            36.731840999705724
          ],
          [
            -117.86468900011181,
            36.73255799990447
          ],
          [
            -117.86602000063063,
            36.73336299970153
          ],
          [
            -117.86761099964382,
            36.73482200022958
          ],
          [
            -117.86818500065249,
            36.735835999966355
          ],
          [
            -117.86912899976038,
            36.737232999794
          ]
        ]
      },
      "properties": {
        "fault_name": "Hunter Mountain- Saline Valley fault zone",
        "age": "latest Quaternary",
        "slip_rate": "Between 1.0 and 5.0 mm/yr"
      }
    },
    {
      "type": "Feature",
      "geometry": {
        "type": "LineString",
        "coordinates": [
          [
            -117.8630470001467,
            36.73155100015852
          ],
          [
            -117.86429699957634,
            36.73269599972861
          ],
          [
            -117.86554400042957,
            36.733570000054
          ]
        ]
      },
      "properties": {
        "fault_name": "Hunter Mountain- Saline Valley fault zone",
        "age": "latest Quaternary",
        "slip_rate": "Between 1.0 and 5.0 mm/yr"
      }
    },
    {
      "type": "Feature",
      "geometry": {
        "type": "LineString",
        "coordinates": [
          [
            -117.85059799961566,
            36.70981499976173
          ],
          [
            -117.85100600004466,
            36.71062899927307
          ],
          [
            -117.85137400029069,
            36.71327600133781
          ],
          [
            -117.85190800021809,
            36.71426200024985
          ],
          [
            -117.85225399982448,
            36.71485800072874
          ],
          [
            -117.85290800030077,
            36.71557100018725
          ]
        ]
      },
      "properties": {
        "fault_name": "Hunter Mountain- Saline Valley fault zone",
        "age": "latest Quaternary",
        "slip_rate": "Between 1.0 and 5.0 mm/yr"
      }
    },
    {
      "type": "Feature",
      "geometry": {
        "type": "LineString",
        "coordinates": [
          [
            -117.8477969995592,
            36.68593999992326
          ],
          [
            -117.84831999961591,
            36.687240000069934
          ],
          [
            -117.8488550002665,
            36.68832500033264
          ],
          [
            -117.84939099984372,
            36.68912999976757
          ],
          [
            -117.85026000040519,
            36.690169999706605
          ],
          [
            -117.8508949997166,
            36.69123300010951
          ],
          [
            -117.85153199957612,
            36.6924219998471
          ]
        ]
      },
      "properties": {
        "fault_name": "Hunter Mountain- Saline Valley fault zone",
        "age": "latest Quaternary",
        "slip_rate": "Between 1.0 and 5.0 mm/yr"
      }
    },
    {
      "type": "Feature",
      "geometry": {
        "type": "LineString",
        "coordinates": [
          [
            -117.85041700076401,
            36.696186999966706
          ],
          [
            -117.85037000001,
            36.69747500003224
          ],
          [
            -117.85056800037674,
            36.69873599977585
          ],
          [
            -117.85062600010305,
            36.69980000029667
          ]
        ]
      },
      "properties": {
        "fault_name": "Hunter Mountain- Saline Valley fault zone",
        "age": "latest Quaternary",
        "slip_rate": "Between 1.0 and 5.0 mm/yr"
      }
    },
    {
      "type": "Feature",
      "geometry": {
        "type": "LineString",
        "coordinates": [
          [
            -117.8493180000488,
            36.69408999982485
          ],
          [
            -117.85021500019934,
            36.69553499987391
          ],
          [
            -117.85054900011018,
            36.69593100014327
          ]
        ]
      },
      "properties": {
        "fault_name": "Hunter Mountain- Saline Valley fault zone",
        "age": "latest Quaternary",
        "slip_rate": "Between 1.0 and 5.0 mm/yr"
      }
    },
    {
      "type": "Feature",
      "geometry": {
        "type": "LineString",
        "coordinates": [
          [
            -117.85007000043439,
            36.70495599983862
          ],
          [
            -117.85010200022141,
            36.7078760002558
          ],
          [
            -117.85045600022374,
            36.709411999776954
          ]
        ]
      },
      "properties": {
        "fault_name": "Hunter Mountain- Saline Valley fault zone",
        "age": "latest Quaternary",
        "slip_rate": "Between 1.0 and 5.0 mm/yr"
      }
    },
    {
      "type": "Feature",
      "geometry": {
        "type": "LineString",
        "coordinates": [
          [
            -117.84822900027761,
            36.68733900002347
          ],
          [
            -117.84842400027128,
            36.6883029999157
          ],
          [
            -117.84890099939895,
            36.68971100022496
          ],
          [
            -117.84935499985872,
            36.69055400016251
          ],
          [
            -117.85001799965754,
            36.69178399974392
          ],
          [
            -117.85041400039096,
            36.692366999922534
          ]
        ]
      },
      "properties": {
        "fault_name": "Hunter Mountain- Saline Valley fault zone",
        "age": "latest Quaternary",
        "slip_rate": "Between 1.0 and 5.0 mm/yr"
      }
    },
    {
      "type": "Feature",
      "geometry": {
        "type": "LineString",
        "coordinates": [
          [
            -117.84959000003535,
            36.69229400133698
          ],
          [
            -117.84985699999905,
            36.69282399980367
          ],
          [
            -117.84999900028924,
            36.693094999667075
          ]
        ]
      },
      "properties": {
        "fault_name": "Hunter Mountain- Saline Valley fault zone",
        "age": "latest Quaternary",
        "slip_rate": "Between 1.0 and 5.0 mm/yr"
      }
    },
    {
      "type": "Feature",
      "geometry": {
        "type": "LineString",
        "coordinates": [
          [
            -117.84867399961823,
            36.69170399976617
          ],
          [
            -117.84919299857869,
            36.69298700033038
          ],
          [
            -117.84930999965285,
            36.693460000344366
          ]
        ]
      },
      "properties": {
        "fault_name": "Hunter Mountain- Saline Valley fault zone",
        "age": "latest Quaternary",
        "slip_rate": "Between 1.0 and 5.0 mm/yr"
      }
    },
    {
      "type": "Feature",
      "geometry": {
        "type": "LineString",
        "coordinates": [
          [
            -117.84865500024996,
            36.69251699968961
          ],
          [
            -117.84880199966476,
            36.69312499993609
          ],
          [
            -117.84908900061824,
            36.693777000298326
          ]
        ]
      },
      "properties": {
        "fault_name": "Hunter Mountain- Saline Valley fault zone",
        "age": "latest Quaternary",
        "slip_rate": "Between 1.0 and 5.0 mm/yr"
      }
    },
    {
      "type": "Feature",
      "geometry": {
        "type": "LineString",
        "coordinates": [
          [
            -117.84764700066968,
            36.69027700028902
          ],
          [
            -117.84782599987147,
            36.68978100031352
          ],
          [
            -117.8480519998273,
            36.68944500132412
          ]
        ]
      },
      "properties": {
        "fault_name": "Hunter Mountain- Saline Valley fault zone",
        "age": "latest Quaternary",
        "slip_rate": "Between 1.0 and 5.0 mm/yr"
      }
    },
    {
      "type": "Feature",
      "geometry": {
        "type": "LineString",
        "coordinates": [
          [
            -117.83612000040354,
            36.68116999982474
          ],
          [
            -117.83644699974336,
            36.682061000302845
          ],
          [
            -117.83705400036398,
            36.683078000350974
          ]
        ]
      },
      "properties": {
        "fault_name": "Hunter Mountain- Saline Valley fault zone",
        "age": "latest Quaternary",
        "slip_rate": "Between 1.0 and 5.0 mm/yr"
      }
    },
    {
      "type": "Feature",
      "geometry": {
        "type": "LineString",
        "coordinates": [
          [
            -117.83645699978909,
            36.679033000337604
          ],
          [
            -117.83645000011641,
            36.67961900126894
          ],
          [
            -117.83611900057862,
            36.68024900031514
          ],
          [
            -117.83597899993822,
            36.68055400122457
          ]
        ]
      },
      "properties": {
        "fault_name": "Hunter Mountain- Saline Valley fault zone",
        "age": "latest Quaternary",
        "slip_rate": "Between 1.0 and 5.0 mm/yr"
      }
    },
    {
      "type": "Feature",
      "geometry": {
        "type": "LineString",
        "coordinates": [
          [
            -117.83555900071195,
            36.68343099984416
          ],
          [
            -117.83567500016461,
            36.68411700009929
          ],
          [
            -117.83579000069065,
            36.684514999910476
          ],
          [
            -117.83598800015903,
            36.685067000033264
          ],
          [
            -117.8362400000541,
            36.68541999976285
          ]
        ]
      },
      "properties": {
        "fault_name": "Hunter Mountain- Saline Valley fault zone",
        "age": "latest Quaternary",
        "slip_rate": "Between 1.0 and 5.0 mm/yr"
      }
    },
    {
      "type": "Feature",
      "geometry": {
        "type": "LineString",
        "coordinates": [
          [
            -117.83577899992169,
            36.68342900000672
          ],
          [
            -117.8359490006993,
            36.68391599995679
          ],
          [
            -117.83600799935222,
            36.6842699998342
          ],
          [
            -117.83609500028918,
            36.684690000310425
          ],
          [
            -117.836125999353,
            36.6849779997437
          ]
        ]
      },
      "properties": {
        "fault_name": "Hunter Mountain- Saline Valley fault zone",
        "age": "latest Quaternary",
        "slip_rate": "Between 1.0 and 5.0 mm/yr"
      }
    },
    {
      "type": "Feature",
      "geometry": {
        "type": "LineString",
        "coordinates": [
          [
            -117.83392900044241,
            36.67532100027373
          ],
          [
            -117.83479300008266,
            36.67654399990565
          ],
          [
            -117.83599400000682,
            36.67879299998564
          ]
        ]
      },
      "properties": {
        "fault_name": "Hunter Mountain- Saline Valley fault zone",
        "age": "latest Quaternary",
        "slip_rate": "Between 1.0 and 5.0 mm/yr"
      }
    },
    {
      "type": "Feature",
      "geometry": {
        "type": "LineString",
        "coordinates": [
          [
            -117.83577699937355,
            36.680916000337675
          ],
          [
            -117.83557399988224,
            36.681515999824434
          ],
          [
            -117.83543999998794,
            36.68202399976069
          ]
        ]
      },
      "properties": {
        "fault_name": "Hunter Mountain- Saline Valley fault zone",
        "age": "latest Quaternary",
        "slip_rate": "Between 1.0 and 5.0 mm/yr"
      }
    },
    {
      "type": "Feature",
      "geometry": {
        "type": "LineString",
        "coordinates": [
          [
            -117.83475100024987,
            36.67916800128722
          ],
          [
            -117.83535600032236,
            36.68002600024783
          ],
          [
            -117.83556300001162,
            36.68091800024045
          ]
        ]
      },
      "properties": {
        "fault_name": "Hunter Mountain- Saline Valley fault zone",
        "age": "latest Quaternary",
        "slip_rate": "Between 1.0 and 5.0 mm/yr"
      }
    },
    {
      "type": "Feature",
      "geometry": {
        "type": "LineString",
        "coordinates": [
          [
            -117.83468399940442,
            36.68338799972524
          ],
          [
            -117.83488400031928,
            36.683825999862485
          ],
          [
            -117.83551100013308,
            36.68518799977617
          ]
        ]
      },
      "properties": {
        "fault_name": "Hunter Mountain- Saline Valley fault zone",
        "age": "latest Quaternary",
        "slip_rate": "Between 1.0 and 5.0 mm/yr"
      }
    },
    {
      "type": "Feature",
      "geometry": {
        "type": "LineString",
        "coordinates": [
          [
            -117.83485300035714,
            36.68417800033614
          ],
          [
            -117.83482700041785,
            36.684624000243424
          ],
          [
            -117.83492399960393,
            36.68509300024413
          ],
          [
            -117.83520800018438,
            36.68563600009013
          ]
        ]
      },
      "properties": {
        "fault_name": "Hunter Mountain- Saline Valley fault zone",
        "age": "latest Quaternary",
        "slip_rate": "Between 1.0 and 5.0 mm/yr"
      }
    },
    {
      "type": "Feature",
      "geometry": {
        "type": "LineString",
        "coordinates": [
          [
            -117.83346699958672,
            36.68335700006012
          ],
          [
            -117.83372699987771,
            36.6845520006951
          ],
          [
            -117.83373799974838,
            36.685482000299075
          ],
          [
            -117.8337179996569,
            36.686324001331315
          ],
          [
            -117.83358999961037,
            36.68712200028624
          ]
        ]
      },
      "properties": {
        "fault_name": "Hunter Mountain- Saline Valley fault zone",
        "age": "latest Quaternary",
        "slip_rate": "Between 1.0 and 5.0 mm/yr"
      }
    },
    {
      "type": "Feature",
      "geometry": {
        "type": "LineString",
        "coordinates": [
          [
            -117.83369900028863,
            36.68046799990717
          ],
          [
            -117.83334199991326,
            36.68116999982474
          ],
          [
            -117.83311000010967,
            36.68171299999092
          ]
        ]
      },
      "properties": {
        "fault_name": "Hunter Mountain- Saline Valley fault zone",
        "age": "latest Quaternary",
        "slip_rate": "Between 1.0 and 5.0 mm/yr"
      }
    },
    {
      "type": "Feature",
      "geometry": {
        "type": "LineString",
        "coordinates": [
          [
            -117.83367800037223,
            36.687608999903865
          ],
          [
            -117.83315900141177,
            36.68805599994321
          ]
        ]
      },
      "properties": {
        "fault_name": "Hunter Mountain- Saline Valley fault zone",
        "age": "latest Quaternary",
        "slip_rate": "Between 1.0 and 5.0 mm/yr"
      }
    },
    {
      "type": "Feature",
      "geometry": {
        "type": "LineString",
        "coordinates": [
          [
            -117.8335709993438,
            36.6815860001681
          ],
          [
            -117.83342399992901,
            36.682252998683055
          ],
          [
            -117.8334289999519,
            36.6826139999569
          ]
        ]
      },
      "properties": {
        "fault_name": "Hunter Mountain- Saline Valley fault zone",
        "age": "latest Quaternary",
        "slip_rate": "Between 1.0 and 5.0 mm/yr"
      }
    },
    {
      "type": "Feature",
      "geometry": {
        "type": "LineString",
        "coordinates": [
          [
            -117.83356200002129,
            36.68714500019114
          ],
          [
            -117.83331999927363,
            36.68761200021739
          ]
        ]
      },
      "properties": {
        "fault_name": "Hunter Mountain- Saline Valley fault zone",
        "age": "latest Quaternary",
        "slip_rate": "Between 1.0 and 5.0 mm/yr"
      }
    },
    {
      "type": "Feature",
      "geometry": {
        "type": "LineString",
        "coordinates": [
          [
            -117.83324499982889,
            36.68836600014334
          ],
          [
            -117.833167999836,
            36.68887599991446
          ],
          [
            -117.83317200003397,
            36.6892520001645
          ]
        ]
      },
      "properties": {
        "fault_name": "Hunter Mountain- Saline Valley fault zone",
        "age": "latest Quaternary",
        "slip_rate": "Between 1.0 and 5.0 mm/yr"
      }
    },
    {
      "type": "Feature",
      "geometry": {
        "type": "LineString",
        "coordinates": [
          [
            -117.8329640014181,
            36.6877689996525
          ],
          [
            -117.8329710001925,
            36.68841200064282
          ],
          [
            -117.83297500039045,
            36.688788000280184
          ],
          [
            -117.83297500039045,
            36.68881099968681
          ]
        ]
      },
      "properties": {
        "fault_name": "Hunter Mountain- Saline Valley fault zone",
        "age": "latest Quaternary",
        "slip_rate": "Between 1.0 and 5.0 mm/yr"
      }
    },
    {
      "type": "Feature",
      "geometry": {
        "type": "LineString",
        "coordinates": [
          [
            -117.83277799984864,
            36.68081300023007
          ],
          [
            -117.8325029985907,
            36.681299998732854
          ]
        ]
      },
      "properties": {
        "fault_name": "Hunter Mountain- Saline Valley fault zone",
        "age": "latest Quaternary",
        "slip_rate": "Between 1.0 and 5.0 mm/yr"
      }
    },
    {
      "type": "Feature",
      "geometry": {
        "type": "LineString",
        "coordinates": [
          [
            -117.83248800031873,
            36.6759740002988
          ],
          [
            -117.83240599940464,
            36.678772999682344
          ],
          [
            -117.83238200001351,
            36.68179700003644
          ]
        ]
      },
      "properties": {
        "fault_name": "Hunter Mountain- Saline Valley fault zone",
        "age": "latest Quaternary",
        "slip_rate": "Between 1.0 and 5.0 mm/yr"
      }
    },
    {
      "type": "Feature",
      "geometry": {
        "type": "LineString",
        "coordinates": [
          [
            -117.5117799998995,
            36.511236999898756
          ],
          [
            -117.51119499991846,
            36.51037000003193
          ],
          [
            -117.51096099956673,
            36.50998499986286
          ],
          [
            -117.5104300000124,
            36.509932999693234
          ],
          [
            -117.51001699956053,
            36.50988299877516
          ],
          [
            -117.5097240005559,
            36.509496999784645
          ],
          [
            -117.50943199957955,
            36.50892000025016
          ],
          [
            -117.5087250002981,
            36.50867500010672
          ],
          [
            -117.50789699974453,
            36.508958000152845
          ],
          [
            -117.50724900001433,
            36.508714000149034
          ],
          [
            -117.50636600010748,
            36.50827600126656
          ],
          [
            -117.50524599857755,
            36.50812600025861
          ],
          [
            -117.50429999981985,
            36.50811900006972
          ],
          [
            -117.50323699998793,
            36.508159999723155
          ],
          [
            -117.50235100060637,
            36.50829799964743
          ],
          [
            -117.50164100005358,
            36.508484999712145
          ],
          [
            -117.50099900017116,
            36.508547999647654
          ]
        ]
      },
      "properties": {
        "fault_name": "Hunter Mountain- Saline Valley fault zone",
        "age": "late Quaternary",
        "slip_rate": "Between 1.0 and 5.0 mm/yr"
      }
    },
    {
      "type": "Feature",
      "geometry": {
        "type": "LineString",
        "coordinates": [
          [
            -117.49791500025744,
            36.50077900027321
          ],
          [
            -117.49959800023045,
            36.50298600016763
          ],
          [
            -117.50238199967019,
            36.5044449998514
          ],
          [
            -117.50479499938915,
            36.5059079997007
          ],
          [
            -117.50640799994027,
            36.507982001299155
          ]
        ]
      },
      "properties": {
        "fault_name": "Hunter Mountain- Saline Valley fault zone",
        "age": "late Quaternary",
        "slip_rate": "Between 1.0 and 5.0 mm/yr"
      }
    },
    {
      "type": "Feature",
      "geometry": {
        "type": "LineString",
        "coordinates": [
          [
            -117.48796100035945,
            36.49731400023563
          ],
          [
            -117.49256400021463,
            36.49610100023157
          ],
          [
            -117.49715600019917,
            36.493854000028485
          ],
          [
            -117.50082799956863,
            36.4919090001163
          ],
          [
            -117.50450400003434,
            36.490405999972964
          ]
        ]
      },
      "properties": {
        "fault_name": "Hunter Mountain- Saline Valley fault zone",
        "age": "late Quaternary",
        "slip_rate": "Between 1.0 and 5.0 mm/yr"
      }
    },
    {
      "type": "Feature",
      "geometry": {
        "type": "LineString",
        "coordinates": [
          [
            -117.50095199941715,
            36.50852799993727
          ],
          [
            -117.50060699963569,
            36.508470000098164
          ],
          [
            -117.50021699964834,
            36.508036999975644
          ],
          [
            -117.4998970008795,
            36.50758499967687
          ],
          [
            -117.49953200010822,
            36.50702000010472
          ],
          [
            -117.49939800021392,
            36.50645700011606
          ],
          [
            -117.49917000060829,
            36.506006000032706
          ],
          [
            -117.49894100027943,
            36.50574199968054
          ]
        ]
      },
      "properties": {
        "fault_name": "Hunter Mountain- Saline Valley fault zone",
        "age": "late Quaternary",
        "slip_rate": "Between 1.0 and 5.0 mm/yr"
      }
    },
    {
      "type": "Feature",
      "geometry": {
        "type": "LineString",
        "coordinates": [
          [
            -117.5649489998457,
            36.546611999762526
          ],
          [
            -117.55371100018287,
            36.540358000193805
          ],
          [
            -117.53862999964974,
            36.53710800006156
          ]
        ]
      },
      "properties": {
        "fault_name": "Hunter Mountain- Saline Valley fault zone",
        "age": "late Quaternary",
        "slip_rate": "Between 1.0 and 5.0 mm/yr"
      }
    },
    {
      "type": "Feature",
      "geometry": {
        "type": "LineString",
        "coordinates": [
          [
            -117.76192700022769,
            36.64854099995251
          ],
          [
            -117.76254999984353,
            36.64987000013986
          ],
          [
            -117.76324899962734,
            36.65092999998193
          ]
        ]
      },
      "properties": {
        "fault_name": "Hunter Mountain- Saline Valley fault zone",
        "age": "latest Quaternary",
        "slip_rate": "Between 1.0 and 5.0 mm/yr"
      }
    },
    {
      "type": "Feature",
      "geometry": {
        "type": "LineString",
        "coordinates": [
          [
            -117.82197900057696,
            36.659273000161306
          ],
          [
            -117.82196199996022,
            36.660449000355364
          ],
          [
            -117.8220590000446,
            36.66122200023394
          ],
          [
            -117.82219900068498,
            36.66215600017121
          ],
          [
            -117.8223410000769,
            36.662910000284356
          ],
          [
            -117.82270099992702,
            36.66423900034112
          ]
        ]
      },
      "properties": {
        "fault_name": "Hunter Mountain- Saline Valley fault zone",
        "age": "latest Quaternary",
        "slip_rate": "Between 1.0 and 5.0 mm/yr"
      }
    },
    {
      "type": "Feature",
      "geometry": {
        "type": "LineString",
        "coordinates": [
          [
            -117.80765700010213,
            36.65110099974011
          ],
          [
            -117.80851700044275,
            36.65155400128481
          ],
          [
            -117.80920900055388,
            36.65201600022511
          ],
          [
            -117.80993399937866,
            36.652376999943606
          ],
          [
            -117.81068599976425,
            36.6526840002591
          ],
          [
            -117.81172700075317,
            36.653019999811896
          ]
        ]
      },
      "properties": {
        "fault_name": "Hunter Mountain- Saline Valley fault zone",
        "age": "latest Quaternary",
        "slip_rate": "Between 1.0 and 5.0 mm/yr"
      }
    },
    {
      "type": "Feature",
      "geometry": {
        "type": "LineString",
        "coordinates": [
          [
            -117.7838519999075,
            36.65327399985628
          ],
          [
            -117.78299900013788,
            36.65275299984935
          ],
          [
            -117.78195300002444,
            36.65236600000115
          ],
          [
            -117.7792720014152,
            36.65140200025058
          ],
          [
            -117.77726399995555,
            36.65070399968107
          ],
          [
            -117.77554300034768,
            36.65029400024203
          ],
          [
            -117.77370499966568,
            36.64974999998628
          ],
          [
            -117.77237100057044,
            36.64907300004285
          ],
          [
            -117.77108999938201,
            36.64865899980741
          ],
          [
            -117.7698900001811,
            36.64856599988189
          ],
          [
            -117.76889699977109,
            36.6484399997804
          ],
          [
            -117.76793399859997,
            36.64813000015182
          ],
          [
            -117.7674120001648,
            36.64781399986921
          ]
        ]
      },
      "properties": {
        "fault_name": "Hunter Mountain- Saline Valley fault zone",
        "age": "latest Quaternary",
        "slip_rate": "Between 1.0 and 5.0 mm/yr"
      }
    },
    {
      "type": "Feature",
      "geometry": {
        "type": "LineString",
        "coordinates": [
          [
            -117.71091200043266,
            36.62600100034088
          ],
          [
            -117.7129639995783,
            36.6269090002763
          ],
          [
            -117.71425600063738,
            36.627435998742186
          ],
          [
            -117.71583600067822,
            36.62809699986037
          ],
          [
            -117.71672999955739,
            36.62829900007016
          ],
          [
            -117.71760400014172,
            36.62853299979403
          ]
        ]
      },
      "properties": {
        "fault_name": "Hunter Mountain- Saline Valley fault zone",
        "age": "latest Quaternary",
        "slip_rate": "Between 1.0 and 5.0 mm/yr"
      }
    },
    {
      "type": "Feature",
      "geometry": {
        "type": "LineString",
        "coordinates": [
          [
            -117.65623500041563,
            36.61623100008881
          ],
          [
            -117.65237900002487,
            36.60921000008805
          ]
        ]
      },
      "properties": {
        "fault_name": "Hunter Mountain- Saline Valley fault zone",
        "age": "latest Quaternary",
        "slip_rate": "Between 1.0 and 5.0 mm/yr"
      }
    },
    {
      "type": "Feature",
      "geometry": {
        "type": "LineString",
        "coordinates": [
          [
            -117.8322819995561,
            36.6579040002002
          ],
          [
            -117.84159799976963,
            36.66007100011609
          ],
          [
            -117.85163600023152,
            36.66163000016858
          ]
        ]
      },
      "properties": {
        "fault_name": "Hunter Mountain- Saline Valley fault zone",
        "age": "latest Quaternary",
        "slip_rate": "Between 1.0 and 5.0 mm/yr"
      }
    },
    {
      "type": "Feature",
      "geometry": {
        "type": "LineString",
        "coordinates": [
          [
            -117.82094099996112,
            36.66352900016737
          ],
          [
            -117.82147499988851,
            36.6648740000229
          ]
        ]
      },
      "properties": {
        "fault_name": "Hunter Mountain- Saline Valley fault zone",
        "age": "latest Quaternary",
        "slip_rate": "Between 1.0 and 5.0 mm/yr"
      }
    },
    {
      "type": "Feature",
      "geometry": {
        "type": "LineString",
        "coordinates": [
          [
            -117.81604299965484,
            36.663203998755236
          ],
          [
            -117.81635999984726,
            36.663727999902356
          ],
          [
            -117.81687500040638,
            36.664544999309875
          ],
          [
            -117.81716900013424,
            36.66503900029123
          ],
          [
            -117.81754999990075,
            36.66541199986924
          ],
          [
            -117.8176310000916,
            36.66559700127661
          ],
          [
            -117.81785799987232,
            36.66580499987798
          ],
          [
            -117.81809700024694,
            36.665950999703675
          ],
          [
            -117.8185600000292,
            36.66604699924075
          ],
          [
            -117.81950900005829,
            36.666113000113974
          ],
          [
            -117.82069699956364,
            36.66626399934428
          ]
        ]
      },
      "properties": {
        "fault_name": "Hunter Mountain- Saline Valley fault zone",
        "age": "latest Quaternary",
        "slip_rate": "Between 1.0 and 5.0 mm/yr"
      }
    },
    {
      "type": "Feature",
      "geometry": {
        "type": "LineString",
        "coordinates": [
          [
            -117.81393000040985,
            36.65555099965861
          ],
          [
            -117.81562300042857,
            36.657398000068405
          ]
        ]
      },
      "properties": {
        "fault_name": "Hunter Mountain- Saline Valley fault zone",
        "age": "latest Quaternary",
        "slip_rate": "Between 1.0 and 5.0 mm/yr"
      }
    },
    {
      "type": "Feature",
      "geometry": {
        "type": "LineString",
        "coordinates": [
          [
            -117.81302900006133,
            36.65855100028061
          ],
          [
            -117.81344300033813,
            36.65944100015649
          ],
          [
            -117.81371199995165,
            36.66001399967302
          ],
          [
            -117.81395399980099,
            36.66054799875585
          ],
          [
            -117.814470000185,
            36.66125700027776
          ],
          [
            -117.81538099968093,
            36.66225800128172
          ]
        ]
      },
      "properties": {
        "fault_name": "Hunter Mountain- Saline Valley fault zone",
        "age": "latest Quaternary",
        "slip_rate": "Between 1.0 and 5.0 mm/yr"
      }
    },
    {
      "type": "Feature",
      "geometry": {
        "type": "LineString",
        "coordinates": [
          [
            -117.81036699992201,
            36.65853099976035
          ],
          [
            -117.81203900002437,
            36.66051699997648
          ]
        ]
      },
      "properties": {
        "fault_name": "Hunter Mountain- Saline Valley fault zone",
        "age": "latest Quaternary",
        "slip_rate": "Between 1.0 and 5.0 mm/yr"
      }
    },
    {
      "type": "Feature",
      "geometry": {
        "type": "LineString",
        "coordinates": [
          [
            -117.80963800000099,
            36.65931899932138
          ],
          [
            -117.81106599970583,
            36.660770000296466
          ]
        ]
      },
      "properties": {
        "fault_name": "Hunter Mountain- Saline Valley fault zone",
        "age": "latest Quaternary",
        "slip_rate": "Between 1.0 and 5.0 mm/yr"
      }
    },
    {
      "type": "Feature",
      "geometry": {
        "type": "LineString",
        "coordinates": [
          [
            -117.79248900042869,
            36.656235000045506
          ],
          [
            -117.79406499937328,
            36.655379000130814
          ]
        ]
      },
      "properties": {
        "fault_name": "Hunter Mountain- Saline Valley fault zone",
        "age": "latest Quaternary",
        "slip_rate": "Between 1.0 and 5.0 mm/yr"
      }
    },
    {
      "type": "Feature",
      "geometry": {
        "type": "LineString",
        "coordinates": [
          [
            -117.79036600023963,
            36.65586899973461
          ],
          [
            -117.78821700011129,
            36.6555660002696
          ],
          [
            -117.7866039995602,
            36.65494699977312
          ],
          [
            -117.78548399982688,
            36.65434000002441
          ],
          [
            -117.7838519999075,
            36.65327399985628
          ]
        ]
      },
      "properties": {
        "fault_name": "Hunter Mountain- Saline Valley fault zone",
        "age": "latest Quaternary",
        "slip_rate": "Between 1.0 and 5.0 mm/yr"
      }
    },
    {
      "type": "Feature",
      "geometry": {
        "type": "LineString",
        "coordinates": [
          [
            -117.78831299857414,
            36.653848999755496
          ],
          [
            -117.78950199970107,
            36.65440799999687
          ]
        ]
      },
      "properties": {
        "fault_name": "Hunter Mountain- Saline Valley fault zone",
        "age": "latest Quaternary",
        "slip_rate": "Between 1.0 and 5.0 mm/yr"
      }
    },
    {
      "type": "Feature",
      "geometry": {
        "type": "LineString",
        "coordinates": [
          [
            -117.78741700004512,
            36.654291998735964
          ],
          [
            -117.78858899965698,
            36.654765999878606
          ]
        ]
      },
      "properties": {
        "fault_name": "Hunter Mountain- Saline Valley fault zone",
        "age": "latest Quaternary",
        "slip_rate": "Between 1.0 and 5.0 mm/yr"
      }
    },
    {
      "type": "Feature",
      "geometry": {
        "type": "LineString",
        "coordinates": [
          [
            -117.77742299996419,
            36.65524700009852
          ],
          [
            -117.77781100030171,
            36.65613699997529
          ],
          [
            -117.77836899962023,
            36.657542000196685
          ]
        ]
      },
      "properties": {
        "fault_name": "Hunter Mountain- Saline Valley fault zone",
        "age": "latest Quaternary",
        "slip_rate": "Between 1.0 and 5.0 mm/yr"
      }
    },
    {
      "type": "Feature",
      "geometry": {
        "type": "LineString",
        "coordinates": [
          [
            -117.7674120001648,
            36.64781399986921
          ],
          [
            -117.76637699992199,
            36.6472830001191
          ],
          [
            -117.76510700040087,
            36.6467249997228
          ],
          [
            -117.76409200024953,
            36.64639699968793
          ],
          [
            -117.7631309996266,
            36.64608600008087
          ],
          [
            -117.76246000033015,
            36.64557500023612
          ],
          [
            -117.76064400028775,
            36.64498799984683
          ],
          [
            -117.75753899955934,
            36.6433950003564
          ]
        ]
      },
      "properties": {
        "fault_name": "Hunter Mountain- Saline Valley fault zone",
        "age": "latest Quaternary",
        "slip_rate": "Between 1.0 and 5.0 mm/yr"
      }
    },
    {
      "type": "Feature",
      "geometry": {
        "type": "LineString",
        "coordinates": [
          [
            -117.76351500066447,
            36.64630800007697
          ],
          [
            -117.76439300144673,
            36.647867001334525
          ],
          [
            -117.76474600072584,
            36.64959999971148
          ],
          [
            -117.76525699929036,
            36.65162799994434
          ],
          [
            -117.76571800032114,
            36.653150000154945
          ],
          [
            -117.7663209998455,
            36.65427700003882
          ]
        ]
      },
      "properties": {
        "fault_name": "Hunter Mountain- Saline Valley fault zone",
        "age": "latest Quaternary",
        "slip_rate": "Between 1.0 and 5.0 mm/yr"
      }
    },
    {
      "type": "Feature",
      "geometry": {
        "type": "LineString",
        "coordinates": [
          [
            -117.7613160003074,
            36.64525399964927
          ],
          [
            -117.7618929998925,
            36.64715700008074
          ],
          [
            -117.76192700022769,
            36.64854099995251
          ]
        ]
      },
      "properties": {
        "fault_name": "Hunter Mountain- Saline Valley fault zone",
        "age": "latest Quaternary",
        "slip_rate": "Between 1.0 and 5.0 mm/yr"
      }
    },
    {
      "type": "Feature",
      "geometry": {
        "type": "LineString",
        "coordinates": [
          [
            -117.7617029999217,
            36.64837099992916
          ],
          [
            -117.76001199955279,
            36.64826499981794
          ],
          [
            -117.75796799990475,
            36.648241999822176
          ],
          [
            -117.75610400018176,
            36.648473001285545
          ]
        ]
      },
      "properties": {
        "fault_name": "Hunter Mountain- Saline Valley fault zone",
        "age": "latest Quaternary",
        "slip_rate": "Between 1.0 and 5.0 mm/yr"
      }
    },
    {
      "type": "Feature",
      "geometry": {
        "type": "LineString",
        "coordinates": [
          [
            -117.75306299992577,
            36.64193200017477
          ],
          [
            -117.75106199993544,
            36.64155000016005
          ],
          [
            -117.74986100001128,
            36.64123400027107
          ],
          [
            -117.74880599967699,
            36.64081699972914
          ],
          [
            -117.7479740007221,
            36.640497999728446
          ],
          [
            -117.74728000006283,
            36.64002899967402
          ],
          [
            -117.7464959998902,
            36.639677001241736
          ],
          [
            -117.74565799929087,
            36.63943099992041
          ],
          [
            -117.74477699993217,
            36.63902299984738
          ],
          [
            -117.74367899994017,
            36.638373999746975
          ],
          [
            -117.74136600067864,
            36.636939000305134
          ]
        ]
      },
      "properties": {
        "fault_name": "Hunter Mountain- Saline Valley fault zone",
        "age": "latest Quaternary",
        "slip_rate": "Between 1.0 and 5.0 mm/yr"
      }
    },
    {
      "type": "Feature",
      "geometry": {
        "type": "LineString",
        "coordinates": [
          [
            -117.72818300020367,
            36.63509100027055
          ],
          [
            -117.72631299973462,
            36.63429700029907
          ],
          [
            -117.72544800026945,
            36.63392899984888
          ],
          [
            -117.72343300003541,
            36.633243001326775
          ],
          [
            -117.72169499981081,
            36.63278299978401
          ]
        ]
      },
      "properties": {
        "fault_name": "Hunter Mountain- Saline Valley fault zone",
        "age": "latest Quaternary",
        "slip_rate": "Between 1.0 and 5.0 mm/yr"
      }
    },
    {
      "type": "Feature",
      "geometry": {
        "type": "LineString",
        "coordinates": [
          [
            -117.72788399955463,
            36.63369599977369
          ],
          [
            -117.7269599996399,
            36.63344199931912
          ],
          [
            -117.72557399976783,
            36.63314099998674
          ],
          [
            -117.72418899972065,
            36.632839998757674
          ],
          [
            -117.7226659995812,
            36.632563999313284
          ]
        ]
      },
      "properties": {
        "fault_name": "Hunter Mountain- Saline Valley fault zone",
        "age": "latest Quaternary",
        "slip_rate": "Between 1.0 and 5.0 mm/yr"
      }
    },
    {
      "type": "Feature",
      "geometry": {
        "type": "LineString",
        "coordinates": [
          [
            -117.72744800043483,
            36.63133000011245
          ],
          [
            -117.72653200001774,
            36.6308959999038
          ],
          [
            -117.72535200000996,
            36.63037500135168
          ],
          [
            -117.72449400021749,
            36.63016700003545
          ],
          [
            -117.72354600001331,
            36.62996299989056
          ],
          [
            -117.72268699859927,
            36.6299270001482
          ],
          [
            -117.72213700057502,
            36.6298870000943
          ],
          [
            -117.72160299974931,
            36.6298179987631
          ],
          [
            -117.72098999928089,
            36.62968800013046
          ],
          [
            -117.72031600140805,
            36.62959100005959
          ],
          [
            -117.71969800001845,
            36.62959800078228
          ],
          [
            -117.7190940006692,
            36.629661999945064
          ],
          [
            -117.7179559995959,
            36.62974200026563
          ]
        ]
      },
      "properties": {
        "fault_name": "Hunter Mountain- Saline Valley fault zone",
        "age": "latest Quaternary",
        "slip_rate": "Between 1.0 and 5.0 mm/yr"
      }
    },
    {
      "type": "Feature",
      "geometry": {
        "type": "LineString",
        "coordinates": [
          [
            -117.7268530004081,
            36.63461600002528
          ],
          [
            -117.72643800030639,
            36.63471599975116
          ],
          [
            -117.72607500008326,
            36.63479199983086
          ],
          [
            -117.72572100008092,
            36.63485099986007
          ],
          [
            -117.72528599988773,
            36.63486399979929
          ],
          [
            -117.72459699925133,
            36.63489699991252
          ]
        ]
      },
      "properties": {
        "fault_name": "Hunter Mountain- Saline Valley fault zone",
        "age": "latest Quaternary",
        "slip_rate": "Between 1.0 and 5.0 mm/yr"
      }
    },
    {
      "type": "Feature",
      "geometry": {
        "type": "LineString",
        "coordinates": [
          [
            -117.7207569996524,
            36.62949299996809
          ],
          [
            -117.71761799858878,
            36.62852700032758
          ]
        ]
      },
      "properties": {
        "fault_name": "Hunter Mountain- Saline Valley fault zone",
        "age": "latest Quaternary",
        "slip_rate": "Between 1.0 and 5.0 mm/yr"
      }
    },
    {
      "type": "Feature",
      "geometry": {
        "type": "LineString",
        "coordinates": [
          [
            -117.68578400011513,
            36.61785599966989
          ],
          [
            -117.68785799990039,
            36.618782000334036
          ],
          [
            -117.69205800024775,
            36.619916999974514
          ],
          [
            -117.69683299963208,
            36.62117999969618
          ],
          [
            -117.69983899972797,
            36.62195700005559
          ],
          [
            -117.70144699935791,
            36.62267599984651
          ],
          [
            -117.70511200085129,
            36.62377999996486
          ],
          [
            -117.7092319999344,
            36.6251460003178
          ]
        ]
      },
      "properties": {
        "fault_name": "Hunter Mountain- Saline Valley fault zone",
        "age": "latest Quaternary",
        "slip_rate": "Between 1.0 and 5.0 mm/yr"
      }
    },
    {
      "type": "Feature",
      "geometry": {
        "type": "LineString",
        "coordinates": [
          [
            -117.69972400010026,
            36.628240000070754
          ],
          [
            -117.69728200006895,
            36.6267749998852
          ]
        ]
      },
      "properties": {
        "fault_name": "Hunter Mountain- Saline Valley fault zone",
        "age": "latest Quaternary",
        "slip_rate": "Between 1.0 and 5.0 mm/yr"
      }
    },
    {
      "type": "Feature",
      "geometry": {
        "type": "LineString",
        "coordinates": [
          [
            -117.69952900010658,
            36.62088900015972
          ],
          [
            -117.69783400043802,
            36.620355998645806
          ]
        ]
      },
      "properties": {
        "fault_name": "Hunter Mountain- Saline Valley fault zone",
        "age": "latest Quaternary",
        "slip_rate": "Between 1.0 and 5.0 mm/yr"
      }
    },
    {
      "type": "Feature",
      "geometry": {
        "type": "LineString",
        "coordinates": [
          [
            -117.69921100008928,
            36.62159700124968
          ],
          [
            -117.69553100032387,
            36.620991999700024
          ]
        ]
      },
      "properties": {
        "fault_name": "Hunter Mountain- Saline Valley fault zone",
        "age": "latest Quaternary",
        "slip_rate": "Between 1.0 and 5.0 mm/yr"
      }
    },
    {
      "type": "Feature",
      "geometry": {
        "type": "LineString",
        "coordinates": [
          [
            -117.69801499928965,
            36.622383998756725
          ],
          [
            -117.69448600003535,
            36.62165499984515
          ]
        ]
      },
      "properties": {
        "fault_name": "Hunter Mountain- Saline Valley fault zone",
        "age": "latest Quaternary",
        "slip_rate": "Between 1.0 and 5.0 mm/yr"
      }
    },
    {
      "type": "Feature",
      "geometry": {
        "type": "LineString",
        "coordinates": [
          [
            -117.67936800059064,
            36.61071400000736
          ],
          [
            -117.68085800021977,
            36.61199700013258
          ],
          [
            -117.68321400003734,
            36.613738000028
          ],
          [
            -117.68487099917276,
            36.6152189998463
          ],
          [
            -117.68720500014732,
            36.61722699982646
          ],
          [
            -117.68867000056042,
            36.61794699979893
          ],
          [
            -117.69015400034182,
            36.618583999857684
          ],
          [
            -117.69161600038188,
            36.61908899971031
          ]
        ]
      },
      "properties": {
        "fault_name": "Hunter Mountain- Saline Valley fault zone",
        "age": "latest Quaternary",
        "slip_rate": "Between 1.0 and 5.0 mm/yr"
      }
    },
    {
      "type": "Feature",
      "geometry": {
        "type": "LineString",
        "coordinates": [
          [
            -117.68042600039963,
            36.612933000191184
          ],
          [
            -117.68158600031592,
            36.61403599984988
          ],
          [
            -117.68382499995762,
            36.616473000216544
          ],
          [
            -117.68479400007817,
            36.61737400023791
          ],
          [
            -117.68570200009937,
            36.61787300123136
          ]
        ]
      },
      "properties": {
        "fault_name": "Hunter Mountain- Saline Valley fault zone",
        "age": "latest Quaternary",
        "slip_rate": "Between 1.0 and 5.0 mm/yr"
      }
    },
    {
      "type": "Feature",
      "geometry": {
        "type": "LineString",
        "coordinates": [
          [
            -117.668687999348,
            36.60591300010535
          ],
          [
            -117.67299699857696,
            36.607941000079286
          ],
          [
            -117.67526600015256,
            36.60913700123032
          ],
          [
            -117.67743700002218,
            36.610465000256966
          ],
          [
            -117.67869400002283,
            36.61154700001247
          ],
          [
            -117.68021399978923,
            36.61275499999022
          ]
        ]
      },
      "properties": {
        "fault_name": "Hunter Mountain- Saline Valley fault zone",
        "age": "latest Quaternary",
        "slip_rate": "Between 1.0 and 5.0 mm/yr"
      }
    },
    {
      "type": "Feature",
      "geometry": {
        "type": "LineString",
        "coordinates": [
          [
            -117.67623799974784,
            36.61475400132029
          ],
          [
            -117.67156000044791,
            36.61167100033969
          ]
        ]
      },
      "properties": {
        "fault_name": "Hunter Mountain- Saline Valley fault zone",
        "age": "latest Quaternary",
        "slip_rate": "Between 1.0 and 5.0 mm/yr"
      }
    },
    {
      "type": "Feature",
      "geometry": {
        "type": "LineString",
        "coordinates": [
          [
            -117.67089599992586,
            36.608503000075835
          ],
          [
            -117.67333099938615,
            36.60896400030291
          ],
          [
            -117.67540000004685,
            36.609694999822295
          ]
        ]
      },
      "properties": {
        "fault_name": "Hunter Mountain- Saline Valley fault zone",
        "age": "latest Quaternary",
        "slip_rate": "Between 1.0 and 5.0 mm/yr"
      }
    },
    {
      "type": "Feature",
      "geometry": {
        "type": "LineString",
        "coordinates": [
          [
            -117.66194899978326,
            36.600120000142525
          ],
          [
            -117.66384000016878,
            36.601653999768764
          ],
          [
            -117.66499300041234,
            36.60295499993254
          ],
          [
            -117.66644099931038,
            36.60437099972379
          ],
          [
            -117.66733400016129,
            36.60543499969692
          ],
          [
            -117.66852000001683,
            36.606230000080714
          ]
        ]
      },
      "properties": {
        "fault_name": "Hunter Mountain- Saline Valley fault zone",
        "age": "latest Quaternary",
        "slip_rate": "Between 1.0 and 5.0 mm/yr"
      }
    },
    {
      "type": "Feature",
      "geometry": {
        "type": "LineString",
        "coordinates": [
          [
            -117.66214799997492,
            36.59792100024388
          ],
          [
            -117.66307299971456,
            36.59886300125759
          ],
          [
            -117.66347500029578,
            36.59922800020096
          ],
          [
            -117.66384700073978,
            36.599512999706654
          ],
          [
            -117.66442099995179,
            36.59993300028557
          ],
          [
            -117.66491800006928,
            36.60050899973103
          ],
          [
            -117.6651759998121,
            36.60103399999044
          ]
        ]
      },
      "properties": {
        "fault_name": "Hunter Mountain- Saline Valley fault zone",
        "age": "latest Quaternary",
        "slip_rate": "Between 1.0 and 5.0 mm/yr"
      }
    },
    {
      "type": "Feature",
      "geometry": {
        "type": "LineString",
        "coordinates": [
          [
            -117.66507100023016,
            36.622563999776524
          ],
          [
            -117.66269500032108,
            36.621846999657535
          ],
          [
            -117.66089299962408,
            36.621277000258885
          ],
          [
            -117.65910200059434,
            36.62059299873375
          ],
          [
            -117.65843600042251,
            36.62006600034576
          ],
          [
            -117.65751599980742,
            36.6190650003433
          ],
          [
            -117.65690900008511,
            36.61785000009341
          ],
          [
            -117.65623500041563,
            36.61623100008881
          ]
        ]
      },
      "properties": {
        "fault_name": "Hunter Mountain- Saline Valley fault zone",
        "age": "latest Quaternary",
        "slip_rate": "Between 1.0 and 5.0 mm/yr"
      }
    },
    {
      "type": "Feature",
      "geometry": {
        "type": "LineString",
        "coordinates": [
          [
            -117.66470999965681,
            36.60178600003665
          ],
          [
            -117.6606340000563,
            36.599188999655276
          ],
          [
            -117.65958399974488,
            36.59826899992757
          ],
          [
            -117.65851699971505,
            36.59689499972525
          ],
          [
            -117.65801100027505,
            36.595942998753635
          ],
          [
            -117.6565009996561,
            36.59381499997225
          ],
          [
            -117.65579300144809,
            36.59233699996534
          ],
          [
            -117.65508200017206,
            36.5910190000811
          ],
          [
            -117.65432700031174,
            36.58943100014515
          ],
          [
            -117.65364799972109,
            36.58813100029828
          ]
        ]
      },
      "properties": {
        "fault_name": "Hunter Mountain- Saline Valley fault zone",
        "age": "latest Quaternary",
        "slip_rate": "Between 1.0 and 5.0 mm/yr"
      }
    },
    {
      "type": "Feature",
      "geometry": {
        "type": "LineString",
        "coordinates": [
          [
            -117.66458899928298,
            36.62106300029707
          ],
          [
            -117.66349300073743,
            36.62003399967093
          ],
          [
            -117.66256399990152,
            36.61862299996991
          ],
          [
            -117.66168899859396,
            36.61736700128902
          ],
          [
            -117.65945700042161,
            36.61351200022276
          ]
        ]
      },
      "properties": {
        "fault_name": "Hunter Mountain- Saline Valley fault zone",
        "age": "latest Quaternary",
        "slip_rate": "Between 1.0 and 5.0 mm/yr"
      }
    },
    {
      "type": "Feature",
      "geometry": {
        "type": "LineString",
        "coordinates": [
          [
            -117.65514600064448,
            36.5878569996417
          ],
          [
            -117.65601100010964,
            36.58895399974123
          ],
          [
            -117.65663100025077,
            36.58980699992653
          ],
          [
            -117.65720700001093,
            36.59039499977207
          ],
          [
            -117.6581629997127,
            36.59121400017981
          ]
        ]
      },
      "properties": {
        "fault_name": "Hunter Mountain- Saline Valley fault zone",
        "age": "latest Quaternary",
        "slip_rate": "Between 1.0 and 5.0 mm/yr"
      }
    },
    {
      "type": "Feature",
      "geometry": {
        "type": "LineString",
        "coordinates": [
          [
            -117.65453099962791,
            36.59971499980683
          ],
          [
            -117.653403000397,
            36.598665999697616
          ],
          [
            -117.65257100144211,
            36.59783799987193
          ],
          [
            -117.65186600001387,
            36.597247999851035
          ],
          [
            -117.65057399985312,
            36.5962619999703
          ],
          [
            -117.64825099964753,
            36.59480899929061
          ],
          [
            -117.64650900012327,
            36.593549000055255
          ]
        ]
      },
      "properties": {
        "fault_name": "Hunter Mountain- Saline Valley fault zone",
        "age": "latest Quaternary",
        "slip_rate": "Between 1.0 and 5.0 mm/yr"
      }
    },
    {
      "type": "Feature",
      "geometry": {
        "type": "LineString",
        "coordinates": [
          [
            -117.62958800015662,
            36.58463300003728
          ],
          [
            -117.6313179999853,
            36.58826500004411
          ],
          [
            -117.63335599978555,
            36.59200399877445
          ],
          [
            -117.6344999998083,
            36.594191000031564
          ],
          [
            -117.63536099997383,
            36.59572300075227
          ],
          [
            -117.63636800062753,
            36.597263000274204
          ],
          [
            -117.63750900027725,
            36.59856100002616
          ],
          [
            -117.63885499996634,
            36.599701999709225
          ],
          [
            -117.63990899957744,
            36.60082699982853
          ],
          [
            -117.64041900011367,
            36.60145899864832
          ],
          [
            -117.6411249995702,
            36.60257400023693
          ],
          [
            -117.64178600061751,
            36.603419000136086
          ],
          [
            -117.64252300003616,
            36.60402800130589
          ],
          [
            -117.64335000076481,
            36.60465200025977
          ],
          [
            -117.64448999969132,
            36.60542599996402
          ],
          [
            -117.645341999636,
            36.60602399964211
          ],
          [
            -117.64604700016592,
            36.60661400033277
          ],
          [
            -117.64656700074791,
            36.60713100008062
          ],
          [
            -117.64715600002859,
            36.60789200070929
          ],
          [
            -117.64777500034477,
            36.60883300022616
          ]
        ]
      },
      "properties": {
        "fault_name": "Hunter Mountain- Saline Valley fault zone",
        "age": "latest Quaternary",
        "slip_rate": "Between 1.0 and 5.0 mm/yr"
      }
    },
    {
      "type": "Feature",
      "geometry": {
        "type": "LineString",
        "coordinates": [
          [
            -117.64105599997322,
            36.5784600003124
          ],
          [
            -117.64145700072952,
            36.5803569996949
          ],
          [
            -117.64179199956698,
            36.58237499979422
          ],
          [
            -117.64180499998577,
            36.583673998712676
          ]
        ]
      },
      "properties": {
        "fault_name": "Hunter Mountain- Saline Valley fault zone",
        "age": "latest Quaternary",
        "slip_rate": "Between 1.0 and 5.0 mm/yr"
      }
    },
    {
      "type": "Feature",
      "geometry": {
        "type": "LineString",
        "coordinates": [
          [
            -117.63724700033642,
            36.586869000764075
          ],
          [
            -117.63823900002319,
            36.587794999837335
          ],
          [
            -117.63938899989375,
            36.5889790002469
          ],
          [
            -117.64147999939746,
            36.591297998694515
          ]
        ]
      },
      "properties": {
        "fault_name": "Hunter Mountain- Saline Valley fault zone",
        "age": "latest Quaternary",
        "slip_rate": "Between 1.0 and 5.0 mm/yr"
      }
    },
    {
      "type": "Feature",
      "geometry": {
        "type": "LineString",
        "coordinates": [
          [
            -117.63254300019891,
            36.58779999986993
          ],
          [
            -117.63286500041417,
            36.588519999741315
          ],
          [
            -117.63364499859223,
            36.589557999767806
          ],
          [
            -117.63445899980042,
            36.590456999651686
          ],
          [
            -117.63930600005307,
            36.59562100025311
          ]
        ]
      },
      "properties": {
        "fault_name": "Hunter Mountain- Saline Valley fault zone",
        "age": "latest Quaternary",
        "slip_rate": "Between 1.0 and 5.0 mm/yr"
      }
    },
    {
      "type": "Feature",
      "geometry": {
        "type": "LineString",
        "coordinates": [
          [
            -117.6319780003094,
            36.58596500005053
          ],
          [
            -117.63402199995741,
            36.587125998756484
          ],
          [
            -117.63485800000858,
            36.58763500006544
          ],
          [
            -117.63567700034133,
            36.588213001300765
          ],
          [
            -117.63626800017013,
            36.588815001225086
          ],
          [
            -117.63670599983803,
            36.58936300125516
          ],
          [
            -117.63769599987499,
            36.59097299981214
          ],
          [
            -117.63886699966193,
            36.59297499988132
          ]
        ]
      },
      "properties": {
        "fault_name": "Hunter Mountain- Saline Valley fault zone",
        "age": "latest Quaternary",
        "slip_rate": "Between 1.0 and 5.0 mm/yr"
      }
    },
    {
      "type": "Feature",
      "geometry": {
        "type": "LineString",
        "coordinates": [
          [
            -117.63690599985458,
            36.593356000100016
          ],
          [
            -117.63717899966603,
            36.596223999697884
          ],
          [
            -117.63781000057614,
            36.59741400033261
          ],
          [
            -117.63883499987487,
            36.598882999238896
          ]
        ]
      },
      "properties": {
        "fault_name": "Hunter Mountain- Saline Valley fault zone",
        "age": "latest Quaternary",
        "slip_rate": "Between 1.0 and 5.0 mm/yr"
      }
    },
    {
      "type": "Feature",
      "geometry": {
        "type": "LineString",
        "coordinates": [
          [
            -117.63456799958037,
            36.575079999672916
          ],
          [
            -117.6351180002996,
            36.576825000352414
          ],
          [
            -117.63529900004954,
            36.57878999983777
          ],
          [
            -117.63545600040838,
            36.580780999894195
          ]
        ]
      },
      "properties": {
        "fault_name": "Hunter Mountain- Saline Valley fault zone",
        "age": "latest Quaternary",
        "slip_rate": "Between 1.0 and 5.0 mm/yr"
      }
    },
    {
      "type": "Feature",
      "geometry": {
        "type": "LineString",
        "coordinates": [
          [
            -117.62270499975357,
            36.57732299977651
          ],
          [
            -117.62628700140627,
            36.58116099991116
          ],
          [
            -117.62838499968434,
            36.58386200023165
          ]
        ]
      },
      "properties": {
        "fault_name": "Hunter Mountain- Saline Valley fault zone",
        "age": "latest Quaternary",
        "slip_rate": "Between 1.0 and 5.0 mm/yr"
      }
    },
    {
      "type": "Feature",
      "geometry": {
        "type": "LineString",
        "coordinates": [
          [
            -117.62436299961222,
            36.574558999871485
          ],
          [
            -117.62715299979804,
            36.57883699998768
          ],
          [
            -117.62762099960318,
            36.58008899992624
          ],
          [
            -117.62760399988474,
            36.58120800006045
          ]
        ]
      },
      "properties": {
        "fault_name": "Hunter Mountain- Saline Valley fault zone",
        "age": "latest Quaternary",
        "slip_rate": "Between 1.0 and 5.0 mm/yr"
      }
    },
    {
      "type": "Feature",
      "geometry": {
        "type": "LineString",
        "coordinates": [
          [
            -117.61456400042326,
            36.56527800005099
          ],
          [
            -117.61714299982356,
            36.56897199989074
          ],
          [
            -117.61871100016886,
            36.5716660000254
          ],
          [
            -117.62016599963788,
            36.57406299972701
          ],
          [
            -117.6213549998665,
            36.57548199980764
          ],
          [
            -117.62324000040418,
            36.57743599974924
          ]
        ]
      },
      "properties": {
        "fault_name": "Hunter Mountain- Saline Valley fault zone",
        "age": "latest Quaternary",
        "slip_rate": "Between 1.0 and 5.0 mm/yr"
      }
    },
    {
      "type": "Feature",
      "geometry": {
        "type": "LineString",
        "coordinates": [
          [
            -117.6153870000556,
            36.56966499988044
          ],
          [
            -117.61658499960673,
            36.57068499984731
          ],
          [
            -117.61769900039057,
            36.571456999868595
          ],
          [
            -117.6187920003597,
            36.572013999777056
          ]
        ]
      },
      "properties": {
        "fault_name": "Hunter Mountain- Saline Valley fault zone",
        "age": "latest Quaternary",
        "slip_rate": "Between 1.0 and 5.0 mm/yr"
      }
    },
    {
      "type": "Feature",
      "geometry": {
        "type": "LineString",
        "coordinates": [
          [
            -117.6138499996725,
            36.56676200005754
          ],
          [
            -117.61525700035928,
            36.567823999875834
          ],
          [
            -117.61677499957753,
            36.568885000280396
          ]
        ]
      },
      "properties": {
        "fault_name": "Hunter Mountain- Saline Valley fault zone",
        "age": "latest Quaternary",
        "slip_rate": "Between 1.0 and 5.0 mm/yr"
      }
    },
    {
      "type": "Feature",
      "geometry": {
        "type": "LineString",
        "coordinates": [
          [
            -117.61200800058916,
            36.56506600133027
          ],
          [
            -117.6133860000653,
            36.56622699973409
          ]
        ]
      },
      "properties": {
        "fault_name": "Hunter Mountain- Saline Valley fault zone",
        "age": "latest Quaternary",
        "slip_rate": "Between 1.0 and 5.0 mm/yr"
      }
    },
    {
      "type": "Feature",
      "geometry": {
        "type": "LineString",
        "coordinates": [
          [
            -117.61153700041093,
            36.57147400011303
          ],
          [
            -117.60917800022031,
            36.57189400033836
          ],
          [
            -117.6063199993641,
            36.57209100025659
          ],
          [
            -117.6041779998068,
            36.57207799983434
          ]
        ]
      },
      "properties": {
        "fault_name": "Hunter Mountain- Saline Valley fault zone",
        "age": "latest Quaternary",
        "slip_rate": "Between 1.0 and 5.0 mm/yr"
      }
    },
    {
      "type": "Feature",
      "geometry": {
        "type": "LineString",
        "coordinates": [
          [
            -117.61149300003001,
            36.57120499988016
          ],
          [
            -117.6083669993852,
            36.570835999959556
          ],
          [
            -117.6069090004414,
            36.57075499991694
          ]
        ]
      },
      "properties": {
        "fault_name": "Hunter Mountain- Saline Valley fault zone",
        "age": "latest Quaternary",
        "slip_rate": "Between 1.0 and 5.0 mm/yr"
      }
    },
    {
      "type": "Feature",
      "geometry": {
        "type": "LineString",
        "coordinates": [
          [
            -117.60956700038277,
            36.5631510001114
          ],
          [
            -117.6103449998093,
            36.56388900018888
          ],
          [
            -117.6111959999291,
            36.56436000020426
          ]
        ]
      },
      "properties": {
        "fault_name": "Hunter Mountain- Saline Valley fault zone",
        "age": "latest Quaternary",
        "slip_rate": "Between 1.0 and 5.0 mm/yr"
      }
    },
    {
      "type": "Feature",
      "geometry": {
        "type": "LineString",
        "coordinates": [
          [
            -117.60831399968178,
            36.56303900019916
          ],
          [
            -117.60971999964532,
            36.56392199964932
          ],
          [
            -117.6109770014426,
            36.56462799972772
          ]
        ]
      },
      "properties": {
        "fault_name": "Hunter Mountain- Saline Valley fault zone",
        "age": "latest Quaternary",
        "slip_rate": "Between 1.0 and 5.0 mm/yr"
      }
    },
    {
      "type": "Feature",
      "geometry": {
        "type": "LineString",
        "coordinates": [
          [
            -117.60212499993796,
            36.55960600067203
          ],
          [
            -117.60389999997246,
            36.56057700015334
          ],
          [
            -117.60515699997313,
            36.561254000155465
          ]
        ]
      },
      "properties": {
        "fault_name": "Hunter Mountain- Saline Valley fault zone",
        "age": "latest Quaternary",
        "slip_rate": "Between 1.0 and 5.0 mm/yr"
      }
    },
    {
      "type": "Feature",
      "geometry": {
        "type": "LineString",
        "coordinates": [
          [
            -117.60231300025892,
            36.56457900027201
          ],
          [
            -117.5993339999272,
            36.56620199979696
          ],
          [
            -117.59708900043772,
            36.56734500019612
          ],
          [
            -117.59573700000252,
            36.56793800001565
          ],
          [
            -117.59156599996747,
            36.570414999809
          ],
          [
            -117.58888299991176,
            36.5718969986673
          ]
        ]
      },
      "properties": {
        "fault_name": "Hunter Mountain- Saline Valley fault zone",
        "age": "latest Quaternary",
        "slip_rate": "Between 1.0 and 5.0 mm/yr"
      }
    },
    {
      "type": "Feature",
      "geometry": {
        "type": "LineString",
        "coordinates": [
          [
            -117.59840699963942,
            36.557505999801165
          ],
          [
            -117.60051599958479,
            36.55898000027431
          ]
        ]
      },
      "properties": {
        "fault_name": "Hunter Mountain- Saline Valley fault zone",
        "age": "latest Quaternary",
        "slip_rate": "Between 1.0 and 5.0 mm/yr"
      }
    },
    {
      "type": "Feature",
      "geometry": {
        "type": "LineString",
        "coordinates": [
          [
            -117.59692399968297,
            36.556147999830124
          ],
          [
            -117.59840199961658,
            36.55694199980221
          ],
          [
            -117.59991800008329,
            36.55779599874814
          ]
        ]
      },
      "properties": {
        "fault_name": "Hunter Mountain- Saline Valley fault zone",
        "age": "latest Quaternary",
        "slip_rate": "Between 1.0 and 5.0 mm/yr"
      }
    },
    {
      "type": "Feature",
      "geometry": {
        "type": "LineString",
        "coordinates": [
          [
            -117.59906499941539,
            36.561787000177134
          ],
          [
            -117.59658300009944,
            36.56390599993455
          ],
          [
            -117.5936609996691,
            36.566159999884334
          ]
        ]
      },
      "properties": {
        "fault_name": "Hunter Mountain- Saline Valley fault zone",
        "age": "latest Quaternary",
        "slip_rate": "Between 1.0 and 5.0 mm/yr"
      }
    },
    {
      "type": "Feature",
      "geometry": {
        "type": "LineString",
        "coordinates": [
          [
            -117.5936649998671,
            36.55349200010231
          ],
          [
            -117.59577299998752,
            36.55475800019874
          ],
          [
            -117.5967710004204,
            36.55534700011327
          ]
        ]
      },
      "properties": {
        "fault_name": "Hunter Mountain- Saline Valley fault zone",
        "age": "latest Quaternary",
        "slip_rate": "Between 1.0 and 5.0 mm/yr"
      }
    },
    {
      "type": "Feature",
      "geometry": {
        "type": "LineString",
        "coordinates": [
          [
            -117.59244800004942,
            36.55511199976065
          ],
          [
            -117.59481199936455,
            36.55622799990973
          ],
          [
            -117.59651100012941,
            36.55702199978137
          ]
        ]
      },
      "properties": {
        "fault_name": "Hunter Mountain- Saline Valley fault zone",
        "age": "latest Quaternary",
        "slip_rate": "Between 1.0 and 5.0 mm/yr"
      }
    },
    {
      "type": "Feature",
      "geometry": {
        "type": "LineString",
        "coordinates": [
          [
            -117.59174999919217,
            36.55045300028558
          ],
          [
            -117.59337499943885,
            36.551247000319684
          ],
          [
            -117.59440899985677,
            36.55171700000296
          ],
          [
            -117.59573799982742,
            36.552244999975116
          ]
        ]
      },
      "properties": {
        "fault_name": "Hunter Mountain- Saline Valley fault zone",
        "age": "latest Quaternary",
        "slip_rate": "Between 1.0 and 5.0 mm/yr"
      }
    },
    {
      "type": "Feature",
      "geometry": {
        "type": "LineString",
        "coordinates": [
          [
            -117.56880299968834,
            36.53843199981819
          ],
          [
            -117.57698300027505,
            36.542909001332454
          ],
          [
            -117.58559899998151,
            36.54836399999288
          ],
          [
            -117.58803400034012,
            36.54994800007546
          ],
          [
            -117.59063200000702,
            36.55185200034318
          ],
          [
            -117.59475700001128,
            36.55565500019958
          ]
        ]
      },
      "properties": {
        "fault_name": "Hunter Mountain- Saline Valley fault zone",
        "age": "latest Quaternary",
        "slip_rate": "Between 1.0 and 5.0 mm/yr"
      }
    },
    {
      "type": "Feature",
      "geometry": {
        "type": "LineString",
        "coordinates": [
          [
            -117.58592799986948,
            36.549502001264415
          ],
          [
            -117.58852300006166,
            36.551895000279096
          ],
          [
            -117.59041500027203,
            36.553964000155396
          ],
          [
            -117.59178400042568,
            36.5549069986852
          ]
        ]
      },
      "properties": {
        "fault_name": "Hunter Mountain- Saline Valley fault zone",
        "age": "latest Quaternary",
        "slip_rate": "Between 1.0 and 5.0 mm/yr"
      }
    },
    {
      "type": "Feature",
      "geometry": {
        "type": "LineString",
        "coordinates": [
          [
            -117.58805000023362,
            36.54776999980186
          ],
          [
            -117.58953099964197,
            36.54900899964868
          ],
          [
            -117.59112100062687,
            36.55001100016604
          ]
        ]
      },
      "properties": {
        "fault_name": "Hunter Mountain- Saline Valley fault zone",
        "age": "latest Quaternary",
        "slip_rate": "Between 1.0 and 5.0 mm/yr"
      }
    },
    {
      "type": "Feature",
      "geometry": {
        "type": "LineString",
        "coordinates": [
          [
            -117.55512299999424,
            36.53272499987582
          ],
          [
            -117.56401499988523,
            36.537370000210956
          ],
          [
            -117.57050099972997,
            36.541115000347304
          ],
          [
            -117.57365299941573,
            36.544564999712144
          ],
          [
            -117.57588100008509,
            36.548466999647864
          ]
        ]
      },
      "properties": {
        "fault_name": "Hunter Mountain- Saline Valley fault zone",
        "age": "latest Quaternary",
        "slip_rate": "Between 1.0 and 5.0 mm/yr"
      }
    },
    {
      "type": "Feature",
      "geometry": {
        "type": "LineString",
        "coordinates": [
          [
            -117.54577199962058,
            36.52646299977105
          ],
          [
            -117.54324900029677,
            36.525044000333544
          ],
          [
            -117.53830499995975,
            36.522416000270525
          ],
          [
            -117.53727499973981,
            36.52187399866013
          ],
          [
            -117.53265099996824,
            36.51844999995681
          ],
          [
            -117.53198399997147,
            36.51794800122941
          ],
          [
            -117.53105500003387,
            36.51757300026489
          ],
          [
            -117.52904200034797,
            36.516907000101945
          ],
          [
            -117.52671799941918,
            36.51615700070534
          ],
          [
            -117.52517300043674,
            36.515363999802275
          ],
          [
            -117.52316499987539,
            36.51432100011895
          ],
          [
            -117.52105000008225,
            36.51348699875387
          ],
          [
            -117.51913799978041,
            36.512946000264265
          ],
          [
            -117.51370899991977,
            36.511823000024485
          ]
        ]
      },
      "properties": {
        "fault_name": "Hunter Mountain- Saline Valley fault zone",
        "age": "late Quaternary",
        "slip_rate": "Between 1.0 and 5.0 mm/yr"
      }
    },
    {
      "type": "Feature",
      "geometry": {
        "type": "LineString",
        "coordinates": [
          [
            -117.56828800002754,
            36.53818199965204
          ],
          [
            -117.56684400042913,
            36.53751499970546
          ],
          [
            -117.56529600017532,
            36.5368909986789
          ],
          [
            -117.5639069999302,
            36.536014999831735
          ],
          [
            -117.56050800037224,
            36.5340960002745
          ],
          [
            -117.55685100017308,
            36.532051000310126
          ],
          [
            -117.54932400023776,
            36.52850800022726
          ],
          [
            -117.54577199962058,
            36.52646299977105
          ]
        ]
      },
      "properties": {
        "fault_name": "Hunter Mountain- Saline Valley fault zone",
        "age": "late Quaternary",
        "slip_rate": "Between 1.0 and 5.0 mm/yr"
      }
    },
    {
      "type": "Feature",
      "geometry": {
        "type": "LineString",
        "coordinates": [
          [
            -117.63527599958503,
            36.57505200078794
          ],
          [
            -117.63646200033888,
            36.57564999996527
          ],
          [
            -117.63858700017775,
            36.576687000056694
          ],
          [
            -117.6423899999668,
            36.57886200016326
          ],
          [
            -117.64357400017248,
            36.579580999900514
          ],
          [
            -117.64441199987348,
            36.58026000032747
          ],
          [
            -117.64495099982373,
            36.58090000014244
          ],
          [
            -117.64553799855628,
            36.58174100016552
          ],
          [
            -117.64639599924705,
            36.582761000042275
          ],
          [
            -117.64752799957424,
            36.58375999992477
          ],
          [
            -117.64888599985724,
            36.584578000289405
          ],
          [
            -117.64987400024438,
            36.58511699872581
          ],
          [
            -117.65101100059444,
            36.58561500020582
          ],
          [
            -117.65227000024491,
            36.58645399988399
          ],
          [
            -117.65354499978892,
            36.58791400009273
          ]
        ]
      },
      "properties": {
        "fault_name": "Hunter Mountain- Saline Valley fault zone",
        "age": "latest Quaternary",
        "slip_rate": "Between 1.0 and 5.0 mm/yr"
      }
    },
    {
      "type": "Feature",
      "geometry": {
        "type": "LineString",
        "coordinates": [
          [
            -117.61515799972678,
            36.5654770002641
          ],
          [
            -117.62074899996911,
            36.56758899995532
          ],
          [
            -117.62539600020521,
            36.56970300024244
          ],
          [
            -117.62796599938468,
            36.57098000022631
          ],
          [
            -117.6313730002369,
            36.57289599988568
          ],
          [
            -117.63527599958503,
            36.57505200078794
          ]
        ]
      },
      "properties": {
        "fault_name": "Hunter Mountain- Saline Valley fault zone",
        "age": "latest Quaternary",
        "slip_rate": "Between 1.0 and 5.0 mm/yr"
      }
    },
    {
      "type": "Feature",
      "geometry": {
        "type": "LineString",
        "coordinates": [
          [
            -117.7549080002805,
            36.6421429999292
          ],
          [
            -117.75583400074335,
            36.64260899873976
          ],
          [
            -117.75683699940245,
            36.64303499934048
          ],
          [
            -117.75743900000023,
            36.64335299992814
          ]
        ]
      },
      "properties": {
        "fault_name": "Hunter Mountain- Saline Valley fault zone",
        "age": "latest Quaternary",
        "slip_rate": "Between 1.0 and 5.0 mm/yr"
      }
    },
    {
      "type": "Feature",
      "geometry": {
        "type": "LineString",
        "coordinates": [
          [
            -117.81167299942815,
            36.657337000218085
          ],
          [
            -117.81261199941152,
            36.658080000124485
          ],
          [
            -117.81364800037754,
            36.65886000023596
          ],
          [
            -117.81454099943178,
            36.65936300015283
          ],
          [
            -117.81610099938116,
            36.659899001318216
          ]
        ]
      },
      "properties": {
        "fault_name": "Hunter Mountain- Saline Valley fault zone",
        "age": "latest Quaternary",
        "slip_rate": "Between 1.0 and 5.0 mm/yr"
      }
    },
    {
      "type": "Feature",
      "geometry": {
        "type": "LineString",
        "coordinates": [
          [
            -117.80166100070217,
            36.65629799987033
          ],
          [
            -117.8053680002317,
            36.65749499971897
          ],
          [
            -117.80758800140347,
            36.658111998691744
          ],
          [
            -117.80944100035747,
            36.658573001279244
          ]
        ]
      },
      "properties": {
        "fault_name": "Hunter Mountain- Saline Valley fault zone",
        "age": "latest Quaternary",
        "slip_rate": "Between 1.0 and 5.0 mm/yr"
      }
    },
    {
      "type": "Feature",
      "geometry": {
        "type": "LineString",
        "coordinates": [
          [
            -117.79352299994825,
            36.65511400027386
          ],
          [
            -117.79517900015709,
            36.65548699966131
          ],
          [
            -117.79767700026487,
            36.65594400028858
          ],
          [
            -117.79930300033647,
            36.65611400016869
          ],
          [
            -117.80110799960991,
            36.65630200023496
          ],
          [
            -117.80163300021476,
            36.65654599974374
          ],
          [
            -117.80234299986927,
            36.65681399978977
          ]
        ]
      },
      "properties": {
        "fault_name": "Hunter Mountain- Saline Valley fault zone",
        "age": "latest Quaternary",
        "slip_rate": "Between 1.0 and 5.0 mm/yr"
      }
    },
    {
      "type": "Feature",
      "geometry": {
        "type": "LineString",
        "coordinates": [
          [
            -117.79029899939418,
            36.65481999973239
          ],
          [
            -117.79169900040826,
            36.65492300004249
          ],
          [
            -117.79304699974719,
            36.655163001335914
          ]
        ]
      },
      "properties": {
        "fault_name": "Hunter Mountain- Saline Valley fault zone",
        "age": "latest Quaternary",
        "slip_rate": "Between 1.0 and 5.0 mm/yr"
      }
    },
    {
      "type": "Feature",
      "geometry": {
        "type": "LineString",
        "coordinates": [
          [
            -117.78523399958162,
            36.65268600017501
          ],
          [
            -117.78669499979678,
            36.65315099974651
          ],
          [
            -117.78941999968528,
            36.65389999934498
          ],
          [
            -117.79046099977587,
            36.654345000066854
          ]
        ]
      },
      "properties": {
        "fault_name": "Hunter Mountain- Saline Valley fault zone",
        "age": "latest Quaternary",
        "slip_rate": "Between 1.0 and 5.0 mm/yr"
      }
    },
    {
      "type": "Feature",
      "geometry": {
        "type": "LineString",
        "coordinates": [
          [
            -117.78214200017032,
            36.65160100034429
          ],
          [
            -117.78363099997456,
            36.65210999991352
          ],
          [
            -117.78489599857453,
            36.65253099969381
          ]
        ]
      },
      "properties": {
        "fault_name": "Hunter Mountain- Saline Valley fault zone",
        "age": "latest Quaternary",
        "slip_rate": "Between 1.0 and 5.0 mm/yr"
      }
    },
    {
      "type": "Feature",
      "geometry": {
        "type": "LineString",
        "coordinates": [
          [
            -117.75524300001622,
            36.64108300024048
          ],
          [
            -117.75682100040727,
            36.641887998752516
          ]
        ]
      },
      "properties": {
        "fault_name": "Hunter Mountain- Saline Valley fault zone",
        "age": "latest Quaternary",
        "slip_rate": "Between 1.0 and 5.0 mm/yr"
      }
    },
    {
      "type": "Feature",
      "geometry": {
        "type": "LineString",
        "coordinates": [
          [
            -117.75260799964111,
            36.641358998721536
          ],
          [
            -117.75477600003602,
            36.64210900030161
          ]
        ]
      },
      "properties": {
        "fault_name": "Hunter Mountain- Saline Valley fault zone",
        "age": "latest Quaternary",
        "slip_rate": "Between 1.0 and 5.0 mm/yr"
      }
    },
    {
      "type": "Feature",
      "geometry": {
        "type": "LineString",
        "coordinates": [
          [
            -117.74792499941998,
            36.64053200006708
          ],
          [
            -117.74854100026143,
            36.64126999977638
          ],
          [
            -117.7494459999096,
            36.64205399972749
          ]
        ]
      },
      "properties": {
        "fault_name": "Hunter Mountain- Saline Valley fault zone",
        "age": "latest Quaternary",
        "slip_rate": "Between 1.0 and 5.0 mm/yr"
      }
    },
    {
      "type": "Feature",
      "geometry": {
        "type": "LineString",
        "coordinates": [
          [
            -117.7338160002788,
            36.63405599973863
          ],
          [
            -117.73545100057123,
            36.63481299985868
          ],
          [
            -117.73610099995125,
            36.6352549996646
          ],
          [
            -117.73727299956307,
            36.63574299864495
          ],
          [
            -117.73908999943039,
            36.636227000335694
          ],
          [
            -117.74115499989313,
            36.63698199970687
          ]
        ]
      },
      "properties": {
        "fault_name": "Hunter Mountain- Saline Valley fault zone",
        "age": "latest Quaternary",
        "slip_rate": "Between 1.0 and 5.0 mm/yr"
      }
    },
    {
      "type": "Feature",
      "geometry": {
        "type": "LineString",
        "coordinates": [
          [
            -117.72506900015274,
            36.6307009999145
          ],
          [
            -117.72877999988025,
            36.63221299979844
          ],
          [
            -117.73193299939092,
            36.63399900022269
          ]
        ]
      },
      "properties": {
        "fault_name": "Hunter Mountain- Saline Valley fault zone",
        "age": "latest Quaternary",
        "slip_rate": "Between 1.0 and 5.0 mm/yr"
      }
    },
    {
      "type": "Feature",
      "geometry": {
        "type": "LineString",
        "coordinates": [
          [
            -117.90903099956604,
            36.830040000064635
          ],
          [
            -117.90680500034316,
            36.83042399978429
          ]
        ]
      },
      "properties": {
        "fault_name": "unnamed faults in northern Saline Valley",
        "age": "undifferentiated Quaternary",
        "slip_rate": ""
      }
    },
    {
      "type": "Feature",
      "geometry": {
        "type": "LineString",
        "coordinates": [
          [
            -117.90369799996489,
            36.86410000032125
          ],
          [
            -117.90263699978281,
            36.86815300008377
          ]
        ]
      },
      "properties": {
        "fault_name": "unnamed faults in northern Saline Valley",
        "age": "undifferentiated Quaternary",
        "slip_rate": ""
      }
    },
    {
      "type": "Feature",
      "geometry": {
        "type": "LineString",
        "coordinates": [
          [
            -117.8820429997235,
            36.8506540003058
          ],
          [
            -117.87972600026401,
            36.85532799994194
          ],
          [
            -117.87863300029488,
            36.857236000068475
          ],
          [
            -117.87578200000968,
            36.861863999715155
          ]
        ]
      },
      "properties": {
        "fault_name": "unnamed faults in northern Saline Valley",
        "age": "undifferentiated Quaternary",
        "slip_rate": ""
      }
    },
    {
      "type": "Feature",
      "geometry": {
        "type": "LineString",
        "coordinates": [
          [
            -117.94827899979373,
            36.890882000202595
          ],
          [
            -117.95025899986766,
            36.89392700011433
          ],
          [
            -117.95082899978004,
            36.8958320002928
          ],
          [
            -117.95128499988962,
            36.897355999678595
          ],
          [
            -117.95115400036836,
            36.89877499966668
          ],
          [
            -117.95099500035971,
            36.90154999985602
          ],
          [
            -117.95038299971623,
            36.903075999848596
          ],
          [
            -117.95023600030142,
            36.90536399982224
          ],
          [
            -117.95032800036293,
            36.907459999853145
          ],
          [
            -117.95030099970045,
            36.909652999685946
          ],
          [
            -117.94991300026123,
            36.91222699981718
          ],
          [
            -117.94850200027481,
            36.92061700004503
          ]
        ]
      },
      "properties": {
        "fault_name": "unnamed faults in northern Saline Valley",
        "age": "undifferentiated Quaternary",
        "slip_rate": ""
      }
    },
    {
      "type": "Feature",
      "geometry": {
        "type": "LineString",
        "coordinates": [
          [
            -117.94277499959003,
            36.922823000098376
          ],
          [
            -117.94203399997343,
            36.92501599987563
          ],
          [
            -117.94057000028353,
            36.928165000020826
          ],
          [
            -117.93958600009435,
            36.930836000359086
          ],
          [
            -117.93908099958098,
            36.93321999971244
          ],
          [
            -117.93809300009214,
            36.93627200018232
          ],
          [
            -117.9368710002516,
            36.93894300004731
          ]
        ]
      },
      "properties": {
        "fault_name": "unnamed faults in northern Saline Valley",
        "age": "undifferentiated Quaternary",
        "slip_rate": ""
      }
    },
    {
      "type": "Feature",
      "geometry": {
        "type": "LineString",
        "coordinates": [
          [
            -117.925648999584,
            36.88750200014409
          ],
          [
            -117.92529100028202,
            36.87835299968447
          ]
        ]
      },
      "properties": {
        "fault_name": "unnamed faults in northern Saline Valley",
        "age": "undifferentiated Quaternary",
        "slip_rate": ""
      }
    },
    {
      "type": "Feature",
      "geometry": {
        "type": "LineString",
        "coordinates": [
          [
            -117.92056000038033,
            36.86787899998708
          ],
          [
            -117.91978899972815,
            36.87245499975153
          ],
          [
            -117.91940899978657,
            36.87436200023799
          ],
          [
            -117.91938799987017,
            36.875981999991566
          ],
          [
            -117.91904100043882,
            36.876792999832226
          ],
          [
            -117.9180530000517,
            36.8782730002277
          ],
          [
            -117.91756299960693,
            36.87941700008379
          ],
          [
            -117.91743000043584,
            36.88056100004812
          ],
          [
            -117.91741600019216,
            36.88161000029966
          ],
          [
            -117.91704700012122,
            36.882658999793115
          ],
          [
            -117.91608399984842,
            36.88370900014793
          ]
        ]
      },
      "properties": {
        "fault_name": "unnamed faults in northern Saline Valley",
        "age": "undifferentiated Quaternary",
        "slip_rate": ""
      }
    },
    {
      "type": "Feature",
      "geometry": {
        "type": "LineString",
        "coordinates": [
          [
            -117.91361500005296,
            36.91859800003971
          ],
          [
            -117.91510300003227,
            36.91373399998395
          ],
          [
            -117.91668100042331,
            36.911061999723024
          ]
        ]
      },
      "properties": {
        "fault_name": "unnamed faults in northern Saline Valley",
        "age": "undifferentiated Quaternary",
        "slip_rate": ""
      }
    },
    {
      "type": "Feature",
      "geometry": {
        "type": "LineString",
        "coordinates": [
          [
            -117.91334700026437,
            36.911831000312134
          ],
          [
            -117.91560900037058,
            36.908106999652375
          ]
        ]
      },
      "properties": {
        "fault_name": "unnamed faults in northern Saline Valley",
        "age": "undifferentiated Quaternary",
        "slip_rate": ""
      }
    },
    {
      "type": "Feature",
      "geometry": {
        "type": "LineString",
        "coordinates": [
          [
            -117.91226199979283,
            36.91827699975594
          ],
          [
            -117.91273600034408,
            36.917336000215016
          ],
          [
            -117.91321099982193,
            36.916370000219
          ],
          [
            -117.91359300031165,
            36.91542900013091
          ],
          [
            -117.91394599959078,
            36.91441399967134
          ],
          [
            -117.9142650003313,
            36.91354700031791
          ],
          [
            -117.91461400031075,
            36.91280399966922
          ],
          [
            -117.91533900003382,
            36.91154099967886
          ]
        ]
      },
      "properties": {
        "fault_name": "unnamed faults in northern Saline Valley",
        "age": "undifferentiated Quaternary",
        "slip_rate": ""
      }
    },
    {
      "type": "Feature",
      "geometry": {
        "type": "LineString",
        "coordinates": [
          [
            -117.91530200022393,
            36.83530000001548
          ],
          [
            -117.91462199980838,
            36.84262700029519
          ],
          [
            -117.91225299957202,
            36.8485620002599
          ]
        ]
      },
      "properties": {
        "fault_name": "unnamed faults in northern Saline Valley",
        "age": "undifferentiated Quaternary",
        "slip_rate": ""
      }
    },
    {
      "type": "Feature",
      "geometry": {
        "type": "LineString",
        "coordinates": [
          [
            -117.91268899959007,
            36.911471999972626
          ],
          [
            -117.91297900001834,
            36.910457000007014
          ],
          [
            -117.91338800027223,
            36.909861999642885
          ],
          [
            -117.91379599980291,
            36.90929200017472
          ],
          [
            -117.91432899990541,
            36.90859799992669
          ]
        ]
      },
      "properties": {
        "fault_name": "unnamed faults in northern Saline Valley",
        "age": "undifferentiated Quaternary",
        "slip_rate": ""
      }
    },
    {
      "type": "Feature",
      "geometry": {
        "type": "LineString",
        "coordinates": [
          [
            -117.91068400030014,
            36.91574400017701
          ],
          [
            -117.91245699978651,
            36.91367299986671
          ]
        ]
      },
      "properties": {
        "fault_name": "unnamed faults in northern Saline Valley",
        "age": "undifferentiated Quaternary",
        "slip_rate": ""
      }
    },
    {
      "type": "Feature",
      "geometry": {
        "type": "LineString",
        "coordinates": [
          [
            -117.90884800016624,
            36.917665999948014
          ],
          [
            -117.90938299991855,
            36.91677400001222
          ],
          [
            -117.90963900001157,
            36.91610500003675
          ],
          [
            -117.90989400027972,
            36.91540100017556
          ],
          [
            -117.91024300025916,
            36.91464399987289
          ]
        ]
      },
      "properties": {
        "fault_name": "unnamed faults in northern Saline Valley",
        "age": "undifferentiated Quaternary",
        "slip_rate": ""
      }
    },
    {
      "type": "Feature",
      "geometry": {
        "type": "LineString",
        "coordinates": [
          [
            -117.9094780003531,
            36.84741500005709
          ],
          [
            -117.90888099977822,
            36.84879299969122
          ],
          [
            -117.90814500018448,
            36.85060500030525
          ],
          [
            -117.90788900009144,
            36.85208300006417
          ],
          [
            -117.90739299979887,
            36.85370399982629
          ],
          [
            -117.90569499975726,
            36.8588639997681
          ],
          [
            -117.90511099960116,
            36.86037999999971
          ],
          [
            -117.90369799996489,
            36.86410000032125
          ]
        ]
      },
      "properties": {
        "fault_name": "unnamed faults in northern Saline Valley",
        "age": "undifferentiated Quaternary",
        "slip_rate": ""
      }
    },
    {
      "type": "Feature",
      "geometry": {
        "type": "LineString",
        "coordinates": [
          [
            -117.90525799991427,
            36.90916099988782
          ],
          [
            -117.90704399981944,
            36.9070539998161
          ],
          [
            -117.90810800037454,
            36.90574099971091
          ],
          [
            -117.90882499970172,
            36.90514500001465
          ]
        ]
      },
      "properties": {
        "fault_name": "unnamed faults in northern Saline Valley",
        "age": "undifferentiated Quaternary",
        "slip_rate": ""
      }
    },
    {
      "type": "Feature",
      "geometry": {
        "type": "LineString",
        "coordinates": [
          [
            -117.90680500034316,
            36.83042399978429
          ],
          [
            -117.90215100043433,
            36.83183499971199
          ],
          [
            -117.90036600035407,
            36.83235900027629
          ],
          [
            -117.89818000041583,
            36.83300100020519
          ],
          [
            -117.8964399996431,
            36.83363599966155
          ],
          [
            -117.89544100028361,
            36.83422400010779
          ],
          [
            -117.894067999932,
            36.83495999980406
          ],
          [
            -117.89294300017582,
            36.83559699972259
          ],
          [
            -117.8911380000041,
            36.836380000220224
          ],
          [
            -117.8902299999829,
            36.837152999876075
          ],
          [
            -117.8892089999838,
            36.83810800017548
          ],
          [
            -117.88858399981982,
            36.838816999928106
          ],
          [
            -117.88797999957222,
            36.839606000063455
          ],
          [
            -117.88728599981128,
            36.84027100031555
          ],
          [
            -117.88653599997383,
            36.84071199984424
          ],
          [
            -117.88575299962609,
            36.84122799982512
          ],
          [
            -117.88512400016249,
            36.84202300030836
          ],
          [
            -117.88432999994411,
            36.84374000015059
          ],
          [
            -117.88377299955218,
            36.84545600029466
          ],
          [
            -117.88259900029051,
            36.8489850001624
          ],
          [
            -117.8820429997235,
            36.8506540003058
          ]
        ]
      },
      "properties": {
        "fault_name": "unnamed faults in northern Saline Valley",
        "age": "undifferentiated Quaternary",
        "slip_rate": ""
      }
    },
    {
      "type": "Feature",
      "geometry": {
        "type": "LineString",
        "coordinates": [
          [
            -117.89612699964863,
            36.921015000001866
          ],
          [
            -117.89783700028416,
            36.917389999929554
          ],
          [
            -117.89941599960177,
            36.91471799990273
          ],
          [
            -117.90194899986963,
            36.911662999683344
          ],
          [
            -117.90424100011312,
            36.90889499994559
          ],
          [
            -117.90678600007656,
            36.905302000294746
          ]
        ]
      },
      "properties": {
        "fault_name": "unnamed faults in northern Saline Valley",
        "age": "undifferentiated Quaternary",
        "slip_rate": ""
      }
    },
    {
      "type": "Feature",
      "geometry": {
        "type": "LineString",
        "coordinates": [
          [
            -117.85705900024436,
            36.95567899965671
          ],
          [
            -117.85889000035534,
            36.95205499983958
          ],
          [
            -117.86010999964778,
            36.94971799986462
          ],
          [
            -117.86067299988747,
            36.947619999653135
          ],
          [
            -117.86128999965554,
            36.945951000178056
          ],
          [
            -117.86195699965229,
            36.94490199993458
          ],
          [
            -117.86491699971744,
            36.93689099971484
          ],
          [
            -117.86552799963772,
            36.93560299967309
          ],
          [
            -117.86643800020705,
            36.9342199997335
          ],
          [
            -117.86758399987963,
            36.9328830001574
          ],
          [
            -117.86999199957573,
            36.93049699974099
          ],
          [
            -117.87274300030182,
            36.92706100018227
          ],
          [
            -117.87711000015545,
            36.92096599989196
          ],
          [
            -117.88050299986563,
            36.91713500002401
          ],
          [
            -117.8818109999199,
            36.91536599967827
          ],
          [
            -117.88259699974236,
            36.91410299973538
          ],
          [
            -117.88328700020367,
            36.91318599984238
          ],
          [
            -117.88400799972882,
            36.91239300030776
          ],
          [
            -117.88482500041172,
            36.911227999875855
          ],
          [
            -117.88595600001571,
            36.90959299974032
          ],
          [
            -117.88702300004555,
            36.90822999998264
          ],
          [
            -117.88842599963607,
            36.90701500028797
          ],
          [
            -117.88967900033708,
            36.90577700020878
          ],
          [
            -117.89193300004737,
            36.90287700001573
          ],
          [
            -117.89572999998863,
            36.897748000328335
          ]
        ]
      },
      "properties": {
        "fault_name": "unnamed faults in northern Saline Valley",
        "age": "undifferentiated Quaternary",
        "slip_rate": ""
      }
    },
    {
      "type": "Feature",
      "geometry": {
        "type": "LineString",
        "coordinates": [
          [
            -117.84886399958903,
            36.92090400011813
          ],
          [
            -117.85344200022818,
            36.91613100021733
          ],
          [
            -117.85635100023968,
            36.912256999837425
          ],
          [
            -117.8576840004083,
            36.90983399979874
          ],
          [
            -117.85988700006499,
            36.90638400017869
          ],
          [
            -117.86153099967996,
            36.90314200018031
          ],
          [
            -117.86276000009151,
            36.90100900024151
          ],
          [
            -117.86350200043135,
            36.89992700028138
          ],
          [
            -117.86387399997705,
            36.89925499988109
          ],
          [
            -117.864026000313,
            36.89878800019715
          ],
          [
            -117.86414400031377,
            36.8981169998186
          ],
          [
            -117.86404499968124,
            36.89744500000281
          ],
          [
            -117.86387499980194,
            36.89651100005071
          ],
          [
            -117.86370599974754,
            36.89476600010392
          ],
          [
            -117.86411099980351,
            36.8924830002508
          ],
          [
            -117.86564200033885,
            36.88950300001837
          ],
          [
            -117.86735299990096,
            36.886726999935206
          ],
          [
            -117.87001800041331,
            36.8845569997463
          ],
          [
            -117.87206100023643,
            36.8826479997835
          ],
          [
            -117.87386600040817,
            36.8808339997033
          ],
          [
            -117.87508900007366,
            36.87816300020901
          ],
          [
            -117.87596600013269,
            36.874729999649425
          ],
          [
            -117.87671699979506,
            36.87177400022946
          ]
        ]
      },
      "properties": {
        "fault_name": "unnamed faults in northern Saline Valley",
        "age": "undifferentiated Quaternary",
        "slip_rate": ""
      }
    },
    {
      "type": "Feature",
      "geometry": {
        "type": "LineString",
        "coordinates": [
          [
            -117.86091300008698,
            36.815069000343875
          ],
          [
            -117.85956800022278,
            36.81668299984233
          ],
          [
            -117.85665599983822,
            36.81933600026035
          ],
          [
            -117.85375299967447,
            36.821609000087115
          ],
          [
            -117.85182399965417,
            36.82283700003305
          ],
          [
            -117.84930299998017,
            36.82406199967389
          ],
          [
            -117.84559599955232,
            36.825279999675615
          ],
          [
            -117.84271599985311,
            36.82659800007241
          ],
          [
            -117.84079699987855,
            36.82744499983795
          ],
          [
            -117.83829200009808,
            36.82800200018227
          ],
          [
            -117.83697800019603,
            36.82837600033903
          ],
          [
            -117.83577499972371,
            36.829036000258604
          ],
          [
            -117.83407599985716,
            36.830552000221154
          ],
          [
            -117.83320100034625,
            36.83235900027629
          ],
          [
            -117.83252799960339,
            36.83376599999286
          ],
          [
            -117.83134400029599,
            36.836245999676095
          ],
          [
            -117.83012999995303,
            36.838249000029286
          ],
          [
            -117.82881199985302,
            36.83920400030356
          ],
          [
            -117.82785199995328,
            36.8399669998086
          ],
          [
            -117.82713200025307,
            36.840540000035475
          ],
          [
            -117.82664400035644,
            36.841493999723106
          ],
          [
            -117.8237339996217,
            36.84597699968615
          ],
          [
            -117.82288699969988,
            36.847122000009314
          ],
          [
            -117.82212000014397,
            36.84773200030651
          ],
          [
            -117.81989599967257,
            36.848936999730384
          ],
          [
            -117.81917599997234,
            36.849510000314346
          ],
          [
            -117.8185680004251,
            36.85055899996803
          ],
          [
            -117.81792900001743,
            36.85318799993684
          ],
          [
            -117.81730999970125,
            36.85561200023991
          ],
          [
            -117.81694099963028,
            36.857178000232345
          ],
          [
            -117.81631800001448,
            36.85856799965776
          ],
          [
            -117.81629899974789,
            36.859902000021926
          ]
        ]
      },
      "properties": {
        "fault_name": "unnamed faults in northern Saline Valley",
        "age": "undifferentiated Quaternary",
        "slip_rate": ""
      }
    },
    {
      "type": "Feature",
      "geometry": {
        "type": "LineString",
        "coordinates": [
          [
            -117.83910700023284,
            36.81583400035187
          ],
          [
            -117.83703799957216,
            36.817452000146254
          ],
          [
            -117.83507400029008,
            36.81915699984579
          ],
          [
            -117.83364900005992,
            36.820607999826024
          ],
          [
            -117.83244300011289,
            36.82188799985183
          ],
          [
            -117.83070999991118,
            36.82290799981443
          ],
          [
            -117.82789399978608,
            36.82452099987695
          ]
        ]
      },
      "properties": {
        "fault_name": "unnamed faults in northern Saline Valley",
        "age": "undifferentiated Quaternary",
        "slip_rate": ""
      }
    },
    {
      "type": "Feature",
      "geometry": {
        "type": "LineString",
        "coordinates": [
          [
            -117.83571399962436,
            36.822072999817976
          ],
          [
            -117.83292500016174,
            36.824439999914304
          ],
          [
            -117.83037500017542,
            36.826810000046166
          ],
          [
            -117.82899599997603,
            36.828565999929864
          ],
          [
            -117.82768600027194,
            36.82994100004908
          ],
          [
            -117.8251420001334,
            36.8320239999191
          ],
          [
            -117.82329400030393,
            36.83358600013899
          ],
          [
            -117.82175799974571,
            36.834531000039
          ],
          [
            -117.82049499989728,
            36.83521400018514
          ],
          [
            -117.81897799960564,
            36.83656400029525
          ],
          [
            -117.81823000031632,
            36.83799000006747
          ],
          [
            -117.81777699968147,
            36.83940800022045
          ],
          [
            -117.81739599991496,
            36.841123999802605
          ],
          [
            -117.8172779999142,
            36.84218300028373
          ],
          [
            -117.81705000030856,
            36.84273899971602
          ],
          [
            -117.81674599963661,
            36.84314500028541
          ],
          [
            -117.81608399966272,
            36.84397799966303
          ],
          [
            -117.81398999978599,
            36.84658299997219
          ],
          [
            -117.8125970002412,
            36.84779800031556
          ],
          [
            -117.81212299968996,
            36.84861000020851
          ],
          [
            -117.81190199975704,
            36.849940000067114
          ],
          [
            -117.81179399980198,
            36.851328999684924
          ],
          [
            -117.81221999977436,
            36.85475999977429
          ],
          [
            -117.81428400041217,
            36.85980899995099
          ]
        ]
      },
      "properties": {
        "fault_name": "unnamed faults in northern Saline Valley",
        "age": "undifferentiated Quaternary",
        "slip_rate": ""
      }
    },
    {
      "type": "Feature",
      "geometry": {
        "type": "LineString",
        "coordinates": [
          [
            -117.83020799977082,
            36.82454000009549
          ],
          [
            -117.82806899968827,
            36.825812000172036
          ],
          [
            -117.82593299997872,
            36.8269670003062
          ],
          [
            -117.82363300023766,
            36.828881000293364
          ],
          [
            -117.82185800020314,
            36.830097000189774
          ],
          [
            -117.82060399967723,
            36.83084899966853
          ],
          [
            -117.81984899981691,
            36.83155299982451
          ],
          [
            -117.81718000000488,
            36.834041999665196
          ]
        ]
      },
      "properties": {
        "fault_name": "unnamed faults in northern Saline Valley",
        "age": "undifferentiated Quaternary",
        "slip_rate": ""
      }
    },
    {
      "type": "Feature",
      "geometry": {
        "type": "LineString",
        "coordinates": [
          [
            -117.82375899973604,
            36.82009700030229
          ],
          [
            -117.8218070001495,
            36.821516000179216
          ],
          [
            -117.81871499983988,
            36.82468900024529
          ],
          [
            -117.81605299970059,
            36.82709500005537
          ],
          [
            -117.81349799969139,
            36.83060200028874
          ],
          [
            -117.80869200034495,
            36.836517000056354
          ],
          [
            -117.80666299986721,
            36.840907999856945
          ],
          [
            -117.8055010003011,
            36.84354300021736
          ],
          [
            -117.80476300015923,
            36.84563099971766
          ],
          [
            -117.80334799997485,
            36.847382999834174
          ],
          [
            -117.7994609996219,
            36.84945099973496
          ],
          [
            -117.79683199999286,
            36.850535000249884
          ],
          [
            -117.7958419999559,
            36.85173900017875
          ],
          [
            -117.794967000445,
            36.8538249996918
          ],
          [
            -117.79324699976377,
            36.85678800009233
          ],
          [
            -117.79278499980639,
            36.8587649996888
          ],
          [
            -117.79191899961798,
            36.86052099975141
          ],
          [
            -117.79049500011106,
            36.86260399970614
          ],
          [
            -117.78880700011517,
            36.86435599964777
          ],
          [
            -117.78233399979094,
            36.87102900034867
          ]
        ]
      },
      "properties": {
        "fault_name": "unnamed faults in northern Saline Valley",
        "age": "undifferentiated Quaternary",
        "slip_rate": ""
      }
    },
    {
      "type": "Feature",
      "geometry": {
        "type": "LineString",
        "coordinates": [
          [
            -117.78197499976574,
            36.78752400005912
          ],
          [
            -117.78440500010146,
            36.78918000026146
          ],
          [
            -117.78758500027465,
            36.79116500026315
          ],
          [
            -117.79088900029636,
            36.793083000306694
          ],
          [
            -117.79369299982758,
            36.79483700009306
          ]
        ]
      },
      "properties": {
        "fault_name": "unnamed faults in northern Saline Valley",
        "age": "undifferentiated Quaternary",
        "slip_rate": ""
      }
    },
    {
      "type": "Feature",
      "geometry": {
        "type": "LineString",
        "coordinates": [
          [
            -117.77663700014173,
            36.78762100025709
          ],
          [
            -117.77556699973881,
            36.787339000060456
          ],
          [
            -117.77497500008512,
            36.78707399969259
          ],
          [
            -117.77463899962615,
            36.78683800018971
          ],
          [
            -117.77340900028797,
            36.78614099970714
          ],
          [
            -117.77288299985817,
            36.78594499971135
          ],
          [
            -117.77184699979047,
            36.7856629998216
          ],
          [
            -117.77104800044756,
            36.785493000085715
          ],
          [
            -117.76797399968126,
            36.784674999908994
          ],
          [
            -117.76605200023197,
            36.78424899973302
          ],
          [
            -117.7646040004356,
            36.784032999691604
          ],
          [
            -117.7631530002662,
            36.783871999671
          ],
          [
            -117.76089799983266,
            36.78366399971119
          ],
          [
            -117.75830900038659,
            36.783399000303916
          ],
          [
            -117.75552400022362,
            36.78328400019459
          ],
          [
            -117.75411999990989,
            36.783315999885744
          ]
        ]
      },
      "properties": {
        "fault_name": "unnamed faults in northern Saline Valley",
        "age": "undifferentiated Quaternary",
        "slip_rate": ""
      }
    },
    {
      "type": "Feature",
      "geometry": {
        "type": "LineString",
        "coordinates": [
          [
            -117.77587600043363,
            36.78463000026063
          ],
          [
            -117.7703210001763,
            36.78254299967477
          ],
          [
            -117.76954100020161,
            36.78227699991742
          ],
          [
            -117.76884400006765,
            36.78213499975556
          ],
          [
            -117.76799299994784,
            36.78194999969718
          ]
        ]
      },
      "properties": {
        "fault_name": "unnamed faults in northern Saline Valley",
        "age": "undifferentiated Quaternary",
        "slip_rate": ""
      }
    },
    {
      "type": "Feature",
      "geometry": {
        "type": "LineString",
        "coordinates": [
          [
            -117.77318900017995,
            36.78504900023245
          ],
          [
            -117.76778399971046,
            36.7832000003122
          ]
        ]
      },
      "properties": {
        "fault_name": "unnamed faults in northern Saline Valley",
        "age": "undifferentiated Quaternary",
        "slip_rate": ""
      }
    },
    {
      "type": "Feature",
      "geometry": {
        "type": "LineString",
        "coordinates": [
          [
            -117.74225000041038,
            36.80279900000026
          ],
          [
            -117.73739999978469,
            36.80803800003707
          ],
          [
            -117.72751899968164,
            36.8201940002392
          ]
        ]
      },
      "properties": {
        "fault_name": "unnamed faults in northern Saline Valley",
        "age": "undifferentiated Quaternary",
        "slip_rate": ""
      }
    },
    {
      "type": "Feature",
      "geometry": {
        "type": "LineString",
        "coordinates": [
          [
            -117.74211300014306,
            36.80268599984764
          ],
          [
            -117.74526300017898,
            36.79878200009097
          ],
          [
            -117.74811299974094,
            36.797394000020546
          ]
        ]
      },
      "properties": {
        "fault_name": "unnamed faults in northern Saline Valley",
        "age": "undifferentiated Quaternary",
        "slip_rate": ""
      }
    },
    {
      "type": "Feature",
      "geometry": {
        "type": "LineString",
        "coordinates": [
          [
            -117.91657400029321,
            36.51905799998844
          ],
          [
            -117.92887599961284,
            36.53200899988152
          ],
          [
            -117.93673300015934,
            36.538496000267735
          ],
          [
            -117.94349400036367,
            36.54222700001647
          ]
        ]
      },
      "properties": {
        "fault_name": "Unnamed fault in California",
        "age": "undifferentiated Quaternary",
        "slip_rate": ""
      }
    },
    {
      "type": "Feature",
      "geometry": {
        "type": "LineString",
        "coordinates": [
          [
            -117.87934200012447,
            36.503108999997615
          ],
          [
            -117.88770400028605,
            36.5132760001758
          ]
        ]
      },
      "properties": {
        "fault_name": "Unnamed fault in California",
        "age": "undifferentiated Quaternary",
        "slip_rate": ""
      }
    },
    {
      "type": "Feature",
      "geometry": {
        "type": "LineString",
        "coordinates": [
          [
            -117.76261299959272,
            36.55780300021461
          ],
          [
            -117.77268299984166,
            36.56707999995715
          ],
          [
            -117.77434900009622,
            36.56938800018913
          ],
          [
            -117.77375800026745,
            36.57075799973296
          ]
        ]
      },
      "properties": {
        "fault_name": "Unnamed fault in California",
        "age": "undifferentiated Quaternary",
        "slip_rate": ""
      }
    },
    {
      "type": "Feature",
      "geometry": {
        "type": "LineString",
        "coordinates": [
          [
            -117.74590099986344,
            36.83040099966056
          ],
          [
            -117.73511099991428,
            36.84237800011566
          ]
        ]
      },
      "properties": {
        "fault_name": "Unnamed fault in California",
        "age": "undifferentiated Quaternary",
        "slip_rate": ""
      }
    },
    {
      "type": "Feature",
      "geometry": {
        "type": "LineString",
        "coordinates": [
          [
            -117.65735799962367,
            36.4661149998798
          ],
          [
            -117.66002800015892,
            36.482378999873696
          ],
          [
            -117.66168699984246,
            36.484690000179285
          ],
          [
            -117.66261300030531,
            36.4961610003123
          ]
        ]
      },
      "properties": {
        "fault_name": "Unnamed fault in California",
        "age": "undifferentiated Quaternary",
        "slip_rate": ""
      }
    }
  ]
}