{
  "type": "FeatureCollection",
  "features": [
    {
      "type": "Feature",
      "geometry": {
        "type": "LineString",
        "coordinates": [
          [
            -91.8512739793976,
            47.7018746270576
          ],
          [
            -91.8512724307021,
            47.7022951796893
          ],
          [
            -91.8512720156804,
            47.7024078400294
          ],
          [
            -91.8512713410456,
            47.702591338013
          ],
          [
            -91.8512709439903,
            47.7026993106672
          ],
          [
            -91.8512671980155,
            47.703716493125
          ]
        ]
      },
      "properties": {
        "STATE": "MN",
        "DESCRIPTION": "Fault, sense of displacement unknown or undefined, approximate",
        "RuleID": 21
      }
    },
    {
      "type": "Feature",
      "geometry": {
        "type": "LineString",
        "coordinates": [
          [
            -92.0320405069536,
            47.6358582041559
          ],
          [
            -92.0315910923934,
            47.6351532711786
          ]
        ]
      },
      "properties": {
        "STATE": "MN",
        "DESCRIPTION": "Fault, sense of displacement unknown or undefined, approximate",
        "RuleID": 21
      }
    },
    {
      "type": "Feature",
      "geometry": {
        "type": "LineString",
        "coordinates": [
          [
            -91.8777588391377,
            47.6769386272375
          ],
          [
            -91.8777779193543,
            47.6767311082009
          ],
          [
            -91.8781353940402,
            47.6741140561907
          ]
        ]
      },
      "properties": {
        "STATE": "MN",
        "DESCRIPTION": "Fault, sense of displacement unknown or undefined, approximate",
        "RuleID": 21
      }
    },
    {
      "type": "Feature",
      "geometry": {
        "type": "LineString",
        "coordinates": [
          [
            -91.942427067933,
            47.6735173785807
          ],
          [
            -91.9421621673322,
            47.67336554873
          ],
          [
            -91.9413855378364,
            47.6729204074296
          ],
          [
            -91.9393847318822,
            47.6716210912151
          ],
          [
            -91.9336398996391,
            47.6679461660683
          ],
          [
            -91.9323119354259,
            47.6670562155284
          ],
          [
            -91.9304187090152,
            47.6657873692443
          ],
          [
            -91.9268509411681,
            47.6632731865329
          ],
          [
            -91.9236610828831,
            47.6610885148002
          ],
          [
            -91.921816765248,
            47.6598253796655
          ],
          [
            -91.9208837139084,
            47.6591587370432
          ],
          [
            -91.9201722652714,
            47.6586504210359
          ],
          [
            -91.9185068084976,
            47.6574604895134
          ],
          [
            -91.9179993430071,
            47.6570979160561
          ]
        ]
      },
      "properties": {
        "STATE": "MN",
        "DESCRIPTION": "Fault, sense of displacement unknown or undefined, approximate",
        "RuleID": 21
      }
    },
    {
      "type": "Feature",
      "geometry": {
        "type": "LineString",
        "coordinates": [
          [
            -91.9045355444457,
            47.6627019962568
          ],
          [
            -91.9041679915606,
            47.6619457986862
          ],
          [
            -91.9038399402936,
            47.6611468588777
          ]
        ]
      },
      "properties": {
        "STATE": "MN",
        "DESCRIPTION": "Fault, sense of displacement unknown or undefined, approximate",
        "RuleID": 21
      }
    },
    {
      "type": "Feature",
      "geometry": {
        "type": "LineString",
        "coordinates": [
          [
            -92.0860886269829,
            47.6154416359783
          ],
          [
            -92.0857065438482,
            47.6149798147193
          ]
        ]
      },
      "properties": {
        "STATE": "MN",
        "DESCRIPTION": "Fault, sense of displacement unknown or undefined, approximate",
        "RuleID": 21
      }
    },
    {
      "type": "Feature",
      "geometry": {
        "type": "LineString",
        "coordinates": [
          [
            -91.9057358706333,
            47.6618005571179
          ],
          [
            -91.9044286575032,
            47.6604731378767
          ]
        ]
      },
      "properties": {
        "STATE": "MN",
        "DESCRIPTION": "Fault, sense of displacement unknown or undefined, approximate",
        "RuleID": 21
      }
    },
    {
      "type": "Feature",
      "geometry": {
        "type": "LineString",
        "coordinates": [
          [
            -92.2369735284526,
            47.5349642075099
          ],
          [
            -92.2353497993221,
            47.5367444291303
          ],
          [
            -92.2342420606941,
            47.5380059034669
          ],
          [
            -92.2337112309213,
            47.5386103770989
          ],
          [
            -92.2332330648821,
            47.5391082813063
          ],
          [
            -92.2324903593648,
            47.5398816228564
          ],
          [
            -92.2322680865191,
            47.5401130579657
          ],
          [
            -92.2318785464692,
            47.5405186513904
          ],
          [
            -92.2314784925371,
            47.5410827795833
          ],
          [
            -92.2307364499765,
            47.542129124531
          ],
          [
            -92.2297023507439,
            47.5438649871305
          ],
          [
            -92.2287749794519,
            47.5455610443582
          ],
          [
            -92.2284959411651,
            47.5470094366336
          ],
          [
            -92.2278521230926,
            47.5486485486727
          ],
          [
            -92.2268457279034,
            47.5503551428072
          ],
          [
            -92.2266737059163,
            47.5507054534059
          ],
          [
            -92.2263665296999,
            47.5513309835139
          ],
          [
            -92.2260391602542,
            47.5525176447449
          ],
          [
            -92.22544942166,
            47.55398227164
          ],
          [
            -92.2252661330027,
            47.5559042083178
          ],
          [
            -92.2251406706969,
            47.5574069336157
          ],
          [
            -92.2251753115308,
            47.5585610714069
          ],
          [
            -92.2251814560074,
            47.560347635777
          ]
        ]
      },
      "properties": {
        "STATE": "MN",
        "DESCRIPTION": "Fault, sense of displacement unknown or undefined, approximate",
        "RuleID": 21
      }
    },
    {
      "type": "Feature",
      "geometry": {
        "type": "LineString",
        "coordinates": [
          [
            -92.0909493516965,
            47.6219738242385
          ],
          [
            -92.0873817060203,
            47.6170045003972
          ],
          [
            -92.0860886269829,
            47.6154416359783
          ]
        ]
      },
      "properties": {
        "STATE": "MN",
        "DESCRIPTION": "Fault, sense of displacement unknown or undefined, approximate",
        "RuleID": 21
      }
    },
    {
      "type": "Feature",
      "geometry": {
        "type": "LineString",
        "coordinates": [
          [
            -91.9221505594446,
            47.6796239499181
          ],
          [
            -91.9220072494107,
            47.6806180152311
          ]
        ]
      },
      "properties": {
        "STATE": "MN",
        "DESCRIPTION": "Fault, sense of displacement unknown or undefined, approximate",
        "RuleID": 21
      }
    },
    {
      "type": "Feature",
      "geometry": {
        "type": "LineString",
        "coordinates": [
          [
            -91.9720905534239,
            47.6410840869783
          ],
          [
            -91.9729208572579,
            47.6399731628283
          ],
          [
            -91.9730643873791,
            47.6397811177667
          ],
          [
            -91.9732092209557,
            47.6395651011835
          ],
          [
            -91.973659279608,
            47.6406230950818
          ],
          [
            -91.9737734294294,
            47.6408782508547
          ],
          [
            -91.9740246019761,
            47.6413941790763
          ],
          [
            -91.9740457950303,
            47.641437712148
          ]
        ]
      },
      "properties": {
        "STATE": "MN",
        "DESCRIPTION": "Fault, sense of displacement unknown or undefined, approximate",
        "RuleID": 21
      }
    },
    {
      "type": "Feature",
      "geometry": {
        "type": "LineString",
        "coordinates": [
          [
            -91.8565306734036,
            47.7023140628305
          ],
          [
            -91.8566024703543,
            47.7023949975827
          ]
        ]
      },
      "properties": {
        "STATE": "MN",
        "DESCRIPTION": "Fault, sense of displacement unknown or undefined, approximate",
        "RuleID": 21
      }
    },
    {
      "type": "Feature",
      "geometry": {
        "type": "LineString",
        "coordinates": [
          [
            -92.1641140719262,
            47.5822312805959
          ],
          [
            -92.1622469793037,
            47.5827593520014
          ],
          [
            -92.1606922273122,
            47.5833135178857
          ],
          [
            -92.1573840662941,
            47.5842158509482
          ]
        ]
      },
      "properties": {
        "STATE": "MN",
        "DESCRIPTION": "Fault, sense of displacement unknown or undefined, approximate",
        "RuleID": 21
      }
    },
    {
      "type": "Feature",
      "geometry": {
        "type": "LineString",
        "coordinates": [
          [
            -91.8511495223066,
            47.7059060759156
          ],
          [
            -91.8511194341344,
            47.7060749222419
          ],
          [
            -91.8507163636597,
            47.7071631485733
          ],
          [
            -91.8507519135888,
            47.7086343643082
          ],
          [
            -91.850598623272,
            47.7095142618348
          ]
        ]
      },
      "properties": {
        "STATE": "MN",
        "DESCRIPTION": "Fault, sense of displacement unknown or undefined, approximate",
        "RuleID": 21
      }
    },
    {
      "type": "Feature",
      "geometry": {
        "type": "LineString",
        "coordinates": [
          [
            -92.0772362185414,
            47.603412474797
          ],
          [
            -92.0770234795159,
            47.6015513061449
          ],
          [
            -92.0768026583477,
            47.5993560925832
          ],
          [
            -92.0763934901088,
            47.596808412919
          ],
          [
            -92.0759133396911,
            47.5946111090482
          ],
          [
            -92.075357427159,
            47.5927609494558
          ],
          [
            -92.0746266431838,
            47.590345464736
          ],
          [
            -92.0739583037989,
            47.5877956789675
          ],
          [
            -92.0733440223329,
            47.5858604925014
          ],
          [
            -92.0727522490547,
            47.5826532840573
          ],
          [
            -92.0701541541663,
            47.5730805544325
          ],
          [
            -92.0700900863203,
            47.5728453134416
          ]
        ]
      },
      "properties": {
        "STATE": "MN",
        "DESCRIPTION": "Fault, sense of displacement unknown or undefined, approximate",
        "RuleID": 21
      }
    },
    {
      "type": "Feature",
      "geometry": {
        "type": "LineString",
        "coordinates": [
          [
            -91.9060926401417,
            47.6621637713014
          ],
          [
            -91.9059063511113,
            47.6619745056001
          ],
          [
            -91.9057358706333,
            47.6618005571179
          ]
        ]
      },
      "properties": {
        "STATE": "MN",
        "DESCRIPTION": "Fault, sense of displacement unknown or undefined, approximate",
        "RuleID": 21
      }
    },
    {
      "type": "Feature",
      "geometry": {
        "type": "LineString",
        "coordinates": [
          [
            -92.0790788662084,
            47.6067944967087
          ],
          [
            -92.0792571988603,
            47.6078170048972
          ]
        ]
      },
      "properties": {
        "STATE": "MN",
        "DESCRIPTION": "Fault, sense of displacement unknown or undefined, approximate",
        "RuleID": 21
      }
    },
    {
      "type": "Feature",
      "geometry": {
        "type": "LineString",
        "coordinates": [
          [
            -92.0737064826686,
            47.6030859651353
          ],
          [
            -92.0687117921967,
            47.5987616263731
          ]
        ]
      },
      "properties": {
        "STATE": "MN",
        "DESCRIPTION": "Fault, sense of displacement unknown or undefined, approximate",
        "RuleID": 21
      }
    },
    {
      "type": "Feature",
      "geometry": {
        "type": "LineString",
        "coordinates": [
          [
            -91.9051306163376,
            47.6637247807482
          ],
          [
            -91.905077824145,
            47.6636491432426
          ],
          [
            -91.9048378320303,
            47.6633052946479
          ],
          [
            -91.9047735701482,
            47.6632132240263
          ],
          [
            -91.904601091817,
            47.6628419300005
          ]
        ]
      },
      "properties": {
        "STATE": "MN",
        "DESCRIPTION": "Fault, sense of displacement unknown or undefined, approximate",
        "RuleID": 21
      }
    },
    {
      "type": "Feature",
      "geometry": {
        "type": "LineString",
        "coordinates": [
          [
            -92.0796668207484,
            47.601445465266
          ],
          [
            -92.0790665089834,
            47.6004167691552
          ],
          [
            -92.0788119470931,
            47.6000513059468
          ]
        ]
      },
      "properties": {
        "STATE": "MN",
        "DESCRIPTION": "Fault, sense of displacement unknown or undefined, approximate",
        "RuleID": 21
      }
    },
    {
      "type": "Feature",
      "geometry": {
        "type": "LineString",
        "coordinates": [
          [
            -91.8775416426717,
            47.6793007104809
          ],
          [
            -91.877557137712,
            47.6791322044455
          ],
          [
            -91.8775973247446,
            47.6786951782776
          ],
          [
            -91.8777070279054,
            47.6775021175759
          ],
          [
            -91.8777588391377,
            47.6769386272375
          ]
        ]
      },
      "properties": {
        "STATE": "MN",
        "DESCRIPTION": "Fault, sense of displacement unknown or undefined, approximate",
        "RuleID": 21
      }
    },
    {
      "type": "Feature",
      "geometry": {
        "type": "LineString",
        "coordinates": [
          [
            -92.0775480174884,
            47.6211465026546
          ],
          [
            -92.0773811608142,
            47.6207399300359
          ]
        ]
      },
      "properties": {
        "STATE": "MN",
        "DESCRIPTION": "Fault, sense of displacement unknown or undefined, approximate",
        "RuleID": 21
      }
    },
    {
      "type": "Feature",
      "geometry": {
        "type": "LineString",
        "coordinates": [
          [
            -91.8774939097908,
            47.6797962108507
          ],
          [
            -91.8775026423136,
            47.6797064676068
          ],
          [
            -91.8775227609827,
            47.6794996968483
          ],
          [
            -91.8775416426717,
            47.6793007104809
          ]
        ]
      },
      "properties": {
        "STATE": "MN",
        "DESCRIPTION": "Fault, sense of displacement unknown or undefined, approximate",
        "RuleID": 21
      }
    },
    {
      "type": "Feature",
      "geometry": {
        "type": "LineString",
        "coordinates": [
          [
            -92.0576056840822,
            47.6126783261163
          ],
          [
            -92.0568050201611,
            47.6115996568261
          ],
          [
            -92.0562235981698,
            47.610580968308
          ],
          [
            -92.0553555219748,
            47.6088299028847
          ]
        ]
      },
      "properties": {
        "STATE": "MN",
        "DESCRIPTION": "Fault, sense of displacement unknown or undefined, approximate",
        "RuleID": 21
      }
    },
    {
      "type": "Feature",
      "geometry": {
        "type": "LineString",
        "coordinates": [
          [
            -91.8623197683357,
            47.6897060602609
          ],
          [
            -91.8623327894158,
            47.6891073392766
          ],
          [
            -91.8623272522003,
            47.6851276600129
          ],
          [
            -91.8623604090175,
            47.6848091699396
          ],
          [
            -91.8625600425214,
            47.6828914254557
          ],
          [
            -91.8626615781996,
            47.6813992655866
          ]
        ]
      },
      "properties": {
        "STATE": "MN",
        "DESCRIPTION": "Fault, sense of displacement unknown or undefined, approximate",
        "RuleID": 21
      }
    },
    {
      "type": "Feature",
      "geometry": {
        "type": "LineString",
        "coordinates": [
          [
            -91.959354921147,
            47.6446450225559
          ],
          [
            -91.9592926553214,
            47.6447239345887
          ],
          [
            -91.9589967655382,
            47.6456054576417
          ]
        ]
      },
      "properties": {
        "STATE": "MN",
        "DESCRIPTION": "Fault, sense of displacement unknown or undefined, approximate",
        "RuleID": 21
      }
    },
    {
      "type": "Feature",
      "geometry": {
        "type": "LineString",
        "coordinates": [
          [
            -91.9441224484873,
            47.6744887504768
          ],
          [
            -91.9438993914124,
            47.6743612279276
          ],
          [
            -91.942427067933,
            47.6735173785807
          ]
        ]
      },
      "properties": {
        "STATE": "MN",
        "DESCRIPTION": "Fault, sense of displacement unknown or undefined, approximate",
        "RuleID": 21
      }
    },
    {
      "type": "Feature",
      "geometry": {
        "type": "LineString",
        "coordinates": [
          [
            -92.0679909579616,
            47.6219853453427
          ],
          [
            -92.0672601946476,
            47.6212442990906
          ],
          [
            -92.06560098386,
            47.6200951703306
          ],
          [
            -92.0629768854391,
            47.61862591314
          ],
          [
            -92.0615495837252,
            47.6179404001448
          ],
          [
            -92.0614327910602,
            47.6177616078909
          ],
          [
            -92.0600145084317,
            47.6165738639452
          ],
          [
            -92.0591352976188,
            47.6154310811129
          ],
          [
            -92.0584916340565,
            47.6145335639835
          ],
          [
            -92.0580275275498,
            47.613528382538
          ]
        ]
      },
      "properties": {
        "STATE": "MN",
        "DESCRIPTION": "Fault, sense of displacement unknown or undefined, approximate",
        "RuleID": 21
      }
    },
    {
      "type": "Feature",
      "geometry": {
        "type": "LineString",
        "coordinates": [
          [
            -92.190214003567,
            47.5807028530161
          ],
          [
            -92.1873115190363,
            47.581809701531
          ],
          [
            -92.1850676235763,
            47.5823712190403
          ],
          [
            -92.1830302840378,
            47.5827141873508
          ],
          [
            -92.181158594736,
            47.5829248297564
          ],
          [
            -92.1787977089816,
            47.5830964172053
          ],
          [
            -92.1748823910359,
            47.5839757180859
          ],
          [
            -92.171695809805,
            47.5850251335599
          ],
          [
            -92.1698955742975,
            47.5856661231109
          ]
        ]
      },
      "properties": {
        "STATE": "MN",
        "DESCRIPTION": "Fault, sense of displacement unknown or undefined, approximate",
        "RuleID": 21
      }
    },
    {
      "type": "Feature",
      "geometry": {
        "type": "LineString",
        "coordinates": [
          [
            -91.9148696907106,
            47.6548615451113
          ],
          [
            -91.9093639477753,
            47.6509266110832
          ]
        ]
      },
      "properties": {
        "STATE": "MN",
        "DESCRIPTION": "Fault, sense of displacement unknown or undefined, approximate",
        "RuleID": 21
      }
    },
    {
      "type": "Feature",
      "geometry": {
        "type": "LineString",
        "coordinates": [
          [
            -92.0307094462476,
            47.6338207137433
          ],
          [
            -92.0300033749259,
            47.6328355886727
          ],
          [
            -92.0274909451797,
            47.6304818175938
          ],
          [
            -92.0265008166837,
            47.6294500402119
          ]
        ]
      },
      "properties": {
        "STATE": "MN",
        "DESCRIPTION": "Fault, sense of displacement unknown or undefined, approximate",
        "RuleID": 21
      }
    },
    {
      "type": "Feature",
      "geometry": {
        "type": "LineString",
        "coordinates": [
          [
            -92.1797697337297,
            47.5659217686053
          ],
          [
            -92.1768629085395,
            47.5669629524107
          ],
          [
            -92.1742116136234,
            47.5675028472935
          ],
          [
            -92.1722226690242,
            47.5679356721117
          ],
          [
            -92.1686575853432,
            47.5688042087692
          ],
          [
            -92.1661677302601,
            47.5695686681757
          ],
          [
            -92.1630117941568,
            47.5706635857057
          ],
          [
            -92.160025365656,
            47.5714801827282
          ],
          [
            -92.1575379512955,
            47.5720767867195
          ],
          [
            -92.154062135001,
            47.5724983635509
          ],
          [
            -92.151165282907,
            47.5728682275987
          ],
          [
            -92.1480215315522,
            47.5731802891907
          ],
          [
            -92.1457156891685,
            47.5734577711295
          ],
          [
            -92.1454945913192,
            47.5734843758211
          ],
          [
            -92.1449594217853,
            47.573548769676
          ],
          [
            -92.1397125957728,
            47.5742468512398
          ],
          [
            -92.1365127455268,
            47.5747943760786
          ],
          [
            -92.129754584897,
            47.5769128062071
          ],
          [
            -92.1259842721063,
            47.5784527478703
          ],
          [
            -92.1224511361101,
            47.5797263110444
          ],
          [
            -92.1208180546191,
            47.5802102395366
          ],
          [
            -92.1179928907798,
            47.5809198248587
          ],
          [
            -92.1154861159283,
            47.5813370027875
          ],
          [
            -92.1120694168643,
            47.5816413904709
          ]
        ]
      },
      "properties": {
        "STATE": "MN",
        "DESCRIPTION": "Fault, sense of displacement unknown or undefined, approximate",
        "RuleID": 21
      }
    },
    {
      "type": "Feature",
      "geometry": {
        "type": "LineString",
        "coordinates": [
          [
            -91.8622999110764,
            47.6906189539442
          ],
          [
            -91.8623076204181,
            47.6902645467599
          ],
          [
            -91.8623197683357,
            47.6897060602609
          ]
        ]
      },
      "properties": {
        "STATE": "MN",
        "DESCRIPTION": "Fault, sense of displacement unknown or undefined, approximate",
        "RuleID": 21
      }
    },
    {
      "type": "Feature",
      "geometry": {
        "type": "LineString",
        "coordinates": [
          [
            -92.0580275275498,
            47.613528382538
          ],
          [
            -92.0576833883543,
            47.6127830081844
          ],
          [
            -92.0576056840822,
            47.6126783261163
          ]
        ]
      },
      "properties": {
        "STATE": "MN",
        "DESCRIPTION": "Fault, sense of displacement unknown or undefined, approximate",
        "RuleID": 21
      }
    },
    {
      "type": "Feature",
      "geometry": {
        "type": "LineString",
        "coordinates": [
          [
            -92.0855624082625,
            47.614805597678
          ],
          [
            -92.0848793922026,
            47.6139800126903
          ]
        ]
      },
      "properties": {
        "STATE": "MN",
        "DESCRIPTION": "Fault, sense of displacement unknown or undefined, approximate",
        "RuleID": 21
      }
    },
    {
      "type": "Feature",
      "geometry": {
        "type": "LineString",
        "coordinates": [
          [
            -92.0258072633854,
            47.6239483038986
          ],
          [
            -92.0257376717987,
            47.6234248833422
          ]
        ]
      },
      "properties": {
        "STATE": "MN",
        "DESCRIPTION": "Fault, sense of displacement unknown or undefined, approximate",
        "RuleID": 21
      }
    },
    {
      "type": "Feature",
      "geometry": {
        "type": "LineString",
        "coordinates": [
          [
            -91.8511681192296,
            47.6953607051189
          ],
          [
            -91.8522956306753,
            47.6970628218576
          ]
        ]
      },
      "properties": {
        "STATE": "MN",
        "DESCRIPTION": "Fault, sense of displacement unknown or undefined, approximate",
        "RuleID": 21
      }
    },
    {
      "type": "Feature",
      "geometry": {
        "type": "LineString",
        "coordinates": [
          [
            -91.9500433038137,
            47.6781714720744
          ],
          [
            -91.9483675460586,
            47.6769154526036
          ],
          [
            -91.9441224484873,
            47.6744887504768
          ]
        ]
      },
      "properties": {
        "STATE": "MN",
        "DESCRIPTION": "Fault, sense of displacement unknown or undefined, approximate",
        "RuleID": 21
      }
    },
    {
      "type": "Feature",
      "geometry": {
        "type": "LineString",
        "coordinates": [
          [
            -92.1150055226412,
            47.5903178477575
          ],
          [
            -92.1158718623928,
            47.590265723579
          ],
          [
            -92.1211951152731,
            47.5898113525502
          ]
        ]
      },
      "properties": {
        "STATE": "MN",
        "DESCRIPTION": "Fault, sense of displacement unknown or undefined, approximate",
        "RuleID": 21
      }
    },
    {
      "type": "Feature",
      "geometry": {
        "type": "LineString",
        "coordinates": [
          [
            -91.890532891461,
            47.6888857294011
          ],
          [
            -91.8904682603713,
            47.6893359808845
          ],
          [
            -91.8904638325753,
            47.6893668182117
          ]
        ]
      },
      "properties": {
        "STATE": "MN",
        "DESCRIPTION": "Fault, sense of displacement unknown or undefined, approximate",
        "RuleID": 21
      }
    },
    {
      "type": "Feature",
      "geometry": {
        "type": "LineString",
        "coordinates": [
          [
            -92.2101978059016,
            47.56642041532
          ],
          [
            -92.2061451337524,
            47.5683433891972
          ],
          [
            -92.2037252735996,
            47.5695053143244
          ],
          [
            -92.2002794655271,
            47.5709851994029
          ],
          [
            -92.1955047967228,
            47.57294340383
          ],
          [
            -92.1886809243301,
            47.5753340272139
          ],
          [
            -92.1799275264026,
            47.5781575569232
          ],
          [
            -92.1780561021038,
            47.5787538321472
          ],
          [
            -92.1756415267398,
            47.579508755551
          ],
          [
            -92.1726932074683,
            47.580314535744
          ],
          [
            -92.1685846574135,
            47.581327480248
          ],
          [
            -92.1662011430971,
            47.5817168891962
          ],
          [
            -92.1641140719262,
            47.5822312805959
          ]
        ]
      },
      "properties": {
        "STATE": "MN",
        "DESCRIPTION": "Fault, sense of displacement unknown or undefined, approximate",
        "RuleID": 21
      }
    },
    {
      "type": "Feature",
      "geometry": {
        "type": "LineString",
        "coordinates": [
          [
            -92.2359362815233,
            47.5649472639971
          ],
          [
            -92.2326922736912,
            47.5634202285444
          ],
          [
            -92.2251814560074,
            47.560347635777
          ]
        ]
      },
      "properties": {
        "STATE": "MN",
        "DESCRIPTION": "Fault, sense of displacement unknown or undefined, approximate",
        "RuleID": 21
      }
    },
    {
      "type": "Feature",
      "geometry": {
        "type": "LineString",
        "coordinates": [
          [
            -92.0376404678909,
            47.6446404011029
          ],
          [
            -92.0320405069536,
            47.6358582041559
          ]
        ]
      },
      "properties": {
        "STATE": "MN",
        "DESCRIPTION": "Fault, sense of displacement unknown or undefined, approximate",
        "RuleID": 21
      }
    },
    {
      "type": "Feature",
      "geometry": {
        "type": "LineString",
        "coordinates": [
          [
            -92.0682238515889,
            47.6090437766092
          ],
          [
            -92.0683923449935,
            47.6092856743255
          ]
        ]
      },
      "properties": {
        "STATE": "MN",
        "DESCRIPTION": "Fault, sense of displacement unknown or undefined, approximate",
        "RuleID": 21
      }
    },
    {
      "type": "Feature",
      "geometry": {
        "type": "LineString",
        "coordinates": [
          [
            -91.9501100827753,
            47.6753447303766
          ],
          [
            -91.9500433038137,
            47.6781714720744
          ]
        ]
      },
      "properties": {
        "STATE": "MN",
        "DESCRIPTION": "Fault, sense of displacement unknown or undefined, approximate",
        "RuleID": 21
      }
    },
    {
      "type": "Feature",
      "geometry": {
        "type": "LineString",
        "coordinates": [
          [
            -92.1328561181285,
            47.5896241493587
          ],
          [
            -92.1324423424305,
            47.5896480709818
          ]
        ]
      },
      "properties": {
        "STATE": "MN",
        "DESCRIPTION": "Fault, sense of displacement unknown or undefined, approximate",
        "RuleID": 21
      }
    },
    {
      "type": "Feature",
      "geometry": {
        "type": "LineString",
        "coordinates": [
          [
            -91.8262878230634,
            47.7317257844382
          ],
          [
            -91.8262726936374,
            47.7319312810983
          ],
          [
            -91.8260993619067,
            47.7332479198237
          ],
          [
            -91.8260616623092,
            47.7344481105907
          ],
          [
            -91.8259984325913,
            47.7354737660922
          ],
          [
            -91.8260042366063,
            47.7360664936149
          ]
        ]
      },
      "properties": {
        "STATE": "MN",
        "DESCRIPTION": "Fault, sense of displacement unknown or undefined, approximate",
        "RuleID": 21
      }
    },
    {
      "type": "Feature",
      "geometry": {
        "type": "LineString",
        "coordinates": [
          [
            -92.1118198747598,
            47.5946477889248
          ],
          [
            -92.1115213412347,
            47.5952325510587
          ]
        ]
      },
      "properties": {
        "STATE": "MN",
        "DESCRIPTION": "Fault, sense of displacement unknown or undefined, approximate",
        "RuleID": 21
      }
    },
    {
      "type": "Feature",
      "geometry": {
        "type": "LineString",
        "coordinates": [
          [
            -92.1698955742975,
            47.5856661231109
          ],
          [
            -92.1696521937376,
            47.5857527749131
          ],
          [
            -92.1677326170446,
            47.5863437971745
          ],
          [
            -92.1656713517768,
            47.5871131202714
          ]
        ]
      },
      "properties": {
        "STATE": "MN",
        "DESCRIPTION": "Fault, sense of displacement unknown or undefined, approximate",
        "RuleID": 21
      }
    },
    {
      "type": "Feature",
      "geometry": {
        "type": "LineString",
        "coordinates": [
          [
            -92.0788119470931,
            47.6000513059468
          ],
          [
            -92.0783497629811,
            47.5993877663005
          ]
        ]
      },
      "properties": {
        "STATE": "MN",
        "DESCRIPTION": "Fault, sense of displacement unknown or undefined, approximate",
        "RuleID": 21
      }
    },
    {
      "type": "Feature",
      "geometry": {
        "type": "LineString",
        "coordinates": [
          [
            -91.8733251860866,
            47.7118637657968
          ],
          [
            -91.8750142964002,
            47.7000115435715
          ],
          [
            -91.8758621748744,
            47.6954888468753
          ],
          [
            -91.8762040161793,
            47.6938086305505
          ],
          [
            -91.876675923656,
            47.6904639351489
          ],
          [
            -91.8766798762432,
            47.6904359278072
          ]
        ]
      },
      "properties": {
        "STATE": "MN",
        "DESCRIPTION": "Fault, sense of displacement unknown or undefined, approximate",
        "RuleID": 21
      }
    },
    {
      "type": "Feature",
      "geometry": {
        "type": "LineString",
        "coordinates": [
          [
            -92.0783125808132,
            47.6237068070099
          ],
          [
            -92.0778558907975,
            47.6221485641444
          ]
        ]
      },
      "properties": {
        "STATE": "MN",
        "DESCRIPTION": "Fault, sense of displacement unknown or undefined, approximate",
        "RuleID": 21
      }
    },
    {
      "type": "Feature",
      "geometry": {
        "type": "LineString",
        "coordinates": [
          [
            -91.850598623272,
            47.7095142618348
          ],
          [
            -91.8505868373755,
            47.7095819113295
          ],
          [
            -91.8502900097511,
            47.711338421517
          ],
          [
            -91.8502783684834,
            47.7114087082558
          ]
        ]
      },
      "properties": {
        "STATE": "MN",
        "DESCRIPTION": "Fault, sense of displacement unknown or undefined, approximate",
        "RuleID": 21
      }
    },
    {
      "type": "Feature",
      "geometry": {
        "type": "LineString",
        "coordinates": [
          [
            -92.1115213412347,
            47.5952325510587
          ],
          [
            -92.1114042521256,
            47.5954544265114
          ]
        ]
      },
      "properties": {
        "STATE": "MN",
        "DESCRIPTION": "Fault, sense of displacement unknown or undefined, approximate",
        "RuleID": 21
      }
    },
    {
      "type": "Feature",
      "geometry": {
        "type": "LineString",
        "coordinates": [
          [
            -92.0913728588439,
            47.5908056962902
          ],
          [
            -92.0946772693957,
            47.5909409462314
          ],
          [
            -92.0987102846099,
            47.5909181472173
          ],
          [
            -92.1033087192268,
            47.5908450669557
          ],
          [
            -92.1083112789406,
            47.5907203857089
          ],
          [
            -92.1150055226412,
            47.5903178477575
          ]
        ]
      },
      "properties": {
        "STATE": "MN",
        "DESCRIPTION": "Fault, sense of displacement unknown or undefined, approximate",
        "RuleID": 21
      }
    },
    {
      "type": "Feature",
      "geometry": {
        "type": "LineString",
        "coordinates": [
          [
            -92.1225422585176,
            47.589696326177
          ],
          [
            -92.1238706664985,
            47.5895828832607
          ],
          [
            -92.127971018528,
            47.5889799953821
          ],
          [
            -92.1305257077201,
            47.5887339256779
          ]
        ]
      },
      "properties": {
        "STATE": "MN",
        "DESCRIPTION": "Fault, sense of displacement unknown or undefined, approximate",
        "RuleID": 21
      }
    },
    {
      "type": "Feature",
      "geometry": {
        "type": "LineString",
        "coordinates": [
          [
            -92.0744338458592,
            47.5846940944649
          ],
          [
            -92.0744722380578,
            47.5848390808411
          ],
          [
            -92.0747786318417,
            47.5865076076951
          ],
          [
            -92.0750964917218,
            47.5880453247134
          ],
          [
            -92.0756446778442,
            47.5901419000476
          ],
          [
            -92.0760833566384,
            47.5922634568361
          ],
          [
            -92.0765316132702,
            47.5944982662285
          ],
          [
            -92.0766816678553,
            47.5951762342426
          ],
          [
            -92.077232539042,
            47.5977005691438
          ]
        ]
      },
      "properties": {
        "STATE": "MN",
        "DESCRIPTION": "Fault, sense of displacement unknown or undefined, approximate",
        "RuleID": 21
      }
    },
    {
      "type": "Feature",
      "geometry": {
        "type": "LineString",
        "coordinates": [
          [
            -91.9003737287861,
            47.6833004300954
          ],
          [
            -91.9004239086778,
            47.6828920175312
          ],
          [
            -91.9007927344756,
            47.6810311412452
          ],
          [
            -91.9011364173269,
            47.6790751106747
          ],
          [
            -91.9017463284891,
            47.6760336076459
          ],
          [
            -91.9021872701395,
            47.6741938939172
          ],
          [
            -91.9029588654764,
            47.6716585845128
          ],
          [
            -91.9036661126928,
            47.6690751642015
          ],
          [
            -91.9037090503668,
            47.6689183052827
          ],
          [
            -91.9051306163376,
            47.6637247807482
          ]
        ]
      },
      "properties": {
        "STATE": "MN",
        "DESCRIPTION": "Fault, sense of displacement unknown or undefined, approximate",
        "RuleID": 21
      }
    },
    {
      "type": "Feature",
      "geometry": {
        "type": "LineString",
        "coordinates": [
          [
            -92.1453127534411,
            47.5877522738906
          ],
          [
            -92.1447306199842,
            47.5879423544167
          ],
          [
            -92.1417684415045,
            47.5885574540196
          ],
          [
            -92.1395434555812,
            47.5889322217944
          ],
          [
            -92.1375105312623,
            47.5892538941411
          ],
          [
            -92.135717920655,
            47.5894421716321
          ],
          [
            -92.1328561181285,
            47.5896241493587
          ]
        ]
      },
      "properties": {
        "STATE": "MN",
        "DESCRIPTION": "Fault, sense of displacement unknown or undefined, approximate",
        "RuleID": 21
      }
    },
    {
      "type": "Feature",
      "geometry": {
        "type": "LineString",
        "coordinates": [
          [
            -92.1119834184472,
            47.5943274358479
          ],
          [
            -92.1118198747598,
            47.5946477889248
          ]
        ]
      },
      "properties": {
        "STATE": "MN",
        "DESCRIPTION": "Fault, sense of displacement unknown or undefined, approximate",
        "RuleID": 21
      }
    },
    {
      "type": "Feature",
      "geometry": {
        "type": "LineString",
        "coordinates": [
          [
            -91.8525928266089,
            47.6975512053819
          ],
          [
            -91.8529731095198,
            47.6981940026117
          ],
          [
            -91.8530292443436,
            47.6982800241922
          ],
          [
            -91.8539090480447,
            47.699628222021
          ]
        ]
      },
      "properties": {
        "STATE": "MN",
        "DESCRIPTION": "Fault, sense of displacement unknown or undefined, approximate",
        "RuleID": 21
      }
    },
    {
      "type": "Feature",
      "geometry": {
        "type": "LineString",
        "coordinates": [
          [
            -91.8766798762432,
            47.6904359278072
          ],
          [
            -91.8767704416952,
            47.6897939837048
          ]
        ]
      },
      "properties": {
        "STATE": "MN",
        "DESCRIPTION": "Fault, sense of displacement unknown or undefined, approximate",
        "RuleID": 21
      }
    },
    {
      "type": "Feature",
      "geometry": {
        "type": "LineString",
        "coordinates": [
          [
            -92.0789420689603,
            47.6060101165563
          ],
          [
            -92.0790788662084,
            47.6067944967087
          ]
        ]
      },
      "properties": {
        "STATE": "MN",
        "DESCRIPTION": "Fault, sense of displacement unknown or undefined, approximate",
        "RuleID": 21
      }
    },
    {
      "type": "Feature",
      "geometry": {
        "type": "LineString",
        "coordinates": [
          [
            -92.0800805263778,
            47.602098083877
          ],
          [
            -92.0796668207484,
            47.601445465266
          ]
        ]
      },
      "properties": {
        "STATE": "MN",
        "DESCRIPTION": "Fault, sense of displacement unknown or undefined, approximate",
        "RuleID": 21
      }
    },
    {
      "type": "Feature",
      "geometry": {
        "type": "LineString",
        "coordinates": [
          [
            -92.0811895630714,
            47.6036738782729
          ],
          [
            -92.0804608021022,
            47.6026979544359
          ],
          [
            -92.0800805263778,
            47.602098083877
          ]
        ]
      },
      "properties": {
        "STATE": "MN",
        "DESCRIPTION": "Fault, sense of displacement unknown or undefined, approximate",
        "RuleID": 21
      }
    },
    {
      "type": "Feature",
      "geometry": {
        "type": "LineString",
        "coordinates": [
          [
            -92.0783497629811,
            47.5993877663005
          ],
          [
            -92.0774442638697,
            47.5980561252355
          ],
          [
            -92.077232539042,
            47.5977005691438
          ]
        ]
      },
      "properties": {
        "STATE": "MN",
        "DESCRIPTION": "Fault, sense of displacement unknown or undefined, approximate",
        "RuleID": 21
      }
    },
    {
      "type": "Feature",
      "geometry": {
        "type": "LineString",
        "coordinates": [
          [
            -92.0998007019226,
            47.6134139854186
          ],
          [
            -92.0987633786364,
            47.6147554568965
          ],
          [
            -92.0972722929441,
            47.6185977963954
          ],
          [
            -92.096001162444,
            47.6214783326136
          ],
          [
            -92.0955441831708,
            47.6243652762734
          ],
          [
            -92.0938014084005,
            47.6309584777586
          ]
        ]
      },
      "properties": {
        "STATE": "MN",
        "DESCRIPTION": "Fault, sense of displacement unknown or undefined, approximate",
        "RuleID": 21
      }
    },
    {
      "type": "Feature",
      "geometry": {
        "type": "LineString",
        "coordinates": [
          [
            -92.0857065438482,
            47.6149798147193
          ],
          [
            -92.0855624082625,
            47.614805597678
          ]
        ]
      },
      "properties": {
        "STATE": "MN",
        "DESCRIPTION": "Fault, sense of displacement unknown or undefined, approximate",
        "RuleID": 21
      }
    },
    {
      "type": "Feature",
      "geometry": {
        "type": "LineString",
        "coordinates": [
          [
            -92.031290959867,
            47.634682477435
          ],
          [
            -92.031000105141,
            47.6342262324249
          ],
          [
            -92.0307094462476,
            47.6338207137433
          ]
        ]
      },
      "properties": {
        "STATE": "MN",
        "DESCRIPTION": "Fault, sense of displacement unknown or undefined, approximate",
        "RuleID": 21
      }
    },
    {
      "type": "Feature",
      "geometry": {
        "type": "LineString",
        "coordinates": [
          [
            -92.0717608548324,
            47.6351551646477
          ],
          [
            -92.0718679906081,
            47.6332304099678
          ],
          [
            -92.071968998077,
            47.6316512309904
          ],
          [
            -92.0718858679806,
            47.628095563749
          ],
          [
            -92.0716147348683,
            47.6269083699972
          ],
          [
            -92.0711271580781,
            47.6255713012738
          ],
          [
            -92.0710496226893,
            47.6254386546465
          ]
        ]
      },
      "properties": {
        "STATE": "MN",
        "DESCRIPTION": "Fault, sense of displacement unknown or undefined, approximate",
        "RuleID": 21
      }
    },
    {
      "type": "Feature",
      "geometry": {
        "type": "LineString",
        "coordinates": [
          [
            -91.8260042366063,
            47.7360664936149
          ],
          [
            -91.8260106218314,
            47.7367185578098
          ],
          [
            -91.8260061491196,
            47.7368199047297
          ]
        ]
      },
      "properties": {
        "STATE": "MN",
        "DESCRIPTION": "Fault, sense of displacement unknown or undefined, approximate",
        "RuleID": 21
      }
    },
    {
      "type": "Feature",
      "geometry": {
        "type": "LineString",
        "coordinates": [
          [
            -92.0710496226893,
            47.6254386546465
          ],
          [
            -92.0706090870774,
            47.6246850094916
          ]
        ]
      },
      "properties": {
        "STATE": "MN",
        "DESCRIPTION": "Fault, sense of displacement unknown or undefined, approximate",
        "RuleID": 21
      }
    },
    {
      "type": "Feature",
      "geometry": {
        "type": "LineString",
        "coordinates": [
          [
            -92.1883834948345,
            47.5914197680664
          ],
          [
            -92.187988408586,
            47.591103678511
          ]
        ]
      },
      "properties": {
        "STATE": "MN",
        "DESCRIPTION": "Fault, sense of displacement unknown or undefined, approximate",
        "RuleID": 21
      }
    },
    {
      "type": "Feature",
      "geometry": {
        "type": "LineString",
        "coordinates": [
          [
            -91.9621594425994,
            47.6723162287393
          ],
          [
            -91.963091610895,
            47.6669827389283
          ],
          [
            -91.9634609711904,
            47.6632054327855
          ],
          [
            -91.9639834160883,
            47.6591310275206
          ],
          [
            -91.96445266545,
            47.6577423929432
          ],
          [
            -91.9654157357913,
            47.6542237257667
          ],
          [
            -91.9662482647523,
            47.6530874009235
          ],
          [
            -91.9675326436061,
            47.6509052808829
          ],
          [
            -91.9687819252819,
            47.6481497981538
          ],
          [
            -91.9692128273607,
            47.6468918100531
          ],
          [
            -91.9696454892392,
            47.6456286165233
          ],
          [
            -91.9697063312351,
            47.6454509835352
          ],
          [
            -91.9697463664524,
            47.6453340925934
          ],
          [
            -91.9698818800079,
            47.6449384301168
          ],
          [
            -91.9703528146091,
            47.6439374476867
          ],
          [
            -91.9708107919106,
            47.6429639680946
          ]
        ]
      },
      "properties": {
        "STATE": "MN",
        "DESCRIPTION": "Fault, sense of displacement unknown or undefined, approximate",
        "RuleID": 21
      }
    },
    {
      "type": "Feature",
      "geometry": {
        "type": "LineString",
        "coordinates": [
          [
            -92.1009215325975,
            47.6119644319425
          ],
          [
            -92.0998007019226,
            47.6134139854186
          ]
        ]
      },
      "properties": {
        "STATE": "MN",
        "DESCRIPTION": "Fault, sense of displacement unknown or undefined, approximate",
        "RuleID": 21
      }
    },
    {
      "type": "Feature",
      "geometry": {
        "type": "LineString",
        "coordinates": [
          [
            -91.9630966962578,
            47.673232041701
          ],
          [
            -91.9629889586109,
            47.6739011170838
          ]
        ]
      },
      "properties": {
        "STATE": "MN",
        "DESCRIPTION": "Fault, sense of displacement unknown or undefined, approximate",
        "RuleID": 21
      }
    },
    {
      "type": "Feature",
      "geometry": {
        "type": "LineString",
        "coordinates": [
          [
            -92.0687069260228,
            47.6227113659643
          ],
          [
            -92.0679909579616,
            47.6219853453427
          ]
        ]
      },
      "properties": {
        "STATE": "MN",
        "DESCRIPTION": "Fault, sense of displacement unknown or undefined, approximate",
        "RuleID": 21
      }
    },
    {
      "type": "Feature",
      "geometry": {
        "type": "LineString",
        "coordinates": [
          [
            -91.9516517588895,
            47.6631173386859
          ],
          [
            -91.9516403143528,
            47.665137583735
          ],
          [
            -91.9516084430248,
            47.6667291444383
          ],
          [
            -91.9509516371099,
            47.6701058239411
          ],
          [
            -91.950766486245,
            47.6719944544697
          ],
          [
            -91.9502967023857,
            47.6742808291325
          ]
        ]
      },
      "properties": {
        "STATE": "MN",
        "DESCRIPTION": "Fault, sense of displacement unknown or undefined, approximate",
        "RuleID": 21
      }
    },
    {
      "type": "Feature",
      "geometry": {
        "type": "LineString",
        "coordinates": [
          [
            -91.9078286739541,
            47.66413520431
          ],
          [
            -91.906864262428,
            47.6629568185108
          ],
          [
            -91.9068200329767,
            47.6629027744295
          ],
          [
            -91.9067137245493,
            47.6627945082264
          ],
          [
            -91.9060926401417,
            47.6621637713014
          ]
        ]
      },
      "properties": {
        "STATE": "MN",
        "DESCRIPTION": "Fault, sense of displacement unknown or undefined, approximate",
        "RuleID": 21
      }
    },
    {
      "type": "Feature",
      "geometry": {
        "type": "LineString",
        "coordinates": [
          [
            -92.0806244122649,
            47.6090162476255
          ],
          [
            -92.0802209986337,
            47.6086299512586
          ],
          [
            -92.0792571988603,
            47.6078170048972
          ]
        ]
      },
      "properties": {
        "STATE": "MN",
        "DESCRIPTION": "Fault, sense of displacement unknown or undefined, approximate",
        "RuleID": 21
      }
    },
    {
      "type": "Feature",
      "geometry": {
        "type": "LineString",
        "coordinates": [
          [
            -92.0773578073118,
            47.6062145473941
          ],
          [
            -92.077304544402,
            47.6040102133986
          ],
          [
            -92.0772769158171,
            47.6037684984307
          ],
          [
            -92.0772362185414,
            47.603412474797
          ]
        ]
      },
      "properties": {
        "STATE": "MN",
        "DESCRIPTION": "Fault, sense of displacement unknown or undefined, approximate",
        "RuleID": 21
      }
    },
    {
      "type": "Feature",
      "geometry": {
        "type": "LineString",
        "coordinates": [
          [
            -91.8767704416952,
            47.6897939837048
          ],
          [
            -91.8770939313172,
            47.6875008894437
          ],
          [
            -91.8770961241048,
            47.6838842250289
          ],
          [
            -91.8773122138464,
            47.6816635933683
          ],
          [
            -91.8774475270777,
            47.6802729297062
          ],
          [
            -91.8774873224448,
            47.6798639182647
          ],
          [
            -91.8774939097908,
            47.6797962108507
          ]
        ]
      },
      "properties": {
        "STATE": "MN",
        "DESCRIPTION": "Fault, sense of displacement unknown or undefined, approximate",
        "RuleID": 21
      }
    },
    {
      "type": "Feature",
      "geometry": {
        "type": "LineString",
        "coordinates": [
          [
            -91.904601091817,
            47.6628419300005
          ],
          [
            -91.9045355444457,
            47.6627019962568
          ]
        ]
      },
      "properties": {
        "STATE": "MN",
        "DESCRIPTION": "Fault, sense of displacement unknown or undefined, approximate",
        "RuleID": 21
      }
    },
    {
      "type": "Feature",
      "geometry": {
        "type": "LineString",
        "coordinates": [
          [
            -92.1114042521256,
            47.5954544265114
          ],
          [
            -92.1098391695084,
            47.5983954107649
          ],
          [
            -92.1086161653513,
            47.6008771392842
          ],
          [
            -92.1074994435705,
            47.6031894992212
          ],
          [
            -92.1070424032119,
            47.604135818757
          ],
          [
            -92.106444055164,
            47.6050365808836
          ],
          [
            -92.1054870520441,
            47.6064771972485
          ],
          [
            -92.1039439494052,
            47.6082987017201
          ],
          [
            -92.1014941385225,
            47.6112238528947
          ],
          [
            -92.1009215325975,
            47.6119644319425
          ]
        ]
      },
      "properties": {
        "STATE": "MN",
        "DESCRIPTION": "Fault, sense of displacement unknown or undefined, approximate",
        "RuleID": 21
      }
    },
    {
      "type": "Feature",
      "geometry": {
        "type": "LineString",
        "coordinates": [
          [
            -91.8336065234473,
            47.7132042510511
          ],
          [
            -91.8337104818819,
            47.7143337869226
          ],
          [
            -91.8338008137719,
            47.7152419751178
          ],
          [
            -91.8338498554982,
            47.7157172270864
          ],
          [
            -91.8338604331607,
            47.7158197305885
          ],
          [
            -91.8338992322961,
            47.7161957112267
          ],
          [
            -91.8339368977577,
            47.7170637797009
          ],
          [
            -91.8341126100239,
            47.7177945776029
          ],
          [
            -91.8341442352134,
            47.7191678379881
          ],
          [
            -91.8341195593909,
            47.7202737284263
          ],
          [
            -91.8339509896295,
            47.7222468770915
          ],
          [
            -91.8336106377313,
            47.7235459862477
          ],
          [
            -91.8332787129288,
            47.7244670140447
          ],
          [
            -91.8329458341154,
            47.7254300510027
          ],
          [
            -91.8326808373948,
            47.7261416667049
          ],
          [
            -91.8325897518182,
            47.7263251989637
          ]
        ]
      },
      "properties": {
        "STATE": "MN",
        "DESCRIPTION": "Fault, sense of displacement unknown or undefined, approximate",
        "RuleID": 21
      }
    },
    {
      "type": "Feature",
      "geometry": {
        "type": "LineString",
        "coordinates": [
          [
            -92.077232539042,
            47.5977005691438
          ],
          [
            -92.0773544727654,
            47.598268821808
          ],
          [
            -92.0775887237471,
            47.5996288261092
          ],
          [
            -92.0779633275088,
            47.6011645736464
          ],
          [
            -92.0779811105582,
            47.6012674028408
          ]
        ]
      },
      "properties": {
        "STATE": "MN",
        "DESCRIPTION": "Fault, sense of displacement unknown or undefined, approximate",
        "RuleID": 21
      }
    },
    {
      "type": "Feature",
      "geometry": {
        "type": "LineString",
        "coordinates": [
          [
            -91.8618362375576,
            47.6949980660024
          ],
          [
            -91.8618576309361,
            47.694014975154
          ],
          [
            -91.8619686519255,
            47.6931455335338
          ],
          [
            -91.8622746450607,
            47.6917805728368
          ],
          [
            -91.8622879895342,
            47.6911670392451
          ]
        ]
      },
      "properties": {
        "STATE": "MN",
        "DESCRIPTION": "Fault, sense of displacement unknown or undefined, approximate",
        "RuleID": 21
      }
    },
    {
      "type": "Feature",
      "geometry": {
        "type": "LineString",
        "coordinates": [
          [
            -91.8271018125935,
            47.7309046289493
          ],
          [
            -91.8262878230634,
            47.7317257844382
          ]
        ]
      },
      "properties": {
        "STATE": "MN",
        "DESCRIPTION": "Fault, sense of displacement unknown or undefined, approximate",
        "RuleID": 21
      }
    },
    {
      "type": "Feature",
      "geometry": {
        "type": "LineString",
        "coordinates": [
          [
            -92.0779811105582,
            47.6012674028408
          ],
          [
            -92.0782758172602,
            47.6029714422048
          ],
          [
            -92.0785521147871,
            47.6042646472788
          ]
        ]
      },
      "properties": {
        "STATE": "MN",
        "DESCRIPTION": "Fault, sense of displacement unknown or undefined, approximate",
        "RuleID": 21
      }
    },
    {
      "type": "Feature",
      "geometry": {
        "type": "LineString",
        "coordinates": [
          [
            -91.9179993430071,
            47.6570979160561
          ],
          [
            -91.9148696907106,
            47.6548615451113
          ]
        ]
      },
      "properties": {
        "STATE": "MN",
        "DESCRIPTION": "Fault, sense of displacement unknown or undefined, approximate",
        "RuleID": 21
      }
    },
    {
      "type": "Feature",
      "geometry": {
        "type": "LineString",
        "coordinates": [
          [
            -91.8260061491196,
            47.7368199047297
          ],
          [
            -91.8259866934072,
            47.7372607779387
          ]
        ]
      },
      "properties": {
        "STATE": "MN",
        "DESCRIPTION": "Fault, sense of displacement unknown or undefined, approximate",
        "RuleID": 21
      }
    },
    {
      "type": "Feature",
      "geometry": {
        "type": "LineString",
        "coordinates": [
          [
            -92.0706090870774,
            47.6246850094916
          ],
          [
            -92.0704891853432,
            47.6244798837439
          ],
          [
            -92.0691253954181,
            47.6231356998013
          ],
          [
            -92.0687069260228,
            47.6227113659643
          ]
        ]
      },
      "properties": {
        "STATE": "MN",
        "DESCRIPTION": "Fault, sense of displacement unknown or undefined, approximate",
        "RuleID": 21
      }
    },
    {
      "type": "Feature",
      "geometry": {
        "type": "LineString",
        "coordinates": [
          [
            -92.0913281919131,
            47.5390942694898
          ],
          [
            -92.0847741958895,
            47.5446297013257
          ],
          [
            -92.0807430473745,
            47.5494561952117
          ],
          [
            -92.0774373019262,
            47.5538025096205
          ],
          [
            -92.0741096106355,
            47.559363228751
          ],
          [
            -92.0726056359155,
            47.563238056678
          ],
          [
            -92.071266738307,
            47.5694662748974
          ],
          [
            -92.0713213980971,
            47.5704198705778
          ],
          [
            -92.0714640604457,
            47.5710451974656
          ],
          [
            -92.0715124904193,
            47.571257472296
          ],
          [
            -92.0715234103399,
            47.571305336561
          ]
        ]
      },
      "properties": {
        "STATE": "MN",
        "DESCRIPTION": "Fault, sense of displacement unknown or undefined, approximate",
        "RuleID": 21
      }
    },
    {
      "type": "Feature",
      "geometry": {
        "type": "LineString",
        "coordinates": [
          [
            -91.8566024703543,
            47.7023949975827
          ],
          [
            -91.8571621477258,
            47.7030259048061
          ]
        ]
      },
      "properties": {
        "STATE": "MN",
        "DESCRIPTION": "Fault, sense of displacement unknown or undefined, approximate",
        "RuleID": 21
      }
    },
    {
      "type": "Feature",
      "geometry": {
        "type": "LineString",
        "coordinates": [
          [
            -91.8622939121269,
            47.7035952584608
          ],
          [
            -91.8619349156949,
            47.6989280850651
          ],
          [
            -91.8618277368001,
            47.6969490398976
          ]
        ]
      },
      "properties": {
        "STATE": "MN",
        "DESCRIPTION": "Fault, sense of displacement unknown or undefined, approximate",
        "RuleID": 21
      }
    },
    {
      "type": "Feature",
      "geometry": {
        "type": "LineString",
        "coordinates": [
          [
            -91.8512663203615,
            47.7039548151258
          ],
          [
            -91.8512622995023,
            47.7050467188784
          ]
        ]
      },
      "properties": {
        "STATE": "MN",
        "DESCRIPTION": "Fault, sense of displacement unknown or undefined, approximate",
        "RuleID": 21
      }
    },
    {
      "type": "Feature",
      "geometry": {
        "type": "LineString",
        "coordinates": [
          [
            -92.2251814560074,
            47.560347635777
          ],
          [
            -92.2245261305161,
            47.5600795083356
          ],
          [
            -92.2213102462405,
            47.5587096989323
          ],
          [
            -92.2175348552735,
            47.5565754746976
          ],
          [
            -92.2172371850294,
            47.5564071892239
          ],
          [
            -92.2133957148883,
            47.5552856386328
          ],
          [
            -92.2055074880042,
            47.5524788030385
          ],
          [
            -92.2033706618446,
            47.552639094539
          ]
        ]
      },
      "properties": {
        "STATE": "MN",
        "DESCRIPTION": "Fault, sense of displacement unknown or undefined, approximate",
        "RuleID": 21
      }
    },
    {
      "type": "Feature",
      "geometry": {
        "type": "LineString",
        "coordinates": [
          [
            -91.8539090480447,
            47.699628222021
          ],
          [
            -91.8542979359177,
            47.700224124606
          ],
          [
            -91.8550262971366,
            47.7010717636669
          ],
          [
            -91.8563724100134,
            47.7021356499726
          ],
          [
            -91.8565306734036,
            47.7023140628305
          ]
        ]
      },
      "properties": {
        "STATE": "MN",
        "DESCRIPTION": "Fault, sense of displacement unknown or undefined, approximate",
        "RuleID": 21
      }
    },
    {
      "type": "Feature",
      "geometry": {
        "type": "LineString",
        "coordinates": [
          [
            -92.0315910923934,
            47.6351532711786
          ],
          [
            -92.031290959867,
            47.634682477435
          ]
        ]
      },
      "properties": {
        "STATE": "MN",
        "DESCRIPTION": "Fault, sense of displacement unknown or undefined, approximate",
        "RuleID": 21
      }
    },
    {
      "type": "Feature",
      "geometry": {
        "type": "LineString",
        "coordinates": [
          [
            -91.8324805606971,
            47.7265452055063
          ],
          [
            -91.8322243557882,
            47.7270614237649
          ],
          [
            -91.8318338752022,
            47.7278137790169
          ],
          [
            -91.8311915132987,
            47.7286896208835
          ]
        ]
      },
      "properties": {
        "STATE": "MN",
        "DESCRIPTION": "Fault, sense of displacement unknown or undefined, approximate",
        "RuleID": 21
      }
    },
    {
      "type": "Feature",
      "geometry": {
        "type": "LineString",
        "coordinates": [
          [
            -92.0773811608142,
            47.6207399300359
          ],
          [
            -92.0770527412379,
            47.6199396640994
          ],
          [
            -92.0762898829155,
            47.6188088847537
          ],
          [
            -92.0760681257028,
            47.6184801647678
          ],
          [
            -92.0750754980936,
            47.6172236040171
          ],
          [
            -92.0742609102855,
            47.6161923757474
          ],
          [
            -92.0732967431012,
            47.6149624405174
          ],
          [
            -92.072143441922,
            47.6138410180728
          ],
          [
            -92.0710985772791,
            47.6126798740026
          ],
          [
            -92.0699472380204,
            47.6115178557007
          ],
          [
            -92.0683923449935,
            47.6092856743255
          ]
        ]
      },
      "properties": {
        "STATE": "MN",
        "DESCRIPTION": "Fault, sense of displacement unknown or undefined, approximate",
        "RuleID": 21
      }
    },
    {
      "type": "Feature",
      "geometry": {
        "type": "LineString",
        "coordinates": [
          [
            -91.9744309414202,
            47.6422218054077
          ],
          [
            -91.9748215774147,
            47.6430178736371
          ],
          [
            -91.9750013563542,
            47.6433842331501
          ],
          [
            -91.9756911789491,
            47.6448239601065
          ],
          [
            -91.977479565678,
            47.6487642304072
          ],
          [
            -91.9786248152573,
            47.6514025334665
          ]
        ]
      },
      "properties": {
        "STATE": "MN",
        "DESCRIPTION": "Fault, sense of displacement unknown or undefined, approximate",
        "RuleID": 21
      }
    },
    {
      "type": "Feature",
      "geometry": {
        "type": "LineString",
        "coordinates": [
          [
            -92.0792571988603,
            47.6078170048972
          ],
          [
            -92.0773578073118,
            47.6062145473941
          ]
        ]
      },
      "properties": {
        "STATE": "MN",
        "DESCRIPTION": "Fault, sense of displacement unknown or undefined, approximate",
        "RuleID": 21
      }
    },
    {
      "type": "Feature",
      "geometry": {
        "type": "LineString",
        "coordinates": [
          [
            -91.8311915132987,
            47.7286896208835
          ],
          [
            -91.8308151102115,
            47.7288118400983
          ],
          [
            -91.8299487659684,
            47.7292331856637
          ],
          [
            -91.8289906363611,
            47.729633602003
          ],
          [
            -91.828298186194,
            47.729962679932
          ],
          [
            -91.8276670496383,
            47.7303343978108
          ],
          [
            -91.827261302184,
            47.7307437342554
          ],
          [
            -91.8271018125935,
            47.7309046289493
          ]
        ]
      },
      "properties": {
        "STATE": "MN",
        "DESCRIPTION": "Fault, sense of displacement unknown or undefined, approximate",
        "RuleID": 21
      }
    },
    {
      "type": "Feature",
      "geometry": {
        "type": "LineString",
        "coordinates": [
          [
            -91.9624266716335,
            47.6911651357129
          ],
          [
            -91.9590697994691,
            47.6879222044601
          ],
          [
            -91.9566392664324,
            47.6851617999462
          ],
          [
            -91.9549265322235,
            47.6824962144658
          ],
          [
            -91.9546182429944,
            47.6821647550591
          ]
        ]
      },
      "properties": {
        "STATE": "MN",
        "DESCRIPTION": "Fault, sense of displacement unknown or undefined, approximate",
        "RuleID": 21
      }
    },
    {
      "type": "Feature",
      "geometry": {
        "type": "LineString",
        "coordinates": [
          [
            -91.9502967023857,
            47.6742808291325
          ],
          [
            -91.9501135439841,
            47.6751721795329
          ],
          [
            -91.9501100827753,
            47.6753447303766
          ]
        ]
      },
      "properties": {
        "STATE": "MN",
        "DESCRIPTION": "Fault, sense of displacement unknown or undefined, approximate",
        "RuleID": 21
      }
    },
    {
      "type": "Feature",
      "geometry": {
        "type": "LineString",
        "coordinates": [
          [
            -91.8264525749849,
            47.7282565224954
          ],
          [
            -91.8264127580582,
            47.7300287614917
          ],
          [
            -91.8263270605767,
            47.7311928146137
          ]
        ]
      },
      "properties": {
        "STATE": "MN",
        "DESCRIPTION": "Fault, sense of displacement unknown or undefined, approximate",
        "RuleID": 21
      }
    },
    {
      "type": "Feature",
      "geometry": {
        "type": "LineString",
        "coordinates": [
          [
            -92.0773578073118,
            47.6062145473941
          ],
          [
            -92.0764683269585,
            47.6054601787317
          ],
          [
            -92.0755208828115,
            47.6046566208448
          ],
          [
            -92.0737064826686,
            47.6030859651353
          ]
        ]
      },
      "properties": {
        "STATE": "MN",
        "DESCRIPTION": "Fault, sense of displacement unknown or undefined, approximate",
        "RuleID": 21
      }
    },
    {
      "type": "Feature",
      "geometry": {
        "type": "LineString",
        "coordinates": [
          [
            -91.8512622995023,
            47.7050467188784
          ],
          [
            -91.851261734462,
            47.7051998457093
          ],
          [
            -91.8512598524915,
            47.705286945673
          ],
          [
            -91.8511869910371,
            47.7056958145892
          ],
          [
            -91.8511495223066,
            47.7059060759156
          ]
        ]
      },
      "properties": {
        "STATE": "MN",
        "DESCRIPTION": "Fault, sense of displacement unknown or undefined, approximate",
        "RuleID": 21
      }
    },
    {
      "type": "Feature",
      "geometry": {
        "type": "LineString",
        "coordinates": [
          [
            -92.0789420689603,
            47.6060101165563
          ],
          [
            -92.0790596027355,
            47.6057133778663
          ],
          [
            -92.079071522481,
            47.605034414374
          ],
          [
            -92.079160295794,
            47.6048799117829
          ],
          [
            -92.079365166476,
            47.60464873789
          ],
          [
            -92.079542034874,
            47.6043785326199
          ],
          [
            -92.0796092692814,
            47.6038164220114
          ],
          [
            -92.0796150544318,
            47.6034866416912
          ],
          [
            -92.0796495236876,
            47.603157088852
          ],
          [
            -92.0799472361525,
            47.6025386229127
          ],
          [
            -92.0800805263778,
            47.602098083877
          ]
        ]
      },
      "properties": {
        "STATE": "MN",
        "DESCRIPTION": "Fault, sense of displacement unknown or undefined, approximate",
        "RuleID": 21
      }
    },
    {
      "type": "Feature",
      "geometry": {
        "type": "LineString",
        "coordinates": [
          [
            -92.1656713517768,
            47.5871131202714
          ],
          [
            -92.1652794473611,
            47.5872608676239
          ],
          [
            -92.1642006865875,
            47.5878485217525
          ]
        ]
      },
      "properties": {
        "STATE": "MN",
        "DESCRIPTION": "Fault, sense of displacement unknown or undefined, approximate",
        "RuleID": 21
      }
    },
    {
      "type": "Feature",
      "geometry": {
        "type": "LineString",
        "coordinates": [
          [
            -91.8325897518182,
            47.7263251989637
          ],
          [
            -91.8324805606971,
            47.7265452055063
          ]
        ]
      },
      "properties": {
        "STATE": "MN",
        "DESCRIPTION": "Fault, sense of displacement unknown or undefined, approximate",
        "RuleID": 21
      }
    },
    {
      "type": "Feature",
      "geometry": {
        "type": "LineString",
        "coordinates": [
          [
            -91.8910584157837,
            47.6704313301152
          ],
          [
            -91.8910038745712,
            47.6730382044496
          ],
          [
            -91.890947180097,
            47.6743575254895
          ],
          [
            -91.8909832609304,
            47.6753671871308
          ],
          [
            -91.8909384332011,
            47.6774824258525
          ],
          [
            -91.8909510707005,
            47.6795982199283
          ],
          [
            -91.8909050014995,
            47.6817716734685
          ],
          [
            -91.8908946582973,
            47.6836155070019
          ],
          [
            -91.8908635415542,
            47.6841302413515
          ],
          [
            -91.8906238827145,
            47.6882518330984
          ],
          [
            -91.890532891461,
            47.6888857294011
          ]
        ]
      },
      "properties": {
        "STATE": "MN",
        "DESCRIPTION": "Fault, sense of displacement unknown or undefined, approximate",
        "RuleID": 21
      }
    },
    {
      "type": "Feature",
      "geometry": {
        "type": "LineString",
        "coordinates": [
          [
            -91.9224735963157,
            47.6771846188548
          ],
          [
            -91.9222688253467,
            47.6788035717777
          ],
          [
            -91.9221505594446,
            47.6796239499181
          ]
        ]
      },
      "properties": {
        "STATE": "MN",
        "DESCRIPTION": "Fault, sense of displacement unknown or undefined, approximate",
        "RuleID": 21
      }
    },
    {
      "type": "Feature",
      "geometry": {
        "type": "LineString",
        "coordinates": [
          [
            -91.9740457950303,
            47.641437712148
          ],
          [
            -91.9741374016297,
            47.6416251076113
          ],
          [
            -91.9744309414202,
            47.6422218054077
          ]
        ]
      },
      "properties": {
        "STATE": "MN",
        "DESCRIPTION": "Fault, sense of displacement unknown or undefined, approximate",
        "RuleID": 21
      }
    },
    {
      "type": "Feature",
      "geometry": {
        "type": "LineString",
        "coordinates": [
          [
            -92.1150055226412,
            47.5903178477575
          ],
          [
            -92.1136490135616,
            47.5916256784169
          ],
          [
            -92.1127775929387,
            47.5927717239624
          ],
          [
            -92.1119834184472,
            47.5943274358479
          ]
        ]
      },
      "properties": {
        "STATE": "MN",
        "DESCRIPTION": "Fault, sense of displacement unknown or undefined, approximate",
        "RuleID": 21
      }
    },
    {
      "type": "Feature",
      "geometry": {
        "type": "LineString",
        "coordinates": [
          [
            -91.8323207063907,
            47.7283229524545
          ],
          [
            -91.8311915132987,
            47.7286896208835
          ]
        ]
      },
      "properties": {
        "STATE": "MN",
        "DESCRIPTION": "Fault, sense of displacement unknown or undefined, approximate",
        "RuleID": 21
      }
    },
    {
      "type": "Feature",
      "geometry": {
        "type": "LineString",
        "coordinates": [
          [
            -91.8525741829735,
            47.6975196927123
          ],
          [
            -91.8525928266089,
            47.6975512053819
          ]
        ]
      },
      "properties": {
        "STATE": "MN",
        "DESCRIPTION": "Fault, sense of displacement unknown or undefined, approximate",
        "RuleID": 21
      }
    },
    {
      "type": "Feature",
      "geometry": {
        "type": "LineString",
        "coordinates": [
          [
            -92.0715234103399,
            47.571305336561
          ],
          [
            -92.0738068927578,
            47.5813122744789
          ],
          [
            -92.0739999991028,
            47.5830556197998
          ],
          [
            -92.0744338458592,
            47.5846940944649
          ]
        ]
      },
      "properties": {
        "STATE": "MN",
        "DESCRIPTION": "Fault, sense of displacement unknown or undefined, approximate",
        "RuleID": 21
      }
    },
    {
      "type": "Feature",
      "geometry": {
        "type": "LineString",
        "coordinates": [
          [
            -92.0700900863203,
            47.5728453134416
          ],
          [
            -92.0700132516174,
            47.5725631992194
          ],
          [
            -92.0698965362075,
            47.5721865112278
          ],
          [
            -92.0678181903729,
            47.5654345676644
          ],
          [
            -92.0648142177746,
            47.5573443192044
          ],
          [
            -92.0627158565771,
            47.5505359704166
          ],
          [
            -92.0597098681593,
            47.5417546287674
          ]
        ]
      },
      "properties": {
        "STATE": "MN",
        "DESCRIPTION": "Fault, sense of displacement unknown or undefined, approximate",
        "RuleID": 21
      }
    },
    {
      "type": "Feature",
      "geometry": {
        "type": "LineString",
        "coordinates": [
          [
            -91.8618277368001,
            47.6969490398976
          ],
          [
            -91.8618222948061,
            47.6968485392463
          ],
          [
            -91.8618078427098,
            47.6965816867454
          ],
          [
            -91.8618096303572,
            47.6964820112945
          ]
        ]
      },
      "properties": {
        "STATE": "MN",
        "DESCRIPTION": "Fault, sense of displacement unknown or undefined, approximate",
        "RuleID": 21
      }
    },
    {
      "type": "Feature",
      "geometry": {
        "type": "LineString",
        "coordinates": [
          [
            -91.9220072494107,
            47.6806180152311
          ],
          [
            -91.9219687970249,
            47.6808847395563
          ],
          [
            -91.921679478418,
            47.682445007686
          ],
          [
            -91.9215484079299,
            47.6840592773868
          ],
          [
            -91.9213143437978,
            47.6865782805728
          ],
          [
            -91.9209070224951,
            47.6886652016175
          ],
          [
            -91.9203124788125,
            47.6909963305878
          ],
          [
            -91.9196420589295,
            47.692588828992
          ],
          [
            -91.9189677816806,
            47.6943657652734
          ]
        ]
      },
      "properties": {
        "STATE": "MN",
        "DESCRIPTION": "Fault, sense of displacement unknown or undefined, approximate",
        "RuleID": 21
      }
    },
    {
      "type": "Feature",
      "geometry": {
        "type": "LineString",
        "coordinates": [
          [
            -92.1573840662941,
            47.5842158509482
          ],
          [
            -92.1504140829203,
            47.5860863757113
          ],
          [
            -92.1453127534411,
            47.5877522738906
          ]
        ]
      },
      "properties": {
        "STATE": "MN",
        "DESCRIPTION": "Fault, sense of displacement unknown or undefined, approximate",
        "RuleID": 21
      }
    },
    {
      "type": "Feature",
      "geometry": {
        "type": "LineString",
        "coordinates": [
          [
            -92.1305257077201,
            47.5887339256779
          ],
          [
            -92.1307449119208,
            47.5887128081945
          ],
          [
            -92.1371952935645,
            47.5876950129419
          ]
        ]
      },
      "properties": {
        "STATE": "MN",
        "DESCRIPTION": "Fault, sense of displacement unknown or undefined, approximate",
        "RuleID": 21
      }
    },
    {
      "type": "Feature",
      "geometry": {
        "type": "LineString",
        "coordinates": [
          [
            -92.0785521147871,
            47.6042646472788
          ],
          [
            -92.07891379808,
            47.6058480181315
          ],
          [
            -92.0789420689603,
            47.6060101165563
          ]
        ]
      },
      "properties": {
        "STATE": "MN",
        "DESCRIPTION": "Fault, sense of displacement unknown or undefined, approximate",
        "RuleID": 21
      }
    },
    {
      "type": "Feature",
      "geometry": {
        "type": "LineString",
        "coordinates": [
          [
            -92.0777496551337,
            47.6217860737185
          ],
          [
            -92.0775976916286,
            47.6212675414297
          ],
          [
            -92.0775480174884,
            47.6211465026546
          ]
        ]
      },
      "properties": {
        "STATE": "MN",
        "DESCRIPTION": "Fault, sense of displacement unknown or undefined, approximate",
        "RuleID": 21
      }
    },
    {
      "type": "Feature",
      "geometry": {
        "type": "LineString",
        "coordinates": [
          [
            -92.0848793922026,
            47.6139800126903
          ],
          [
            -92.0846383445674,
            47.6136886404273
          ],
          [
            -92.0827361314106,
            47.6110382451719
          ],
          [
            -92.0813226511757,
            47.609684840206
          ]
        ]
      },
      "properties": {
        "STATE": "MN",
        "DESCRIPTION": "Fault, sense of displacement unknown or undefined, approximate",
        "RuleID": 21
      }
    },
    {
      "type": "Feature",
      "geometry": {
        "type": "LineString",
        "coordinates": [
          [
            -92.0227207041714,
            47.626250793693
          ],
          [
            -92.0222273143831,
            47.6258183825775
          ]
        ]
      },
      "properties": {
        "STATE": "MN",
        "DESCRIPTION": "Fault, sense of displacement unknown or undefined, approximate",
        "RuleID": 21
      }
    },
    {
      "type": "Feature",
      "geometry": {
        "type": "LineString",
        "coordinates": [
          [
            -91.9589967655382,
            47.6456054576417
          ],
          [
            -91.9585251033016,
            47.6470105832863
          ],
          [
            -91.9583628361203,
            47.6474939736456
          ],
          [
            -91.95833381874,
            47.6475804135082
          ],
          [
            -91.9579852526468,
            47.6486187506471
          ],
          [
            -91.9570292709113,
            47.6506831135718
          ],
          [
            -91.9560269962943,
            47.6526611784083
          ],
          [
            -91.954455847354,
            47.6542543139708
          ],
          [
            -91.9528527821699,
            47.6570676738055
          ],
          [
            -91.9521801748891,
            47.6585211541265
          ],
          [
            -91.9519087570108,
            47.6594503489727
          ],
          [
            -91.951752853495,
            47.6603495410477
          ],
          [
            -91.9510884720872,
            47.6625919388044
          ]
        ]
      },
      "properties": {
        "STATE": "MN",
        "DESCRIPTION": "Fault, sense of displacement unknown or undefined, approximate",
        "RuleID": 21
      }
    },
    {
      "type": "Feature",
      "geometry": {
        "type": "LineString",
        "coordinates": [
          [
            -92.1211951152731,
            47.5898113525502
          ],
          [
            -92.1225422585176,
            47.589696326177
          ]
        ]
      },
      "properties": {
        "STATE": "MN",
        "DESCRIPTION": "Fault, sense of displacement unknown or undefined, approximate",
        "RuleID": 21
      }
    },
    {
      "type": "Feature",
      "geometry": {
        "type": "LineString",
        "coordinates": [
          [
            -91.8904638325753,
            47.6893668182117
          ],
          [
            -91.8903815792346,
            47.6899398161657
          ],
          [
            -91.8898431030021,
            47.6925338445046
          ],
          [
            -91.8893817794762,
            47.6953049804616
          ],
          [
            -91.8888438997251,
            47.6975215766651
          ],
          [
            -91.8874695339343,
            47.7021816987285
          ]
        ]
      },
      "properties": {
        "STATE": "MN",
        "DESCRIPTION": "Fault, sense of displacement unknown or undefined, approximate",
        "RuleID": 21
      }
    },
    {
      "type": "Feature",
      "geometry": {
        "type": "LineString",
        "coordinates": [
          [
            -91.9708107919106,
            47.6429639680946
          ],
          [
            -91.9710236531071,
            47.6425114940411
          ],
          [
            -91.9710445470223,
            47.6424835432707
          ],
          [
            -91.9712496315033,
            47.6422091666354
          ],
          [
            -91.9720905534239,
            47.6410840869783
          ]
        ]
      },
      "properties": {
        "STATE": "MN",
        "DESCRIPTION": "Fault, sense of displacement unknown or undefined, approximate",
        "RuleID": 21
      }
    },
    {
      "type": "Feature",
      "geometry": {
        "type": "LineString",
        "coordinates": [
          [
            -91.9546182429944,
            47.6821647550591
          ],
          [
            -91.9535179460102,
            47.6809817105285
          ],
          [
            -91.9515889953973,
            47.6793299346458
          ],
          [
            -91.9500433038137,
            47.6781714720744
          ]
        ]
      },
      "properties": {
        "STATE": "MN",
        "DESCRIPTION": "Fault, sense of displacement unknown or undefined, approximate",
        "RuleID": 21
      }
    },
    {
      "type": "Feature",
      "geometry": {
        "type": "LineString",
        "coordinates": [
          [
            -91.8618096303572,
            47.6964820112945
          ],
          [
            -91.8618362375576,
            47.6949980660024
          ]
        ]
      },
      "properties": {
        "STATE": "MN",
        "DESCRIPTION": "Fault, sense of displacement unknown or undefined, approximate",
        "RuleID": 21
      }
    },
    {
      "type": "Feature",
      "geometry": {
        "type": "LineString",
        "coordinates": [
          [
            -92.0265008166837,
            47.6294500402119
          ],
          [
            -92.0234679830119,
            47.6269056976532
          ],
          [
            -92.0227207041714,
            47.626250793693
          ]
        ]
      },
      "properties": {
        "STATE": "MN",
        "DESCRIPTION": "Fault, sense of displacement unknown or undefined, approximate",
        "RuleID": 21
      }
    },
    {
      "type": "Feature",
      "geometry": {
        "type": "LineString",
        "coordinates": [
          [
            -91.8502783684834,
            47.7114087082558
          ],
          [
            -91.8502515483823,
            47.711570636433
          ],
          [
            -91.8498255241554,
            47.7135160538724
          ],
          [
            -91.8494585866164,
            47.7157041709409
          ],
          [
            -91.8480999826655,
            47.724448685211
          ]
        ]
      },
      "properties": {
        "STATE": "MN",
        "DESCRIPTION": "Fault, sense of displacement unknown or undefined, approximate",
        "RuleID": 21
      }
    },
    {
      "type": "Feature",
      "geometry": {
        "type": "LineString",
        "coordinates": [
          [
            -92.0813226511757,
            47.609684840206
          ],
          [
            -92.0806244122649,
            47.6090162476255
          ]
        ]
      },
      "properties": {
        "STATE": "MN",
        "DESCRIPTION": "Fault, sense of displacement unknown or undefined, approximate",
        "RuleID": 21
      }
    },
    {
      "type": "Feature",
      "geometry": {
        "type": "LineString",
        "coordinates": [
          [
            -92.0265008166837,
            47.6294500402119
          ],
          [
            -92.0261575820917,
            47.6265830059709
          ],
          [
            -92.0258072633854,
            47.6239483038986
          ]
        ]
      },
      "properties": {
        "STATE": "MN",
        "DESCRIPTION": "Fault, sense of displacement unknown or undefined, approximate",
        "RuleID": 21
      }
    },
    {
      "type": "Feature",
      "geometry": {
        "type": "LineString",
        "coordinates": [
          [
            -92.0222273143831,
            47.6258183825775
          ],
          [
            -92.0210790563459,
            47.6248120025343
          ]
        ]
      },
      "properties": {
        "STATE": "MN",
        "DESCRIPTION": "Fault, sense of displacement unknown or undefined, approximate",
        "RuleID": 21
      }
    },
    {
      "type": "Feature",
      "geometry": {
        "type": "LineString",
        "coordinates": [
          [
            -91.9068394168239,
            47.6665082313937
          ],
          [
            -91.9063220545939,
            47.665634972426
          ],
          [
            -91.9053872937604,
            47.6640925268616
          ],
          [
            -91.9051306163376,
            47.6637247807482
          ]
        ]
      },
      "properties": {
        "STATE": "MN",
        "DESCRIPTION": "Fault, sense of displacement unknown or undefined, approximate",
        "RuleID": 21
      }
    },
    {
      "type": "Feature",
      "geometry": {
        "type": "LineString",
        "coordinates": [
          [
            -92.0257376717987,
            47.6234248833422
          ],
          [
            -92.025709106271,
            47.6232100312665
          ],
          [
            -92.0247872955506,
            47.6140678015065
          ]
        ]
      },
      "properties": {
        "STATE": "MN",
        "DESCRIPTION": "Fault, sense of displacement unknown or undefined, approximate",
        "RuleID": 21
      }
    },
    {
      "type": "Feature",
      "geometry": {
        "type": "LineString",
        "coordinates": [
          [
            -91.9629889586109,
            47.6739011170838
          ],
          [
            -91.9627817424276,
            47.6751879169155
          ],
          [
            -91.9624398490204,
            47.6775725981227
          ],
          [
            -91.9620762136883,
            47.6810514757382
          ],
          [
            -91.962003198622,
            47.6847319609949
          ],
          [
            -91.9621130113773,
            47.6866232708784
          ],
          [
            -91.962214938721,
            47.6889124725304
          ],
          [
            -91.9624266716335,
            47.6911651357129
          ]
        ]
      },
      "properties": {
        "STATE": "MN",
        "DESCRIPTION": "Fault, sense of displacement unknown or undefined, approximate",
        "RuleID": 21
      }
    },
    {
      "type": "Feature",
      "geometry": {
        "type": "LineString",
        "coordinates": [
          [
            -91.8622879895342,
            47.6911670392451
          ],
          [
            -91.8622999110764,
            47.6906189539442
          ]
        ]
      },
      "properties": {
        "STATE": "MN",
        "DESCRIPTION": "Fault, sense of displacement unknown or undefined, approximate",
        "RuleID": 21
      }
    },
    {
      "type": "Feature",
      "geometry": {
        "type": "LineString",
        "coordinates": [
          [
            -91.8259866934072,
            47.7372607779387
          ],
          [
            -91.8259761256262,
            47.7375001820108
          ],
          [
            -91.8259669134029,
            47.7377089490513
          ],
          [
            -91.8260308033826,
            47.7383628491762
          ],
          [
            -91.8260867899843,
            47.7402017184679
          ],
          [
            -91.8262386133522,
            47.7421072221299
          ],
          [
            -91.8262709949232,
            47.7449963025874
          ],
          [
            -91.8265054013135,
            47.7475591821236
          ],
          [
            -91.8265628827119,
            47.749332410115
          ],
          [
            -91.8265321845837,
            47.7499207615399
          ]
        ]
      },
      "properties": {
        "STATE": "MN",
        "DESCRIPTION": "Fault, sense of displacement unknown or undefined, approximate",
        "RuleID": 21
      }
    },
    {
      "type": "Feature",
      "geometry": {
        "type": "LineString",
        "coordinates": [
          [
            -91.9636142022183,
            47.6923122419329
          ],
          [
            -91.9624266716335,
            47.6911651357129
          ]
        ]
      },
      "properties": {
        "STATE": "MN",
        "DESCRIPTION": "Fault, sense of displacement unknown or undefined, approximate",
        "RuleID": 21
      }
    },
    {
      "type": "Feature",
      "geometry": {
        "type": "LineString",
        "coordinates": [
          [
            -91.9692109768312,
            47.3549611661236
          ],
          [
            -91.9671591214161,
            47.354729850277
          ],
          [
            -91.9588388345247,
            47.3542088701462
          ],
          [
            -91.951650623419,
            47.353775552299
          ]
        ]
      },
      "properties": {
        "STATE": "MN",
        "DESCRIPTION": "Fault, sense of displacement unknown or undefined, certain",
        "RuleID": 22
      }
    },
    {
      "type": "Feature",
      "geometry": {
        "type": "LineString",
        "coordinates": [
          [
            -92.0470657778031,
            47.4738235003856
          ],
          [
            -92.0433654527561,
            47.4725712673352
          ]
        ]
      },
      "properties": {
        "STATE": "MN",
        "DESCRIPTION": "Fault, sense of displacement unknown or undefined, certain",
        "RuleID": 22
      }
    },
    {
      "type": "Feature",
      "geometry": {
        "type": "LineString",
        "coordinates": [
          [
            -92.148861385376,
            47.6866411473737
          ],
          [
            -92.1455018910292,
            47.6908666945033
          ],
          [
            -92.1452144651726,
            47.6912840513163
          ],
          [
            -92.1434500428006,
            47.6938460794866
          ],
          [
            -92.141114981814,
            47.6966300996207
          ],
          [
            -92.140687586758,
            47.697503293976
          ]
        ]
      },
      "properties": {
        "STATE": "MN",
        "DESCRIPTION": "Fault, sense of displacement unknown or undefined, certain",
        "RuleID": 22
      }
    },
    {
      "type": "Feature",
      "geometry": {
        "type": "LineString",
        "coordinates": [
          [
            -92.1032030872308,
            47.4932887298274
          ],
          [
            -92.0790794528083,
            47.4848726863929
          ],
          [
            -92.0740600164453,
            47.483133144729
          ]
        ]
      },
      "properties": {
        "STATE": "MN",
        "DESCRIPTION": "Fault, sense of displacement unknown or undefined, certain",
        "RuleID": 22
      }
    },
    {
      "type": "Feature",
      "geometry": {
        "type": "LineString",
        "coordinates": [
          [
            -91.9554050108764,
            47.7490073438085
          ],
          [
            -91.9567451445667,
            47.7481765017948
          ],
          [
            -91.9591485817195,
            47.7467742248666
          ],
          [
            -91.9607519837718,
            47.7457800151394
          ],
          [
            -91.9656627042225,
            47.7421454512825
          ],
          [
            -91.9675018924773,
            47.740937561045
          ]
        ]
      },
      "properties": {
        "STATE": "MN",
        "DESCRIPTION": "Fault, sense of displacement unknown or undefined, certain",
        "RuleID": 22
      }
    },
    {
      "type": "Feature",
      "geometry": {
        "type": "LineString",
        "coordinates": [
          [
            -92.0901912265973,
            47.3730130418497
          ],
          [
            -92.0838901665134,
            47.3720041186003
          ],
          [
            -92.0367101231753,
            47.363476008902
          ],
          [
            -91.9769216328348,
            47.3558300754856
          ],
          [
            -91.9692109768312,
            47.3549611661236
          ]
        ]
      },
      "properties": {
        "STATE": "MN",
        "DESCRIPTION": "Fault, sense of displacement unknown or undefined, certain",
        "RuleID": 22
      }
    },
    {
      "type": "Feature",
      "geometry": {
        "type": "LineString",
        "coordinates": [
          [
            -91.8853515184967,
            47.352348470702
          ],
          [
            -91.8805190116629,
            47.3528636973148
          ]
        ]
      },
      "properties": {
        "STATE": "MN",
        "DESCRIPTION": "Fault, sense of displacement unknown or undefined, certain",
        "RuleID": 22
      }
    },
    {
      "type": "Feature",
      "geometry": {
        "type": "LineString",
        "coordinates": [
          [
            -91.8697412090386,
            47.3548006007868
          ],
          [
            -91.8596589692439,
            47.3569000927008
          ],
          [
            -91.8565022210636,
            47.3576383716152
          ]
        ]
      },
      "properties": {
        "STATE": "MN",
        "DESCRIPTION": "Fault, sense of displacement unknown or undefined, certain",
        "RuleID": 22
      }
    },
    {
      "type": "Feature",
      "geometry": {
        "type": "LineString",
        "coordinates": [
          [
            -91.8805190116629,
            47.3528636973148
          ],
          [
            -91.877487693449,
            47.3531867776398
          ],
          [
            -91.8697412090386,
            47.3548006007868
          ]
        ]
      },
      "properties": {
        "STATE": "MN",
        "DESCRIPTION": "Fault, sense of displacement unknown or undefined, certain",
        "RuleID": 22
      }
    },
    {
      "type": "Feature",
      "geometry": {
        "type": "LineString",
        "coordinates": [
          [
            -91.9803606819831,
            47.4601691357213
          ],
          [
            -91.9559567902599,
            47.4566944833455
          ]
        ]
      },
      "properties": {
        "STATE": "MN",
        "DESCRIPTION": "Fault, sense of displacement unknown or undefined, certain",
        "RuleID": 22
      }
    },
    {
      "type": "Feature",
      "geometry": {
        "type": "LineString",
        "coordinates": [
          [
            -92.1667484569553,
            47.6863860295334
          ],
          [
            -92.1645641916639,
            47.6887852138135
          ],
          [
            -92.1626735784523,
            47.6907034847743
          ],
          [
            -92.1619522285842,
            47.691511324675
          ],
          [
            -92.1612166628768,
            47.692335088045
          ],
          [
            -92.1600411373774,
            47.6942585408392
          ],
          [
            -92.1590132562832,
            47.6958932561399
          ],
          [
            -92.1584046234237,
            47.6966603540172
          ],
          [
            -92.1572605874684,
            47.6981022535191
          ],
          [
            -92.155215358925,
            47.7006954822629
          ],
          [
            -92.1530283968911,
            47.7031910244021
          ],
          [
            -92.1517092235913,
            47.7051133283555
          ],
          [
            -92.1495093374954,
            47.7083815241416
          ],
          [
            -92.1474633175363,
            47.71097460545
          ],
          [
            -92.1458590818474,
            47.7127981198641
          ],
          [
            -92.1401710069606,
            47.7192279906268
          ],
          [
            -92.1371061429591,
            47.7227792652581
          ]
        ]
      },
      "properties": {
        "STATE": "MN",
        "DESCRIPTION": "Fault, sense of displacement unknown or undefined, certain",
        "RuleID": 22
      }
    },
    {
      "type": "Feature",
      "geometry": {
        "type": "LineString",
        "coordinates": [
          [
            -92.140687586758,
            47.697503293976
          ],
          [
            -92.1400785236054,
            47.698747592915
          ],
          [
            -92.1386015836839,
            47.7015379888087
          ],
          [
            -92.1359717459267,
            47.704802700021
          ],
          [
            -92.13464711087,
            47.7070145739252
          ],
          [
            -92.1325972065956,
            47.7098005656758
          ],
          [
            -92.1312771152176,
            47.7117226270902
          ],
          [
            -92.1298154125199,
            47.7135469971796
          ],
          [
            -92.1289357687189,
            47.7147961521777
          ],
          [
            -92.1265989865603,
            47.717579857424
          ],
          [
            -92.126597373186,
            47.7176764471044
          ]
        ]
      },
      "properties": {
        "STATE": "MN",
        "DESCRIPTION": "Fault, sense of displacement unknown or undefined, certain",
        "RuleID": 22
      }
    },
    {
      "type": "Feature",
      "geometry": {
        "type": "LineString",
        "coordinates": [
          [
            -91.9418352236879,
            47.3531831242854
          ],
          [
            -91.9208561059848,
            47.3519140311388
          ],
          [
            -91.9020091710496,
            47.3513148035335
          ],
          [
            -91.891102249078,
            47.351735063887
          ],
          [
            -91.8853515184967,
            47.352348470702
          ]
        ]
      },
      "properties": {
        "STATE": "MN",
        "DESCRIPTION": "Fault, sense of displacement unknown or undefined, certain",
        "RuleID": 22
      }
    },
    {
      "type": "Feature",
      "geometry": {
        "type": "LineString",
        "coordinates": [
          [
            -92.0560252052393,
            47.4768802238385
          ],
          [
            -92.0530481785063,
            47.4758476333211
          ],
          [
            -92.0470657778031,
            47.4738235003856
          ]
        ]
      },
      "properties": {
        "STATE": "MN",
        "DESCRIPTION": "Fault, sense of displacement unknown or undefined, certain",
        "RuleID": 22
      }
    },
    {
      "type": "Feature",
      "geometry": {
        "type": "LineString",
        "coordinates": [
          [
            -92.1239131118956,
            47.3791394207136
          ],
          [
            -92.1030125006602,
            47.3750647895801
          ],
          [
            -92.1015493588614,
            47.3748307288401
          ]
        ]
      },
      "properties": {
        "STATE": "MN",
        "DESCRIPTION": "Fault, sense of displacement unknown or undefined, certain",
        "RuleID": 22
      }
    },
    {
      "type": "Feature",
      "geometry": {
        "type": "LineString",
        "coordinates": [
          [
            -91.9418352236879,
            47.3531831242854
          ],
          [
            -91.8929947460567,
            47.342404871844
          ]
        ]
      },
      "properties": {
        "STATE": "MN",
        "DESCRIPTION": "Fault, sense of displacement unknown or undefined, certain",
        "RuleID": 22
      }
    },
    {
      "type": "Feature",
      "geometry": {
        "type": "LineString",
        "coordinates": [
          [
            -92.1158334576177,
            47.498304852647
          ],
          [
            -92.1083503727234,
            47.495083466865
          ],
          [
            -92.1032030872308,
            47.4932887298274
          ]
        ]
      },
      "properties": {
        "STATE": "MN",
        "DESCRIPTION": "Fault, sense of displacement unknown or undefined, certain",
        "RuleID": 22
      }
    },
    {
      "type": "Feature",
      "geometry": {
        "type": "LineString",
        "coordinates": [
          [
            -92.0010573208518,
            47.4629937530769
          ],
          [
            -91.9988198546343,
            47.4625561663997
          ],
          [
            -91.9805187585236,
            47.4601916272234
          ],
          [
            -91.9803606819831,
            47.4601691357213
          ]
        ]
      },
      "properties": {
        "STATE": "MN",
        "DESCRIPTION": "Fault, sense of displacement unknown or undefined, certain",
        "RuleID": 22
      }
    },
    {
      "type": "Feature",
      "geometry": {
        "type": "LineString",
        "coordinates": [
          [
            -91.8565022210636,
            47.3576383716152
          ],
          [
            -91.8400179514453,
            47.3614918331062
          ]
        ]
      },
      "properties": {
        "STATE": "MN",
        "DESCRIPTION": "Fault, sense of displacement unknown or undefined, certain",
        "RuleID": 22
      }
    },
    {
      "type": "Feature",
      "geometry": {
        "type": "LineString",
        "coordinates": [
          [
            -92.0661101229119,
            47.4803773357031
          ],
          [
            -92.0560252052393,
            47.4768802238385
          ]
        ]
      },
      "properties": {
        "STATE": "MN",
        "DESCRIPTION": "Fault, sense of displacement unknown or undefined, certain",
        "RuleID": 22
      }
    },
    {
      "type": "Feature",
      "geometry": {
        "type": "LineString",
        "coordinates": [
          [
            -92.1457615867914,
            47.5111797834037
          ],
          [
            -92.1158334576177,
            47.498304852647
          ]
        ]
      },
      "properties": {
        "STATE": "MN",
        "DESCRIPTION": "Fault, sense of displacement unknown or undefined, certain",
        "RuleID": 22
      }
    },
    {
      "type": "Feature",
      "geometry": {
        "type": "LineString",
        "coordinates": [
          [
            -92.1015493588614,
            47.3748307288401
          ],
          [
            -92.0901912265973,
            47.3730130418497
          ]
        ]
      },
      "properties": {
        "STATE": "MN",
        "DESCRIPTION": "Fault, sense of displacement unknown or undefined, certain",
        "RuleID": 22
      }
    },
    {
      "type": "Feature",
      "geometry": {
        "type": "LineString",
        "coordinates": [
          [
            -91.951650623419,
            47.353775552299
          ],
          [
            -91.9418352236879,
            47.3531831242854
          ]
        ]
      },
      "properties": {
        "STATE": "MN",
        "DESCRIPTION": "Fault, sense of displacement unknown or undefined, certain",
        "RuleID": 22
      }
    },
    {
      "type": "Feature",
      "geometry": {
        "type": "LineString",
        "coordinates": [
          [
            -92.1323040953015,
            47.3807740186813
          ],
          [
            -92.1239131118956,
            47.3791394207136
          ]
        ]
      },
      "properties": {
        "STATE": "MN",
        "DESCRIPTION": "Fault, sense of displacement unknown or undefined, certain",
        "RuleID": 22
      }
    },
    {
      "type": "Feature",
      "geometry": {
        "type": "LineString",
        "coordinates": [
          [
            -92.0351957495575,
            47.4702145596162
          ],
          [
            -92.0279550948055,
            47.4682502404173
          ],
          [
            -92.0010573208518,
            47.4629937530769
          ]
        ]
      },
      "properties": {
        "STATE": "MN",
        "DESCRIPTION": "Fault, sense of displacement unknown or undefined, certain",
        "RuleID": 22
      }
    },
    {
      "type": "Feature",
      "geometry": {
        "type": "LineString",
        "coordinates": [
          [
            -92.0740600164453,
            47.483133144729
          ],
          [
            -92.0661101229119,
            47.4803773357031
          ]
        ]
      },
      "properties": {
        "STATE": "MN",
        "DESCRIPTION": "Fault, sense of displacement unknown or undefined, certain",
        "RuleID": 22
      }
    },
    {
      "type": "Feature",
      "geometry": {
        "type": "LineString",
        "coordinates": [
          [
            -92.0433654527561,
            47.4725712673352
          ],
          [
            -92.0412687300858,
            47.4718616362541
          ],
          [
            -92.0351957495575,
            47.4702145596162
          ]
        ]
      },
      "properties": {
        "STATE": "MN",
        "DESCRIPTION": "Fault, sense of displacement unknown or undefined, certain",
        "RuleID": 22
      }
    },
    {
      "type": "Feature",
      "geometry": {
        "type": "LineString",
        "coordinates": [
          [
            -91.9779534162106,
            47.6193732235904
          ],
          [
            -91.9775105782166,
            47.6204152857
          ],
          [
            -91.97721726031,
            47.6211063991361
          ],
          [
            -91.9762855645282,
            47.623148160336
          ],
          [
            -91.9743410290434,
            47.6268088611157
          ],
          [
            -91.9733163935623,
            47.6290306535017
          ],
          [
            -91.9721144818482,
            47.6311905529908
          ],
          [
            -91.9704268555514,
            47.6353659997089
          ],
          [
            -91.96919502904,
            47.6390330016852
          ],
          [
            -91.9689592832617,
            47.6396647855188
          ],
          [
            -91.9688740726671,
            47.6398931414147
          ],
          [
            -91.9686499106644,
            47.6404938628355
          ],
          [
            -91.9685495284229,
            47.6407628676826
          ],
          [
            -91.9683567598444,
            47.6412794446698
          ]
        ]
      },
      "properties": {
        "STATE": "MN",
        "DESCRIPTION": "Fault, sense of displacement unknown or undefined, inferred or queried",
        "RuleID": 24
      }
    },
    {
      "type": "Feature",
      "geometry": {
        "type": "LineString",
        "coordinates": [
          [
            -91.9567623059819,
            47.6675208452335
          ],
          [
            -91.9542878920402,
            47.6653109826659
          ],
          [
            -91.9517642953367,
            47.6632223027139
          ],
          [
            -91.9516517588895,
            47.6631173386859
          ]
        ]
      },
      "properties": {
        "STATE": "MN",
        "DESCRIPTION": "Fault, sense of displacement unknown or undefined, inferred or queried",
        "RuleID": 24
      }
    },
    {
      "type": "Feature",
      "geometry": {
        "type": "LineString",
        "coordinates": [
          [
            -91.9741380888409,
            47.7589915077681
          ],
          [
            -91.9718649774729,
            47.7609050972343
          ]
        ]
      },
      "properties": {
        "STATE": "MN",
        "DESCRIPTION": "Fault, sense of displacement unknown or undefined, inferred or queried",
        "RuleID": 24
      }
    },
    {
      "type": "Feature",
      "geometry": {
        "type": "LineString",
        "coordinates": [
          [
            -92.2419618902933,
            47.5935899099535
          ],
          [
            -92.2419212118823,
            47.5935590869195
          ],
          [
            -92.2362395563565,
            47.5892534409574
          ],
          [
            -92.2320890343166,
            47.586544279316
          ],
          [
            -92.2281586282675,
            47.5842961242298
          ],
          [
            -92.2265189127181,
            47.5834868988173
          ]
        ]
      },
      "properties": {
        "STATE": "MN",
        "DESCRIPTION": "Fault, sense of displacement unknown or undefined, inferred or queried",
        "RuleID": 24
      }
    },
    {
      "type": "Feature",
      "geometry": {
        "type": "LineString",
        "coordinates": [
          [
            -91.9626630695887,
            47.638980735984
          ],
          [
            -91.9618437225063,
            47.6405427575039
          ],
          [
            -91.9616205558369,
            47.6409158443128
          ],
          [
            -91.9605889790736,
            47.6429778631591
          ],
          [
            -91.9604479193195,
            47.6432598169325
          ],
          [
            -91.960337105841,
            47.6434002579195
          ],
          [
            -91.9599257834421,
            47.643921553206
          ],
          [
            -91.9596122112208,
            47.6443189561379
          ],
          [
            -91.959354921147,
            47.6446450225559
          ]
        ]
      },
      "properties": {
        "STATE": "MN",
        "DESCRIPTION": "Fault, sense of displacement unknown or undefined, inferred or queried",
        "RuleID": 24
      }
    },
    {
      "type": "Feature",
      "geometry": {
        "type": "LineString",
        "coordinates": [
          [
            -92.0307061179895,
            47.6880742290016
          ],
          [
            -92.0307428545931,
            47.6879853030619
          ],
          [
            -92.0319506592555,
            47.6850614906589
          ],
          [
            -92.0329139523791,
            47.6830296879057
          ]
        ]
      },
      "properties": {
        "STATE": "MN",
        "DESCRIPTION": "Fault, sense of displacement unknown or undefined, inferred or queried",
        "RuleID": 24
      }
    },
    {
      "type": "Feature",
      "geometry": {
        "type": "LineString",
        "coordinates": [
          [
            -91.9571785547419,
            47.667892564531
          ],
          [
            -91.9567623059819,
            47.6675208452335
          ]
        ]
      },
      "properties": {
        "STATE": "MN",
        "DESCRIPTION": "Fault, sense of displacement unknown or undefined, inferred or queried",
        "RuleID": 24
      }
    },
    {
      "type": "Feature",
      "geometry": {
        "type": "LineString",
        "coordinates": [
          [
            -92.0927269379807,
            47.6809197985365
          ],
          [
            -92.0881333803175,
            47.6836049610668
          ],
          [
            -92.077970832933,
            47.6890723982739
          ],
          [
            -92.0747731575083,
            47.6907927410747
          ],
          [
            -92.0676507947096,
            47.6963885051888
          ],
          [
            -92.0646243588393,
            47.6994641328377
          ],
          [
            -92.0629710463898,
            47.7012743251944
          ],
          [
            -92.061248864599,
            47.7036157244095
          ],
          [
            -92.059370980515,
            47.7061688051134
          ],
          [
            -92.0585696931631,
            47.7085186992632
          ],
          [
            -92.0579447046772,
            47.7103515677551
          ],
          [
            -92.0570717191891,
            47.7138093844439
          ],
          [
            -92.0559481836869,
            47.7161709270168
          ],
          [
            -92.0526199381356,
            47.7208850551377
          ],
          [
            -92.0498216204486,
            47.7261505737061
          ],
          [
            -92.0423512521054,
            47.735571573821
          ],
          [
            -92.0379639682927,
            47.741967304666
          ]
        ]
      },
      "properties": {
        "STATE": "MN",
        "DESCRIPTION": "Fault, sense of displacement unknown or undefined, inferred or queried",
        "RuleID": 24
      }
    },
    {
      "type": "Feature",
      "geometry": {
        "type": "LineString",
        "coordinates": [
          [
            -91.9111503797701,
            47.6816230077078
          ],
          [
            -91.911060432359,
            47.6820467536618
          ]
        ]
      },
      "properties": {
        "STATE": "MN",
        "DESCRIPTION": "Fault, sense of displacement unknown or undefined, inferred or queried",
        "RuleID": 24
      }
    },
    {
      "type": "Feature",
      "geometry": {
        "type": "LineString",
        "coordinates": [
          [
            -91.9627980163073,
            47.6729204872752
          ],
          [
            -91.9625374626541,
            47.6726486979809
          ],
          [
            -91.9621594425994,
            47.6723162287393
          ]
        ]
      },
      "properties": {
        "STATE": "MN",
        "DESCRIPTION": "Fault, sense of displacement unknown or undefined, inferred or queried",
        "RuleID": 24
      }
    },
    {
      "type": "Feature",
      "geometry": {
        "type": "LineString",
        "coordinates": [
          [
            -92.2073032022908,
            47.7368584905885
          ],
          [
            -92.1790753988972,
            47.7365823015308
          ]
        ]
      },
      "properties": {
        "STATE": "MN",
        "DESCRIPTION": "Fault, sense of displacement unknown or undefined, inferred or queried",
        "RuleID": 24
      }
    },
    {
      "type": "Feature",
      "geometry": {
        "type": "LineString",
        "coordinates": [
          [
            -91.9722846685771,
            47.7879921902716
          ],
          [
            -91.9706267576516,
            47.7888050692677
          ],
          [
            -91.9647536819185,
            47.7921938516169
          ],
          [
            -91.9604199763243,
            47.7944541047398
          ],
          [
            -91.956526358981,
            47.7965758967833
          ],
          [
            -91.9535223854843,
            47.7983768740702
          ],
          [
            -91.9507737069033,
            47.8001229710801
          ],
          [
            -91.9480248450659,
            47.801869000959
          ],
          [
            -91.9462258231824,
            47.8027666599646
          ],
          [
            -91.9424568515763,
            47.8046174571804
          ],
          [
            -91.9385063834519,
            47.8070378032856
          ],
          [
            -91.9354023753619,
            47.8095230012717
          ],
          [
            -91.9323711622509,
            47.8125801434205
          ],
          [
            -91.9308095040116,
            47.8142796602002
          ],
          [
            -91.928906149096,
            47.8160902370394
          ],
          [
            -91.9270050175107,
            47.8177865336124
          ],
          [
            -91.9254559904826,
            47.8188576098409
          ],
          [
            -91.9231317407204,
            47.8204927435803
          ],
          [
            -91.9204656954674,
            47.8222388855194
          ],
          [
            -91.9175366908728,
            47.8243824328921
          ],
          [
            -91.9172798445668,
            47.8244942826955
          ]
        ]
      },
      "properties": {
        "STATE": "MN",
        "DESCRIPTION": "Fault, sense of displacement unknown or undefined, inferred or queried",
        "RuleID": 24
      }
    },
    {
      "type": "Feature",
      "geometry": {
        "type": "LineString",
        "coordinates": [
          [
            -92.0392205442885,
            47.6695325222111
          ],
          [
            -92.0434412310402,
            47.6582093896603
          ],
          [
            -92.0457850757537,
            47.6533745719154
          ],
          [
            -92.0484115313538,
            47.6484430704397
          ],
          [
            -92.0508753433785,
            47.644652887377
          ],
          [
            -92.054818207264,
            47.6392057428178
          ],
          [
            -92.0577192203544,
            47.6335384547813
          ],
          [
            -92.0581649374489,
            47.6322233886917
          ]
        ]
      },
      "properties": {
        "STATE": "MN",
        "DESCRIPTION": "Fault, sense of displacement unknown or undefined, inferred or queried",
        "RuleID": 24
      }
    },
    {
      "type": "Feature",
      "geometry": {
        "type": "LineString",
        "coordinates": [
          [
            -91.9683567598444,
            47.6412794446698
          ],
          [
            -91.9682531939736,
            47.641556970487
          ],
          [
            -91.9679432177084,
            47.6422229360093
          ]
        ]
      },
      "properties": {
        "STATE": "MN",
        "DESCRIPTION": "Fault, sense of displacement unknown or undefined, inferred or queried",
        "RuleID": 24
      }
    },
    {
      "type": "Feature",
      "geometry": {
        "type": "LineString",
        "coordinates": [
          [
            -92.0727969213754,
            47.6797869892862
          ],
          [
            -92.0698239810786,
            47.6824282371069
          ]
        ]
      },
      "properties": {
        "STATE": "MN",
        "DESCRIPTION": "Fault, sense of displacement unknown or undefined, inferred or queried",
        "RuleID": 24
      }
    },
    {
      "type": "Feature",
      "geometry": {
        "type": "LineString",
        "coordinates": [
          [
            -91.8974343495482,
            47.7880421387585
          ],
          [
            -91.8986116869495,
            47.7867844081235
          ],
          [
            -91.8986756263365,
            47.7867235126679
          ]
        ]
      },
      "properties": {
        "STATE": "MN",
        "DESCRIPTION": "Fault, sense of displacement unknown or undefined, inferred or queried",
        "RuleID": 24
      }
    },
    {
      "type": "Feature",
      "geometry": {
        "type": "LineString",
        "coordinates": [
          [
            -92.1202995712916,
            47.8099294054785
          ],
          [
            -92.1235857622128,
            47.8068529181474
          ],
          [
            -92.1274089076204,
            47.8049467090433
          ],
          [
            -92.1336248388564,
            47.8017002407119
          ],
          [
            -92.1375601757582,
            47.7998445387595
          ],
          [
            -92.1412920927571,
            47.7984694766304
          ],
          [
            -92.1450888762043,
            47.7970947763852
          ],
          [
            -92.1659475837267,
            47.7893449560532
          ]
        ]
      },
      "properties": {
        "STATE": "MN",
        "DESCRIPTION": "Fault, sense of displacement unknown or undefined, inferred or queried",
        "RuleID": 24
      }
    },
    {
      "type": "Feature",
      "geometry": {
        "type": "LineString",
        "coordinates": [
          [
            -91.9754987068147,
            47.6845557878616
          ],
          [
            -91.9726592624573,
            47.6822908669318
          ],
          [
            -91.9694675931686,
            47.6797749825612
          ],
          [
            -91.9678708925483,
            47.6785667442538
          ],
          [
            -91.9662880205935,
            47.6766621749284
          ],
          [
            -91.9648466422791,
            47.6750573294013
          ],
          [
            -91.9630966962578,
            47.673232041701
          ]
        ]
      },
      "properties": {
        "STATE": "MN",
        "DESCRIPTION": "Fault, sense of displacement unknown or undefined, inferred or queried",
        "RuleID": 24
      }
    },
    {
      "type": "Feature",
      "geometry": {
        "type": "LineString",
        "coordinates": [
          [
            -92.1840032789664,
            47.635020087122
          ],
          [
            -92.1824220392505,
            47.6360616835771
          ]
        ]
      },
      "properties": {
        "STATE": "MN",
        "DESCRIPTION": "Fault, sense of displacement unknown or undefined, inferred or queried",
        "RuleID": 24
      }
    },
    {
      "type": "Feature",
      "geometry": {
        "type": "LineString",
        "coordinates": [
          [
            -91.9516517588895,
            47.6631173386859
          ],
          [
            -91.9510884720872,
            47.6625919388044
          ]
        ]
      },
      "properties": {
        "STATE": "MN",
        "DESCRIPTION": "Fault, sense of displacement unknown or undefined, inferred or queried",
        "RuleID": 24
      }
    },
    {
      "type": "Feature",
      "geometry": {
        "type": "LineString",
        "coordinates": [
          [
            -92.1601133960623,
            47.5857076352635
          ],
          [
            -92.1604817394647,
            47.5859072431054
          ],
          [
            -92.1642006865875,
            47.5878485217525
          ]
        ]
      },
      "properties": {
        "STATE": "MN",
        "DESCRIPTION": "Fault, sense of displacement unknown or undefined, inferred or queried",
        "RuleID": 24
      }
    },
    {
      "type": "Feature",
      "geometry": {
        "type": "LineString",
        "coordinates": [
          [
            -92.1697674251307,
            47.7879250717469
          ],
          [
            -92.1723029065454,
            47.7880749468314
          ],
          [
            -92.1746459760127,
            47.7880918180118
          ],
          [
            -92.1770835581294,
            47.788306723646
          ],
          [
            -92.1806906407449,
            47.7886615311347
          ],
          [
            -92.1850818960095,
            47.788824394232
          ],
          [
            -92.1890250680171,
            47.789112395641
          ],
          [
            -92.1924244655288,
            47.7893448443982
          ],
          [
            -92.194833685137,
            47.7896170223982
          ],
          [
            -92.2006993515657,
            47.7910953971542
          ],
          [
            -92.2035171788641,
            47.7919398817493
          ]
        ]
      },
      "properties": {
        "STATE": "MN",
        "DESCRIPTION": "Fault, sense of displacement unknown or undefined, inferred or queried",
        "RuleID": 24
      }
    },
    {
      "type": "Feature",
      "geometry": {
        "type": "LineString",
        "coordinates": [
          [
            -92.1145853653115,
            47.78635785717
          ],
          [
            -92.1152044931884,
            47.7856355312512
          ],
          [
            -92.1159150704596,
            47.7848576672078
          ]
        ]
      },
      "properties": {
        "STATE": "MN",
        "DESCRIPTION": "Fault, sense of displacement unknown or undefined, inferred or queried",
        "RuleID": 24
      }
    },
    {
      "type": "Feature",
      "geometry": {
        "type": "LineString",
        "coordinates": [
          [
            -91.9591285169493,
            47.6943813324037
          ],
          [
            -91.9629775509051,
            47.6926608074646
          ],
          [
            -91.9636142022183,
            47.6923122419329
          ]
        ]
      },
      "properties": {
        "STATE": "MN",
        "DESCRIPTION": "Fault, sense of displacement unknown or undefined, inferred or queried",
        "RuleID": 24
      }
    },
    {
      "type": "Feature",
      "geometry": {
        "type": "LineString",
        "coordinates": [
          [
            -92.0460949702722,
            47.6364238468029
          ],
          [
            -92.0437979232935,
            47.638691616112
          ],
          [
            -92.0414986269333,
            47.6411483468214
          ],
          [
            -92.0379171256422,
            47.6443561053078
          ],
          [
            -92.0376404678909,
            47.6446404011029
          ]
        ]
      },
      "properties": {
        "STATE": "MN",
        "DESCRIPTION": "Fault, sense of displacement unknown or undefined, inferred or queried",
        "RuleID": 24
      }
    },
    {
      "type": "Feature",
      "geometry": {
        "type": "LineString",
        "coordinates": [
          [
            -92.2073032022908,
            47.7368584905885
          ],
          [
            -92.2024434657241,
            47.7398107894675
          ],
          [
            -92.192364911717,
            47.7457419867833
          ],
          [
            -92.1839970401667,
            47.7521647752209
          ],
          [
            -92.1809722922309,
            47.7550368467665
          ],
          [
            -92.1797844948464,
            47.7558671540938
          ]
        ]
      },
      "properties": {
        "STATE": "MN",
        "DESCRIPTION": "Fault, sense of displacement unknown or undefined, inferred or queried",
        "RuleID": 24
      }
    },
    {
      "type": "Feature",
      "geometry": {
        "type": "LineString",
        "coordinates": [
          [
            -92.0698239810786,
            47.6824282371069
          ],
          [
            -92.0643011036776,
            47.6873340027384
          ],
          [
            -92.0530544038312,
            47.6969072599267
          ],
          [
            -92.0498424856177,
            47.6996477530304
          ],
          [
            -92.0456454622872,
            47.7032287628244
          ],
          [
            -92.0452517477661,
            47.7035716761209
          ],
          [
            -92.0426092500516,
            47.705873210568
          ],
          [
            -92.0308171147243,
            47.7161437850691
          ],
          [
            -92.0203824424875,
            47.7249911932387
          ],
          [
            -92.014340964978,
            47.7300457499949
          ],
          [
            -92.0141612650902,
            47.7301918595943
          ]
        ]
      },
      "properties": {
        "STATE": "MN",
        "DESCRIPTION": "Fault, sense of displacement unknown or undefined, inferred or queried",
        "RuleID": 24
      }
    },
    {
      "type": "Feature",
      "geometry": {
        "type": "LineString",
        "coordinates": [
          [
            -92.0379639682927,
            47.741967304666
          ],
          [
            -92.0367902475087,
            47.742704413211
          ],
          [
            -92.0309166525494,
            47.7460845097871
          ],
          [
            -92.0066474030159,
            47.7617386436278
          ],
          [
            -92.002968458771,
            47.7642792355205
          ],
          [
            -92.0023287927117,
            47.7647924904882
          ]
        ]
      },
      "properties": {
        "STATE": "MN",
        "DESCRIPTION": "Fault, sense of displacement unknown or undefined, inferred or queried",
        "RuleID": 24
      }
    },
    {
      "type": "Feature",
      "geometry": {
        "type": "LineString",
        "coordinates": [
          [
            -92.0886703527701,
            47.6654748816621
          ],
          [
            -92.086253332192,
            47.6677836559348
          ]
        ]
      },
      "properties": {
        "STATE": "MN",
        "DESCRIPTION": "Fault, sense of displacement unknown or undefined, inferred or queried",
        "RuleID": 24
      }
    },
    {
      "type": "Feature",
      "geometry": {
        "type": "LineString",
        "coordinates": [
          [
            -92.1642006865875,
            47.5878485217525
          ],
          [
            -92.1662558810406,
            47.588921215057
          ]
        ]
      },
      "properties": {
        "STATE": "MN",
        "DESCRIPTION": "Fault, sense of displacement unknown or undefined, inferred or queried",
        "RuleID": 24
      }
    },
    {
      "type": "Feature",
      "geometry": {
        "type": "LineString",
        "coordinates": [
          [
            -92.2233662374993,
            47.7666919609831
          ],
          [
            -92.22430951526,
            47.7664340758115
          ],
          [
            -92.2311504736095,
            47.765403057926
          ]
        ]
      },
      "properties": {
        "STATE": "MN",
        "DESCRIPTION": "Fault, sense of displacement unknown or undefined, inferred or queried",
        "RuleID": 24
      }
    },
    {
      "type": "Feature",
      "geometry": {
        "type": "LineString",
        "coordinates": [
          [
            -91.9351221045865,
            47.7095562801386
          ],
          [
            -91.938615411978,
            47.7068606430028
          ]
        ]
      },
      "properties": {
        "STATE": "MN",
        "DESCRIPTION": "Fault, sense of displacement unknown or undefined, inferred or queried",
        "RuleID": 24
      }
    },
    {
      "type": "Feature",
      "geometry": {
        "type": "LineString",
        "coordinates": [
          [
            -92.140687586758,
            47.697503293976
          ],
          [
            -92.137061102329,
            47.699497759769
          ],
          [
            -92.1327286094604,
            47.7018801581373
          ],
          [
            -92.1279551605683,
            47.7049352617958
          ],
          [
            -92.1238999138475,
            47.7078024439804
          ],
          [
            -92.121281834139,
            47.7102940874536
          ],
          [
            -92.1169216174641,
            47.7142213119231
          ],
          [
            -92.1117019547091,
            47.7181417193185
          ],
          [
            -92.1089445732496,
            47.7203421943192
          ],
          [
            -92.105326446746,
            47.7226324954988
          ],
          [
            -92.0992478113231,
            47.7264490316911
          ],
          [
            -92.0972420781095,
            47.7278912661801
          ],
          [
            -92.0944634631716,
            47.7298890556767
          ],
          [
            -92.0921493517957,
            47.7312232006081
          ],
          [
            -92.0918702641016,
            47.7313964233979
          ],
          [
            -92.0908155296686,
            47.7320510432562
          ],
          [
            -92.0888652234064,
            47.7332614307584
          ],
          [
            -92.0875951654948,
            47.7340496006089
          ],
          [
            -92.0859247338509,
            47.7350861728624
          ],
          [
            -92.0846192122485,
            47.7360417877323
          ]
        ]
      },
      "properties": {
        "STATE": "MN",
        "DESCRIPTION": "Fault, sense of displacement unknown or undefined, inferred or queried",
        "RuleID": 24
      }
    },
    {
      "type": "Feature",
      "geometry": {
        "type": "LineString",
        "coordinates": [
          [
            -92.1524525210985,
            47.6711094352444
          ],
          [
            -92.1488681308254,
            47.6735294266681
          ],
          [
            -92.1442311755508,
            47.6766917658992
          ]
        ]
      },
      "properties": {
        "STATE": "MN",
        "DESCRIPTION": "Fault, sense of displacement unknown or undefined, inferred or queried",
        "RuleID": 24
      }
    },
    {
      "type": "Feature",
      "geometry": {
        "type": "LineString",
        "coordinates": [
          [
            -91.9129313536013,
            47.7278342004088
          ],
          [
            -91.9221351057268,
            47.7208496060316
          ],
          [
            -91.9350650992952,
            47.7096002635277
          ],
          [
            -91.9351221045865,
            47.7095562801386
          ]
        ]
      },
      "properties": {
        "STATE": "MN",
        "DESCRIPTION": "Fault, sense of displacement unknown or undefined, inferred or queried",
        "RuleID": 24
      }
    },
    {
      "type": "Feature",
      "geometry": {
        "type": "LineString",
        "coordinates": [
          [
            -91.8875044945685,
            47.7558090953196
          ],
          [
            -91.8907152009547,
            47.7539752284764
          ],
          [
            -91.8920911432889,
            47.7530172152849
          ],
          [
            -91.8934718826266,
            47.7518306856872
          ],
          [
            -91.89435066135,
            47.7510153652745
          ],
          [
            -91.8955177768216,
            47.7499047767225
          ],
          [
            -91.8972821650577,
            47.7479249951144
          ],
          [
            -91.8989396304187,
            47.7456554781497
          ],
          [
            -91.9012889063464,
            47.7427069328371
          ],
          [
            -91.9053056198331,
            47.7369745990033
          ],
          [
            -91.9088437576488,
            47.7318749937436
          ],
          [
            -91.9108547504983,
            47.7298275630779
          ]
        ]
      },
      "properties": {
        "STATE": "MN",
        "DESCRIPTION": "Fault, sense of displacement unknown or undefined, inferred or queried",
        "RuleID": 24
      }
    },
    {
      "type": "Feature",
      "geometry": {
        "type": "LineString",
        "coordinates": [
          [
            -91.911060432359,
            47.6820467536618
          ],
          [
            -91.9109147597559,
            47.6827329963329
          ],
          [
            -91.9102095723764,
            47.6876164596195
          ],
          [
            -91.9089528463619,
            47.6972320051786
          ]
        ]
      },
      "properties": {
        "STATE": "MN",
        "DESCRIPTION": "Fault, sense of displacement unknown or undefined, inferred or queried",
        "RuleID": 24
      }
    },
    {
      "type": "Feature",
      "geometry": {
        "type": "LineString",
        "coordinates": [
          [
            -92.0685053476663,
            47.6064031823759
          ],
          [
            -92.0657768506364,
            47.6055304397716
          ]
        ]
      },
      "properties": {
        "STATE": "MN",
        "DESCRIPTION": "Fault, sense of displacement unknown or undefined, inferred or queried",
        "RuleID": 24
      }
    },
    {
      "type": "Feature",
      "geometry": {
        "type": "LineString",
        "coordinates": [
          [
            -91.7902416933928,
            47.7975725857815
          ],
          [
            -91.8043092002494,
            47.792181005354
          ],
          [
            -91.8066217701162,
            47.7911533646422
          ],
          [
            -91.8086221978797,
            47.7901224385034
          ],
          [
            -91.812208352444,
            47.7879860774527
          ],
          [
            -91.8167366717563,
            47.7855788655761
          ],
          [
            -91.8192662494429,
            47.784132524561
          ],
          [
            -91.8209588991188,
            47.782887875044
          ],
          [
            -91.8224253835487,
            47.7817737372001
          ],
          [
            -91.8235830289806,
            47.7807312620789
          ],
          [
            -91.8267958814421,
            47.7773360118651
          ],
          [
            -91.8309494020583,
            47.7735503092786
          ],
          [
            -91.8334591934525,
            47.7712332850348
          ],
          [
            -91.837769744072,
            47.7679631501474
          ],
          [
            -91.8405255184455,
            47.7659912759587
          ],
          [
            -91.8442332860346,
            47.7631147542982
          ],
          [
            -91.850422606477,
            47.7591202817565
          ],
          [
            -91.853346862577,
            47.7571497868533
          ]
        ]
      },
      "properties": {
        "STATE": "MN",
        "DESCRIPTION": "Fault, sense of displacement unknown or undefined, inferred or queried",
        "RuleID": 24
      }
    },
    {
      "type": "Feature",
      "geometry": {
        "type": "LineString",
        "coordinates": [
          [
            -92.1442311755508,
            47.6766917658992
          ],
          [
            -92.1539571623684,
            47.6728321567264
          ],
          [
            -92.1607054523098,
            47.6704320233538
          ],
          [
            -92.1700128062387,
            47.6667026972577
          ],
          [
            -92.1771202489189,
            47.6644266771248
          ],
          [
            -92.1853224280117,
            47.6616680550912
          ],
          [
            -92.1922434729653,
            47.6596347465546
          ],
          [
            -92.1969736742647,
            47.6585655859567
          ],
          [
            -92.1982499673828,
            47.6581929924806
          ]
        ]
      },
      "properties": {
        "STATE": "MN",
        "DESCRIPTION": "Fault, sense of displacement unknown or undefined, inferred or queried",
        "RuleID": 24
      }
    },
    {
      "type": "Feature",
      "geometry": {
        "type": "LineString",
        "coordinates": [
          [
            -92.1790753988972,
            47.7365823015308
          ],
          [
            -92.1779716353143,
            47.7365713609215
          ],
          [
            -92.1651087944066,
            47.7369694184294
          ],
          [
            -92.1535996885809,
            47.7361487359114
          ],
          [
            -92.1468204894072,
            47.7353621583975
          ],
          [
            -92.1394405508704,
            47.7342434020464
          ],
          [
            -92.1312066423835,
            47.7334449838472
          ],
          [
            -92.1226667084221,
            47.7327982336559
          ],
          [
            -92.1132343880574,
            47.7322970395709
          ],
          [
            -92.1072523197308,
            47.7317607234411
          ],
          [
            -92.096723794208,
            47.7316783322247
          ],
          [
            -92.093681434801,
            47.7315395401733
          ],
          [
            -92.0918702641016,
            47.7313964233979
          ]
        ]
      },
      "properties": {
        "STATE": "MN",
        "DESCRIPTION": "Fault, sense of displacement unknown or undefined, inferred or queried",
        "RuleID": 24
      }
    },
    {
      "type": "Feature",
      "geometry": {
        "type": "LineString",
        "coordinates": [
          [
            -92.1083410419226,
            47.7001044706462
          ],
          [
            -92.1061350814187,
            47.7015596810069
          ],
          [
            -92.1019161050593,
            47.7042213971462
          ],
          [
            -92.0975110328073,
            47.70712645938
          ],
          [
            -92.0947639756853,
            47.7085746340592
          ],
          [
            -92.0896301846849,
            47.7115961264026
          ],
          [
            -92.0850530625981,
            47.7138869232647
          ],
          [
            -92.0799023688974,
            47.7170728925345
          ]
        ]
      },
      "properties": {
        "STATE": "MN",
        "DESCRIPTION": "Fault, sense of displacement unknown or undefined, inferred or queried",
        "RuleID": 24
      }
    },
    {
      "type": "Feature",
      "geometry": {
        "type": "LineString",
        "coordinates": [
          [
            -91.8572587399751,
            47.6951551736311
          ],
          [
            -91.8569127637248,
            47.6950324195623
          ]
        ]
      },
      "properties": {
        "STATE": "MN",
        "DESCRIPTION": "Fault, sense of displacement unknown or undefined, inferred or queried",
        "RuleID": 24
      }
    },
    {
      "type": "Feature",
      "geometry": {
        "type": "LineString",
        "coordinates": [
          [
            -92.1697674251307,
            47.7879250717469
          ],
          [
            -92.1753134089975,
            47.7858631922606
          ],
          [
            -92.1841937739089,
            47.7811146340428
          ],
          [
            -92.1892818963569,
            47.7789463379008
          ]
        ]
      },
      "properties": {
        "STATE": "MN",
        "DESCRIPTION": "Fault, sense of displacement unknown or undefined, inferred or queried",
        "RuleID": 24
      }
    },
    {
      "type": "Feature",
      "geometry": {
        "type": "LineString",
        "coordinates": [
          [
            -91.9554050108764,
            47.7490073438085
          ],
          [
            -91.9551415942924,
            47.7491706506465
          ],
          [
            -91.9540628901127,
            47.7499244217695
          ]
        ]
      },
      "properties": {
        "STATE": "MN",
        "DESCRIPTION": "Fault, sense of displacement unknown or undefined, inferred or queried",
        "RuleID": 24
      }
    },
    {
      "type": "Feature",
      "geometry": {
        "type": "LineString",
        "coordinates": [
          [
            -91.9440171874956,
            47.7426436594362
          ],
          [
            -91.9413900913966,
            47.7442324519554
          ],
          [
            -91.9384338858152,
            47.7463077399769
          ],
          [
            -91.9364419174868,
            47.7476148436667
          ]
        ]
      },
      "properties": {
        "STATE": "MN",
        "DESCRIPTION": "Fault, sense of displacement unknown or undefined, inferred or queried",
        "RuleID": 24
      }
    },
    {
      "type": "Feature",
      "geometry": {
        "type": "LineString",
        "coordinates": [
          [
            -92.0692877793805,
            47.7310107139807
          ],
          [
            -92.0647018690753,
            47.7296334835731
          ]
        ]
      },
      "properties": {
        "STATE": "MN",
        "DESCRIPTION": "Fault, sense of displacement unknown or undefined, inferred or queried",
        "RuleID": 24
      }
    },
    {
      "type": "Feature",
      "geometry": {
        "type": "LineString",
        "coordinates": [
          [
            -92.0135322081344,
            47.6684852351889
          ],
          [
            -92.0181012588584,
            47.664090753625
          ],
          [
            -92.0228394623503,
            47.6594650679613
          ],
          [
            -92.0282955509083,
            47.6540834470046
          ],
          [
            -92.03332077871,
            47.6490788447221
          ],
          [
            -92.0376404678909,
            47.6446404011029
          ]
        ]
      },
      "properties": {
        "STATE": "MN",
        "DESCRIPTION": "Fault, sense of displacement unknown or undefined, inferred or queried",
        "RuleID": 24
      }
    },
    {
      "type": "Feature",
      "geometry": {
        "type": "LineString",
        "coordinates": [
          [
            -92.0591591730424,
            47.7286287848917
          ],
          [
            -92.0577314060012,
            47.729405041039
          ],
          [
            -92.052219269756,
            47.7330341666077
          ],
          [
            -92.0519017781851,
            47.7332327165439
          ]
        ]
      },
      "properties": {
        "STATE": "MN",
        "DESCRIPTION": "Fault, sense of displacement unknown or undefined, inferred or queried",
        "RuleID": 24
      }
    },
    {
      "type": "Feature",
      "geometry": {
        "type": "LineString",
        "coordinates": [
          [
            -92.086743037091,
            47.6396502764275
          ],
          [
            -92.0588327171833,
            47.6549233167778
          ],
          [
            -92.0445447538746,
            47.664342809737
          ],
          [
            -92.0427454777679,
            47.6660967774711
          ]
        ]
      },
      "properties": {
        "STATE": "MN",
        "DESCRIPTION": "Fault, sense of displacement unknown or undefined, inferred or queried",
        "RuleID": 24
      }
    },
    {
      "type": "Feature",
      "geometry": {
        "type": "LineString",
        "coordinates": [
          [
            -92.1797844948464,
            47.7558671540938
          ],
          [
            -92.1779934446128,
            47.7571190796089
          ]
        ]
      },
      "properties": {
        "STATE": "MN",
        "DESCRIPTION": "Fault, sense of displacement unknown or undefined, inferred or queried",
        "RuleID": 24
      }
    },
    {
      "type": "Feature",
      "geometry": {
        "type": "LineString",
        "coordinates": [
          [
            -91.9108547504983,
            47.7298275630779
          ],
          [
            -91.9124648387113,
            47.7281881600587
          ],
          [
            -91.9129313536013,
            47.7278342004088
          ]
        ]
      },
      "properties": {
        "STATE": "MN",
        "DESCRIPTION": "Fault, sense of displacement unknown or undefined, inferred or queried",
        "RuleID": 24
      }
    },
    {
      "type": "Feature",
      "geometry": {
        "type": "LineString",
        "coordinates": [
          [
            -91.9636142022183,
            47.6923122419329
          ],
          [
            -91.9675972746959,
            47.6901313399651
          ],
          [
            -91.9690135792341,
            47.6892001841954
          ]
        ]
      },
      "properties": {
        "STATE": "MN",
        "DESCRIPTION": "Fault, sense of displacement unknown or undefined, inferred or queried",
        "RuleID": 24
      }
    },
    {
      "type": "Feature",
      "geometry": {
        "type": "LineString",
        "coordinates": [
          [
            -91.9551484610144,
            47.6751208887464
          ],
          [
            -91.9544842916091,
            47.6775998672123
          ],
          [
            -91.9544187011186,
            47.6808824564398
          ],
          [
            -91.9546182429944,
            47.6821647550591
          ]
        ]
      },
      "properties": {
        "STATE": "MN",
        "DESCRIPTION": "Fault, sense of displacement unknown or undefined, inferred or queried",
        "RuleID": 24
      }
    },
    {
      "type": "Feature",
      "geometry": {
        "type": "LineString",
        "coordinates": [
          [
            -91.9466383663917,
            47.7778011591564
          ],
          [
            -91.9473374730751,
            47.7771231176188
          ],
          [
            -91.9479989223817,
            47.7762307536849
          ]
        ]
      },
      "properties": {
        "STATE": "MN",
        "DESCRIPTION": "Fault, sense of displacement unknown or undefined, inferred or queried",
        "RuleID": 24
      }
    },
    {
      "type": "Feature",
      "geometry": {
        "type": "LineString",
        "coordinates": [
          [
            -92.1662558810406,
            47.588921215057
          ],
          [
            -92.1702770250183,
            47.5910197891105
          ],
          [
            -92.1769507709608,
            47.5940159728225
          ]
        ]
      },
      "properties": {
        "STATE": "MN",
        "DESCRIPTION": "Fault, sense of displacement unknown or undefined, inferred or queried",
        "RuleID": 24
      }
    },
    {
      "type": "Feature",
      "geometry": {
        "type": "LineString",
        "coordinates": [
          [
            -91.8558464311432,
            47.6946507580229
          ],
          [
            -91.8542841809141,
            47.6940852913002
          ],
          [
            -91.8512819187081,
            47.6928423062818
          ],
          [
            -91.8440998655537,
            47.688998497329
          ],
          [
            -91.7826645261422,
            47.6597058102947
          ]
        ]
      },
      "properties": {
        "STATE": "MN",
        "DESCRIPTION": "Fault, sense of displacement unknown or undefined, inferred or queried",
        "RuleID": 24
      }
    },
    {
      "type": "Feature",
      "geometry": {
        "type": "LineString",
        "coordinates": [
          [
            -91.9418643389846,
            47.6534399687825
          ],
          [
            -91.9416908635234,
            47.6532696074518
          ],
          [
            -91.9413714262017,
            47.6529199866028
          ]
        ]
      },
      "properties": {
        "STATE": "MN",
        "DESCRIPTION": "Fault, sense of displacement unknown or undefined, inferred or queried",
        "RuleID": 24
      }
    },
    {
      "type": "Feature",
      "geometry": {
        "type": "LineString",
        "coordinates": [
          [
            -91.9680986379307,
            47.7647792202095
          ],
          [
            -91.967921089508,
            47.7649688091008
          ],
          [
            -91.9622958769281,
            47.7700686207827
          ]
        ]
      },
      "properties": {
        "STATE": "MN",
        "DESCRIPTION": "Fault, sense of displacement unknown or undefined, inferred or queried",
        "RuleID": 24
      }
    },
    {
      "type": "Feature",
      "geometry": {
        "type": "LineString",
        "coordinates": [
          [
            -91.9754987068147,
            47.6845557878616
          ],
          [
            -91.9795326050727,
            47.6812677229223
          ],
          [
            -91.9832912235951,
            47.6789899198881
          ],
          [
            -91.9924945571057,
            47.6733574765227
          ]
        ]
      },
      "properties": {
        "STATE": "MN",
        "DESCRIPTION": "Fault, sense of displacement unknown or undefined, inferred or queried",
        "RuleID": 24
      }
    },
    {
      "type": "Feature",
      "geometry": {
        "type": "LineString",
        "coordinates": [
          [
            -92.1159150704596,
            47.7848576672078
          ],
          [
            -92.1159587061246,
            47.7848098988576
          ],
          [
            -92.1168848709791,
            47.7835421491891
          ],
          [
            -92.1176474660951,
            47.7822177016773
          ],
          [
            -92.1181624046705,
            47.7809467770351
          ],
          [
            -92.1187586057448,
            47.7797319042677
          ],
          [
            -92.1194351296802,
            47.7786285025807
          ],
          [
            -92.1198602834396,
            47.7778003200486
          ],
          [
            -92.1205292812895,
            47.7771402911767
          ],
          [
            -92.1206961226923,
            47.7769834566846
          ]
        ]
      },
      "properties": {
        "STATE": "MN",
        "DESCRIPTION": "Fault, sense of displacement unknown or undefined, inferred or queried",
        "RuleID": 24
      }
    },
    {
      "type": "Feature",
      "geometry": {
        "type": "LineString",
        "coordinates": [
          [
            -92.1982499673828,
            47.6581929924806
          ],
          [
            -92.2018905571583,
            47.6571300745599
          ],
          [
            -92.2071734163935,
            47.6554519130941
          ],
          [
            -92.2178246230381,
            47.6515884111982
          ]
        ]
      },
      "properties": {
        "STATE": "MN",
        "DESCRIPTION": "Fault, sense of displacement unknown or undefined, inferred or queried",
        "RuleID": 24
      }
    },
    {
      "type": "Feature",
      "geometry": {
        "type": "LineString",
        "coordinates": [
          [
            -91.9571785547419,
            47.667892564531
          ],
          [
            -91.9566950607947,
            47.6701581976305
          ],
          [
            -91.9555967050699,
            47.6735308850442
          ],
          [
            -91.9553520354275,
            47.6743987876075
          ]
        ]
      },
      "properties": {
        "STATE": "MN",
        "DESCRIPTION": "Fault, sense of displacement unknown or undefined, inferred or queried",
        "RuleID": 24
      }
    },
    {
      "type": "Feature",
      "geometry": {
        "type": "LineString",
        "coordinates": [
          [
            -92.1892818963569,
            47.7789463379008
          ],
          [
            -92.1903026852519,
            47.7785112809573
          ],
          [
            -92.1921015741847,
            47.7779245446776
          ]
        ]
      },
      "properties": {
        "STATE": "MN",
        "DESCRIPTION": "Fault, sense of displacement unknown or undefined, inferred or queried",
        "RuleID": 24
      }
    },
    {
      "type": "Feature",
      "geometry": {
        "type": "LineString",
        "coordinates": [
          [
            -92.1185618773925,
            47.6640786132145
          ],
          [
            -92.1163089421858,
            47.6660038853819
          ]
        ]
      },
      "properties": {
        "STATE": "MN",
        "DESCRIPTION": "Fault, sense of displacement unknown or undefined, inferred or queried",
        "RuleID": 24
      }
    },
    {
      "type": "Feature",
      "geometry": {
        "type": "LineString",
        "coordinates": [
          [
            -92.1007801242971,
            47.5578056902091
          ],
          [
            -92.1007537282007,
            47.5577955268544
          ],
          [
            -92.0961952434612,
            47.5560403777733
          ],
          [
            -92.0894660400246,
            47.553603548137
          ]
        ]
      },
      "properties": {
        "STATE": "MN",
        "DESCRIPTION": "Fault, sense of displacement unknown or undefined, inferred or queried",
        "RuleID": 24
      }
    },
    {
      "type": "Feature",
      "geometry": {
        "type": "LineString",
        "coordinates": [
          [
            -92.1799332136367,
            47.6378050571278
          ],
          [
            -92.1799092483815,
            47.6378200830508
          ],
          [
            -92.1716573232833,
            47.6436104944251
          ],
          [
            -92.16869764751,
            47.6456993967221
          ],
          [
            -92.1663405535444,
            47.6473399251245
          ],
          [
            -92.161032002492,
            47.6510612432484
          ],
          [
            -92.1453521957703,
            47.6610916155713
          ]
        ]
      },
      "properties": {
        "STATE": "MN",
        "DESCRIPTION": "Fault, sense of displacement unknown or undefined, inferred or queried",
        "RuleID": 24
      }
    },
    {
      "type": "Feature",
      "geometry": {
        "type": "LineString",
        "coordinates": [
          [
            -92.1206961226923,
            47.7769834566846
          ],
          [
            -92.1211141734727,
            47.7765904749253
          ],
          [
            -92.1216981206282,
            47.776096079285
          ],
          [
            -92.1226706493312,
            47.7753911966326
          ],
          [
            -92.1229468022293,
            47.7751910374292
          ],
          [
            -92.1230453833486,
            47.7750937665831
          ],
          [
            -92.1236157300107,
            47.7745309911311
          ],
          [
            -92.1241202041113,
            47.7738696861498
          ],
          [
            -92.1246520283191,
            47.773234974214
          ],
          [
            -92.1250431835399,
            47.7727681318451
          ],
          [
            -92.1265481122708,
            47.7712829936351
          ],
          [
            -92.1292870369445,
            47.7697517708834
          ],
          [
            -92.1302015156155,
            47.7691489791922
          ]
        ]
      },
      "properties": {
        "STATE": "MN",
        "DESCRIPTION": "Fault, sense of displacement unknown or undefined, inferred or queried",
        "RuleID": 24
      }
    },
    {
      "type": "Feature",
      "geometry": {
        "type": "LineString",
        "coordinates": [
          [
            -91.8997007433145,
            47.686509504842
          ],
          [
            -91.8996596373055,
            47.6867450789864
          ],
          [
            -91.8994467895837,
            47.6879648557707
          ],
          [
            -91.8992554484282,
            47.6892472282267
          ],
          [
            -91.8988811500937,
            47.6906411428998
          ],
          [
            -91.8984789024758,
            47.6919959652861
          ],
          [
            -91.8980668218988,
            47.6938165290827
          ],
          [
            -91.8970614103648,
            47.6965048253489
          ],
          [
            -91.8965498243021,
            47.6975868541383
          ],
          [
            -91.8927438564794,
            47.7048870748643
          ],
          [
            -91.8892814376589,
            47.7122098995382
          ],
          [
            -91.886816627606,
            47.7172131307326
          ],
          [
            -91.8846691644951,
            47.7208024811283
          ],
          [
            -91.8806046830932,
            47.7279250784057
          ],
          [
            -91.8775875825153,
            47.733116805815
          ],
          [
            -91.8749955305939,
            47.7385843550661
          ],
          [
            -91.8629449499594,
            47.7525378825761
          ]
        ]
      },
      "properties": {
        "STATE": "MN",
        "DESCRIPTION": "Fault, sense of displacement unknown or undefined, inferred or queried",
        "RuleID": 24
      }
    },
    {
      "type": "Feature",
      "geometry": {
        "type": "LineString",
        "coordinates": [
          [
            -92.0000000864074,
            47.6826406817837
          ],
          [
            -92.0003150492208,
            47.6822378837016
          ],
          [
            -92.0064590137244,
            47.6758939282253
          ],
          [
            -92.0103481493728,
            47.6715470905375
          ],
          [
            -92.0135322081344,
            47.6684852351889
          ]
        ]
      },
      "properties": {
        "STATE": "MN",
        "DESCRIPTION": "Fault, sense of displacement unknown or undefined, inferred or queried",
        "RuleID": 24
      }
    },
    {
      "type": "Feature",
      "geometry": {
        "type": "LineString",
        "coordinates": [
          [
            -91.9722846685771,
            47.7879921902716
          ],
          [
            -91.9639948812862,
            47.7962436053386
          ],
          [
            -91.9490507768159,
            47.8083067234269
          ],
          [
            -91.946069810072,
            47.8104784721298
          ],
          [
            -91.9419285586459,
            47.8139256115853
          ],
          [
            -91.9369141438653,
            47.8185643541415
          ],
          [
            -91.9341497142241,
            47.8213251381486
          ],
          [
            -91.9337964966543,
            47.821677864234
          ],
          [
            -91.9285343534679,
            47.8259139897218
          ],
          [
            -91.923962493712,
            47.8303734603103
          ],
          [
            -91.919733477781,
            47.8346302861985
          ],
          [
            -91.9171001392891,
            47.8372108257666
          ],
          [
            -91.9165270877997,
            47.8378073145536
          ]
        ]
      },
      "properties": {
        "STATE": "MN",
        "DESCRIPTION": "Fault, sense of displacement unknown or undefined, inferred or queried",
        "RuleID": 24
      }
    },
    {
      "type": "Feature",
      "geometry": {
        "type": "LineString",
        "coordinates": [
          [
            -91.9003737287861,
            47.6833004300954
          ],
          [
            -91.9003584547313,
            47.6834247509189
          ],
          [
            -91.9003046097131,
            47.6838629996124
          ],
          [
            -91.9001112904674,
            47.6849031400923
          ],
          [
            -91.8997392388194,
            47.6862888962572
          ],
          [
            -91.8997007433145,
            47.686509504842
          ]
        ]
      },
      "properties": {
        "STATE": "MN",
        "DESCRIPTION": "Fault, sense of displacement unknown or undefined, inferred or queried",
        "RuleID": 24
      }
    },
    {
      "type": "Feature",
      "geometry": {
        "type": "LineString",
        "coordinates": [
          [
            -92.1163089421858,
            47.6660038853819
          ],
          [
            -92.1121371183957,
            47.6695684677831
          ],
          [
            -92.0963712979855,
            47.6787891612585
          ]
        ]
      },
      "properties": {
        "STATE": "MN",
        "DESCRIPTION": "Fault, sense of displacement unknown or undefined, inferred or queried",
        "RuleID": 24
      }
    },
    {
      "type": "Feature",
      "geometry": {
        "type": "LineString",
        "coordinates": [
          [
            -92.1235001842073,
            47.6755085652026
          ],
          [
            -92.1191605200878,
            47.6784411211515
          ]
        ]
      },
      "properties": {
        "STATE": "MN",
        "DESCRIPTION": "Fault, sense of displacement unknown or undefined, inferred or queried",
        "RuleID": 24
      }
    },
    {
      "type": "Feature",
      "geometry": {
        "type": "LineString",
        "coordinates": [
          [
            -92.0799023688974,
            47.7170728925345
          ],
          [
            -92.0745936489617,
            47.7203559557775
          ],
          [
            -92.0709291038125,
            47.7222860919669
          ],
          [
            -92.0661643506123,
            47.7248195813309
          ],
          [
            -92.0599413065159,
            47.7282035340012
          ]
        ]
      },
      "properties": {
        "STATE": "MN",
        "DESCRIPTION": "Fault, sense of displacement unknown or undefined, inferred or queried",
        "RuleID": 24
      }
    },
    {
      "type": "Feature",
      "geometry": {
        "type": "LineString",
        "coordinates": [
          [
            -91.8618096303572,
            47.6964820112945
          ],
          [
            -91.8594483223947,
            47.6958947761673
          ],
          [
            -91.8588632164124,
            47.6957244288327
          ],
          [
            -91.8576243605839,
            47.695284894587
          ],
          [
            -91.8572587399751,
            47.6951551736311
          ]
        ]
      },
      "properties": {
        "STATE": "MN",
        "DESCRIPTION": "Fault, sense of displacement unknown or undefined, inferred or queried",
        "RuleID": 24
      }
    },
    {
      "type": "Feature",
      "geometry": {
        "type": "LineString",
        "coordinates": [
          [
            -92.2178246230381,
            47.6515884111982
          ],
          [
            -92.2272221516518,
            47.6481783534913
          ],
          [
            -92.2399660089035,
            47.6443439597031
          ],
          [
            -92.2439672039936,
            47.6433905154752
          ],
          [
            -92.2514333709162,
            47.6409285263716
          ],
          [
            -92.2537870485888,
            47.639991255046
          ]
        ]
      },
      "properties": {
        "STATE": "MN",
        "DESCRIPTION": "Fault, sense of displacement unknown or undefined, inferred or queried",
        "RuleID": 24
      }
    },
    {
      "type": "Feature",
      "geometry": {
        "type": "LineString",
        "coordinates": [
          [
            -92.0141612650902,
            47.7301918595943
          ],
          [
            -92.0224980782879,
            47.7079347055555
          ],
          [
            -92.0245181126807,
            47.7030484421395
          ]
        ]
      },
      "properties": {
        "STATE": "MN",
        "DESCRIPTION": "Fault, sense of displacement unknown or undefined, inferred or queried",
        "RuleID": 24
      }
    },
    {
      "type": "Feature",
      "geometry": {
        "type": "LineString",
        "coordinates": [
          [
            -92.1625639246988,
            47.7893203183123
          ],
          [
            -92.1659475837267,
            47.7893449560532
          ]
        ]
      },
      "properties": {
        "STATE": "MN",
        "DESCRIPTION": "Fault, sense of displacement unknown or undefined, inferred or queried",
        "RuleID": 24
      }
    },
    {
      "type": "Feature",
      "geometry": {
        "type": "LineString",
        "coordinates": [
          [
            -92.1921015741847,
            47.7779245446776
          ],
          [
            -92.1971616494329,
            47.7762738983907
          ],
          [
            -92.2068487526734,
            47.7725442870549
          ],
          [
            -92.2156261760432,
            47.7688076446809
          ],
          [
            -92.2233662374993,
            47.7666919609831
          ]
        ]
      },
      "properties": {
        "STATE": "MN",
        "DESCRIPTION": "Fault, sense of displacement unknown or undefined, inferred or queried",
        "RuleID": 24
      }
    },
    {
      "type": "Feature",
      "geometry": {
        "type": "LineString",
        "coordinates": [
          [
            -92.1348241176085,
            47.5720753830861
          ],
          [
            -92.1295580811236,
            47.5697228828961
          ]
        ]
      },
      "properties": {
        "STATE": "MN",
        "DESCRIPTION": "Fault, sense of displacement unknown or undefined, inferred or queried",
        "RuleID": 24
      }
    },
    {
      "type": "Feature",
      "geometry": {
        "type": "LineString",
        "coordinates": [
          [
            -92.1659475837267,
            47.7893449560532
          ],
          [
            -92.16624927483,
            47.7892328204997
          ]
        ]
      },
      "properties": {
        "STATE": "MN",
        "DESCRIPTION": "Fault, sense of displacement unknown or undefined, inferred or queried",
        "RuleID": 24
      }
    },
    {
      "type": "Feature",
      "geometry": {
        "type": "LineString",
        "coordinates": [
          [
            -92.2442496918112,
            47.6137597176319
          ],
          [
            -92.2364372548893,
            47.6173651183579
          ],
          [
            -92.2202986974165,
            47.6262066062091
          ],
          [
            -92.209500954888,
            47.6333593629533
          ],
          [
            -92.2080572526319,
            47.6342836010482
          ]
        ]
      },
      "properties": {
        "STATE": "MN",
        "DESCRIPTION": "Fault, sense of displacement unknown or undefined, inferred or queried",
        "RuleID": 24
      }
    },
    {
      "type": "Feature",
      "geometry": {
        "type": "LineString",
        "coordinates": [
          [
            -91.9566316397356,
            47.7748124430079
          ],
          [
            -91.9210078071818,
            47.8027025400392
          ]
        ]
      },
      "properties": {
        "STATE": "MN",
        "DESCRIPTION": "Fault, sense of displacement unknown or undefined, inferred or queried",
        "RuleID": 24
      }
    },
    {
      "type": "Feature",
      "geometry": {
        "type": "LineString",
        "coordinates": [
          [
            -92.1555371731891,
            47.6346362225962
          ],
          [
            -92.1520528471538,
            47.6373334386406
          ]
        ]
      },
      "properties": {
        "STATE": "MN",
        "DESCRIPTION": "Fault, sense of displacement unknown or undefined, inferred or queried",
        "RuleID": 24
      }
    },
    {
      "type": "Feature",
      "geometry": {
        "type": "LineString",
        "coordinates": [
          [
            -92.0023287927117,
            47.7647924904882
          ],
          [
            -91.9815822766835,
            47.7814315722571
          ],
          [
            -91.9724710330659,
            47.7878066512936
          ],
          [
            -91.9722846685771,
            47.7879921902716
          ]
        ]
      },
      "properties": {
        "STATE": "MN",
        "DESCRIPTION": "Fault, sense of displacement unknown or undefined, inferred or queried",
        "RuleID": 24
      }
    },
    {
      "type": "Feature",
      "geometry": {
        "type": "LineString",
        "coordinates": [
          [
            -92.0682238515889,
            47.6090437766092
          ],
          [
            -92.0657768506364,
            47.6055304397716
          ]
        ]
      },
      "properties": {
        "STATE": "MN",
        "DESCRIPTION": "Fault, sense of displacement unknown or undefined, inferred or queried",
        "RuleID": 24
      }
    },
    {
      "type": "Feature",
      "geometry": {
        "type": "LineString",
        "coordinates": [
          [
            -91.8263270605767,
            47.7311928146137
          ],
          [
            -91.8262878230634,
            47.7317257844382
          ]
        ]
      },
      "properties": {
        "STATE": "MN",
        "DESCRIPTION": "Fault, sense of displacement unknown or undefined, inferred or queried",
        "RuleID": 24
      }
    },
    {
      "type": "Feature",
      "geometry": {
        "type": "LineString",
        "coordinates": [
          [
            -92.1442311755508,
            47.6766917658992
          ],
          [
            -92.1431828532923,
            47.6774066274363
          ],
          [
            -92.1376841396741,
            47.680917493044
          ],
          [
            -92.1300037281495,
            47.6862194779139
          ],
          [
            -92.127592399297,
            47.6878840776143
          ],
          [
            -92.1235672623079,
            47.6899356401482
          ],
          [
            -92.1197128950543,
            47.6926007970926
          ],
          [
            -92.1147572938737,
            47.6959922386082
          ],
          [
            -92.1107226994213,
            47.6985332162605
          ],
          [
            -92.1083410419226,
            47.7001044706462
          ]
        ]
      },
      "properties": {
        "STATE": "MN",
        "DESCRIPTION": "Fault, sense of displacement unknown or undefined, inferred or queried",
        "RuleID": 24
      }
    },
    {
      "type": "Feature",
      "geometry": {
        "type": "LineString",
        "coordinates": [
          [
            -91.9116581435013,
            47.6796327590285
          ],
          [
            -91.9112492851812,
            47.6811570568804
          ],
          [
            -91.9111503797701,
            47.6816230077078
          ]
        ]
      },
      "properties": {
        "STATE": "MN",
        "DESCRIPTION": "Fault, sense of displacement unknown or undefined, inferred or queried",
        "RuleID": 24
      }
    },
    {
      "type": "Feature",
      "geometry": {
        "type": "LineString",
        "coordinates": [
          [
            -91.9466383663917,
            47.7778011591564
          ],
          [
            -91.9450030705536,
            47.7793871005849
          ],
          [
            -91.9435345289816,
            47.7807448403696
          ]
        ]
      },
      "properties": {
        "STATE": "MN",
        "DESCRIPTION": "Fault, sense of displacement unknown or undefined, inferred or queried",
        "RuleID": 24
      }
    },
    {
      "type": "Feature",
      "geometry": {
        "type": "LineString",
        "coordinates": [
          [
            -91.9553520354275,
            47.6743987876075
          ],
          [
            -91.9551484610144,
            47.6751208887464
          ]
        ]
      },
      "properties": {
        "STATE": "MN",
        "DESCRIPTION": "Fault, sense of displacement unknown or undefined, inferred or queried",
        "RuleID": 24
      }
    },
    {
      "type": "Feature",
      "geometry": {
        "type": "LineString",
        "coordinates": [
          [
            -91.9622958769281,
            47.7700686207827
          ],
          [
            -91.9598085928234,
            47.7723231798578
          ],
          [
            -91.9566316397356,
            47.7748124430079
          ]
        ]
      },
      "properties": {
        "STATE": "MN",
        "DESCRIPTION": "Fault, sense of displacement unknown or undefined, inferred or queried",
        "RuleID": 24
      }
    },
    {
      "type": "Feature",
      "geometry": {
        "type": "LineString",
        "coordinates": [
          [
            -91.9930432319116,
            47.7534421016761
          ],
          [
            -91.9901759155259,
            47.7550936556462
          ],
          [
            -91.9870194646879,
            47.7570770102862
          ],
          [
            -91.9840040448579,
            47.7590577149334
          ]
        ]
      },
      "properties": {
        "STATE": "MN",
        "DESCRIPTION": "Fault, sense of displacement unknown or undefined, inferred or queried",
        "RuleID": 24
      }
    },
    {
      "type": "Feature",
      "geometry": {
        "type": "LineString",
        "coordinates": [
          [
            -91.9840040448579,
            47.7590577149334
          ],
          [
            -91.9828310014037,
            47.7598281754964
          ],
          [
            -91.9810438372819,
            47.7610921579585
          ],
          [
            -91.978641203223,
            47.7626248874365
          ],
          [
            -91.977130342018,
            47.7636170145775
          ],
          [
            -91.9765620507013,
            47.7639890851534
          ]
        ]
      },
      "properties": {
        "STATE": "MN",
        "DESCRIPTION": "Fault, sense of displacement unknown or undefined, inferred or queried",
        "RuleID": 24
      }
    },
    {
      "type": "Feature",
      "geometry": {
        "type": "LineString",
        "coordinates": [
          [
            -92.1105790480275,
            47.7908370337007
          ],
          [
            -92.1118424287617,
            47.7897747796078
          ],
          [
            -92.1144493154617,
            47.7865165809363
          ],
          [
            -92.1145853653115,
            47.78635785717
          ]
        ]
      },
      "properties": {
        "STATE": "MN",
        "DESCRIPTION": "Fault, sense of displacement unknown or undefined, inferred or queried",
        "RuleID": 24
      }
    },
    {
      "type": "Feature",
      "geometry": {
        "type": "LineString",
        "coordinates": [
          [
            -91.8986756263365,
            47.7867235126679
          ],
          [
            -91.9095974711216,
            47.7763192495546
          ]
        ]
      },
      "properties": {
        "STATE": "MN",
        "DESCRIPTION": "Fault, sense of displacement unknown or undefined, inferred or queried",
        "RuleID": 24
      }
    },
    {
      "type": "Feature",
      "geometry": {
        "type": "LineString",
        "coordinates": [
          [
            -92.0647018690753,
            47.7296334835731
          ],
          [
            -92.0599413065159,
            47.7282035340012
          ]
        ]
      },
      "properties": {
        "STATE": "MN",
        "DESCRIPTION": "Fault, sense of displacement unknown or undefined, inferred or queried",
        "RuleID": 24
      }
    },
    {
      "type": "Feature",
      "geometry": {
        "type": "LineString",
        "coordinates": [
          [
            -92.0830742420122,
            47.7042274847475
          ],
          [
            -92.080990318538,
            47.7058880760545
          ],
          [
            -92.0800323128982,
            47.7066261553357
          ]
        ]
      },
      "properties": {
        "STATE": "MN",
        "DESCRIPTION": "Fault, sense of displacement unknown or undefined, inferred or queried",
        "RuleID": 24
      }
    },
    {
      "type": "Feature",
      "geometry": {
        "type": "LineString",
        "coordinates": [
          [
            -92.0886703527701,
            47.6654748816621
          ],
          [
            -92.0898181176322,
            47.6643784279534
          ],
          [
            -92.095019225685,
            47.6602250811411
          ],
          [
            -92.1119606245952,
            47.6481387215714
          ],
          [
            -92.1237134325776,
            47.6392929832614
          ],
          [
            -92.1316343401718,
            47.6335173789904
          ],
          [
            -92.1477223350704,
            47.6229263890158
          ],
          [
            -92.1484363313296,
            47.604079300744
          ],
          [
            -92.1476388645125,
            47.5985194607036
          ],
          [
            -92.1476549659157,
            47.5975281905849
          ]
        ]
      },
      "properties": {
        "STATE": "MN",
        "DESCRIPTION": "Fault, sense of displacement unknown or undefined, inferred or queried",
        "RuleID": 24
      }
    },
    {
      "type": "Feature",
      "geometry": {
        "type": "LineString",
        "coordinates": [
          [
            -92.0427454777679,
            47.6660967774711
          ],
          [
            -92.0392205442885,
            47.6695325222111
          ]
        ]
      },
      "properties": {
        "STATE": "MN",
        "DESCRIPTION": "Fault, sense of displacement unknown or undefined, inferred or queried",
        "RuleID": 24
      }
    },
    {
      "type": "Feature",
      "geometry": {
        "type": "LineString",
        "coordinates": [
          [
            -92.2740448209153,
            47.7989467411602
          ],
          [
            -92.2736494930201,
            47.7987573527801
          ],
          [
            -92.2698739565259,
            47.7975712630299
          ],
          [
            -92.2679775752319,
            47.7969977836774
          ],
          [
            -92.2644161737453,
            47.7963334182872
          ],
          [
            -92.2597792005044,
            47.7959828077631
          ],
          [
            -92.2573478859334,
            47.7955959843906
          ],
          [
            -92.2543757415439,
            47.794810902168
          ],
          [
            -92.2506538722015,
            47.7935264890005
          ],
          [
            -92.2477166174793,
            47.7918795457538
          ],
          [
            -92.2459313173618,
            47.7905994646639
          ],
          [
            -92.243922275653,
            47.7896238465958
          ],
          [
            -92.2415539877807,
            47.7888062202317
          ],
          [
            -92.2390702924455,
            47.7877471820389
          ],
          [
            -92.2374120096175,
            47.7872148751301
          ],
          [
            -92.234328816391,
            47.7864725466122
          ],
          [
            -92.2291074746847,
            47.7854751950318
          ],
          [
            -92.2230486560969,
            47.784792739905
          ],
          [
            -92.2161571100205,
            47.7841042808485
          ],
          [
            -92.2109327230255,
            47.7833466812354
          ],
          [
            -92.2057097104528,
            47.7825086533685
          ],
          [
            -92.202271546145,
            47.7816828059145
          ],
          [
            -92.1993094000047,
            47.7808601760177
          ],
          [
            -92.1962357891072,
            47.7795554878076
          ],
          [
            -92.1936332529481,
            47.778574827071
          ],
          [
            -92.1921015741847,
            47.7779245446776
          ]
        ]
      },
      "properties": {
        "STATE": "MN",
        "DESCRIPTION": "Fault, sense of displacement unknown or undefined, inferred or queried",
        "RuleID": 24
      }
    },
    {
      "type": "Feature",
      "geometry": {
        "type": "LineString",
        "coordinates": [
          [
            -91.9614231995622,
            47.7635960734253
          ],
          [
            -91.9602277997355,
            47.7645647969855
          ]
        ]
      },
      "properties": {
        "STATE": "MN",
        "DESCRIPTION": "Fault, sense of displacement unknown or undefined, inferred or queried",
        "RuleID": 24
      }
    },
    {
      "type": "Feature",
      "geometry": {
        "type": "LineString",
        "coordinates": [
          [
            -91.8099531166518,
            47.836621589536
          ],
          [
            -91.8090964769087,
            47.8285496613926
          ],
          [
            -91.809077382319,
            47.824833450033
          ],
          [
            -91.8105330276767,
            47.8203612775752
          ],
          [
            -91.8118555570824,
            47.8171497507998
          ],
          [
            -91.8154318706028,
            47.8109466017235
          ],
          [
            -91.8178968549289,
            47.8078169003795
          ],
          [
            -91.8212034376071,
            47.804275108957
          ],
          [
            -91.824924151716,
            47.8008075739748
          ],
          [
            -91.8276604748687,
            47.7986490168346
          ],
          [
            -91.8317983827653,
            47.7958996697331
          ],
          [
            -91.8365336613427,
            47.7929257055644
          ],
          [
            -91.8406015473596,
            47.7901973632748
          ],
          [
            -91.8472459004259,
            47.7843468490031
          ],
          [
            -91.8530897431831,
            47.7787962849753
          ],
          [
            -91.8568734714143,
            47.7753139492001
          ],
          [
            -91.8603199918508,
            47.7713838566723
          ],
          [
            -91.8664327066607,
            47.7671688278126
          ],
          [
            -91.8757405923922,
            47.7616277824557
          ],
          [
            -91.8774414176355,
            47.7615554161368
          ],
          [
            -91.886774952065,
            47.7562257606321
          ]
        ]
      },
      "properties": {
        "STATE": "MN",
        "DESCRIPTION": "Fault, sense of displacement unknown or undefined, inferred or queried",
        "RuleID": 24
      }
    },
    {
      "type": "Feature",
      "geometry": {
        "type": "LineString",
        "coordinates": [
          [
            -92.0722979557441,
            47.7125838723112
          ],
          [
            -92.0691697218875,
            47.7149929910689
          ],
          [
            -92.0633495245853,
            47.7198545893767
          ],
          [
            -92.0591859733806,
            47.7241479393762
          ],
          [
            -92.0554505700201,
            47.7287501885199
          ],
          [
            -92.0519017781851,
            47.7332327165439
          ]
        ]
      },
      "properties": {
        "STATE": "MN",
        "DESCRIPTION": "Fault, sense of displacement unknown or undefined, inferred or queried",
        "RuleID": 24
      }
    },
    {
      "type": "Feature",
      "geometry": {
        "type": "LineString",
        "coordinates": [
          [
            -92.1191605200878,
            47.6784411211515
          ],
          [
            -92.1124497626573,
            47.6829749812129
          ],
          [
            -92.0927709212936,
            47.6964986908947
          ],
          [
            -92.0909136867831,
            47.6979790094064
          ],
          [
            -92.0830742420122,
            47.7042274847475
          ]
        ]
      },
      "properties": {
        "STATE": "MN",
        "DESCRIPTION": "Fault, sense of displacement unknown or undefined, inferred or queried",
        "RuleID": 24
      }
    },
    {
      "type": "Feature",
      "geometry": {
        "type": "LineString",
        "coordinates": [
          [
            -91.9602277997355,
            47.7645647969855
          ],
          [
            -91.9570302518716,
            47.7671557718847
          ],
          [
            -91.9541780020298,
            47.7699294553093
          ],
          [
            -91.9511582657949,
            47.7725872639625
          ],
          [
            -91.9485573349253,
            47.7754773720948
          ],
          [
            -91.9479989223817,
            47.7762307536849
          ]
        ]
      },
      "properties": {
        "STATE": "MN",
        "DESCRIPTION": "Fault, sense of displacement unknown or undefined, inferred or queried",
        "RuleID": 24
      }
    },
    {
      "type": "Feature",
      "geometry": {
        "type": "LineString",
        "coordinates": [
          [
            -92.0647018690753,
            47.7296334835731
          ],
          [
            -92.0671360762215,
            47.7297560341092
          ],
          [
            -92.0691904011054,
            47.7295421432963
          ],
          [
            -92.0733714910177,
            47.7293061576654
          ],
          [
            -92.0758249248059,
            47.7294442970519
          ],
          [
            -92.0802035596391,
            47.7298345353042
          ],
          [
            -92.0847462555892,
            47.7308768584344
          ],
          [
            -92.0866653175476,
            47.7314839134033
          ],
          [
            -92.0883254473117,
            47.7318521728137
          ],
          [
            -92.0893758078476,
            47.7319788672151
          ],
          [
            -92.0908155296686,
            47.7320510432562
          ]
        ]
      },
      "properties": {
        "STATE": "MN",
        "DESCRIPTION": "Fault, sense of displacement unknown or undefined, inferred or queried",
        "RuleID": 24
      }
    },
    {
      "type": "Feature",
      "geometry": {
        "type": "LineString",
        "coordinates": [
          [
            -92.2483492730862,
            47.5321447220851
          ],
          [
            -92.243106907209,
            47.5314642844289
          ],
          [
            -92.2423822147097,
            47.5313731515166
          ],
          [
            -92.2422382533972,
            47.531351513545
          ],
          [
            -92.2357046015199,
            47.5304778275716
          ],
          [
            -92.2278435459782,
            47.5292244461469
          ],
          [
            -92.2190040265645,
            47.5275636264639
          ],
          [
            -92.2090143410918,
            47.5255482554903
          ],
          [
            -92.1995059819315,
            47.5227293381768
          ],
          [
            -92.1885743113739,
            47.5200372158504
          ],
          [
            -92.173627296362,
            47.5165026786553
          ]
        ]
      },
      "properties": {
        "STATE": "MN",
        "DESCRIPTION": "Fault, sense of displacement unknown or undefined, inferred or queried",
        "RuleID": 24
      }
    },
    {
      "type": "Feature",
      "geometry": {
        "type": "LineString",
        "coordinates": [
          [
            -91.938615411978,
            47.7068606430028
          ],
          [
            -91.9399670494938,
            47.7058175370438
          ],
          [
            -91.9436581434529,
            47.7032804515719
          ],
          [
            -91.9480350589106,
            47.7002924487718
          ],
          [
            -91.9565942311923,
            47.6955140290932
          ],
          [
            -91.9591285169493,
            47.6943813324037
          ]
        ]
      },
      "properties": {
        "STATE": "MN",
        "DESCRIPTION": "Fault, sense of displacement unknown or undefined, inferred or queried",
        "RuleID": 24
      }
    },
    {
      "type": "Feature",
      "geometry": {
        "type": "LineString",
        "coordinates": [
          [
            -91.7796895421781,
            47.8996269820723
          ],
          [
            -91.7801616239279,
            47.8992348763704
          ],
          [
            -91.7821079326871,
            47.8974269760133
          ],
          [
            -91.7843738341766,
            47.8949942029898
          ],
          [
            -91.7865572622382,
            47.8924462418984
          ],
          [
            -91.7879534768534,
            47.89086122182
          ],
          [
            -91.792048714774,
            47.8864478790642
          ],
          [
            -91.7948284678774,
            47.8837917620919
          ],
          [
            -91.7976158710337,
            47.8807928501514
          ],
          [
            -91.8001455888575,
            47.8779054450404
          ],
          [
            -91.8031844367501,
            47.875023291668
          ],
          [
            -91.8148239680736,
            47.8653573036874
          ],
          [
            -91.8250777528499,
            47.8568380917827
          ],
          [
            -91.8338846436559,
            47.8507128056318
          ],
          [
            -91.8398498272483,
            47.8458596426193
          ],
          [
            -91.8464331631474,
            47.8398696801189
          ],
          [
            -91.8548317463006,
            47.8322976782553
          ],
          [
            -91.8608116047715,
            47.8265865385185
          ],
          [
            -91.8660305327046,
            47.8206961622214
          ],
          [
            -91.87090161679,
            47.8151449351095
          ],
          [
            -91.8746483002956,
            47.8105537789965
          ],
          [
            -91.8777847752966,
            47.8066992907538
          ],
          [
            -91.8807389372107,
            47.803414290488
          ],
          [
            -91.889175489456,
            47.7959493994079
          ],
          [
            -91.8938407084244,
            47.7918807099269
          ],
          [
            -91.8974343495482,
            47.7880421387585
          ]
        ]
      },
      "properties": {
        "STATE": "MN",
        "DESCRIPTION": "Fault, sense of displacement unknown or undefined, inferred or queried",
        "RuleID": 24
      }
    },
    {
      "type": "Feature",
      "geometry": {
        "type": "LineString",
        "coordinates": [
          [
            -92.1476549659157,
            47.5975281905849
          ],
          [
            -92.147678091246,
            47.5961042205863
          ]
        ]
      },
      "properties": {
        "STATE": "MN",
        "DESCRIPTION": "Fault, sense of displacement unknown or undefined, inferred or queried",
        "RuleID": 24
      }
    },
    {
      "type": "Feature",
      "geometry": {
        "type": "LineString",
        "coordinates": [
          [
            -91.9621594425994,
            47.6723162287393
          ],
          [
            -91.9603658824728,
            47.6707387182177
          ],
          [
            -91.9571785547419,
            47.667892564531
          ]
        ]
      },
      "properties": {
        "STATE": "MN",
        "DESCRIPTION": "Fault, sense of displacement unknown or undefined, inferred or queried",
        "RuleID": 24
      }
    },
    {
      "type": "Feature",
      "geometry": {
        "type": "LineString",
        "coordinates": [
          [
            -91.8100686525738,
            47.7844324748345
          ],
          [
            -91.8221457559671,
            47.7687553030466
          ],
          [
            -91.8625239967223,
            47.7146735688616
          ]
        ]
      },
      "properties": {
        "STATE": "MN",
        "DESCRIPTION": "Fault, sense of displacement unknown or undefined, inferred or queried",
        "RuleID": 24
      }
    },
    {
      "type": "Feature",
      "geometry": {
        "type": "LineString",
        "coordinates": [
          [
            -92.0751215969391,
            47.7104090625002
          ],
          [
            -92.0729431114081,
            47.7120869867642
          ],
          [
            -92.0722979557441,
            47.7125838723112
          ]
        ]
      },
      "properties": {
        "STATE": "MN",
        "DESCRIPTION": "Fault, sense of displacement unknown or undefined, inferred or queried",
        "RuleID": 24
      }
    },
    {
      "type": "Feature",
      "geometry": {
        "type": "LineString",
        "coordinates": [
          [
            -91.8075971141393,
            47.747397091573
          ],
          [
            -91.812112094368,
            47.7433681537908
          ],
          [
            -91.8162404720378,
            47.7397845817171
          ],
          [
            -91.8197800992602,
            47.7366552414856
          ],
          [
            -91.8237334635531,
            47.7332547471903
          ],
          [
            -91.8263270605767,
            47.7311928146137
          ]
        ]
      },
      "properties": {
        "STATE": "MN",
        "DESCRIPTION": "Fault, sense of displacement unknown or undefined, inferred or queried",
        "RuleID": 24
      }
    },
    {
      "type": "Feature",
      "geometry": {
        "type": "LineString",
        "coordinates": [
          [
            -92.1573840662941,
            47.5842158509482
          ],
          [
            -92.1584899903252,
            47.5848278690507
          ],
          [
            -92.1601133960623,
            47.5857076352635
          ]
        ]
      },
      "properties": {
        "STATE": "MN",
        "DESCRIPTION": "Fault, sense of displacement unknown or undefined, inferred or queried",
        "RuleID": 24
      }
    },
    {
      "type": "Feature",
      "geometry": {
        "type": "LineString",
        "coordinates": [
          [
            -91.9704049878625,
            47.7623163084735
          ],
          [
            -91.9680986379307,
            47.7647792202095
          ]
        ]
      },
      "properties": {
        "STATE": "MN",
        "DESCRIPTION": "Fault, sense of displacement unknown or undefined, inferred or queried",
        "RuleID": 24
      }
    },
    {
      "type": "Feature",
      "geometry": {
        "type": "LineString",
        "coordinates": [
          [
            -91.886774952065,
            47.7562257606321
          ],
          [
            -91.8875044945685,
            47.7558090953196
          ]
        ]
      },
      "properties": {
        "STATE": "MN",
        "DESCRIPTION": "Fault, sense of displacement unknown or undefined, inferred or queried",
        "RuleID": 24
      }
    },
    {
      "type": "Feature",
      "geometry": {
        "type": "LineString",
        "coordinates": [
          [
            -92.1892818963569,
            47.7789463379008
          ],
          [
            -92.189988627042,
            47.7784773591193
          ]
        ]
      },
      "properties": {
        "STATE": "MN",
        "DESCRIPTION": "Fault, sense of displacement unknown or undefined, inferred or queried",
        "RuleID": 24
      }
    },
    {
      "type": "Feature",
      "geometry": {
        "type": "LineString",
        "coordinates": [
          [
            -91.9098245131231,
            47.764448661346
          ],
          [
            -91.9126393104041,
            47.7621263469968
          ],
          [
            -91.9172949048225,
            47.7582851401767
          ],
          [
            -91.9237171934523,
            47.7533926145887
          ],
          [
            -91.9302561732376,
            47.7485172293511
          ],
          [
            -91.9392098945751,
            47.7414698052894
          ],
          [
            -91.9411774475925,
            47.7400408947869
          ]
        ]
      },
      "properties": {
        "STATE": "MN",
        "DESCRIPTION": "Fault, sense of displacement unknown or undefined, inferred or queried",
        "RuleID": 24
      }
    },
    {
      "type": "Feature",
      "geometry": {
        "type": "LineString",
        "coordinates": [
          [
            -92.1520528471538,
            47.6373334386406
          ],
          [
            -92.1503817381802,
            47.6386269059387
          ]
        ]
      },
      "properties": {
        "STATE": "MN",
        "DESCRIPTION": "Fault, sense of displacement unknown or undefined, inferred or queried",
        "RuleID": 24
      }
    },
    {
      "type": "Feature",
      "geometry": {
        "type": "LineString",
        "coordinates": [
          [
            -92.189988627042,
            47.7784773591193
          ],
          [
            -92.1938969866375,
            47.7758835681388
          ],
          [
            -92.1979373644437,
            47.7730947721582
          ],
          [
            -92.2039831026626,
            47.7698298289854
          ],
          [
            -92.2089288843588,
            47.7671694044398
          ]
        ]
      },
      "properties": {
        "STATE": "MN",
        "DESCRIPTION": "Fault, sense of displacement unknown or undefined, inferred or queried",
        "RuleID": 24
      }
    },
    {
      "type": "Feature",
      "geometry": {
        "type": "LineString",
        "coordinates": [
          [
            -92.1295580811236,
            47.5697228828961
          ],
          [
            -92.1286632432179,
            47.5693172930201
          ]
        ]
      },
      "properties": {
        "STATE": "MN",
        "DESCRIPTION": "Fault, sense of displacement unknown or undefined, inferred or queried",
        "RuleID": 24
      }
    },
    {
      "type": "Feature",
      "geometry": {
        "type": "LineString",
        "coordinates": [
          [
            -92.0389150587014,
            47.6703582127502
          ],
          [
            -92.0392205442885,
            47.6695325222111
          ]
        ]
      },
      "properties": {
        "STATE": "MN",
        "DESCRIPTION": "Fault, sense of displacement unknown or undefined, inferred or queried",
        "RuleID": 24
      }
    },
    {
      "type": "Feature",
      "geometry": {
        "type": "LineString",
        "coordinates": [
          [
            -92.23647355042,
            47.6079418470877
          ],
          [
            -92.2253018724763,
            47.6040095247294
          ],
          [
            -92.2134371263246,
            47.5988659140888
          ],
          [
            -92.2056601530935,
            47.5945932628262
          ],
          [
            -92.1996422743265,
            47.5918994488282
          ]
        ]
      },
      "properties": {
        "STATE": "MN",
        "DESCRIPTION": "Fault, sense of displacement unknown or undefined, inferred or queried",
        "RuleID": 24
      }
    },
    {
      "type": "Feature",
      "geometry": {
        "type": "LineString",
        "coordinates": [
          [
            -92.0245181126807,
            47.7030484421395
          ],
          [
            -92.026956761996,
            47.6971472182975
          ],
          [
            -92.0307061179895,
            47.6880742290016
          ]
        ]
      },
      "properties": {
        "STATE": "MN",
        "DESCRIPTION": "Fault, sense of displacement unknown or undefined, inferred or queried",
        "RuleID": 24
      }
    },
    {
      "type": "Feature",
      "geometry": {
        "type": "LineString",
        "coordinates": [
          [
            -92.0657768506364,
            47.6055304397716
          ],
          [
            -92.0632906319336,
            47.604735109934
          ],
          [
            -92.0594537440988,
            47.6034229303312
          ],
          [
            -92.0557635834893,
            47.6020625709792
          ],
          [
            -92.0513471807866,
            47.6005975644971
          ],
          [
            -92.0463511581131,
            47.5989797887704
          ],
          [
            -92.0438186510203,
            47.5980720100421
          ],
          [
            -92.0404933546382,
            47.5967141957337
          ],
          [
            -92.0392627013265,
            47.5963098084039
          ]
        ]
      },
      "properties": {
        "STATE": "MN",
        "DESCRIPTION": "Fault, sense of displacement unknown or undefined, inferred or queried",
        "RuleID": 24
      }
    },
    {
      "type": "Feature",
      "geometry": {
        "type": "LineString",
        "coordinates": [
          [
            -92.1286632432179,
            47.5693172930201
          ],
          [
            -92.1264653576702,
            47.5683170437303
          ],
          [
            -92.1234260507385,
            47.5664420648818
          ],
          [
            -92.1185582994027,
            47.564037078314
          ],
          [
            -92.1141365975382,
            47.5619517428456
          ],
          [
            -92.1107179464351,
            47.5607731617836
          ],
          [
            -92.1072219764372,
            47.5597261972595
          ],
          [
            -92.1040152954017,
            47.5588288156121
          ],
          [
            -92.1037902593382,
            47.5587658367471
          ]
        ]
      },
      "properties": {
        "STATE": "MN",
        "DESCRIPTION": "Fault, sense of displacement unknown or undefined, inferred or queried",
        "RuleID": 24
      }
    },
    {
      "type": "Feature",
      "geometry": {
        "type": "LineString",
        "coordinates": [
          [
            -92.1699107603174,
            47.6598624996551
          ],
          [
            -92.1659091573921,
            47.6625084429714
          ],
          [
            -92.1573018443944,
            47.6678348873885
          ],
          [
            -92.1524525210985,
            47.6711094352444
          ]
        ]
      },
      "properties": {
        "STATE": "MN",
        "DESCRIPTION": "Fault, sense of displacement unknown or undefined, inferred or queried",
        "RuleID": 24
      }
    },
    {
      "type": "Feature",
      "geometry": {
        "type": "LineString",
        "coordinates": [
          [
            -91.9945158248855,
            47.6900542840246
          ],
          [
            -91.9956014694491,
            47.6882651428442
          ],
          [
            -92.0000000864074,
            47.6826406817837
          ]
        ]
      },
      "properties": {
        "STATE": "MN",
        "DESCRIPTION": "Fault, sense of displacement unknown or undefined, inferred or queried",
        "RuleID": 24
      }
    },
    {
      "type": "Feature",
      "geometry": {
        "type": "LineString",
        "coordinates": [
          [
            -92.189988627042,
            47.7784773591193
          ],
          [
            -92.1876421448749,
            47.7773223741271
          ],
          [
            -92.1824387613895,
            47.775350593992
          ],
          [
            -92.1780825449125,
            47.7732139270555
          ],
          [
            -92.1753141788537,
            47.7721128376261
          ],
          [
            -92.1737275878736,
            47.7710201937319
          ],
          [
            -92.1717172454043,
            47.7700382858373
          ],
          [
            -92.1702097645597,
            47.7692876063768
          ],
          [
            -92.1687120403174,
            47.7687476905918
          ],
          [
            -92.167527080711,
            47.7681300407482
          ],
          [
            -92.1656830325705,
            47.7673199522192
          ],
          [
            -92.1631620409813,
            47.7666187147202
          ],
          [
            -92.1614795907773,
            47.7662649927742
          ],
          [
            -92.1601365779865,
            47.7657999167887
          ],
          [
            -92.1598585790504,
            47.7656281042532
          ],
          [
            -92.1596347862553,
            47.7655117089309
          ],
          [
            -92.1555196928719,
            47.7642295486062
          ],
          [
            -92.1482198292613,
            47.7616452666853
          ],
          [
            -92.1423609918254,
            47.7598715886493
          ],
          [
            -92.1375405017551,
            47.7583378679733
          ],
          [
            -92.1327327399141,
            47.7560552396786
          ],
          [
            -92.1297769619308,
            47.7548903406408
          ],
          [
            -92.1245702214411,
            47.7530030360586
          ],
          [
            -92.1176498726818,
            47.7505453137778
          ],
          [
            -92.113093259133,
            47.7489070383698
          ],
          [
            -92.1051613399901,
            47.7460972073697
          ],
          [
            -92.0940368604297,
            47.741429487882
          ],
          [
            -92.0849410606485,
            47.7373494343604
          ],
          [
            -92.0765174477365,
            47.7337321096077
          ],
          [
            -92.0709555313499,
            47.7315115041436
          ],
          [
            -92.0692877793805,
            47.7310107139807
          ]
        ]
      },
      "properties": {
        "STATE": "MN",
        "DESCRIPTION": "Fault, sense of displacement unknown or undefined, inferred or queried",
        "RuleID": 24
      }
    },
    {
      "type": "Feature",
      "geometry": {
        "type": "LineString",
        "coordinates": [
          [
            -92.1417281924881,
            47.6634090319597
          ],
          [
            -92.1417043628786,
            47.6634242695284
          ],
          [
            -92.1356639929918,
            47.667286142529
          ],
          [
            -92.1235001842073,
            47.6755085652026
          ]
        ]
      },
      "properties": {
        "STATE": "MN",
        "DESCRIPTION": "Fault, sense of displacement unknown or undefined, inferred or queried",
        "RuleID": 24
      }
    },
    {
      "type": "Feature",
      "geometry": {
        "type": "LineString",
        "coordinates": [
          [
            -91.9666832272162,
            47.7247974468042
          ],
          [
            -91.9579773348959,
            47.7324891986675
          ],
          [
            -91.9548775938034,
            47.7350321213299
          ],
          [
            -91.9504088435742,
            47.7382480735555
          ],
          [
            -91.9471447772601,
            47.7405036033801
          ],
          [
            -91.9448890033771,
            47.742116374077
          ],
          [
            -91.9440171874956,
            47.7426436594362
          ]
        ]
      },
      "properties": {
        "STATE": "MN",
        "DESCRIPTION": "Fault, sense of displacement unknown or undefined, inferred or queried",
        "RuleID": 24
      }
    },
    {
      "type": "Feature",
      "geometry": {
        "type": "LineString",
        "coordinates": [
          [
            -92.1824220392505,
            47.6360616835771
          ],
          [
            -92.1823550132522,
            47.6361058330687
          ],
          [
            -92.1799332136367,
            47.6378050571278
          ]
        ]
      },
      "properties": {
        "STATE": "MN",
        "DESCRIPTION": "Fault, sense of displacement unknown or undefined, inferred or queried",
        "RuleID": 24
      }
    },
    {
      "type": "Feature",
      "geometry": {
        "type": "LineString",
        "coordinates": [
          [
            -92.2247779175104,
            47.6086858944517
          ],
          [
            -92.2442496918112,
            47.6137597176319
          ]
        ]
      },
      "properties": {
        "STATE": "MN",
        "DESCRIPTION": "Fault, sense of displacement unknown or undefined, inferred or queried",
        "RuleID": 24
      }
    },
    {
      "type": "Feature",
      "geometry": {
        "type": "LineString",
        "coordinates": [
          [
            -92.16624927483,
            47.7892328204997
          ],
          [
            -92.1697674251307,
            47.7879250717469
          ]
        ]
      },
      "properties": {
        "STATE": "MN",
        "DESCRIPTION": "Fault, sense of displacement unknown or undefined, inferred or queried",
        "RuleID": 24
      }
    },
    {
      "type": "Feature",
      "geometry": {
        "type": "LineString",
        "coordinates": [
          [
            -92.0329139523791,
            47.6830296879057
          ],
          [
            -92.0389150587014,
            47.6703582127502
          ]
        ]
      },
      "properties": {
        "STATE": "MN",
        "DESCRIPTION": "Fault, sense of displacement unknown or undefined, inferred or queried",
        "RuleID": 24
      }
    },
    {
      "type": "Feature",
      "geometry": {
        "type": "LineString",
        "coordinates": [
          [
            -92.1037902593382,
            47.5587658367471
          ],
          [
            -92.1018996335502,
            47.5582366879875
          ],
          [
            -92.1007801242971,
            47.5578056902091
          ]
        ]
      },
      "properties": {
        "STATE": "MN",
        "DESCRIPTION": "Fault, sense of displacement unknown or undefined, inferred or queried",
        "RuleID": 24
      }
    },
    {
      "type": "Feature",
      "geometry": {
        "type": "LineString",
        "coordinates": [
          [
            -92.0963712979855,
            47.6787891612585
          ],
          [
            -92.0927269379807,
            47.6809197985365
          ]
        ]
      },
      "properties": {
        "STATE": "MN",
        "DESCRIPTION": "Fault, sense of displacement unknown or undefined, inferred or queried",
        "RuleID": 24
      }
    },
    {
      "type": "Feature",
      "geometry": {
        "type": "LineString",
        "coordinates": [
          [
            -92.0141612650902,
            47.7301918595943
          ],
          [
            -92.0039076662652,
            47.7385269258465
          ],
          [
            -91.9981368475575,
            47.7434006040502
          ],
          [
            -91.9947361025729,
            47.7454950603246
          ],
          [
            -91.9903679429943,
            47.7479706802575
          ],
          [
            -91.9871952146833,
            47.7499424698383
          ],
          [
            -91.9810206912903,
            47.7537730318508
          ],
          [
            -91.9757771414336,
            47.7576115721757
          ],
          [
            -91.9741380888409,
            47.7589915077681
          ]
        ]
      },
      "properties": {
        "STATE": "MN",
        "DESCRIPTION": "Fault, sense of displacement unknown or undefined, inferred or queried",
        "RuleID": 24
      }
    },
    {
      "type": "Feature",
      "geometry": {
        "type": "LineString",
        "coordinates": [
          [
            -91.9413714262017,
            47.6529199866028
          ],
          [
            -91.9408315144614,
            47.6523290447722
          ],
          [
            -91.9405120879194,
            47.6519794206518
          ],
          [
            -91.9404342560865,
            47.6518942292016
          ],
          [
            -91.9400083513356,
            47.6514280510359
          ],
          [
            -91.9398022769111,
            47.6512024856499
          ],
          [
            -91.9383919380847,
            47.6493151984795
          ],
          [
            -91.9381480706379,
            47.6489047921533
          ],
          [
            -91.937816894132,
            47.6483474466418
          ],
          [
            -91.937772317931,
            47.6482724265301
          ],
          [
            -91.9374462052283,
            47.6477235867807
          ],
          [
            -91.9358352330731,
            47.6447693059578
          ],
          [
            -91.9349126363269,
            47.6430360876637
          ],
          [
            -91.9339183621058,
            47.6410858591805
          ],
          [
            -91.93289537144,
            47.6385239577156
          ],
          [
            -91.9327393170072,
            47.638205131748
          ]
        ]
      },
      "properties": {
        "STATE": "MN",
        "DESCRIPTION": "Fault, sense of displacement unknown or undefined, inferred or queried",
        "RuleID": 24
      }
    },
    {
      "type": "Feature",
      "geometry": {
        "type": "LineString",
        "coordinates": [
          [
            -92.1769507709608,
            47.5940159728225
          ],
          [
            -92.1777945926431,
            47.5943947567428
          ],
          [
            -92.1785011346821,
            47.594633460586
          ]
        ]
      },
      "properties": {
        "STATE": "MN",
        "DESCRIPTION": "Fault, sense of displacement unknown or undefined, inferred or queried",
        "RuleID": 24
      }
    },
    {
      "type": "Feature",
      "geometry": {
        "type": "LineString",
        "coordinates": [
          [
            -92.1785011346821,
            47.594633460586
          ],
          [
            -92.2033603554733,
            47.6030279862485
          ],
          [
            -92.2211311410375,
            47.6077351657561
          ],
          [
            -92.2247779175104,
            47.6086858944517
          ]
        ]
      },
      "properties": {
        "STATE": "MN",
        "DESCRIPTION": "Fault, sense of displacement unknown or undefined, inferred or queried",
        "RuleID": 24
      }
    },
    {
      "type": "Feature",
      "geometry": {
        "type": "LineString",
        "coordinates": [
          [
            -92.086253332192,
            47.6677836559348
          ],
          [
            -92.0843270971861,
            47.6696234371598
          ],
          [
            -92.0760997643671,
            47.6768522359726
          ],
          [
            -92.0727969213754,
            47.6797869892862
          ]
        ]
      },
      "properties": {
        "STATE": "MN",
        "DESCRIPTION": "Fault, sense of displacement unknown or undefined, inferred or queried",
        "RuleID": 24
      }
    },
    {
      "type": "Feature",
      "geometry": {
        "type": "LineString",
        "coordinates": [
          [
            -91.9718649774729,
            47.7609050972343
          ],
          [
            -91.9712105988059,
            47.7614559434584
          ],
          [
            -91.9704049878625,
            47.7623163084735
          ]
        ]
      },
      "properties": {
        "STATE": "MN",
        "DESCRIPTION": "Fault, sense of displacement unknown or undefined, inferred or queried",
        "RuleID": 24
      }
    },
    {
      "type": "Feature",
      "geometry": {
        "type": "LineString",
        "coordinates": [
          [
            -91.8569127637248,
            47.6950324195623
          ],
          [
            -91.8565694949969,
            47.694910624158
          ],
          [
            -91.8562158076083,
            47.694784450891
          ],
          [
            -91.8558464311432,
            47.6946507580229
          ]
        ]
      },
      "properties": {
        "STATE": "MN",
        "DESCRIPTION": "Fault, sense of displacement unknown or undefined, inferred or queried",
        "RuleID": 24
      }
    },
    {
      "type": "Feature",
      "geometry": {
        "type": "LineString",
        "coordinates": [
          [
            -92.2450083702726,
            47.7349031161467
          ],
          [
            -92.239734667565,
            47.7351645602933
          ],
          [
            -92.2284771151717,
            47.7352119114548
          ],
          [
            -92.2186682461927,
            47.7355129994055
          ],
          [
            -92.2126735771977,
            47.7357169942753
          ],
          [
            -92.2091516557695,
            47.7357354115807
          ],
          [
            -92.2073032022908,
            47.7368584905885
          ]
        ]
      },
      "properties": {
        "STATE": "MN",
        "DESCRIPTION": "Fault, sense of displacement unknown or undefined, inferred or queried",
        "RuleID": 24
      }
    },
    {
      "type": "Feature",
      "geometry": {
        "type": "LineString",
        "coordinates": [
          [
            -92.1503817381802,
            47.6386269059387
          ],
          [
            -92.1288441585262,
            47.6552893888715
          ],
          [
            -92.1185618773925,
            47.6640786132145
          ]
        ]
      },
      "properties": {
        "STATE": "MN",
        "DESCRIPTION": "Fault, sense of displacement unknown or undefined, inferred or queried",
        "RuleID": 24
      }
    },
    {
      "type": "Feature",
      "geometry": {
        "type": "LineString",
        "coordinates": [
          [
            -92.1779934446128,
            47.7571190796089
          ],
          [
            -92.1768745300443,
            47.7579011463574
          ],
          [
            -92.1721050058917,
            47.7615619432944
          ]
        ]
      },
      "properties": {
        "STATE": "MN",
        "DESCRIPTION": "Fault, sense of displacement unknown or undefined, inferred or queried",
        "RuleID": 24
      }
    },
    {
      "type": "Feature",
      "geometry": {
        "type": "LineString",
        "coordinates": [
          [
            -92.1453521957703,
            47.6610916155713
          ],
          [
            -92.1417281924881,
            47.6634090319597
          ]
        ]
      },
      "properties": {
        "STATE": "MN",
        "DESCRIPTION": "Fault, sense of displacement unknown or undefined, inferred or queried",
        "RuleID": 24
      }
    },
    {
      "type": "Feature",
      "geometry": {
        "type": "LineString",
        "coordinates": [
          [
            -91.9772400936879,
            47.7094514618978
          ],
          [
            -91.9786574267971,
            47.7081953396682
          ],
          [
            -91.9859634267994,
            47.7009217267416
          ],
          [
            -91.9878915877933,
            47.6990782577144
          ],
          [
            -91.9883304219961,
            47.6985469109272
          ]
        ]
      },
      "properties": {
        "STATE": "MN",
        "DESCRIPTION": "Fault, sense of displacement unknown or undefined, inferred or queried",
        "RuleID": 24
      }
    },
    {
      "type": "Feature",
      "geometry": {
        "type": "LineString",
        "coordinates": [
          [
            -91.8790405401137,
            47.7912100073413
          ],
          [
            -91.8802210045505,
            47.7902984280166
          ],
          [
            -91.9050032603832,
            47.7684257240329
          ],
          [
            -91.9098245131231,
            47.764448661346
          ]
        ]
      },
      "properties": {
        "STATE": "MN",
        "DESCRIPTION": "Fault, sense of displacement unknown or undefined, inferred or queried",
        "RuleID": 24
      }
    },
    {
      "type": "Feature",
      "geometry": {
        "type": "LineString",
        "coordinates": [
          [
            -91.9883304219961,
            47.6985469109272
          ],
          [
            -91.9896248646761,
            47.6969794984681
          ],
          [
            -91.9911887687037,
            47.6948792229595
          ],
          [
            -91.9934481313562,
            47.6918137125202
          ],
          [
            -91.9945158248855,
            47.6900542840246
          ]
        ]
      },
      "properties": {
        "STATE": "MN",
        "DESCRIPTION": "Fault, sense of displacement unknown or undefined, inferred or queried",
        "RuleID": 24
      }
    },
    {
      "type": "Feature",
      "geometry": {
        "type": "LineString",
        "coordinates": [
          [
            -92.0599413065159,
            47.7282035340012
          ],
          [
            -92.0591591730424,
            47.7286287848917
          ]
        ]
      },
      "properties": {
        "STATE": "MN",
        "DESCRIPTION": "Fault, sense of displacement unknown or undefined, inferred or queried",
        "RuleID": 24
      }
    },
    {
      "type": "Feature",
      "geometry": {
        "type": "LineString",
        "coordinates": [
          [
            -92.0245181126807,
            47.7030484421395
          ],
          [
            -91.9980208094773,
            47.7200029044172
          ],
          [
            -91.9956093836067,
            47.7219399689547
          ],
          [
            -91.9924863698602,
            47.7242861027165
          ],
          [
            -91.9894544479785,
            47.7264549372278
          ],
          [
            -91.9863412519197,
            47.7282669488227
          ],
          [
            -91.9834927956634,
            47.730021882947
          ],
          [
            -91.9803733877545,
            47.7321303639187
          ],
          [
            -91.9706536729742,
            47.7388674217555
          ],
          [
            -91.9675018924773,
            47.740937561045
          ]
        ]
      },
      "properties": {
        "STATE": "MN",
        "DESCRIPTION": "Fault, sense of displacement unknown or undefined, inferred or queried",
        "RuleID": 24
      }
    },
    {
      "type": "Feature",
      "geometry": {
        "type": "LineString",
        "coordinates": [
          [
            -92.2008837352693,
            47.6390182369885
          ],
          [
            -92.1988833560148,
            47.6403898717821
          ],
          [
            -92.1941228159134,
            47.6435411494267
          ],
          [
            -92.1899129870985,
            47.6462061805555
          ],
          [
            -92.1811209256811,
            47.6520842993593
          ],
          [
            -92.1736045007134,
            47.6574197543319
          ],
          [
            -92.1699107603174,
            47.6598624996551
          ]
        ]
      },
      "properties": {
        "STATE": "MN",
        "DESCRIPTION": "Fault, sense of displacement unknown or undefined, inferred or queried",
        "RuleID": 24
      }
    },
    {
      "type": "Feature",
      "geometry": {
        "type": "LineString",
        "coordinates": [
          [
            -92.0800323128982,
            47.7066261553357
          ],
          [
            -92.0761211694237,
            47.7096390545202
          ],
          [
            -92.0751215969391,
            47.7104090625002
          ]
        ]
      },
      "properties": {
        "STATE": "MN",
        "DESCRIPTION": "Fault, sense of displacement unknown or undefined, inferred or queried",
        "RuleID": 24
      }
    },
    {
      "type": "Feature",
      "geometry": {
        "type": "LineString",
        "coordinates": [
          [
            -92.1424102662154,
            47.7921000465459
          ],
          [
            -92.1454980165954,
            47.7913459262718
          ],
          [
            -92.1505810446974,
            47.7904672518548
          ],
          [
            -92.1539266313269,
            47.7899921062969
          ],
          [
            -92.1578901968881,
            47.7895213990425
          ],
          [
            -92.1624213773346,
            47.7893192778077
          ],
          [
            -92.1625639246988,
            47.7893203183123
          ]
        ]
      },
      "properties": {
        "STATE": "MN",
        "DESCRIPTION": "Fault, sense of displacement unknown or undefined, inferred or queried",
        "RuleID": 24
      }
    },
    {
      "type": "Feature",
      "geometry": {
        "type": "LineString",
        "coordinates": [
          [
            -91.9690135792341,
            47.6892001841954
          ],
          [
            -91.9710264971733,
            47.6878766952175
          ],
          [
            -91.9752336031945,
            47.6847718560266
          ],
          [
            -91.9754987068147,
            47.6845557878616
          ]
        ]
      },
      "properties": {
        "STATE": "MN",
        "DESCRIPTION": "Fault, sense of displacement unknown or undefined, inferred or queried",
        "RuleID": 24
      }
    },
    {
      "type": "Feature",
      "geometry": {
        "type": "LineString",
        "coordinates": [
          [
            -92.3066859188409,
            47.6226853342455
          ],
          [
            -92.3020852519105,
            47.6214310640055
          ],
          [
            -92.2959399866463,
            47.6196610171094
          ],
          [
            -92.2899814487903,
            47.6181484635273
          ],
          [
            -92.2828898263406,
            47.6162435221774
          ],
          [
            -92.278065417819,
            47.6151224287761
          ],
          [
            -92.2721983563067,
            47.6139303573938
          ],
          [
            -92.2645296695932,
            47.6126622810243
          ],
          [
            -92.2614579343781,
            47.6121635314656
          ],
          [
            -92.2538315439414,
            47.6109248594239
          ],
          [
            -92.2465377340775,
            47.6100430165211
          ],
          [
            -92.2403799148572,
            47.6093607383058
          ],
          [
            -92.2358304779491,
            47.6090096868164
          ],
          [
            -92.2288115031548,
            47.6088343809416
          ],
          [
            -92.2247779175104,
            47.6086858944517
          ]
        ]
      },
      "properties": {
        "STATE": "MN",
        "DESCRIPTION": "Fault, sense of displacement unknown or undefined, inferred or queried",
        "RuleID": 24
      }
    },
    {
      "type": "Feature",
      "geometry": {
        "type": "LineString",
        "coordinates": [
          [
            -92.147678091246,
            47.5961042205863
          ],
          [
            -92.1476827418243,
            47.5958178779127
          ],
          [
            -92.1475169271959,
            47.5923642079777
          ],
          [
            -92.1473218777949,
            47.5907115894654
          ],
          [
            -92.1471385927308,
            47.5884829630269
          ]
        ]
      },
      "properties": {
        "STATE": "MN",
        "DESCRIPTION": "Fault, sense of displacement unknown or undefined, inferred or queried",
        "RuleID": 24
      }
    },
    {
      "type": "Feature",
      "geometry": {
        "type": "LineString",
        "coordinates": [
          [
            -91.9946311532966,
            47.7525273910482
          ],
          [
            -91.9930432319116,
            47.7534421016761
          ]
        ]
      },
      "properties": {
        "STATE": "MN",
        "DESCRIPTION": "Fault, sense of displacement unknown or undefined, inferred or queried",
        "RuleID": 24
      }
    },
    {
      "type": "Feature",
      "geometry": {
        "type": "LineString",
        "coordinates": [
          [
            -91.9679432177084,
            47.6422229360093
          ],
          [
            -91.9672271625106,
            47.6437612602875
          ],
          [
            -91.966855724412,
            47.6445591945547
          ],
          [
            -91.9663828018391,
            47.6457110409005
          ],
          [
            -91.9657321511805,
            47.6472804411782
          ],
          [
            -91.9650762301061,
            47.6488241738037
          ],
          [
            -91.9643267557831,
            47.6506262876199
          ],
          [
            -91.9612468773399,
            47.6574420336478
          ],
          [
            -91.9600378123411,
            47.6599032135693
          ],
          [
            -91.9585573222776,
            47.6625428015952
          ],
          [
            -91.9574420539709,
            47.6647636178641
          ],
          [
            -91.9571575170962,
            47.6656051737282
          ],
          [
            -91.9567717140379,
            47.6670487666633
          ],
          [
            -91.9567623059819,
            47.6675208452335
          ]
        ]
      },
      "properties": {
        "STATE": "MN",
        "DESCRIPTION": "Fault, sense of displacement unknown or undefined, inferred or queried",
        "RuleID": 24
      }
    },
    {
      "type": "Feature",
      "geometry": {
        "type": "LineString",
        "coordinates": [
          [
            -92.0519017781851,
            47.7332327165439
          ],
          [
            -92.0448730431952,
            47.7376276480542
          ],
          [
            -92.0379639682927,
            47.741967304666
          ]
        ]
      },
      "properties": {
        "STATE": "MN",
        "DESCRIPTION": "Fault, sense of displacement unknown or undefined, inferred or queried",
        "RuleID": 24
      }
    },
    {
      "type": "Feature",
      "geometry": {
        "type": "LineString",
        "coordinates": [
          [
            -92.2080572526319,
            47.6342836010482
          ],
          [
            -92.2040113097625,
            47.6368734856519
          ],
          [
            -92.2008837352693,
            47.6390182369885
          ]
        ]
      },
      "properties": {
        "STATE": "MN",
        "DESCRIPTION": "Fault, sense of displacement unknown or undefined, inferred or queried",
        "RuleID": 24
      }
    },
    {
      "type": "Feature",
      "geometry": {
        "type": "LineString",
        "coordinates": [
          [
            -91.9510884720872,
            47.6625919388044
          ],
          [
            -91.9509483241231,
            47.6624612126834
          ],
          [
            -91.9491920809118,
            47.6608230064349
          ],
          [
            -91.9464440140834,
            47.6579627640383
          ],
          [
            -91.9436232717519,
            47.6551672422907
          ],
          [
            -91.9430687480152,
            47.6546227167722
          ],
          [
            -91.9430439572083,
            47.6545983692191
          ],
          [
            -91.9418643389846,
            47.6534399687825
          ]
        ]
      },
      "properties": {
        "STATE": "MN",
        "DESCRIPTION": "Fault, sense of displacement unknown or undefined, inferred or queried",
        "RuleID": 24
      }
    },
    {
      "type": "Feature",
      "geometry": {
        "type": "LineString",
        "coordinates": [
          [
            -91.9411774475925,
            47.7400408947869
          ],
          [
            -91.9445418350625,
            47.7375972887542
          ],
          [
            -91.9482874738274,
            47.7348798983939
          ],
          [
            -91.9511611044712,
            47.7327442999838
          ],
          [
            -91.9531695937161,
            47.7313135548801
          ],
          [
            -91.9558561573885,
            47.7290983068002
          ],
          [
            -91.9588243563772,
            47.7263370463209
          ],
          [
            -91.9663364487704,
            47.7191122523966
          ],
          [
            -91.9772400936879,
            47.7094514618978
          ]
        ]
      },
      "properties": {
        "STATE": "MN",
        "DESCRIPTION": "Fault, sense of displacement unknown or undefined, inferred or queried",
        "RuleID": 24
      }
    },
    {
      "type": "Feature",
      "geometry": {
        "type": "LineString",
        "coordinates": [
          [
            -91.9630966962578,
            47.673232041701
          ],
          [
            -91.9627980163073,
            47.6729204872752
          ]
        ]
      },
      "properties": {
        "STATE": "MN",
        "DESCRIPTION": "Fault, sense of displacement unknown or undefined, inferred or queried",
        "RuleID": 24
      }
    }
  ]
}