{
  "type": "FeatureCollection",
  "features": [
    {
      "type": "Feature",
      "geometry": {
        "type": "LineString",
        "coordinates": [
          [
            -116.17663389977935,
            39.681184557297215
          ],
          [
            -116.17443659813652,
            39.67891904677901
          ],
          [
            -116.17252930231177,
            39.676187428970835
          ],
          [
            -116.17242206682306,
            39.67435634180025
          ],
          [
            -116.17217816434194,
            39.67338357873449
          ]
        ]
      },
      "properties": {
        "fault_name": "unnamed faults southeast of Roberts Mountains",
        "age": "undifferentiated Quaternary",
        "slip_rate": "Less than 0.2 mm/yr"
      }
    },
    {
      "type": "Feature",
      "geometry": {
        "type": "LineString",
        "coordinates": [
          [
            -116.12963521731398,
            39.672758364275914
          ],
          [
            -116.13341197282196,
            39.66830283230568
          ],
          [
            -116.13579258108841,
            39.664667854191734
          ],
          [
            -116.1365703721058,
            39.66299675733097
          ],
          [
            -116.13794373717343,
            39.661032327317365
          ],
          [
            -116.13931709864778,
            39.65889623221664
          ],
          [
            -116.14173605240042,
            39.65743900777756
          ]
        ]
      },
      "properties": {
        "fault_name": "unnamed faults southeast of Roberts Mountains",
        "age": "undifferentiated Quaternary",
        "slip_rate": "Less than 0.2 mm/yr"
      }
    },
    {
      "type": "Feature",
      "geometry": {
        "type": "LineString",
        "coordinates": [
          [
            -116.29575609127971,
            39.783904879772045
          ],
          [
            -116.29275761726926,
            39.77929713870426
          ],
          [
            -116.29176590684,
            39.778049373206
          ],
          [
            -116.29083474555581,
            39.77628327428462
          ],
          [
            -116.29006415363712,
            39.77486050714779
          ],
          [
            -116.2890340878402,
            39.771778305800844
          ],
          [
            -116.28870628540648,
            39.770290536913954
          ],
          [
            -116.28808069684598,
            39.7689211023184
          ],
          [
            -116.28737065676731,
            39.76726944778981
          ],
          [
            -116.28635615338435,
            39.76475557514246
          ],
          [
            -116.28578388971744,
            39.76252781393099
          ],
          [
            -116.28478439628455,
            39.76070449309177
          ],
          [
            -116.28354822462207,
            39.758773953127374
          ],
          [
            -116.28196149709807,
            39.75747340970772
          ],
          [
            -116.28103811612256,
            39.75587842292223
          ],
          [
            -116.2803208464025,
            39.753478994148274
          ],
          [
            -116.2791535620476,
            39.751030122287844
          ],
          [
            -116.27755127390621,
            39.749042923328844
          ],
          [
            -116.2763228924339,
            39.7471657307843
          ],
          [
            -116.27516339916745,
            39.74528909629801
          ]
        ]
      },
      "properties": {
        "fault_name": "unnamed faults southeast of Roberts Mountains",
        "age": "undifferentiated Quaternary",
        "slip_rate": "Less than 0.2 mm/yr"
      }
    },
    {
      "type": "Feature",
      "geometry": {
        "type": "LineString",
        "coordinates": [
          [
            -116.2618652418596,
            39.802196575686374
          ],
          [
            -116.2654819678896,
            39.79739770072989
          ],
          [
            -116.26933481878699,
            39.79304881882796
          ],
          [
            -116.27281376840524,
            39.788711607840426
          ],
          [
            -116.27542326021955,
            39.78558383780018
          ],
          [
            -116.27715495606749,
            39.78326828573108
          ],
          [
            -116.27808551907367,
            39.78125384873144
          ],
          [
            -116.2790699684205,
            39.778888859049374
          ],
          [
            -116.28037443540079,
            39.77721052885015
          ],
          [
            -116.2816105702323,
            39.77599330894207
          ],
          [
            -116.2839528482839,
            39.77429997713888
          ]
        ]
      },
      "properties": {
        "fault_name": "unnamed faults southeast of Roberts Mountains",
        "age": "undifferentiated Quaternary",
        "slip_rate": "Less than 0.2 mm/yr"
      }
    },
    {
      "type": "Feature",
      "geometry": {
        "type": "LineString",
        "coordinates": [
          [
            -116.17278094198244,
            39.670106948330705
          ],
          [
            -116.17244536462995,
            39.66816530771728
          ],
          [
            -116.17172810658795,
            39.665647567925895
          ],
          [
            -116.17041583055294,
            39.662798169278055
          ],
          [
            -116.1695613476648,
            39.6608565328161
          ],
          [
            -116.16885131567095,
            39.659033228910104
          ],
          [
            -116.16725681322818,
            39.6571032638051
          ]
        ]
      },
      "properties": {
        "fault_name": "unnamed faults southeast of Roberts Mountains",
        "age": "undifferentiated Quaternary",
        "slip_rate": "Less than 0.2 mm/yr"
      }
    },
    {
      "type": "Feature",
      "geometry": {
        "type": "LineString",
        "coordinates": [
          [
            -116.16848545521194,
            39.70477821580449
          ],
          [
            -116.1662042581081,
            39.70187938419386
          ],
          [
            -116.16439586410121,
            39.70052497085284
          ],
          [
            -116.16228245702106,
            39.698946116794644
          ],
          [
            -116.16114575042012,
            39.6977516991509
          ],
          [
            -116.1597112549974,
            39.69656561396211
          ],
          [
            -116.15826953622152,
            39.694975088733514
          ],
          [
            -116.1566750328804,
            39.69315512602242
          ],
          [
            -116.15590444365662,
            39.69145015169865
          ],
          [
            -116.15488940038618,
            39.68916518824649
          ],
          [
            -116.15466050066864,
            39.688478532724055
          ]
        ]
      },
      "properties": {
        "fault_name": "unnamed faults southeast of Roberts Mountains",
        "age": "undifferentiated Quaternary",
        "slip_rate": "Less than 0.2 mm/yr"
      }
    },
    {
      "type": "Feature",
      "geometry": {
        "type": "LineString",
        "coordinates": [
          [
            -116.14678703759624,
            39.70759392126187
          ],
          [
            -116.14715313521049,
            39.70340896829011
          ],
          [
            -116.14703867726688,
            39.70140288399185
          ],
          [
            -116.14685532842243,
            39.699625128256905
          ],
          [
            -116.14696254055498,
            39.69745070777242
          ],
          [
            -116.14707698143059,
            39.69561573026762
          ],
          [
            -116.14687862533104,
            39.69315131595192
          ],
          [
            -116.14676416828574,
            39.69114911970717
          ],
          [
            -116.14627580457142,
            39.68874193016484
          ],
          [
            -116.14526076130096,
            39.686460854812026
          ],
          [
            -116.14426905805821,
            39.68503754477253
          ],
          [
            -116.14318567904577,
            39.68264202968739
          ],
          [
            -116.142842319588,
            39.68012428308302
          ],
          [
            -116.14494014718616,
            39.67735152131297
          ],
          [
            -116.14666462686742,
            39.674463766279636
          ],
          [
            -116.14722907968293,
            39.6729682231185
          ],
          [
            -116.148060754346,
            39.669638258135386
          ],
          [
            -116.14777850727701,
            39.666773293214085
          ],
          [
            -116.14730570687497,
            39.665289427072146
          ],
          [
            -116.14667234339571,
            39.66340501003199
          ]
        ]
      },
      "properties": {
        "fault_name": "unnamed faults southeast of Roberts Mountains",
        "age": "undifferentiated Quaternary",
        "slip_rate": "Less than 0.2 mm/yr"
      }
    },
    {
      "type": "Feature",
      "geometry": {
        "type": "LineString",
        "coordinates": [
          [
            -116.27298807121478,
            39.61271485598601
          ],
          [
            -116.27568147106652,
            39.60937322821585
          ],
          [
            -116.27735206440715,
            39.60700825613005
          ],
          [
            -116.28151049970629,
            39.601869982745136
          ],
          [
            -116.28390611073632,
            39.59876113133474
          ],
          [
            -116.2866756239438,
            39.59535450376082
          ]
        ]
      },
      "properties": {
        "fault_name": "Lone Mountain faults",
        "age": "late Quaternary",
        "slip_rate": "Less than 0.2 mm/yr"
      }
    },
    {
      "type": "Feature",
      "geometry": {
        "type": "LineString",
        "coordinates": [
          [
            -116.28537828329866,
            39.58269357465568
          ],
          [
            -116.28444767896997,
            39.57960750973534
          ],
          [
            -116.28299038879695,
            39.5761786738914
          ],
          [
            -116.28035028599098,
            39.57305039276693
          ],
          [
            -116.27861076941021,
            39.570597653786066
          ],
          [
            -116.27575733019901,
            39.56798436520718
          ],
          [
            -116.27246887911654,
            39.56594384685855
          ],
          [
            -116.26910431288171,
            39.56379222000348
          ],
          [
            -116.26686868012571,
            39.562777796324035
          ],
          [
            -116.26410691758251,
            39.5616522636748
          ]
        ]
      },
      "properties": {
        "fault_name": "Lone Mountain faults",
        "age": "late Quaternary",
        "slip_rate": "Less than 0.2 mm/yr"
      }
    },
    {
      "type": "Feature",
      "geometry": {
        "type": "LineString",
        "coordinates": [
          [
            -116.26131497434073,
            39.62094699669902
          ],
          [
            -116.26604511724962,
            39.61982199765673
          ],
          [
            -116.26847907915574,
            39.61905866880403
          ],
          [
            -116.27150027964458,
            39.617944786937365
          ],
          [
            -116.27361366067358,
            39.61494648831233
          ],
          [
            -116.2755976052499,
            39.61389760932555
          ],
          [
            -116.27796990230337,
            39.61359260628635
          ]
        ]
      },
      "properties": {
        "fault_name": "Lone Mountain faults",
        "age": "late Quaternary",
        "slip_rate": "Less than 0.2 mm/yr"
      }
    },
    {
      "type": "Feature",
      "geometry": {
        "type": "LineString",
        "coordinates": [
          [
            -116.26641120588074,
            39.61425596519387
          ],
          [
            -116.26304664144257,
            39.61233377868089
          ],
          [
            -116.25931540087505,
            39.61070103578401
          ],
          [
            -116.25602750764638,
            39.60889273470878
          ],
          [
            -116.25096122414129,
            39.60692833517074
          ],
          [
            -116.24833669093584,
            39.60522337587225
          ],
          [
            -116.24631495423552,
            39.60346452488647
          ],
          [
            -116.24495657216853,
            39.60209899588762
          ],
          [
            -116.2418970270918,
            39.600401817995404
          ]
        ]
      },
      "properties": {
        "fault_name": "Lone Mountain faults",
        "age": "late Quaternary",
        "slip_rate": "Less than 0.2 mm/yr"
      }
    },
    {
      "type": "Feature",
      "geometry": {
        "type": "LineString",
        "coordinates": [
          [
            -116.2314827169675,
            39.581622139944244
          ],
          [
            -116.23500724800158,
            39.57901659779759
          ],
          [
            -116.23802121435743,
            39.57733049415383
          ],
          [
            -116.24044738876836,
            39.57605271826757
          ]
        ]
      },
      "properties": {
        "fault_name": "Lone Mountain faults",
        "age": "late Quaternary",
        "slip_rate": "Less than 0.2 mm/yr"
      }
    },
    {
      "type": "Feature",
      "geometry": {
        "type": "LineString",
        "coordinates": [
          [
            -116.23574792422471,
            39.59506081978901
          ],
          [
            -116.23363451085635,
            39.592325870284085
          ],
          [
            -116.23158165202301,
            39.588961483790854
          ]
        ]
      },
      "properties": {
        "fault_name": "Lone Mountain faults",
        "age": "late Quaternary",
        "slip_rate": "Less than 0.2 mm/yr"
      }
    },
    {
      "type": "Feature",
      "geometry": {
        "type": "LineString",
        "coordinates": [
          [
            -116.2179323917796,
            39.5935887311356
          ],
          [
            -116.2202440965688,
            39.58893100018524
          ],
          [
            -116.22174745055298,
            39.58502104294772
          ],
          [
            -116.2226091307432,
            39.582949398843446
          ],
          [
            -116.22500528794892,
            39.579149991729
          ],
          [
            -116.22695810230738,
            39.57592280186192
          ],
          [
            -116.2287053605693,
            39.57327171479818
          ],
          [
            -116.2302159406016,
            39.570223968740976
          ]
        ]
      },
      "properties": {
        "fault_name": "Lone Mountain faults",
        "age": "late Quaternary",
        "slip_rate": "Less than 0.2 mm/yr"
      }
    },
    {
      "type": "Feature",
      "geometry": {
        "type": "LineString",
        "coordinates": [
          [
            -116.20052168242235,
            39.560695382321015
          ],
          [
            -116.20599183230948,
            39.55928370102304
          ],
          [
            -116.21027195339704,
            39.5581620261408
          ]
        ]
      },
      "properties": {
        "fault_name": "Lone Mountain faults",
        "age": "late Quaternary",
        "slip_rate": "Less than 0.2 mm/yr"
      }
    },
    {
      "type": "Feature",
      "geometry": {
        "type": "LineString",
        "coordinates": [
          [
            -116.19563101596205,
            39.566005339806246
          ],
          [
            -116.20072004031854,
            39.56402144765625
          ],
          [
            -116.20573239795712,
            39.562091443677765
          ]
        ]
      },
      "properties": {
        "fault_name": "Lone Mountain faults",
        "age": "late Quaternary",
        "slip_rate": "Less than 0.2 mm/yr"
      }
    },
    {
      "type": "Feature",
      "geometry": {
        "type": "LineString",
        "coordinates": [
          [
            -116.17832719264887,
            39.56899984768655
          ],
          [
            -116.18268342260055,
            39.56747373071213
          ],
          [
            -116.187337441374,
            39.56618094322116
          ],
          [
            -116.19124365758914,
            39.56477704873456
          ],
          [
            -116.19466984376086,
            39.560454861891316
          ],
          [
            -116.19575319492553,
            39.558265440294676
          ],
          [
            -116.197133782448,
            39.55653712233654
          ]
        ]
      },
      "properties": {
        "fault_name": "Lone Mountain faults",
        "age": "late Quaternary",
        "slip_rate": "Less than 0.2 mm/yr"
      }
    },
    {
      "type": "Feature",
      "geometry": {
        "type": "LineString",
        "coordinates": [
          [
            -116.17821272302716,
            39.56550155972905
          ],
          [
            -116.18330897612674,
            39.56408654896651
          ],
          [
            -116.18736797690714,
            39.56296876069486
          ],
          [
            -116.19113697097107,
            39.562140972916374
          ]
        ]
      },
      "properties": {
        "fault_name": "Lone Mountain faults",
        "age": "late Quaternary",
        "slip_rate": "Less than 0.2 mm/yr"
      }
    },
    {
      "type": "Feature",
      "geometry": {
        "type": "LineString",
        "coordinates": [
          [
            -116.2363332943116,
            39.33571882310323
          ],
          [
            -116.2378666708909,
            39.33450161874313
          ],
          [
            -116.23917892985796,
            39.33312108277056
          ],
          [
            -116.24190290836198,
            39.332353873253965
          ],
          [
            -116.24462688956093,
            39.3318161052766
          ],
          [
            -116.24645805675858,
            39.33088945415482
          ],
          [
            -116.24873924487929,
            39.33018002010692
          ],
          [
            -116.2503337302541,
            39.32815782779401
          ]
        ]
      },
      "properties": {
        "fault_name": "Antelope Range fault zone",
        "age": "late Quaternary",
        "slip_rate": "Less than 0.2 mm/yr"
      }
    },
    {
      "type": "Feature",
      "geometry": {
        "type": "LineString",
        "coordinates": [
          [
            -116.2372102081324,
            39.292090535943885
          ],
          [
            -116.2365007106362,
            39.28876780273395
          ],
          [
            -116.23682903229611,
            39.28567062367848
          ],
          [
            -116.23796571643919,
            39.28233622906667
          ],
          [
            -116.23940019120063,
            39.27946016116722
          ],
          [
            -116.24120078872915,
            39.276122432756594
          ],
          [
            -116.24220747856579,
            39.27433357108229
          ],
          [
            -116.24306193989435,
            39.27209804921579
          ]
        ]
      },
      "properties": {
        "fault_name": "Antelope Range fault zone",
        "age": "late Quaternary",
        "slip_rate": "Less than 0.2 mm/yr"
      }
    },
    {
      "type": "Feature",
      "geometry": {
        "type": "LineString",
        "coordinates": [
          [
            -116.24200204464007,
            39.29130500112493
          ],
          [
            -116.24166589865403,
            39.288272264763485
          ],
          [
            -116.24141420957605,
            39.28649451114425
          ],
          [
            -116.24242145277488,
            39.284541207655245
          ]
        ]
      },
      "properties": {
        "fault_name": "Antelope Range fault zone",
        "age": "late Quaternary",
        "slip_rate": "Less than 0.2 mm/yr"
      }
    },
    {
      "type": "Feature",
      "geometry": {
        "type": "LineString",
        "coordinates": [
          [
            -116.2323122769964,
            39.295397705897294
          ],
          [
            -116.23225112598008,
            39.290808878331944
          ],
          [
            -116.23299889440237,
            39.28615894278533
          ],
          [
            -116.23367777641539,
            39.28208066710166
          ],
          [
            -116.23415054357974,
            39.278468495240595
          ],
          [
            -116.23450165729507,
            39.27709129422846
          ]
        ]
      },
      "properties": {
        "fault_name": "Antelope Range fault zone",
        "age": "late Quaternary",
        "slip_rate": "Less than 0.2 mm/yr"
      }
    },
    {
      "type": "Feature",
      "geometry": {
        "type": "LineString",
        "coordinates": [
          [
            -116.19658322926489,
            39.41850776627762
          ],
          [
            -116.19839159272905,
            39.415742241047255
          ],
          [
            -116.19984106486419,
            39.41366726586562
          ]
        ]
      },
      "properties": {
        "fault_name": "Antelope Range fault zone",
        "age": "late Quaternary",
        "slip_rate": "Less than 0.2 mm/yr"
      }
    },
    {
      "type": "Feature",
      "geometry": {
        "type": "LineString",
        "coordinates": [
          [
            -116.18030965680161,
            39.44682412619876
          ],
          [
            -116.18127852666646,
            39.44189195976799
          ],
          [
            -116.1835752089292,
            39.43625757574758
          ],
          [
            -116.18690915159596,
            39.431130408719426
          ],
          [
            -116.18981586988667,
            39.426923230683336
          ],
          [
            -116.19176145460374,
            39.423413825764975
          ],
          [
            -116.19343259501835,
            39.42099496415681
          ]
        ]
      },
      "properties": {
        "fault_name": "Antelope Range fault zone",
        "age": "late Quaternary",
        "slip_rate": "Less than 0.2 mm/yr"
      }
    },
    {
      "type": "Feature",
      "geometry": {
        "type": "LineString",
        "coordinates": [
          [
            -116.15780145107642,
            39.368623962921376
          ],
          [
            -116.15651193385912,
            39.36599177212693
          ],
          [
            -116.15484906602993,
            39.3629095840352
          ],
          [
            -116.15458957957529,
            39.35987295071209
          ],
          [
            -116.1544901118188,
            39.357980751007275
          ],
          [
            -116.15475731929334,
            39.355913550754586
          ]
        ]
      },
      "properties": {
        "fault_name": "Antelope Range fault zone",
        "age": "late Quaternary",
        "slip_rate": "Less than 0.2 mm/yr"
      }
    },
    {
      "type": "Feature",
      "geometry": {
        "type": "LineString",
        "coordinates": [
          [
            -116.24004063609928,
            39.26174096331696
          ],
          [
            -116.2446263299105,
            39.25717492977393
          ],
          [
            -116.24892146274478,
            39.252960002281625
          ],
          [
            -116.25468939426715,
            39.24861893722993
          ],
          [
            -116.25899282394137,
            39.24525782896604
          ],
          [
            -116.26208290994113,
            39.24465893529898
          ],
          [
            -116.26426462132223,
            39.24217560697951
          ],
          [
            -116.26640075308408,
            39.23694229099058
          ],
          [
            -116.26996412637276,
            39.22848898531051
          ],
          [
            -116.27218415718889,
            39.223770110715414
          ],
          [
            -116.27347362140561,
            39.221179563705824
          ],
          [
            -116.27459529110703,
            39.21710180116823
          ],
          [
            -116.27624309508721,
            39.21353514503315
          ],
          [
            -116.2796609565712,
            39.21023903974043
          ],
          [
            -116.28285770493451,
            39.207172377833295
          ],
          [
            -116.28563500294223,
            39.205204044705894
          ],
          [
            -116.28913673024284,
            39.19749462521303
          ],
          [
            -116.29250902468404,
            39.1913907541952
          ],
          [
            -116.29640022735587,
            39.1852835489927
          ],
          [
            -116.29760580239979,
            39.18206022620241
          ],
          [
            -116.30033697910416,
            39.17722301782985
          ],
          [
            -116.3019925723762,
            39.17428580377024
          ],
          [
            -116.30371706104057,
            39.17134470072886
          ],
          [
            -116.30482318359935,
            39.166751940111375
          ],
          [
            -116.30607486198028,
            39.16129307079815
          ],
          [
            -116.30908049466522,
            39.155536978300134
          ],
          [
            -116.31202557191689,
            39.15029532467782
          ],
          [
            -116.31459674968602,
            39.14511478566491
          ],
          [
            -116.31652735499573,
            39.140797021816894
          ],
          [
            -116.3172368192543,
            39.13935869215265
          ]
        ]
      },
      "properties": {
        "fault_name": "Antelope Range fault zone",
        "age": "late Quaternary",
        "slip_rate": "Less than 0.2 mm/yr"
      }
    },
    {
      "type": "Feature",
      "geometry": {
        "type": "LineString",
        "coordinates": [
          [
            -116.24534420419678,
            39.340868201249286
          ],
          [
            -116.25129494916766,
            39.3385871237904
          ],
          [
            -116.25575839664177,
            39.33568826520126
          ],
          [
            -116.25984794193842,
            39.332388300041366
          ],
          [
            -116.26284634857522,
            39.330015549671785
          ],
          [
            -116.26495973499411,
            39.328447787181936
          ]
        ]
      },
      "properties": {
        "fault_name": "Antelope Range fault zone",
        "age": "late Quaternary",
        "slip_rate": "Less than 0.2 mm/yr"
      }
    },
    {
      "type": "Feature",
      "geometry": {
        "type": "LineString",
        "coordinates": [
          [
            -116.25176049208052,
            39.334971061896304
          ],
          [
            -116.25356886003624,
            39.33214831968172
          ],
          [
            -116.2549422224089,
            39.33024834424359
          ],
          [
            -116.25639947664932,
            39.32863114087276
          ],
          [
            -116.25917621321,
            39.32677338291207
          ],
          [
            -116.2607940368159,
            39.32630394031183
          ]
        ]
      },
      "properties": {
        "fault_name": "Antelope Range fault zone",
        "age": "late Quaternary",
        "slip_rate": "Less than 0.2 mm/yr"
      }
    },
    {
      "type": "Feature",
      "geometry": {
        "type": "LineString",
        "coordinates": [
          [
            -116.25497229171641,
            39.26363318129317
          ],
          [
            -116.2559711913629,
            39.26092877098063
          ],
          [
            -116.25696342371333,
            39.25851769184873
          ],
          [
            -116.25781009305516,
            39.25547384428493
          ],
          [
            -116.25800842130694,
            39.2539210856961
          ],
          [
            -116.25945066829223,
            39.251327233105336
          ]
        ]
      },
      "properties": {
        "fault_name": "Antelope Range fault zone",
        "age": "late Quaternary",
        "slip_rate": "Less than 0.2 mm/yr"
      }
    },
    {
      "type": "Feature",
      "geometry": {
        "type": "LineString",
        "coordinates": [
          [
            -116.25311075158069,
            39.2887033823217
          ],
          [
            -116.25246959521634,
            39.2850945480432
          ],
          [
            -116.2513173154216,
            39.28177959673464
          ],
          [
            -116.25098173088261,
            39.27913963519953
          ],
          [
            -116.25092836825978,
            39.27530246980884
          ],
          [
            -116.25068445859218,
            39.273581938158344
          ],
          [
            -116.25102778840552,
            39.271518076705696
          ],
          [
            -116.25166056797988,
            39.26938977192545
          ],
          [
            -116.25192778264093,
            39.26726869180472
          ]
        ]
      },
      "properties": {
        "fault_name": "Antelope Range fault zone",
        "age": "late Quaternary",
        "slip_rate": "Less than 0.2 mm/yr"
      }
    },
    {
      "type": "Feature",
      "geometry": {
        "type": "LineString",
        "coordinates": [
          [
            -116.25160740029146,
            39.292323335751725
          ],
          [
            -116.24883787720255,
            39.29469218880319
          ],
          [
            -116.2459844532627,
            39.29660715468112
          ],
          [
            -116.24086484755897,
            39.30008987711902
          ],
          [
            -116.23523411662828,
            39.30380148365587
          ],
          [
            -116.22909226226723,
            39.308260857124765
          ],
          [
            -116.22441545503165,
            39.3115641396834
          ],
          [
            -116.22201205830306,
            39.31439076729238
          ],
          [
            -116.21886862944345,
            39.31642017897487
          ],
          [
            -116.21580187358994,
            39.318850144270954
          ],
          [
            -116.21478685277738,
            39.320689009296046
          ],
          [
            -116.213482374119,
            39.32207732169902
          ],
          [
            -116.21091896587875,
            39.32398840566462
          ]
        ]
      },
      "properties": {
        "fault_name": "Antelope Range fault zone",
        "age": "late Quaternary",
        "slip_rate": "Less than 0.2 mm/yr"
      }
    },
    {
      "type": "Feature",
      "geometry": {
        "type": "LineString",
        "coordinates": [
          [
            -116.24049847595856,
            39.267814215209285
          ],
          [
            -116.24510696182519,
            39.2648576012296
          ],
          [
            -116.24699146110292,
            39.2627215247999
          ],
          [
            -116.24889096673752,
            39.261272109013895
          ],
          [
            -116.24989043411927,
            39.25920047177645
          ],
          [
            -116.25095100310999,
            39.255580526828204
          ]
        ]
      },
      "properties": {
        "fault_name": "Antelope Range fault zone",
        "age": "late Quaternary",
        "slip_rate": "Less than 0.2 mm/yr"
      }
    },
    {
      "type": "Feature",
      "geometry": {
        "type": "LineString",
        "coordinates": [
          [
            -116.24493921042904,
            39.269099763239936
          ],
          [
            -116.24786875131784,
            39.26741757319179
          ],
          [
            -116.25006604577413,
            39.266021488018026
          ]
        ]
      },
      "properties": {
        "fault_name": "Antelope Range fault zone",
        "age": "late Quaternary",
        "slip_rate": "Less than 0.2 mm/yr"
      }
    },
    {
      "type": "Feature",
      "geometry": {
        "type": "LineString",
        "coordinates": [
          [
            -116.24756424489439,
            39.33598160411185
          ],
          [
            -116.248204809269,
            39.33402496373809
          ],
          [
            -116.24847980873028,
            39.33276220692064
          ]
        ]
      },
      "properties": {
        "fault_name": "Antelope Range fault zone",
        "age": "late Quaternary",
        "slip_rate": "Less than 0.2 mm/yr"
      }
    },
    {
      "type": "Feature",
      "geometry": {
        "type": "LineString",
        "coordinates": [
          [
            -116.2254984522601,
            39.26615086082274
          ],
          [
            -116.23115976992791,
            39.26519366667076
          ],
          [
            -116.23609606002485,
            39.26417869613338
          ]
        ]
      },
      "properties": {
        "fault_name": "Antelope Range fault zone",
        "age": "late Quaternary",
        "slip_rate": "Less than 0.2 mm/yr"
      }
    },
    {
      "type": "Feature",
      "geometry": {
        "type": "LineString",
        "coordinates": [
          [
            -116.23161813440332,
            39.33627159219879
          ],
          [
            -116.2330753967286,
            39.33494438832425
          ],
          [
            -116.23399873997482,
            39.33229664624737
          ]
        ]
      },
      "properties": {
        "fault_name": "Antelope Range fault zone",
        "age": "late Quaternary",
        "slip_rate": "Less than 0.2 mm/yr"
      }
    },
    {
      "type": "Feature",
      "geometry": {
        "type": "LineString",
        "coordinates": [
          [
            -116.22449170942286,
            39.32853169128246
          ],
          [
            -116.22443833781688,
            39.32434341280649
          ],
          [
            -116.22527778470382,
            39.321012901795015
          ],
          [
            -116.22555222361636,
            39.31917459430438
          ],
          [
            -116.2260483397916,
            39.317625727778385
          ]
        ]
      },
      "properties": {
        "fault_name": "Antelope Range fault zone",
        "age": "late Quaternary",
        "slip_rate": "Less than 0.2 mm/yr"
      }
    },
    {
      "type": "Feature",
      "geometry": {
        "type": "LineString",
        "coordinates": [
          [
            -116.2039924681513,
            39.492630140754876
          ],
          [
            -116.20667028043623,
            39.48768296930349
          ],
          [
            -116.20832585214868,
            39.484287449746255
          ],
          [
            -116.21004253086001,
            39.479744168183764
          ],
          [
            -116.21139308770256,
            39.47549088369738
          ],
          [
            -116.21289588023967,
            39.47209981088838
          ]
        ]
      },
      "properties": {
        "fault_name": "Antelope Range fault zone",
        "age": "late Quaternary",
        "slip_rate": "Less than 0.2 mm/yr"
      }
    },
    {
      "type": "Feature",
      "geometry": {
        "type": "LineString",
        "coordinates": [
          [
            -116.21161294587674,
            39.33160664026722
          ],
          [
            -116.2117045830189,
            39.327707801716514
          ],
          [
            -116.21091896587875,
            39.32398840566462
          ]
        ]
      },
      "properties": {
        "fault_name": "Antelope Range fault zone",
        "age": "late Quaternary",
        "slip_rate": "Less than 0.2 mm/yr"
      }
    },
    {
      "type": "Feature",
      "geometry": {
        "type": "LineString",
        "coordinates": [
          [
            -116.21103417032238,
            39.41003173628034
          ],
          [
            -116.21127803507423,
            39.40641900415893
          ],
          [
            -116.21095022186074,
            39.40384070432009
          ]
        ]
      },
      "properties": {
        "fault_name": "Antelope Range fault zone",
        "age": "late Quaternary",
        "slip_rate": "Less than 0.2 mm/yr"
      }
    },
    {
      "type": "Feature",
      "geometry": {
        "type": "LineString",
        "coordinates": [
          [
            -116.15684011897511,
            39.35125971317316
          ],
          [
            -116.16261581912805,
            39.3461175522159
          ],
          [
            -116.17264832459533,
            39.33979651673087
          ],
          [
            -116.18057578539948,
            39.33595878912357
          ],
          [
            -116.18711431872202,
            39.3330482728768
          ],
          [
            -116.19041775460175,
            39.331587182006835
          ],
          [
            -116.19350007466588,
            39.33041997525881
          ],
          [
            -116.19568234929065,
            39.32776890016216
          ],
          [
            -116.19722350258533,
            39.32672391322701
          ],
          [
            -116.19913856793895,
            39.32625058932448
          ],
          [
            -116.20224368095677,
            39.32657503074269
          ],
          [
            -116.20489877574653,
            39.32667003097101
          ],
          [
            -116.20827888373404,
            39.325266164716886
          ],
          [
            -116.21040783975343,
            39.32433562285732
          ],
          [
            -116.21091896587875,
            39.32398840566462
          ]
        ]
      },
      "properties": {
        "fault_name": "Antelope Range fault zone",
        "age": "late Quaternary",
        "slip_rate": "Less than 0.2 mm/yr"
      }
    },
    {
      "type": "Feature",
      "geometry": {
        "type": "LineString",
        "coordinates": [
          [
            -116.20784520855591,
            39.47586478204847
          ],
          [
            -116.20685349094013,
            39.47351870428896
          ],
          [
            -116.20629622913846,
            39.47100151826973
          ],
          [
            -116.20627343438811,
            39.469166540895344
          ]
        ]
      },
      "properties": {
        "fault_name": "Antelope Range fault zone",
        "age": "late Quaternary",
        "slip_rate": "Less than 0.2 mm/yr"
      }
    },
    {
      "type": "Feature",
      "geometry": {
        "type": "LineString",
        "coordinates": [
          [
            -116.20723468294611,
            39.419003849165044
          ],
          [
            -116.20777633202813,
            39.41504056432936
          ],
          [
            -116.20782187032482,
            39.41286226122682
          ],
          [
            -116.20747849739232,
            39.40976841066844
          ]
        ]
      },
      "properties": {
        "fault_name": "Antelope Range fault zone",
        "age": "late Quaternary",
        "slip_rate": "Less than 0.2 mm/yr"
      }
    },
    {
      "type": "Feature",
      "geometry": {
        "type": "LineString",
        "coordinates": [
          [
            -116.19428624516824,
            39.33374271285087
          ],
          [
            -116.19624684702192,
            39.33131663283138
          ],
          [
            -116.19858190980516,
            39.32918055075381
          ]
        ]
      },
      "properties": {
        "fault_name": "Antelope Range fault zone",
        "age": "late Quaternary",
        "slip_rate": "Less than 0.2 mm/yr"
      }
    },
    {
      "type": "Feature",
      "geometry": {
        "type": "LineString",
        "coordinates": [
          [
            -116.1984754369861,
            39.41058119527273
          ],
          [
            -116.19617919938943,
            39.4049773799787
          ]
        ]
      },
      "properties": {
        "fault_name": "Antelope Range fault zone",
        "age": "late Quaternary",
        "slip_rate": "Less than 0.2 mm/yr"
      }
    },
    {
      "type": "Feature",
      "geometry": {
        "type": "LineString",
        "coordinates": [
          [
            -116.18771082791847,
            39.4869008361525
          ],
          [
            -116.19194535591208,
            39.4827430912541
          ],
          [
            -116.19544709039918,
            39.478821460133005
          ],
          [
            -116.19843826020808,
            39.47558648982894
          ]
        ]
      },
      "properties": {
        "fault_name": "Antelope Range fault zone",
        "age": "late Quaternary",
        "slip_rate": "Less than 0.2 mm/yr"
      }
    },
    {
      "type": "Feature",
      "geometry": {
        "type": "LineString",
        "coordinates": [
          [
            -116.194156305659,
            39.34073096020222
          ],
          [
            -116.19575133990446,
            39.33831654611957
          ],
          [
            -116.19698692586536,
            39.33704211800919
          ],
          [
            -116.19792527816338,
            39.33548991469568
          ]
        ]
      },
      "properties": {
        "fault_name": "Antelope Range fault zone",
        "age": "late Quaternary",
        "slip_rate": "Less than 0.2 mm/yr"
      }
    },
    {
      "type": "Feature",
      "geometry": {
        "type": "LineString",
        "coordinates": [
          [
            -116.18325528561884,
            39.502697329933746
          ],
          [
            -116.18777982482047,
            39.49779181366076
          ],
          [
            -116.19252546995625,
            39.49294296333104
          ],
          [
            -116.19603498295542,
            39.48930799365982
          ]
        ]
      },
      "properties": {
        "fault_name": "Antelope Range fault zone",
        "age": "late Quaternary",
        "slip_rate": "Less than 0.2 mm/yr"
      }
    },
    {
      "type": "Feature",
      "geometry": {
        "type": "LineString",
        "coordinates": [
          [
            -116.18935725118804,
            39.34088373299959
          ],
          [
            -116.19139452065797,
            39.33846154207108
          ],
          [
            -116.19306567185237,
            39.33632879093944
          ]
        ]
      },
      "properties": {
        "fault_name": "Antelope Range fault zone",
        "age": "late Quaternary",
        "slip_rate": "Less than 0.2 mm/yr"
      }
    },
    {
      "type": "Feature",
      "geometry": {
        "type": "LineString",
        "coordinates": [
          [
            -116.18444366061999,
            39.33214828077108
          ],
          [
            -116.18572589070374,
            39.32829888404712
          ],
          [
            -116.18717537182198,
            39.32668168423452
          ],
          [
            -116.18678589734908,
            39.32519781208585
          ],
          [
            -116.18580195644873,
            39.32325227986301
          ],
          [
            -116.182750158443,
            39.320925638346054
          ],
          [
            -116.18133065230913,
            39.31990287111385
          ],
          [
            -116.17967501681632,
            39.317736227711386
          ],
          [
            -116.17787437167709,
            39.3151690346673
          ],
          [
            -116.17598983107682,
            39.31254462032193
          ],
          [
            -116.17500588298994,
            39.31008798024552
          ],
          [
            -116.1733424582053,
            39.307120233751846
          ]
        ]
      },
      "properties": {
        "fault_name": "Antelope Range fault zone",
        "age": "late Quaternary",
        "slip_rate": "Less than 0.2 mm/yr"
      }
    },
    {
      "type": "Feature",
      "geometry": {
        "type": "LineString",
        "coordinates": [
          [
            -116.18485659908812,
            39.40385963366831
          ],
          [
            -116.18526102871385,
            39.400876891962106
          ],
          [
            -116.18573378599676,
            39.39731748980041
          ],
          [
            -116.18688602357065,
            39.39507473822916
          ]
        ]
      },
      "properties": {
        "fault_name": "Antelope Range fault zone",
        "age": "late Quaternary",
        "slip_rate": "Less than 0.2 mm/yr"
      }
    },
    {
      "type": "Feature",
      "geometry": {
        "type": "LineString",
        "coordinates": [
          [
            -116.1559034061025,
            39.50609630586353
          ],
          [
            -116.16210632164835,
            39.49922969221804
          ],
          [
            -116.16672196708778,
            39.495304717224
          ],
          [
            -116.17155928709494,
            39.49119974311645
          ],
          [
            -116.17669384525655,
            39.487495875008484
          ],
          [
            -116.1791122321723,
            39.485874773996066
          ]
        ]
      },
      "properties": {
        "fault_name": "Antelope Range fault zone",
        "age": "late Quaternary",
        "slip_rate": "Less than 0.2 mm/yr"
      }
    },
    {
      "type": "Feature",
      "geometry": {
        "type": "LineString",
        "coordinates": [
          [
            -116.17441133032418,
            39.35629465628412
          ],
          [
            -116.17806586644453,
            39.35282747466684
          ]
        ]
      },
      "properties": {
        "fault_name": "Antelope Range fault zone",
        "age": "late Quaternary",
        "slip_rate": "Less than 0.2 mm/yr"
      }
    },
    {
      "type": "Feature",
      "geometry": {
        "type": "LineString",
        "coordinates": [
          [
            -116.17236622215509,
            39.35235414896193
          ],
          [
            -116.17470072079634,
            39.349931953341475
          ],
          [
            -116.17711189244369,
            39.347620314730015
          ]
        ]
      },
      "properties": {
        "fault_name": "Antelope Range fault zone",
        "age": "late Quaternary",
        "slip_rate": "Less than 0.2 mm/yr"
      }
    },
    {
      "type": "Feature",
      "geometry": {
        "type": "LineString",
        "coordinates": [
          [
            -116.15497103838088,
            39.39048149781022
          ],
          [
            -116.15692439711843,
            39.38691487022332
          ],
          [
            -116.15878607559472,
            39.38242880672046
          ],
          [
            -116.16066276491938,
            39.37863329281751
          ],
          [
            -116.16135719677,
            39.37524610865354
          ],
          [
            -116.16073158934486,
            39.37238503132009
          ],
          [
            -116.15959430782215,
            39.3703328332572
          ]
        ]
      },
      "properties": {
        "fault_name": "Antelope Range fault zone",
        "age": "late Quaternary",
        "slip_rate": "Less than 0.2 mm/yr"
      }
    },
    {
      "type": "Feature",
      "geometry": {
        "type": "LineString",
        "coordinates": [
          [
            -116.14348062559797,
            39.387582653919104
          ],
          [
            -116.14210721112302,
            39.38443546681087
          ],
          [
            -116.14133715190528,
            39.38152105388115
          ],
          [
            -116.14025318359799,
            39.37785887324894
          ],
          [
            -116.1391775525549,
            39.37436890965329
          ],
          [
            -116.13848305872055,
            39.37202282379056
          ],
          [
            -116.13756744278237,
            39.369508964153034
          ],
          [
            -116.1386129775685,
            39.36479790126783
          ],
          [
            -116.14019243412861,
            39.36100238590658
          ],
          [
            -116.14013849478738,
            39.35670298971479
          ],
          [
            -116.139894571645,
            39.35447134569916
          ],
          [
            -116.14014620862072,
            39.35108804926763
          ],
          [
            -116.14179399912615,
            39.34723864573563
          ],
          [
            -116.14331235228062,
            39.34447312131562
          ],
          [
            -116.1454107206646,
            39.34102093692521
          ],
          [
            -116.1456090372383,
            39.33895318071256
          ],
          [
            -116.1461656953721,
            39.33648543013723
          ],
          [
            -116.14607455859158,
            39.3346543398424
          ],
          [
            -116.14773736533532,
            39.33189270400276
          ],
          [
            -116.14998073797581,
            39.32826108025426
          ],
          [
            -116.15075128408041,
            39.325045004316266
          ],
          [
            -116.15120124301971,
            39.319769507075634
          ]
        ]
      },
      "properties": {
        "fault_name": "Antelope Range fault zone",
        "age": "late Quaternary",
        "slip_rate": "Less than 0.2 mm/yr"
      }
    },
    {
      "type": "Feature",
      "geometry": {
        "type": "LineString",
        "coordinates": [
          [
            -116.07102821728631,
            39.26887041083865
          ],
          [
            -116.07296599384692,
            39.26364435123895
          ],
          [
            -116.07459875643599,
            39.25807495893946
          ],
          [
            -116.0763765250782,
            39.252501680822604
          ],
          [
            -116.07706260618993,
            39.248259491695926
          ]
        ]
      },
      "properties": {
        "fault_name": "Fish Creek Range fault zone",
        "age": "late Quaternary",
        "slip_rate": "Less than 0.2 mm/yr"
      }
    },
    {
      "type": "Feature",
      "geometry": {
        "type": "LineString",
        "coordinates": [
          [
            -116.0630395560585,
            39.26697429490214
          ],
          [
            -116.06448948274115,
            39.2581360402728
          ],
          [
            -116.0664116923962,
            39.25210498624135
          ],
          [
            -116.06718223131432,
            39.248549457908545
          ],
          [
            -116.06852499257684,
            39.24291894073744
          ],
          [
            -116.06978386556486,
            39.23729620327677
          ],
          [
            -116.07105830186516,
            39.232356236676324
          ],
          [
            -116.07277498327144,
            39.22782071375769
          ],
          [
            -116.07478111264204,
            39.22270519573906
          ]
        ]
      },
      "properties": {
        "fault_name": "Fish Creek Range fault zone",
        "age": "late Quaternary",
        "slip_rate": "Less than 0.2 mm/yr"
      }
    },
    {
      "type": "Feature",
      "geometry": {
        "type": "LineString",
        "coordinates": [
          [
            -116.03674892016767,
            39.325998782343504
          ],
          [
            -116.04195238180652,
            39.322244926876614
          ],
          [
            -116.04810141370669,
            39.31722108434354
          ],
          [
            -116.05263374130183,
            39.31335334107367
          ],
          [
            -116.05548713559728,
            39.310583921934764
          ],
          [
            -116.06060670716502,
            39.30659729675583
          ],
          [
            -116.0651156740712,
            39.3007229057152
          ],
          [
            -116.06830460259997,
            39.295431845681584
          ],
          [
            -116.06995237783404,
            39.29094966505007
          ],
          [
            -116.07093680023142,
            39.28675748124738
          ]
        ]
      },
      "properties": {
        "fault_name": "Fish Creek Range fault zone",
        "age": "late Quaternary",
        "slip_rate": "Less than 0.2 mm/yr"
      }
    },
    {
      "type": "Feature",
      "geometry": {
        "type": "LineString",
        "coordinates": [
          [
            -116.04115807256767,
            39.296682897955144
          ],
          [
            -116.04707097960048,
            39.29091517615416
          ],
          [
            -116.05254943531075,
            39.28549467633622
          ],
          [
            -116.05927071201322,
            39.27978029070773
          ],
          [
            -116.06413857384172,
            39.27310091394622
          ],
          [
            -116.06825861334902,
            39.265052102777595
          ],
          [
            -116.06932638323507,
            39.26160324570676
          ],
          [
            -116.07076083284367,
            39.258154947200545
          ]
        ]
      },
      "properties": {
        "fault_name": "Fish Creek Range fault zone",
        "age": "late Quaternary",
        "slip_rate": "Less than 0.2 mm/yr"
      }
    },
    {
      "type": "Feature",
      "geometry": {
        "type": "LineString",
        "coordinates": [
          [
            -116.03332351463187,
            39.34333643069442
          ],
          [
            -116.03873251440103,
            39.33843091380655
          ],
          [
            -116.04246370376457,
            39.334967052870894
          ],
          [
            -116.04727768643892,
            39.32989376105883
          ],
          [
            -116.05078720123473,
            39.32626601591926
          ],
          [
            -116.05634955869422,
            39.32221438601896
          ],
          [
            -116.06146856701825,
            39.31777442707466
          ],
          [
            -116.0643908513162,
            39.31494390027814
          ]
        ]
      },
      "properties": {
        "fault_name": "Fish Creek Range fault zone",
        "age": "late Quaternary",
        "slip_rate": "Less than 0.2 mm/yr"
      }
    },
    {
      "type": "Feature",
      "geometry": {
        "type": "LineString",
        "coordinates": [
          [
            -116.04087689179889,
            39.365358488276776
          ],
          [
            -116.04678254403747,
            39.35850353930846
          ],
          [
            -116.04970425970184,
            39.35516189769749
          ],
          [
            -116.05255042525417,
            39.352163588835346
          ],
          [
            -116.05561714876836,
            39.34881805879875
          ],
          [
            -116.05971446089896,
            39.345354201285915
          ],
          [
            -116.0612328293248,
            39.34417587831629
          ]
        ]
      },
      "properties": {
        "fault_name": "Fish Creek Range fault zone",
        "age": "late Quaternary",
        "slip_rate": "Less than 0.2 mm/yr"
      }
    },
    {
      "type": "Feature",
      "geometry": {
        "type": "LineString",
        "coordinates": [
          [
            -115.97852221562732,
            39.572586537220864
          ],
          [
            -115.98107064625685,
            39.57134320222971
          ],
          [
            -115.98361907778465,
            39.57005375531051
          ],
          [
            -115.98493912604354,
            39.56921042302848
          ],
          [
            -115.98808979981595,
            39.5670515377179
          ],
          [
            -115.99081378820144,
            39.56422099171149
          ],
          [
            -115.99301886566137,
            39.56184044780638
          ],
          [
            -115.99546784200915,
            39.55907490522831
          ],
          [
            -115.99716178975054,
            39.55704158324953
          ],
          [
            -115.9984968362814,
            39.5552338152168
          ],
          [
            -115.99980132841449,
            39.55352104533566
          ],
          [
            -116.00085414494434,
            39.55272382719671
          ]
        ]
      },
      "properties": {
        "fault_name": "Western Diamond Mountains fault zone",
        "age": "undifferentiated Quaternary",
        "slip_rate": "Less than 0.2 mm/yr"
      }
    },
    {
      "type": "Feature",
      "geometry": {
        "type": "LineString",
        "coordinates": [
          [
            -115.96891629044406,
            39.57648932966252
          ],
          [
            -115.97148750055256,
            39.575703213079414
          ],
          [
            -115.97456262241629,
            39.574787648198736
          ],
          [
            -115.97660714129054,
            39.57342209469341
          ]
        ]
      },
      "properties": {
        "fault_name": "Western Diamond Mountains fault zone",
        "age": "undifferentiated Quaternary",
        "slip_rate": "Less than 0.2 mm/yr"
      }
    },
    {
      "type": "Feature",
      "geometry": {
        "type": "LineString",
        "coordinates": [
          [
            -115.95701415281697,
            39.57869048496615
          ],
          [
            -115.9611343135968,
            39.57785102570643
          ],
          [
            -115.96412498663733,
            39.57690490821012
          ],
          [
            -115.96716954871343,
            39.575802679290454
          ],
          [
            -115.96831403741969,
            39.575283787217224
          ]
        ]
      },
      "properties": {
        "fault_name": "Western Diamond Mountains fault zone",
        "age": "undifferentiated Quaternary",
        "slip_rate": "Less than 0.2 mm/yr"
      }
    },
    {
      "type": "Feature",
      "geometry": {
        "type": "LineString",
        "coordinates": [
          [
            -115.92603020404552,
            39.5915877621385
          ],
          [
            -115.93039424844187,
            39.588219435333684
          ],
          [
            -115.93672670464498,
            39.58498053982706
          ],
          [
            -115.94141910483724,
            39.583248861813296
          ],
          [
            -115.94662263744299,
            39.58131496200714
          ],
          [
            -115.95015499370152,
            39.5800138431519
          ],
          [
            -115.95155893742141,
            39.57951439731125
          ]
        ]
      },
      "properties": {
        "fault_name": "Western Diamond Mountains fault zone",
        "age": "undifferentiated Quaternary",
        "slip_rate": "Less than 0.2 mm/yr"
      }
    },
    {
      "type": "Feature",
      "geometry": {
        "type": "LineString",
        "coordinates": [
          [
            -115.92935607355285,
            39.53265102907118
          ],
          [
            -115.93360622504589,
            39.52882492988363
          ],
          [
            -115.93693245208269,
            39.52514772274288
          ],
          [
            -115.93854250885462,
            39.52303828925297
          ],
          [
            -115.94029701382597,
            39.52121496421957
          ],
          [
            -115.94165539589292,
            39.5197766362457
          ],
          [
            -115.94273099190174,
            39.51918552498001
          ]
        ]
      },
      "properties": {
        "fault_name": "Western Diamond Mountains fault zone",
        "age": "undifferentiated Quaternary",
        "slip_rate": "Less than 0.2 mm/yr"
      }
    },
    {
      "type": "Feature",
      "geometry": {
        "type": "LineString",
        "coordinates": [
          [
            -115.91965917508244,
            39.55876640913782
          ],
          [
            -115.92119255256004,
            39.55592864671039
          ],
          [
            -115.92231424471933,
            39.55284978017933
          ],
          [
            -115.92367983307152,
            39.54931757969612
          ],
          [
            -115.92442762574835,
            39.54687982033822
          ],
          [
            -115.92596100502257,
            39.54404205795738
          ],
          [
            -115.92797551118318,
            39.54086040927975
          ],
          [
            -115.93031780899771,
            39.537473204701485
          ],
          [
            -115.93266010860887,
            39.53422266567132
          ],
          [
            -115.93622301207864,
            39.53066379126825
          ],
          [
            -115.93812252400144,
            39.52874490767086
          ],
          [
            -115.93939701509898,
            39.52735269223828
          ],
          [
            -115.94202155279599,
            39.52480047977182
          ]
        ]
      },
      "properties": {
        "fault_name": "Western Diamond Mountains fault zone",
        "age": "undifferentiated Quaternary",
        "slip_rate": "Less than 0.2 mm/yr"
      }
    },
    {
      "type": "Feature",
      "geometry": {
        "type": "LineString",
        "coordinates": [
          [
            -115.92516770638841,
            39.55464641626719
          ],
          [
            -115.9268922103242,
            39.55268198019128
          ],
          [
            -115.92877671678846,
            39.550328657283515
          ],
          [
            -115.93061511272919,
            39.548340887941045
          ],
          [
            -115.93174459507864,
            39.54694867066415
          ],
          [
            -115.93198071455612,
            39.54667367279249
          ]
        ]
      },
      "properties": {
        "fault_name": "Western Diamond Mountains fault zone",
        "age": "undifferentiated Quaternary",
        "slip_rate": "Less than 0.2 mm/yr"
      }
    },
    {
      "type": "Feature",
      "geometry": {
        "type": "LineString",
        "coordinates": [
          [
            -115.92061243671924,
            39.542016547314276
          ],
          [
            -115.92183358405858,
            39.54008989020857
          ],
          [
            -115.92369531014555,
            39.53720601721783
          ],
          [
            -115.92535092767207,
            39.53584046430272
          ],
          [
            -115.92541148220705,
            39.53574879926667
          ]
        ]
      },
      "properties": {
        "fault_name": "Western Diamond Mountains fault zone",
        "age": "undifferentiated Quaternary",
        "slip_rate": "Less than 0.2 mm/yr"
      }
    },
    {
      "type": "Feature",
      "geometry": {
        "type": "LineString",
        "coordinates": [
          [
            -115.90912306777867,
            39.6213881619138
          ],
          [
            -115.91104534480736,
            39.61850039770613
          ],
          [
            -115.912373153612,
            39.61531541682776
          ],
          [
            -115.91360150723655,
            39.6112065537964
          ],
          [
            -115.91467707809252,
            39.60741880078929
          ],
          [
            -115.91662268436914,
            39.60319993930786
          ],
          [
            -115.91861384780712,
            39.59939662715872
          ],
          [
            -115.92097947756456,
            39.596443859686566
          ],
          [
            -115.92246730506733,
            39.59463942473419
          ],
          [
            -115.9234362270345,
            39.59368220398923
          ]
        ]
      },
      "properties": {
        "fault_name": "Western Diamond Mountains fault zone",
        "age": "undifferentiated Quaternary",
        "slip_rate": "Less than 0.2 mm/yr"
      }
    },
    {
      "type": "Feature",
      "geometry": {
        "type": "LineString",
        "coordinates": [
          [
            -115.91519572042182,
            39.56795580024968
          ],
          [
            -115.91769081358132,
            39.566579131932265
          ],
          [
            -115.9202847905924,
            39.56425191485638
          ],
          [
            -115.92129204457103,
            39.562581368690786
          ],
          [
            -115.92196316513999,
            39.55975416676559
          ],
          [
            -115.92255095708491,
            39.55817139884913
          ],
          [
            -115.92286374328032,
            39.55755362571617
          ]
        ]
      },
      "properties": {
        "fault_name": "Western Diamond Mountains fault zone",
        "age": "undifferentiated Quaternary",
        "slip_rate": "Less than 0.2 mm/yr"
      }
    },
    {
      "type": "Feature",
      "geometry": {
        "type": "LineString",
        "coordinates": [
          [
            -115.91090004680174,
            39.576187974924565
          ],
          [
            -115.91235008487548,
            39.57304466011324
          ],
          [
            -115.91318174965708,
            39.567734700848305
          ],
          [
            -115.91358562142905,
            39.56299696066398
          ],
          [
            -115.91409728205196,
            39.55903754577191
          ],
          [
            -115.9143261584133,
            39.55577201828056
          ],
          [
            -115.9148600460513,
            39.552369265891684
          ],
          [
            -115.91560783872806,
            39.550118726966794
          ],
          [
            -115.91642396804517,
            39.54768874276065
          ],
          [
            -115.91679008811731,
            39.5467426383105
          ]
        ]
      },
      "properties": {
        "fault_name": "Western Diamond Mountains fault zone",
        "age": "undifferentiated Quaternary",
        "slip_rate": "Less than 0.2 mm/yr"
      }
    },
    {
      "type": "Feature",
      "geometry": {
        "type": "LineString",
        "coordinates": [
          [
            -115.8960382621474,
            39.6425402872619
          ],
          [
            -115.8983272144071,
            39.63904252275099
          ],
          [
            -115.90150063711577,
            39.63418643523241
          ],
          [
            -115.90400348632947,
            39.63062367096912
          ],
          [
            -115.90607854702505,
            39.627624795242426
          ],
          [
            -115.90760469935283,
            39.62508091832018
          ],
          [
            -115.90797082122161,
            39.6243709218881
          ]
        ]
      },
      "properties": {
        "fault_name": "Western Diamond Mountains fault zone",
        "age": "undifferentiated Quaternary",
        "slip_rate": "Less than 0.2 mm/yr"
      }
    },
    {
      "type": "Feature",
      "geometry": {
        "type": "LineString",
        "coordinates": [
          [
            -115.8933671638709,
            39.58286357081264
          ],
          [
            -115.8951066570955,
            39.57988469577185
          ],
          [
            -115.89613667707836,
            39.577156933838516
          ],
          [
            -115.8965944558522,
            39.574581953338964
          ],
          [
            -115.89659444417411,
            39.57301807690766
          ],
          [
            -115.89631220159667,
            39.5720264200168
          ]
        ]
      },
      "properties": {
        "fault_name": "Western Diamond Mountains fault zone",
        "age": "undifferentiated Quaternary",
        "slip_rate": "Less than 0.2 mm/yr"
      }
    },
    {
      "type": "Feature",
      "geometry": {
        "type": "LineString",
        "coordinates": [
          [
            -115.88456293117979,
            39.65772689926195
          ],
          [
            -115.88679856034254,
            39.655880234061335
          ],
          [
            -115.88939253196371,
            39.65367190322542
          ],
          [
            -115.89131536325296,
            39.65099357923586
          ],
          [
            -115.89233038855708,
            39.64893025625847
          ],
          [
            -115.89370320475409,
            39.64691971027953
          ]
        ]
      },
      "properties": {
        "fault_name": "Western Diamond Mountains fault zone",
        "age": "undifferentiated Quaternary",
        "slip_rate": "Less than 0.2 mm/yr"
      }
    },
    {
      "type": "Feature",
      "geometry": {
        "type": "LineString",
        "coordinates": [
          [
            -115.88839262710243,
            39.59743959030887
          ],
          [
            -115.88819427100285,
            39.59524627383529
          ],
          [
            -115.88904150269002,
            39.59226296082241
          ],
          [
            -115.89037653215289,
            39.589032425238045
          ],
          [
            -115.89106321513584,
            39.58735354632396
          ]
        ]
      },
      "properties": {
        "fault_name": "Western Diamond Mountains fault zone",
        "age": "undifferentiated Quaternary",
        "slip_rate": "Less than 0.2 mm/yr"
      }
    },
    {
      "type": "Feature",
      "geometry": {
        "type": "LineString",
        "coordinates": [
          [
            -115.8741715191121,
            39.66989964474729
          ],
          [
            -115.8754076701133,
            39.66915186583974
          ],
          [
            -115.87771162603488,
            39.66655020378846
          ],
          [
            -115.87987113375709,
            39.66396354527826
          ],
          [
            -115.88093893957576,
            39.662525772786026
          ],
          [
            -115.88176285099816,
            39.66119800120278
          ]
        ]
      },
      "properties": {
        "fault_name": "Western Diamond Mountains fault zone",
        "age": "undifferentiated Quaternary",
        "slip_rate": "Less than 0.2 mm/yr"
      }
    },
    {
      "type": "Feature",
      "geometry": {
        "type": "LineString",
        "coordinates": [
          [
            -115.86853371394852,
            39.69340171704174
          ],
          [
            -115.87021209388602,
            39.691299500036315
          ],
          [
            -115.87272215477479,
            39.687107295807785
          ],
          [
            -115.874705526226,
            39.68240787476765
          ],
          [
            -115.87559109441622,
            39.67974122300785
          ],
          [
            -115.87552217836257,
            39.676659027690256
          ],
          [
            -115.87491157729428,
            39.673862941941316
          ],
          [
            -115.8742554262512,
            39.67199351483415
          ]
        ]
      },
      "properties": {
        "fault_name": "Western Diamond Mountains fault zone",
        "age": "undifferentiated Quaternary",
        "slip_rate": "Less than 0.2 mm/yr"
      }
    },
    {
      "type": "Feature",
      "geometry": {
        "type": "LineString",
        "coordinates": [
          [
            -115.86082742555386,
            39.706886663710186
          ],
          [
            -115.86361251015843,
            39.70452166080502
          ],
          [
            -115.86621425310514,
            39.70201110930937
          ],
          [
            -115.86800708110478,
            39.69993222419003
          ],
          [
            -115.8693193391735,
            39.6983338950169
          ]
        ]
      },
      "properties": {
        "fault_name": "Western Diamond Mountains fault zone",
        "age": "undifferentiated Quaternary",
        "slip_rate": "Less than 0.2 mm/yr"
      }
    },
    {
      "type": "Feature",
      "geometry": {
        "type": "LineString",
        "coordinates": [
          [
            -115.85740972217334,
            39.73093816279717
          ],
          [
            -115.8578674955573,
            39.728408734783656
          ],
          [
            -115.85830970742559,
            39.72523875806275
          ],
          [
            -115.85937803875869,
            39.72040934185613
          ],
          [
            -115.86024803734841,
            39.71636603565531
          ],
          [
            -115.86135415990722,
            39.71274216730491
          ],
          [
            -115.86235361920413,
            39.710010515238906
          ],
          [
            -115.8632002984274,
            39.707577194873416
          ]
        ]
      },
      "properties": {
        "fault_name": "Western Diamond Mountains fault zone",
        "age": "undifferentiated Quaternary",
        "slip_rate": "Less than 0.2 mm/yr"
      }
    },
    {
      "type": "Feature",
      "geometry": {
        "type": "LineString",
        "coordinates": [
          [
            -115.86155350595023,
            39.80458413285949
          ],
          [
            -115.86142346313476,
            39.80158968566362
          ],
          [
            -115.86130892344445,
            39.79440301582519
          ],
          [
            -115.8616827663331,
            39.78992078833502
          ],
          [
            -115.86153049919749,
            39.78662078825562
          ],
          [
            -115.86075207127456,
            39.78157412294644
          ],
          [
            -115.86037813675776,
            39.77896857012052
          ],
          [
            -115.86023308399221,
            39.775329679199295
          ],
          [
            -115.86033252659583,
            39.774780234154704
          ]
        ]
      },
      "properties": {
        "fault_name": "Western Diamond Mountains fault zone",
        "age": "undifferentiated Quaternary",
        "slip_rate": "Less than 0.2 mm/yr"
      }
    },
    {
      "type": "Feature",
      "geometry": {
        "type": "LineString",
        "coordinates": [
          [
            -115.85976743597645,
            39.76936356819144
          ],
          [
            -115.85947793141827,
            39.76537690066151
          ],
          [
            -115.85937062316603,
            39.759113007748184
          ],
          [
            -115.85917223113384,
            39.7550163407171
          ],
          [
            -115.85919497198526,
            39.75204467023369
          ],
          [
            -115.85814989713651,
            39.74876413026382
          ],
          [
            -115.85790597309587,
            39.74563193398777
          ],
          [
            -115.85789818380402,
            39.744247501808665
          ]
        ]
      },
      "properties": {
        "fault_name": "Western Diamond Mountains fault zone",
        "age": "undifferentiated Quaternary",
        "slip_rate": "Less than 0.2 mm/yr"
      }
    },
    {
      "type": "Feature",
      "geometry": {
        "type": "LineString",
        "coordinates": [
          [
            -115.85684535739273,
            39.74302307293283
          ],
          [
            -115.85684534122308,
            39.74108531223291
          ],
          [
            -115.85724198964182,
            39.737270338158936
          ],
          [
            -115.85744030621551,
            39.73439035870549
          ],
          [
            -115.85773752460705,
            39.732643147954505
          ]
        ]
      },
      "properties": {
        "fault_name": "Western Diamond Mountains fault zone",
        "age": "undifferentiated Quaternary",
        "slip_rate": "Less than 0.2 mm/yr"
      }
    },
    {
      "type": "Feature",
      "geometry": {
        "type": "LineString",
        "coordinates": [
          [
            -115.95278365107244,
            39.295591912717924
          ],
          [
            -115.95498872044753,
            39.2946307979864
          ],
          [
            -115.95845271581126,
            39.293181349098695
          ],
          [
            -115.96070333156788,
            39.29173523931225
          ],
          [
            -115.9628778267823,
            39.28964524197812
          ],
          [
            -115.96538787958623,
            39.28703191624707
          ],
          [
            -115.96805070887056,
            39.28400303528564
          ],
          [
            -115.97013351304393,
            39.28081026885892
          ],
          [
            -115.97158296900938,
            39.278090280340045
          ],
          [
            -115.97303241958492,
            39.27516473573159
          ],
          [
            -115.9745663261702,
            39.272677525260995
          ],
          [
            -115.97747304625754,
            39.26930531217646
          ],
          [
            -115.97995254017215,
            39.26673754117337
          ],
          [
            -115.98344706567912,
            39.263766435291295
          ],
          [
            -115.9879638551148,
            39.26099310078002
          ],
          [
            -115.99190062033784,
            39.25813921484523
          ],
          [
            -115.99424289659281,
            39.25625866380145
          ],
          [
            -115.9958373756794,
            39.25480922081502
          ],
          [
            -115.9972257399173,
            39.25351255771055
          ],
          [
            -115.99944632858725,
            39.25073534420306
          ],
          [
            -116.00026245431107,
            39.24975479176308
          ],
          [
            -116.00090357923439,
            39.24883924065923
          ]
        ]
      },
      "properties": {
        "fault_name": "Diamond Mountains fault zone",
        "age": "late Quaternary",
        "slip_rate": "Less than 0.2 mm/yr"
      }
    },
    {
      "type": "Feature",
      "geometry": {
        "type": "LineString",
        "coordinates": [
          [
            -115.95029629420415,
            39.293051381733854
          ],
          [
            -115.95190632133169,
            39.290869723257686
          ],
          [
            -115.95325689614053,
            39.28880972992262
          ],
          [
            -115.95468358610174,
            39.28694418004178
          ],
          [
            -115.9554158208561,
            39.285963627927345
          ],
          [
            -115.95654472558883,
            39.284296967099195
          ],
          [
            -115.95754418758067,
            39.28304585901238
          ],
          [
            -115.95827697929053,
            39.28213419500621
          ],
          [
            -115.95873476255596,
            39.28153864313574
          ]
        ]
      },
      "properties": {
        "fault_name": "Diamond Mountains fault zone",
        "age": "late Quaternary",
        "slip_rate": "Less than 0.2 mm/yr"
      }
    },
    {
      "type": "Feature",
      "geometry": {
        "type": "LineString",
        "coordinates": [
          [
            -115.93203935388293,
            39.35682939577944
          ],
          [
            -115.93270324211556,
            39.35508940527367
          ],
          [
            -115.93408437311881,
            39.35285441370883
          ],
          [
            -115.93593830093081,
            39.35064553129092
          ],
          [
            -115.93817391033062,
            39.34841775623
          ],
          [
            -115.94040896816483,
            39.34649164825931
          ],
          [
            -115.94194289900466,
            39.34542720399489
          ],
          [
            -115.94356794416711,
            39.34427498122421
          ],
          [
            -115.9459330151724,
            39.34278720429924
          ],
          [
            -115.94703916198573,
            39.34239053467249
          ],
          [
            -115.94841253693482,
            39.341623867341376
          ],
          [
            -115.95015980867143,
            39.34042609029311
          ],
          [
            -115.95156374161155,
            39.33980053173216
          ],
          [
            -115.95231154506813,
            39.33944164222986
          ],
          [
            -115.95282266760016,
            39.33905275373873
          ]
        ]
      },
      "properties": {
        "fault_name": "Diamond Mountains fault zone",
        "age": "late Quaternary",
        "slip_rate": "Less than 0.2 mm/yr"
      }
    },
    {
      "type": "Feature",
      "geometry": {
        "type": "LineString",
        "coordinates": [
          [
            -115.91557524156134,
            39.38544706832567
          ],
          [
            -115.91692528187264,
            39.384451511693825
          ],
          [
            -115.91912312340295,
            39.38282262376822
          ],
          [
            -115.92031315130423,
            39.38154818321588
          ],
          [
            -115.92142706944307,
            39.38043429705317
          ],
          [
            -115.92273931942695,
            39.37888930067376
          ],
          [
            -115.9236776726233,
            39.37768374725712
          ],
          [
            -115.92492881111669,
            39.37622708513741
          ],
          [
            -115.92575271355595,
            39.37501764428667
          ],
          [
            -115.92630216899781,
            39.37426598084825
          ]
        ]
      },
      "properties": {
        "fault_name": "Diamond Mountains fault zone",
        "age": "late Quaternary",
        "slip_rate": "Less than 0.2 mm/yr"
      }
    },
    {
      "type": "Feature",
      "geometry": {
        "type": "LineString",
        "coordinates": [
          [
            -115.89606614315889,
            39.38638936677259
          ],
          [
            -115.89778286409101,
            39.38528269879652
          ],
          [
            -115.89931624336523,
            39.384222699052216
          ],
          [
            -115.90045294457632,
            39.383478809078824
          ],
          [
            -115.901505752123,
            39.38275381014682
          ],
          [
            -115.90249744997585,
            39.382101586847455
          ],
          [
            -115.90355803603458,
            39.381288809208094
          ],
          [
            -115.90431360991835,
            39.380495477862326
          ],
          [
            -115.90443583469593,
            39.3803088120684
          ]
        ]
      },
      "properties": {
        "fault_name": "Diamond Mountains fault zone",
        "age": "late Quaternary",
        "slip_rate": "Less than 0.2 mm/yr"
      }
    },
    {
      "type": "Feature",
      "geometry": {
        "type": "LineString",
        "coordinates": [
          [
            -115.82788778242514,
            39.46667307166156
          ],
          [
            -115.82935282056751,
            39.46491863076364
          ],
          [
            -115.8305428493671,
            39.46327807923973
          ],
          [
            -115.83152731488359,
            39.461679752250014
          ],
          [
            -115.83284734517613,
            39.459745869037015
          ],
          [
            -115.83382403577386,
            39.458540314962875
          ],
          [
            -115.83502906284542,
            39.456735876683595
          ],
          [
            -115.83571573684526,
            39.45511477322612
          ],
          [
            -115.8364790730714,
            39.452890892929645
          ],
          [
            -115.83663907110837,
            39.452208116654774
          ],
          [
            -115.8365779434482,
            39.45116645800317
          ],
          [
            -115.83680681262305,
            39.44893869188961
          ],
          [
            -115.83690624085364,
            39.44728314634439
          ],
          [
            -115.83724178496846,
            39.445402599776166
          ],
          [
            -115.83811901769117,
            39.44336538618485
          ],
          [
            -115.83874458289546,
            39.44215261314883
          ],
          [
            -115.83956849072459,
            39.44095094814391
          ],
          [
            -115.83994238481719,
            39.44021817499783
          ],
          [
            -115.84046906257672,
            39.439443730750746
          ]
        ]
      },
      "properties": {
        "fault_name": "Diamond Mountains fault zone",
        "age": "late Quaternary",
        "slip_rate": "Less than 0.2 mm/yr"
      }
    },
    {
      "type": "Feature",
      "geometry": {
        "type": "LineString",
        "coordinates": [
          [
            -115.74699170361784,
            39.623449103678425
          ],
          [
            -115.74917399441229,
            39.62144243014895
          ],
          [
            -115.75162295459042,
            39.61914187231727
          ],
          [
            -115.75394245855293,
            39.61624298872523
          ],
          [
            -115.75591083083381,
            39.612531335905125
          ],
          [
            -115.75787143268747,
            39.60986078575918
          ],
          [
            -115.75964925073703,
            39.60697690704319
          ],
          [
            -115.76166374432125,
            39.60418858167894
          ],
          [
            -115.76355545707072,
            39.60144581068305
          ],
          [
            -115.7656921763308,
            39.59847415379402
          ],
          [
            -115.76740111066606,
            39.59618916031027
          ],
          [
            -115.76894226755402,
            39.59491860375262
          ],
          [
            -115.77144457328694,
            39.593171935314786
          ]
        ]
      },
      "properties": {
        "fault_name": "Diamond Mountains fault zone",
        "age": "late Quaternary",
        "slip_rate": "Less than 0.2 mm/yr"
      }
    },
    {
      "type": "Feature",
      "geometry": {
        "type": "LineString",
        "coordinates": [
          [
            -115.93680005478288,
            39.31795739384755
          ],
          [
            -115.9372806031542,
            39.316332401063775
          ],
          [
            -115.93824949278199,
            39.313837969101
          ],
          [
            -115.93985172882108,
            39.310797426955965
          ],
          [
            -115.94053839743097,
            39.30928687575715
          ],
          [
            -115.941430629324,
            39.307619659346464
          ],
          [
            -115.94265897755868,
            39.305567446240474
          ],
          [
            -115.94390289000395,
            39.304038005776654
          ],
          [
            -115.9458484792126,
            39.30150856774213
          ],
          [
            -115.94637459642337,
            39.30055135267962
          ],
          [
            -115.94748127683596,
            39.29879246822107
          ],
          [
            -115.94851851568046,
            39.29731247520755
          ],
          [
            -115.949167411031,
            39.29609970099529
          ],
          [
            -115.94986131018064,
            39.29521081482357
          ],
          [
            -115.95047187890957,
            39.29444026197732
          ],
          [
            -115.95059410278883,
            39.294276374218576
          ]
        ]
      },
      "properties": {
        "fault_name": "Diamond Mountains fault zone",
        "age": "late Quaternary",
        "slip_rate": "Less than 0.2 mm/yr"
      }
    },
    {
      "type": "Feature",
      "geometry": {
        "type": "LineString",
        "coordinates": [
          [
            -115.9252338628175,
            39.34199395866806
          ],
          [
            -115.92707222641891,
            39.33930063485605
          ],
          [
            -115.92840001276562,
            39.33651231433744
          ],
          [
            -115.92881945323978,
            39.33508954204227
          ],
          [
            -115.92975779026644,
            39.33294177500814
          ],
          [
            -115.93053612296795,
            39.33099233917808
          ],
          [
            -115.93137557614308,
            39.329234012768545
          ],
          [
            -115.93229112560591,
            39.32666680321817
          ],
          [
            -115.93324447168436,
            39.32500347477343
          ],
          [
            -115.9340378179292,
            39.32392736923814
          ],
          [
            -115.93446504500022,
            39.32315348280018
          ],
          [
            -115.93464838036994,
            39.322745150008515
          ]
        ]
      },
      "properties": {
        "fault_name": "Diamond Mountains fault zone",
        "age": "late Quaternary",
        "slip_rate": "Less than 0.2 mm/yr"
      }
    },
    {
      "type": "Feature",
      "geometry": {
        "type": "LineString",
        "coordinates": [
          [
            -115.92531822809742,
            39.3733771011404
          ],
          [
            -115.92634825167355,
            39.372148770886405
          ],
          [
            -115.92767548735301,
            39.369681004331404
          ],
          [
            -115.9289116123031,
            39.367372678341454
          ],
          [
            -115.92985771885864,
            39.36459991326267
          ],
          [
            -115.93050604198235,
            39.36219270312091
          ],
          [
            -115.93104770184415,
            39.36038437933891
          ],
          [
            -115.93142936277073,
            39.35907605321301
          ],
          [
            -115.93181824255889,
            39.357492726759205
          ],
          [
            -115.93203935388293,
            39.35682939577944
          ]
        ]
      },
      "properties": {
        "fault_name": "Diamond Mountains fault zone",
        "age": "late Quaternary",
        "slip_rate": "Less than 0.2 mm/yr"
      }
    },
    {
      "type": "Feature",
      "geometry": {
        "type": "LineString",
        "coordinates": [
          [
            -115.92500524157772,
            39.360399956759665
          ],
          [
            -115.92565356290477,
            39.35783274913178
          ],
          [
            -115.92597409527288,
            39.35553220698188
          ],
          [
            -115.92640852683247,
            39.35339610769542
          ],
          [
            -115.926980743787,
            39.351610561277944
          ],
          [
            -115.92742351800065,
            39.350283343690435
          ],
          [
            -115.92793462076976,
            39.34847113267809
          ],
          [
            -115.92841516914112,
            39.34681947266686
          ],
          [
            -115.92872794904832,
            39.346063919711895
          ],
          [
            -115.92901016916784,
            39.34521725665419
          ]
        ]
      },
      "properties": {
        "fault_name": "Diamond Mountains fault zone",
        "age": "late Quaternary",
        "slip_rate": "Less than 0.2 mm/yr"
      }
    },
    {
      "type": "Feature",
      "geometry": {
        "type": "LineString",
        "coordinates": [
          [
            -115.92505062805913,
            39.348986140332265
          ],
          [
            -115.92556173262486,
            39.347265591795065
          ],
          [
            -115.9261795184188,
            39.34612504032528
          ],
          [
            -115.92679785757497,
            39.34507615672578
          ],
          [
            -115.92746897904223,
            39.34398116094045
          ],
          [
            -115.92826288583584,
            39.34300116403089
          ],
          [
            -115.92869011200855,
            39.34226838829131
          ],
          [
            -115.92888066893481,
            39.341787833880176
          ]
        ]
      },
      "properties": {
        "fault_name": "Diamond Mountains fault zone",
        "age": "late Quaternary",
        "slip_rate": "Less than 0.2 mm/yr"
      }
    },
    {
      "type": "Feature",
      "geometry": {
        "type": "LineString",
        "coordinates": [
          [
            -115.9162083732753,
            39.37003938088717
          ],
          [
            -115.91816120829503,
            39.3687082702026
          ],
          [
            -115.91922956567927,
            39.36757105086773
          ],
          [
            -115.9200762538857,
            39.36675493926395
          ],
          [
            -115.92083182597287,
            39.36586605422194
          ],
          [
            -115.9218312933546,
            39.36477161133553
          ],
          [
            -115.92251019333395,
            39.3637260607484
          ],
          [
            -115.9231507613018,
            39.362742175657765
          ],
          [
            -115.92376910135627,
            39.36171606818302
          ]
        ]
      },
      "properties": {
        "fault_name": "Diamond Mountains fault zone",
        "age": "late Quaternary",
        "slip_rate": "Less than 0.2 mm/yr"
      }
    },
    {
      "type": "Feature",
      "geometry": {
        "type": "LineString",
        "coordinates": [
          [
            -115.91419380872419,
            39.36739218428168
          ],
          [
            -115.91578830218381,
            39.3664232942321
          ],
          [
            -115.91669610367734,
            39.36562940572946
          ],
          [
            -115.91751278994991,
            39.364744406724895
          ],
          [
            -115.91842059144344,
            39.36390163290458
          ],
          [
            -115.91905393875304,
            39.3633333006873
          ],
          [
            -115.91960339599152,
            39.36265052277134
          ]
        ]
      },
      "properties": {
        "fault_name": "Diamond Mountains fault zone",
        "age": "late Quaternary",
        "slip_rate": "Less than 0.2 mm/yr"
      }
    },
    {
      "type": "Feature",
      "geometry": {
        "type": "LineString",
        "coordinates": [
          [
            -115.90581660906798,
            39.39155429387761
          ],
          [
            -115.90848724740707,
            39.389910404265805
          ],
          [
            -115.91061564826764,
            39.388624293302755
          ],
          [
            -115.91307239683925,
            39.38760206534508
          ],
          [
            -115.91420965320918,
            39.386785953906326
          ],
          [
            -115.91517856798977,
            39.38594651075607
          ],
          [
            -115.91557524156134,
            39.38544706832567
          ]
        ]
      },
      "properties": {
        "fault_name": "Diamond Mountains fault zone",
        "age": "late Quaternary",
        "slip_rate": "Less than 0.2 mm/yr"
      }
    },
    {
      "type": "Feature",
      "geometry": {
        "type": "LineString",
        "coordinates": [
          [
            -115.90178790037733,
            39.37677995669548
          ],
          [
            -115.90372572814192,
            39.37491440326008
          ],
          [
            -115.90568689323929,
            39.37333162681927
          ],
          [
            -115.90677025698037,
            39.372496073169984
          ],
          [
            -115.90836475044,
            39.37145495974542
          ],
          [
            -115.90947089455834,
            39.37087107224779
          ],
          [
            -115.91096650236983,
            39.370245513310934
          ],
          [
            -115.91213376157191,
            39.369619955714406
          ]
        ]
      },
      "properties": {
        "fault_name": "Diamond Mountains fault zone",
        "age": "late Quaternary",
        "slip_rate": "Less than 0.2 mm/yr"
      }
    },
    {
      "type": "Feature",
      "geometry": {
        "type": "LineString",
        "coordinates": [
          [
            -115.89862959092501,
            39.38715990575605
          ],
          [
            -115.9002851949768,
            39.38591212979429
          ],
          [
            -115.90151356477101,
            39.385081020313024
          ],
          [
            -115.90292527442654,
            39.38415379516151
          ],
          [
            -115.90410752920565,
            39.38315824229975
          ],
          [
            -115.90519866786552,
            39.382021577022115
          ],
          [
            -115.90598424368316,
            39.38134213276609
          ],
          [
            -115.90722816331497,
            39.38002602529216
          ],
          [
            -115.9072892783987,
            39.37998046920154
          ]
        ]
      },
      "properties": {
        "fault_name": "Diamond Mountains fault zone",
        "age": "late Quaternary",
        "slip_rate": "Less than 0.2 mm/yr"
      }
    },
    {
      "type": "Feature",
      "geometry": {
        "type": "LineString",
        "coordinates": [
          [
            -115.883873484979,
            39.389956064262094
          ],
          [
            -115.88631522270221,
            39.38807939768534
          ],
          [
            -115.88819193987469,
            39.386217732966365
          ],
          [
            -115.88949697279357,
            39.38496996029362
          ],
          [
            -115.89073256414439,
            39.38395162531016
          ],
          [
            -115.89209093632992,
            39.382929403199654
          ],
          [
            -115.89299096290465,
            39.3822771822355
          ],
          [
            -115.8939221008326,
            39.3815749612031
          ],
          [
            -115.89486045941884,
            39.38073996101196
          ],
          [
            -115.89528768918481,
            39.380049407763984
          ]
        ]
      },
      "properties": {
        "fault_name": "Diamond Mountains fault zone",
        "age": "late Quaternary",
        "slip_rate": "Less than 0.2 mm/yr"
      }
    },
    {
      "type": "Feature",
      "geometry": {
        "type": "LineString",
        "coordinates": [
          [
            -115.85571999202222,
            39.379248466675065
          ],
          [
            -115.85794006056763,
            39.37782902120919
          ],
          [
            -115.8602212468917,
            39.37657013134617
          ],
          [
            -115.86271632477987,
            39.37504068470481
          ],
          [
            -115.86405914622952,
            39.3743923502675
          ],
          [
            -115.86519584923721,
            39.37380846094583
          ],
          [
            -115.86627921657154,
            39.37324401410389
          ],
          [
            -115.86723313936837,
            39.37280123370535
          ],
          [
            -115.86768315310489,
            39.37250401122184
          ]
        ]
      },
      "properties": {
        "fault_name": "Diamond Mountains fault zone",
        "age": "late Quaternary",
        "slip_rate": "Less than 0.2 mm/yr"
      }
    },
    {
      "type": "Feature",
      "geometry": {
        "type": "LineString",
        "coordinates": [
          [
            -115.85001444490308,
            39.48036011616648
          ],
          [
            -115.8518300577716,
            39.47884956116119
          ],
          [
            -115.85340954487442,
            39.47707178682925
          ],
          [
            -115.85450790509083,
            39.475683456288934
          ],
          [
            -115.85551515278125,
            39.474500681741844
          ],
          [
            -115.85640017569413,
            39.47338679578289
          ],
          [
            -115.8568657392682,
            39.47249402088385
          ],
          [
            -115.8573007457496,
            39.47158235686489
          ],
          [
            -115.85768185690722,
            39.47048014012939
          ]
        ]
      },
      "properties": {
        "fault_name": "Diamond Mountains fault zone",
        "age": "late Quaternary",
        "slip_rate": "Less than 0.2 mm/yr"
      }
    },
    {
      "type": "Feature",
      "geometry": {
        "type": "LineString",
        "coordinates": [
          [
            -115.85588818179625,
            39.40934606623433
          ],
          [
            -115.85602538059128,
            39.407183298653955
          ],
          [
            -115.85633090660257,
            39.4041316497299
          ],
          [
            -115.85623142986296,
            39.401964997763386
          ],
          [
            -115.85612473605832,
            39.4003088947544
          ],
          [
            -115.85584970964759,
            39.399245015195895
          ],
          [
            -115.85555246340826,
            39.39825280003769
          ],
          [
            -115.85533133142299,
            39.39733003025262
          ]
        ]
      },
      "properties": {
        "fault_name": "Diamond Mountains fault zone",
        "age": "late Quaternary",
        "slip_rate": "Less than 0.2 mm/yr"
      }
    },
    {
      "type": "Feature",
      "geometry": {
        "type": "LineString",
        "coordinates": [
          [
            -115.85543020179979,
            39.39574281384419
          ],
          [
            -115.85507905394849,
            39.39408004926725
          ],
          [
            -115.85471290063869,
            39.392004507246604
          ],
          [
            -115.85442286966772,
            39.390573961847444
          ],
          [
            -115.85379727571734,
            39.389463970839216
          ],
          [
            -115.85325557273642,
            39.38844564519567
          ],
          [
            -115.85268331805264,
            39.38774342929622
          ],
          [
            -115.85188215736311,
            39.38640066223766
          ],
          [
            -115.8514854631303,
            39.385565669788946
          ],
          [
            -115.85105821360138,
            39.38477956621916
          ],
          [
            -115.85069985407499,
            39.383875684230986
          ],
          [
            -115.85041761059924,
            39.383200131666264
          ]
        ]
      },
      "properties": {
        "fault_name": "Diamond Mountains fault zone",
        "age": "late Quaternary",
        "slip_rate": "Less than 0.2 mm/yr"
      }
    },
    {
      "type": "Feature",
      "geometry": {
        "type": "LineString",
        "coordinates": [
          [
            -115.84631294935129,
            39.421046038119854
          ],
          [
            -115.8481063334081,
            39.41932159474043
          ],
          [
            -115.84986860072175,
            39.417318820869376
          ],
          [
            -115.85115029630792,
            39.415769937261274
          ],
          [
            -115.85249310518113,
            39.41399605331953
          ],
          [
            -115.85325589972315,
            39.41280994519854
          ],
          [
            -115.8539653567952,
            39.411711060092514
          ]
        ]
      },
      "properties": {
        "fault_name": "Diamond Mountains fault zone",
        "age": "late Quaternary",
        "slip_rate": "Less than 0.2 mm/yr"
      }
    },
    {
      "type": "Feature",
      "geometry": {
        "type": "LineString",
        "coordinates": [
          [
            -115.84297847937344,
            39.387316249100145
          ],
          [
            -115.84419184640413,
            39.3860423641131
          ],
          [
            -115.84581689695646,
            39.38493958570368
          ],
          [
            -115.84798362623525,
            39.38326514272457
          ],
          [
            -115.8493342261969,
            39.38249847399697
          ],
          [
            -115.85134817899534,
            39.38128514098572
          ],
          [
            -115.85291211626055,
            39.38033569468426
          ],
          [
            -115.85390436927226,
            39.37966402682821
          ]
        ]
      },
      "properties": {
        "fault_name": "Diamond Mountains fault zone",
        "age": "late Quaternary",
        "slip_rate": "Less than 0.2 mm/yr"
      }
    },
    {
      "type": "Feature",
      "geometry": {
        "type": "LineString",
        "coordinates": [
          [
            -115.83064926469397,
            39.4001678929271
          ],
          [
            -115.83351770038051,
            39.39926399715964
          ],
          [
            -115.83614223987416,
            39.39840176930401
          ],
          [
            -115.83895789235125,
            39.397108432181085
          ],
          [
            -115.8416890960051,
            39.39573898393855
          ],
          [
            -115.84426029263886,
            39.39451064731955
          ],
          [
            -115.84615257581855,
            39.39345397770334
          ],
          [
            -115.84767873802778,
            39.39258064391027
          ],
          [
            -115.84879266335315,
            39.3919739760437
          ],
          [
            -115.84969269172451,
            39.39142841997651
          ]
        ]
      },
      "properties": {
        "fault_name": "Diamond Mountains fault zone",
        "age": "late Quaternary",
        "slip_rate": "Less than 0.2 mm/yr"
      }
    },
    {
      "type": "Feature",
      "geometry": {
        "type": "LineString",
        "coordinates": [
          [
            -115.83210771099876,
            39.490518469225364
          ],
          [
            -115.83386999807539,
            39.489736799179035
          ],
          [
            -115.8372728918301,
            39.48753179696361
          ],
          [
            -115.83940907479595,
            39.486177350874385
          ],
          [
            -115.84113357424013,
            39.484846240291056
          ],
          [
            -115.84272807308967,
            39.48383124030067
          ],
          [
            -115.84484924969871,
            39.482023460685625
          ],
          [
            -115.84584872336865,
            39.48097401885342
          ],
          [
            -115.84636762620939,
            39.48038291030637
          ],
          [
            -115.84724487330514,
            39.47952068824831
          ]
        ]
      },
      "properties": {
        "fault_name": "Diamond Mountains fault zone",
        "age": "late Quaternary",
        "slip_rate": "Less than 0.2 mm/yr"
      }
    },
    {
      "type": "Feature",
      "geometry": {
        "type": "LineString",
        "coordinates": [
          [
            -115.83455548540073,
            39.396517345281076
          ],
          [
            -115.83588273455487,
            39.394469014659066
          ],
          [
            -115.8372560987242,
            39.392714019674756
          ],
          [
            -115.83834723738406,
            39.391417357202734
          ],
          [
            -115.83988839517032,
            39.39026124775103
          ],
          [
            -115.84067452704512,
            39.389586247147264
          ],
          [
            -115.8413078797446,
            39.388995136783834
          ]
        ]
      },
      "properties": {
        "fault_name": "Diamond Mountains fault zone",
        "age": "late Quaternary",
        "slip_rate": "Less than 0.2 mm/yr"
      }
    },
    {
      "type": "Feature",
      "geometry": {
        "type": "LineString",
        "coordinates": [
          [
            -115.82922313168825,
            39.4461465202282
          ],
          [
            -115.82999368677602,
            39.44378486406745
          ],
          [
            -115.83080980621165,
            39.44183987226428
          ],
          [
            -115.83167982007274,
            39.44014987587964
          ],
          [
            -115.83229761035825,
            39.43900543665671
          ],
          [
            -115.83291540064376,
            39.437979329319745
          ],
          [
            -115.83334263130807,
            39.43738766266761
          ],
          [
            -115.83359485578195,
            39.43672433402835
          ]
        ]
      },
      "properties": {
        "fault_name": "Diamond Mountains fault zone",
        "age": "late Quaternary",
        "slip_rate": "Less than 0.2 mm/yr"
      }
    },
    {
      "type": "Feature",
      "geometry": {
        "type": "LineString",
        "coordinates": [
          [
            -115.8217996149787,
            39.499811239178136
          ],
          [
            -115.82395134868044,
            39.49790790666359
          ],
          [
            -115.82534028155196,
            39.496797907296404
          ],
          [
            -115.82634698037171,
            39.495851796984404
          ],
          [
            -115.82725533971904,
            39.494966797821405
          ],
          [
            -115.82801036203723,
            39.49421513182284
          ],
          [
            -115.8286209370544,
            39.49357791082303
          ],
          [
            -115.8294981859468,
            39.49281124417296
          ],
          [
            -115.8299559746021,
            39.49219346886166
          ]
        ]
      },
      "properties": {
        "fault_name": "Diamond Mountains fault zone",
        "age": "late Quaternary",
        "slip_rate": "Less than 0.2 mm/yr"
      }
    },
    {
      "type": "Feature",
      "geometry": {
        "type": "LineString",
        "coordinates": [
          [
            -115.82210468105258,
            39.46022257990661
          ],
          [
            -115.8234169391213,
            39.45862425002533
          ],
          [
            -115.82540809896602,
            39.456007588682084
          ],
          [
            -115.82697202455314,
            39.45384426171478
          ],
          [
            -115.82783426439379,
            39.452406488669226
          ],
          [
            -115.82842927340367,
            39.45114760531685
          ],
          [
            -115.82880316659795,
            39.450258718842456
          ],
          [
            -115.82891760118538,
            39.44919816879447
          ],
          [
            -115.8291159294372,
            39.448164286341274
          ]
        ]
      },
      "properties": {
        "fault_name": "Diamond Mountains fault zone",
        "age": "late Quaternary",
        "slip_rate": "Less than 0.2 mm/yr"
      }
    },
    {
      "type": "Feature",
      "geometry": {
        "type": "LineString",
        "coordinates": [
          [
            -115.80226776943661,
            39.509603477945575
          ],
          [
            -115.80436617824478,
            39.50844792223725
          ],
          [
            -115.80922635857927,
            39.50578514077874
          ],
          [
            -115.81255259459924,
            39.50411069528728
          ],
          [
            -115.81526102775727,
            39.502390137254366
          ],
          [
            -115.81688608459781,
            39.50118458528265
          ],
          [
            -115.81854225728317,
            39.500116250094756
          ]
        ]
      },
      "properties": {
        "fault_name": "Diamond Mountains fault zone",
        "age": "late Quaternary",
        "slip_rate": "Less than 0.2 mm/yr"
      }
    },
    {
      "type": "Feature",
      "geometry": {
        "type": "LineString",
        "coordinates": [
          [
            -115.81379069404632,
            39.708115303901394
          ],
          [
            -115.8146834882847,
            39.70641753133786
          ],
          [
            -115.81470623901757,
            39.7034953310545
          ],
          [
            -115.8145612158964,
            39.701630345699485
          ],
          [
            -115.81441619277525,
            39.69969591824965
          ],
          [
            -115.81331001092765,
            39.696598723709954
          ],
          [
            -115.8118832571861,
            39.69298987093432
          ],
          [
            -115.81012035386519,
            39.68680270475534
          ],
          [
            -115.80832746208515,
            39.681973307740726
          ],
          [
            -115.80752630139565,
            39.680149992771526
          ],
          [
            -115.80671792543777,
            39.67871556529701
          ]
        ]
      },
      "properties": {
        "fault_name": "Diamond Mountains fault zone",
        "age": "late Quaternary",
        "slip_rate": "Less than 0.2 mm/yr"
      }
    },
    {
      "type": "Feature",
      "geometry": {
        "type": "LineString",
        "coordinates": [
          [
            -115.78971208767739,
            39.76440076306379
          ],
          [
            -115.79082598964654,
            39.7624285257226
          ],
          [
            -115.79157376795031,
            39.7603879598888
          ],
          [
            -115.79263432705957,
            39.75795794624886
          ],
          [
            -115.79436600943275,
            39.754387369113644
          ],
          [
            -115.79572380130661,
            39.75181624281913
          ],
          [
            -115.79770773240823,
            39.74946622727766
          ],
          [
            -115.79989001242288,
            39.74753233673475
          ],
          [
            -115.8021022943714,
            39.745506779990244
          ],
          [
            -115.804284577081,
            39.74352288985529
          ],
          [
            -115.80698520028595,
            39.74055900230031
          ],
          [
            -115.80909080819278,
            39.738094560339185
          ],
          [
            -115.81115863655207,
            39.7354890123398
          ],
          [
            -115.81226476899229,
            39.733654571233735
          ],
          [
            -115.81373756408713,
            39.729778476795644
          ],
          [
            -115.81434754711452,
            39.725712392198325
          ],
          [
            -115.81435529059229,
            39.72182131028122
          ],
          [
            -115.81424082097054,
            39.71965465924726
          ],
          [
            -115.81392023560186,
            39.717876897688924
          ],
          [
            -115.813386308438,
            39.71577525001937
          ],
          [
            -115.81320295600032,
            39.71458081617362
          ]
        ]
      },
      "properties": {
        "fault_name": "Diamond Mountains fault zone",
        "age": "late Quaternary",
        "slip_rate": "Less than 0.2 mm/yr"
      }
    },
    {
      "type": "Feature",
      "geometry": {
        "type": "LineString",
        "coordinates": [
          [
            -115.8114784089454,
            39.65225683900405
          ],
          [
            -115.8111194727006,
            39.64882742284913
          ],
          [
            -115.81111944215787,
            39.6455813331398
          ],
          [
            -115.81097440196874,
            39.64200691678448
          ],
          [
            -115.81074548338657,
            39.63986693334249
          ],
          [
            -115.81030322390758,
            39.63769639594711
          ],
          [
            -115.80955540158637,
            39.63617029989073
          ],
          [
            -115.80834977983008,
            39.63403810012526
          ]
        ]
      },
      "properties": {
        "fault_name": "Diamond Mountains fault zone",
        "age": "late Quaternary",
        "slip_rate": "Less than 0.2 mm/yr"
      }
    },
    {
      "type": "Feature",
      "geometry": {
        "type": "LineString",
        "coordinates": [
          [
            -115.80751901965196,
            39.673817262237606
          ],
          [
            -115.80803011433622,
            39.67018617331139
          ],
          [
            -115.80827397639315,
            39.66640953284564
          ],
          [
            -115.80904453327759,
            39.663513992957895
          ],
          [
            -115.80944896739489,
            39.66087456580818
          ],
          [
            -115.80975395890857,
            39.6586695799432
          ],
          [
            -115.80993728080354,
            39.65668959325267
          ]
        ]
      },
      "properties": {
        "fault_name": "Diamond Mountains fault zone",
        "age": "late Quaternary",
        "slip_rate": "Less than 0.2 mm/yr"
      }
    },
    {
      "type": "Feature",
      "geometry": {
        "type": "LineString",
        "coordinates": [
          [
            -115.80640466133863,
            39.62962481222979
          ],
          [
            -115.80519902970087,
            39.626801504911526
          ],
          [
            -115.80242165713298,
            39.622537107712226
          ],
          [
            -115.80092601518554,
            39.61971436023523
          ],
          [
            -115.79927036981124,
            39.617257719778245
          ],
          [
            -115.79755361564143,
            39.61514774726712
          ]
        ]
      },
      "properties": {
        "fault_name": "Diamond Mountains fault zone",
        "age": "late Quaternary",
        "slip_rate": "Less than 0.2 mm/yr"
      }
    },
    {
      "type": "Feature",
      "geometry": {
        "type": "LineString",
        "coordinates": [
          [
            -115.79488971736194,
            39.51351348483911
          ],
          [
            -115.7973164756778,
            39.51250292576854
          ],
          [
            -115.79971211994547,
            39.51132792419769
          ],
          [
            -115.80034547803486,
            39.51096569971748
          ]
        ]
      },
      "properties": {
        "fault_name": "Diamond Mountains fault zone",
        "age": "late Quaternary",
        "slip_rate": "Less than 0.2 mm/yr"
      }
    },
    {
      "type": "Feature",
      "geometry": {
        "type": "LineString",
        "coordinates": [
          [
            -115.79839328710717,
            39.634816489226736
          ],
          [
            -115.79741656237347,
            39.6326648416983
          ],
          [
            -115.79739376223326,
            39.63057041174488
          ],
          [
            -115.79753096641821,
            39.62819765233172
          ],
          [
            -115.79736315663153,
            39.62575655916927
          ],
          [
            -115.79713424074431,
            39.623799351927445
          ],
          [
            -115.79712644785923,
            39.622300473323676
          ]
        ]
      },
      "properties": {
        "fault_name": "Diamond Mountains fault zone",
        "age": "late Quaternary",
        "slip_rate": "Less than 0.2 mm/yr"
      }
    },
    {
      "type": "Feature",
      "geometry": {
        "type": "LineString",
        "coordinates": [
          [
            -115.7859635734053,
            39.54715162269891
          ],
          [
            -115.78644410920023,
            39.5433366478891
          ],
          [
            -115.78716909904186,
            39.53935833919079
          ],
          [
            -115.78744352088643,
            39.53604669391048
          ],
          [
            -115.78793962179029,
            39.53296449319596
          ],
          [
            -115.78869459919271,
            39.5276089693432
          ],
          [
            -115.7901979486853,
            39.52306566076817
          ],
          [
            -115.79078516660677,
            39.52024290026294
          ],
          [
            -115.7914568369447,
            39.51775958228057
          ],
          [
            -115.79192182919029,
            39.51504737587723
          ],
          [
            -115.79215849035187,
            39.51339183209403
          ],
          [
            -115.7923262633076,
            39.512403506009825
          ]
        ]
      },
      "properties": {
        "fault_name": "Diamond Mountains fault zone",
        "age": "late Quaternary",
        "slip_rate": "Less than 0.2 mm/yr"
      }
    },
    {
      "type": "Feature",
      "geometry": {
        "type": "LineString",
        "coordinates": [
          [
            -115.78505593271022,
            39.5641609528624
          ],
          [
            -115.78504812635039,
            39.56141819488984
          ],
          [
            -115.78584923763256,
            39.55831710125718
          ],
          [
            -115.78614701028465,
            39.55654711029137
          ],
          [
            -115.78642921782776,
            39.554132126945696
          ],
          [
            -115.78654363804213,
            39.55119103575466
          ]
        ]
      },
      "properties": {
        "fault_name": "Diamond Mountains fault zone",
        "age": "late Quaternary",
        "slip_rate": "Less than 0.2 mm/yr"
      }
    },
    {
      "type": "Feature",
      "geometry": {
        "type": "LineString",
        "coordinates": [
          [
            -115.78258373042075,
            39.5758264412613
          ],
          [
            -115.78336207300374,
            39.57385811470838
          ],
          [
            -115.78440710114005,
            39.57237423272397
          ],
          [
            -115.78523878119303,
            39.57039813223552
          ],
          [
            -115.78557488855154,
            39.56867758429713
          ],
          [
            -115.78598655500522,
            39.567003151138216
          ]
        ]
      },
      "properties": {
        "fault_name": "Diamond Mountains fault zone",
        "age": "late Quaternary",
        "slip_rate": "Less than 0.2 mm/yr"
      }
    },
    {
      "type": "Feature",
      "geometry": {
        "type": "LineString",
        "coordinates": [
          [
            -115.77429311757818,
            39.79887097802352
          ],
          [
            -115.77439198076844,
            39.796780416149474
          ],
          [
            -115.77543754879227,
            39.794968177677305
          ],
          [
            -115.7765281107337,
            39.792584274817315
          ],
          [
            -115.777825343581,
            39.79011203481331
          ],
          [
            -115.77899258391845,
            39.78832702192637
          ],
          [
            -115.78000759484958,
            39.78647311810129
          ],
          [
            -115.78105261040947,
            39.784939215778245
          ],
          [
            -115.78180039140815,
            39.783176984174425
          ],
          [
            -115.78207483930389,
            39.7827419798621
          ]
        ]
      },
      "properties": {
        "fault_name": "Diamond Mountains fault zone",
        "age": "late Quaternary",
        "slip_rate": "Less than 0.2 mm/yr"
      }
    },
    {
      "type": "Feature",
      "geometry": {
        "type": "LineString",
        "coordinates": [
          [
            -115.77493916616758,
            39.594102466160585
          ],
          [
            -115.77677807774131,
            39.589288597773916
          ],
          [
            -115.77783087360987,
            39.586923054714504
          ],
          [
            -115.7787386634253,
            39.58449306674029
          ],
          [
            -115.77940255974276,
            39.582635851747455
          ],
          [
            -115.7801120141199,
            39.58089586089084
          ],
          [
            -115.78086702206505,
            39.57866809626825
          ]
        ]
      },
      "properties": {
        "fault_name": "Diamond Mountains fault zone",
        "age": "late Quaternary",
        "slip_rate": "Less than 0.2 mm/yr"
      }
    },
    {
      "type": "Feature",
      "geometry": {
        "type": "LineString",
        "coordinates": [
          [
            -115.7704380694016,
            39.61219958773706
          ],
          [
            -115.77137641720803,
            39.61006682020256
          ],
          [
            -115.77223086416356,
            39.60726683434026
          ],
          [
            -115.77320753769331,
            39.60412351733922
          ],
          [
            -115.77358141471792,
            39.60164019917736
          ],
          [
            -115.77404640337022,
            39.598767994261436
          ],
          [
            -115.77442028129319,
            39.596517450822574
          ]
        ]
      },
      "properties": {
        "fault_name": "Diamond Mountains fault zone",
        "age": "late Quaternary",
        "slip_rate": "Less than 0.2 mm/yr"
      }
    },
    {
      "type": "Feature",
      "geometry": {
        "type": "LineString",
        "coordinates": [
          [
            -115.76973070989575,
            39.83787224311783
          ],
          [
            -115.77002845200509,
            39.83444667621281
          ],
          [
            -115.76959338443827,
            39.83062055765957
          ],
          [
            -115.76863994942663,
            39.8255699957837
          ],
          [
            -115.76783094644468,
            39.819275538824094
          ],
          [
            -115.76758643041423,
            39.81475886003718
          ],
          [
            -115.76741859727139,
            39.811097185332
          ],
          [
            -115.76688461890357,
            39.806023285320435
          ],
          [
            -115.76757901122832,
            39.80045770485956
          ],
          [
            -115.76820454588987,
            39.79726491415448
          ],
          [
            -115.76928009518629,
            39.79410211713661
          ],
          [
            -115.76990565230574,
            39.7924965500025
          ],
          [
            -115.77089732320914,
            39.79031820275872
          ],
          [
            -115.77168343621935,
            39.788418190328535
          ],
          [
            -115.7717445486081,
            39.788208746146395
          ]
        ]
      },
      "properties": {
        "fault_name": "Diamond Mountains fault zone",
        "age": "late Quaternary",
        "slip_rate": "Less than 0.2 mm/yr"
      }
    },
    {
      "type": "Feature",
      "geometry": {
        "type": "LineString",
        "coordinates": [
          [
            -115.83274599634748,
            39.31273950795786
          ],
          [
            -115.83262375629856,
            39.311747848315015
          ],
          [
            -115.83278426188365,
            39.307376206183456
          ],
          [
            -115.83289867940307,
            39.30485066390123
          ],
          [
            -115.83346310976069,
            39.302283454781104
          ],
          [
            -115.8338142046114,
            39.29991457774113
          ],
          [
            -115.83466864887198,
            39.297419589723354
          ],
          [
            -115.83541642268418,
            39.29482960223181
          ],
          [
            -115.8362630884327,
            39.29249516827
          ],
          [
            -115.83728532900523,
            39.290740175006
          ],
          [
            -115.83868146906023,
            39.28907740172534
          ],
          [
            -115.84034484443755,
            39.28744073834279
          ],
          [
            -115.84171043368805,
            39.28605574082702
          ],
          [
            -115.84286268114343,
            39.2848046321726
          ],
          [
            -115.84390825455712,
            39.28314130494109
          ],
          [
            -115.84503716557803,
            39.28159297665272
          ],
          [
            -115.84583828584337,
            39.28006298182346
          ],
          [
            -115.84621217724104,
            39.279192985253495
          ],
          [
            -115.84673829624843,
            39.27823576619816
          ],
          [
            -115.84686052102599,
            39.27802576805288
          ]
        ]
      },
      "properties": {
        "fault_name": "Eastern Little Smoky Valley fault",
        "age": "late Quaternary",
        "slip_rate": "Less than 0.2 mm/yr"
      }
    },
    {
      "type": "Feature",
      "geometry": {
        "type": "LineString",
        "coordinates": [
          [
            -115.85286482714739,
            39.25100646019648
          ],
          [
            -115.8529564633912,
            39.24819925116727
          ],
          [
            -115.85300199629802,
            39.24619648396512
          ],
          [
            -115.85356643384216,
            39.24374371492091
          ],
          [
            -115.85396308944745,
            39.24172538987628
          ],
          [
            -115.85429919590763,
            39.24016539722342
          ],
          [
            -115.85436030560145,
            39.23982206576276
          ]
        ]
      },
      "properties": {
        "fault_name": "Eastern Little Smoky Valley fault",
        "age": "late Quaternary",
        "slip_rate": "Less than 0.2 mm/yr"
      }
    },
    {
      "type": "Feature",
      "geometry": {
        "type": "LineString",
        "coordinates": [
          [
            -115.84686052102599,
            39.27802576805288
          ],
          [
            -115.84725719190261,
            39.27738910326151
          ],
          [
            -115.84911110983317,
            39.27417300483013
          ],
          [
            -115.85027111244439,
            39.271170794262204
          ],
          [
            -115.85063721544853,
            39.269477470308885
          ],
          [
            -115.85130832074617,
            39.26718081400568
          ],
          [
            -115.85217831304767,
            39.264296940752544
          ],
          [
            -115.85279607907867,
            39.261634174689426
          ],
          [
            -115.85337607544355,
            39.259753627670946
          ],
          [
            -115.8537499488749,
            39.25757530586115
          ],
          [
            -115.8539177182374,
            39.25649197917701
          ],
          [
            -115.85401714467132,
            39.25486309926838
          ],
          [
            -115.8538337886404,
            39.25371143970373
          ],
          [
            -115.85378045117038,
            39.25352421898103
          ]
        ]
      },
      "properties": {
        "fault_name": "Eastern Little Smoky Valley fault",
        "age": "late Quaternary",
        "slip_rate": "Less than 0.2 mm/yr"
      }
    },
    {
      "type": "Feature",
      "geometry": {
        "type": "LineString",
        "coordinates": [
          [
            -115.8319755598373,
            39.32421055479155
          ],
          [
            -115.83138052208133,
            39.32314223130901
          ],
          [
            -115.83093826529728,
            39.32173446166712
          ],
          [
            -115.83067879231737,
            39.32030391726032
          ],
          [
            -115.82993817358641,
            39.317786156877666
          ],
          [
            -115.82928976781771,
            39.313868959815196
          ],
          [
            -115.82901528668432,
            39.31177063992564
          ],
          [
            -115.8290458114377,
            39.309214542189096
          ],
          [
            -115.82904579077643,
            39.307742331260734
          ],
          [
            -115.82916022536384,
            39.306636225090664
          ],
          [
            -115.82945744375537,
            39.30551845229738
          ],
          [
            -115.82977799768307,
            39.30448456818311
          ]
        ]
      },
      "properties": {
        "fault_name": "Eastern Little Smoky Valley fault",
        "age": "late Quaternary",
        "slip_rate": "Less than 0.2 mm/yr"
      }
    },
    {
      "type": "Feature",
      "geometry": {
        "type": "LineString",
        "coordinates": [
          [
            -115.82932017668838,
            39.30233680527864
          ],
          [
            -115.82910680704546,
            39.30023904119913
          ],
          [
            -115.82881677607452,
            39.29867516328795
          ],
          [
            -115.82834340703891,
            39.29728628293684
          ],
          [
            -115.82809949557468,
            39.29636295620606
          ],
          [
            -115.8276339050511,
            39.294886855719795
          ],
          [
            -115.82725276155416,
            39.293566865016324
          ],
          [
            -115.82680217559081,
            39.292411316195064
          ],
          [
            -115.82652771242374,
            39.291716878860505
          ],
          [
            -115.82590211757505,
            39.29053410981466
          ],
          [
            -115.82564265717151,
            39.29006911421572
          ]
        ]
      },
      "properties": {
        "fault_name": "Eastern Little Smoky Valley fault",
        "age": "late Quaternary",
        "slip_rate": "Less than 0.2 mm/yr"
      }
    },
    {
      "type": "Feature",
      "geometry": {
        "type": "LineString",
        "coordinates": [
          [
            -115.82501659879215,
            39.25260100124147
          ],
          [
            -115.82590938943724,
            39.25088823072379
          ],
          [
            -115.82630604773748,
            39.249103237666674
          ],
          [
            -115.82673326672368,
            39.247337132672705
          ],
          [
            -115.82727493107706,
            39.24552491720148
          ],
          [
            -115.82790826940351,
            39.243808255982685
          ],
          [
            -115.82822103403937,
            39.2417904852049
          ],
          [
            -115.82834268659008,
            39.24033715868426
          ],
          [
            -115.82858712356878,
            39.23882271995286
          ],
          [
            -115.82884655342959,
            39.23668994985167
          ],
          [
            -115.8291743109475,
            39.23395107230882
          ],
          [
            -115.82922763404446,
            39.23294052230868
          ],
          [
            -115.829159288421,
            39.232017192956825
          ],
          [
            -115.82902927255499,
            39.231074974111124
          ],
          [
            -115.82888425212876,
            39.22983164880007
          ]
        ]
      },
      "properties": {
        "fault_name": "Eastern Little Smoky Valley fault",
        "age": "late Quaternary",
        "slip_rate": "Less than 0.2 mm/yr"
      }
    },
    {
      "type": "Feature",
      "geometry": {
        "type": "LineString",
        "coordinates": [
          [
            -115.82046946426617,
            39.27257867974793
          ],
          [
            -115.82090445098461,
            39.270308691866404
          ],
          [
            -115.82170554160552,
            39.26636482266638
          ],
          [
            -115.82214053281557,
            39.26432372124071
          ],
          [
            -115.82255997059477,
            39.26267206269739
          ],
          [
            -115.82296440740703,
            39.260745406140956
          ],
          [
            -115.82317772404934,
            39.25890319475184
          ],
          [
            -115.82338382901655,
            39.25780431126873
          ],
          [
            -115.82355937689107,
            39.256629317302085
          ],
          [
            -115.82379603625606,
            39.25543932470651
          ],
          [
            -115.82372713367711,
            39.254562106719376
          ]
        ]
      },
      "properties": {
        "fault_name": "Eastern Little Smoky Valley fault",
        "age": "late Quaternary",
        "slip_rate": "Less than 0.2 mm/yr"
      }
    },
    {
      "type": "Feature",
      "geometry": {
        "type": "LineString",
        "coordinates": [
          [
            -115.82258310670491,
            39.29083578704096
          ],
          [
            -115.82282698403318,
            39.28913413012842
          ],
          [
            -115.82277362859688,
            39.28757025098175
          ],
          [
            -115.82264413824532,
            39.2842780491457
          ],
          [
            -115.82215573231016,
            39.28003640830639
          ],
          [
            -115.82175902280598,
            39.27791530972854
          ],
          [
            -115.82164455677753,
            39.2765308741776
          ],
          [
            -115.82143064814544,
            39.27558865874965
          ],
          [
            -115.82111783859384,
            39.27392533729708
          ]
        ]
      },
      "properties": {
        "fault_name": "Eastern Little Smoky Valley fault",
        "age": "late Quaternary",
        "slip_rate": "Less than 0.2 mm/yr"
      }
    },
    {
      "type": "Feature",
      "geometry": {
        "type": "LineString",
        "coordinates": [
          [
            -115.77064827697473,
            39.33110742897663
          ],
          [
            -115.77109104579847,
            39.32892910800888
          ],
          [
            -115.77112879390502,
            39.32612190220596
          ],
          [
            -115.77103710915219,
            39.324855241142984
          ],
          [
            -115.77112876426062,
            39.323615248941735
          ],
          [
            -115.7711137579038,
            39.3231080292942
          ]
        ]
      },
      "properties": {
        "fault_name": "unnamed faults in northern Pancake Range",
        "age": "undifferentiated Quaternary",
        "slip_rate": "Less than 0.2 mm/yr"
      }
    },
    {
      "type": "Feature",
      "geometry": {
        "type": "LineString",
        "coordinates": [
          [
            -115.76935089141382,
            39.32110526879571
          ],
          [
            -115.76978589699691,
            39.32030416188301
          ],
          [
            -115.77045756643653,
            39.31815306075971
          ],
          [
            -115.77029698269804,
            39.316398070663645
          ],
          [
            -115.7700680542344,
            39.313708641971076
          ],
          [
            -115.7698085659831,
            39.31080199270804
          ],
          [
            -115.76949574385509,
            39.307899233974574
          ],
          [
            -115.769389040169,
            39.304977030276234
          ],
          [
            -115.76954902742615,
            39.303207037777675
          ],
          [
            -115.7699462453768,
            39.30160093268712
          ],
          [
            -115.77024346197169,
            39.30022371800347
          ],
          [
            -115.77037345987144,
            39.29967483215286
          ],
          [
            -115.77093791358526,
            39.298553169257964
          ]
        ]
      },
      "properties": {
        "fault_name": "unnamed faults in northern Pancake Range",
        "age": "undifferentiated Quaternary",
        "slip_rate": "Less than 0.2 mm/yr"
      }
    },
    {
      "type": "Feature",
      "geometry": {
        "type": "LineString",
        "coordinates": [
          [
            -115.76714657842021,
            39.340079613705015
          ],
          [
            -115.76826048757589,
            39.338233509720276
          ],
          [
            -115.7688554965858,
            39.33681407269089
          ],
          [
            -115.76927493975488,
            39.33548685479677
          ],
          [
            -115.76944271360892,
            39.33459019233833
          ],
          [
            -115.76985494061132,
            39.333537419749895
          ]
        ]
      },
      "properties": {
        "fault_name": "unnamed faults in northern Pancake Range",
        "age": "undifferentiated Quaternary",
        "slip_rate": "Less than 0.2 mm/yr"
      }
    },
    {
      "type": "Feature",
      "geometry": {
        "type": "LineString",
        "coordinates": [
          [
            -115.76095868540082,
            39.35126402065535
          ],
          [
            -115.76207259635314,
            39.34934958226967
          ],
          [
            -115.76363651834703,
            39.346885146290695
          ],
          [
            -115.76454486242298,
            39.34487459830326
          ],
          [
            -115.76530766055828,
            39.34407737828016
          ],
          [
            -115.76600934360987,
            39.342986271203735
          ],
          [
            -115.7663910153162,
            39.34218904978877
          ]
        ]
      },
      "properties": {
        "fault_name": "unnamed faults in northern Pancake Range",
        "age": "undifferentiated Quaternary",
        "slip_rate": "Less than 0.2 mm/yr"
      }
    },
    {
      "type": "Feature",
      "geometry": {
        "type": "LineString",
        "coordinates": [
          [
            -115.75458750641909,
            39.31767201603935
          ],
          [
            -115.75562529323592,
            39.314971471083915
          ],
          [
            -115.7560752809213,
            39.31231259529927
          ],
          [
            -115.75612858066204,
            39.309043167745564
          ],
          [
            -115.75577020496597,
            39.30657540568339
          ],
          [
            -115.75564795413726,
            39.304389307744124
          ],
          [
            -115.75536570527163,
            39.30275320872389
          ],
          [
            -115.75557180664555,
            39.30139488069109
          ],
          [
            -115.75557956808963,
            39.29980822476114
          ],
          [
            -115.75567066983587,
            39.298702118330596
          ],
          [
            -115.75571677137624,
            39.29778267822411
          ]
        ]
      },
      "properties": {
        "fault_name": "unnamed faults in northern Pancake Range",
        "age": "undifferentiated Quaternary",
        "slip_rate": "Less than 0.2 mm/yr"
      }
    },
    {
      "type": "Feature",
      "geometry": {
        "type": "LineString",
        "coordinates": [
          [
            -115.64916088062009,
            39.327018639906406
          ],
          [
            -115.65064091344115,
            39.32453142133397
          ],
          [
            -115.65148759356273,
            39.32270420214379
          ],
          [
            -115.65221260765888,
            39.32101420689944
          ],
          [
            -115.65334207204202,
            39.318614768871335
          ],
          [
            -115.65434875559043,
            39.31614310769764
          ],
          [
            -115.65521098914283,
            39.31392311603792
          ],
          [
            -115.65552376276183,
            39.31201923425171
          ]
        ]
      },
      "properties": {
        "fault_name": "Newark Valley fault zone",
        "age": "middle and late Quaternary",
        "slip_rate": "Less than 0.2 mm/yr"
      }
    },
    {
      "type": "Feature",
      "geometry": {
        "type": "LineString",
        "coordinates": [
          [
            -115.65281549579213,
            39.330985822230126
          ],
          [
            -115.65366216872721,
            39.32805250028802
          ],
          [
            -115.65455494859255,
            39.324451399063605
          ],
          [
            -115.65553940332927,
            39.32177751992581
          ],
          [
            -115.65633274957412,
            39.319766969790805
          ],
          [
            -115.65727109827887,
            39.31761530867613
          ],
          [
            -115.65849167878127,
            39.31521586873978
          ],
          [
            -115.65963614682627,
            39.31307254066999
          ],
          [
            -115.66078839158673,
            39.310974210797376
          ],
          [
            -115.66212341925296,
            39.30848699375865
          ],
          [
            -115.66360345207401,
            39.30606866721784
          ],
          [
            -115.66545016282105,
            39.30347089117259
          ],
          [
            -115.66668574429038,
            39.30128478524252
          ],
          [
            -115.66804410928935,
            39.29920978811732
          ],
          [
            -115.66927246920214,
            39.297294793323
          ],
          [
            -115.67013471083939,
            39.29604368176933
          ],
          [
            -115.67114917918806,
            39.294422018334586
          ],
          [
            -115.67212586978579,
            39.293358128771644
          ],
          [
            -115.67270588501528,
            39.29262924197504
          ]
        ]
      },
      "properties": {
        "fault_name": "Newark Valley fault zone",
        "age": "middle and late Quaternary",
        "slip_rate": "Less than 0.2 mm/yr"
      }
    },
    {
      "type": "Feature",
      "geometry": {
        "type": "LineString",
        "coordinates": [
          [
            -115.65274755530886,
            39.43795696322784
          ],
          [
            -115.65348035330696,
            39.43707585296095
          ],
          [
            -115.65488428355212,
            39.43541307416799
          ],
          [
            -115.65620376407573,
            39.43355140729406
          ],
          [
            -115.65714267422754,
            39.43167418883274
          ],
          [
            -115.65767656456045,
            39.429496418719545
          ],
          [
            -115.65794377742485,
            39.42722254034648
          ],
          [
            -115.65813432357135,
            39.42554421331399
          ],
          [
            -115.65855377302866,
            39.42403366208156
          ],
          [
            -115.65877487896279,
            39.42251922399777
          ],
          [
            -115.65867596816182,
            39.42051645734016
          ],
          [
            -115.65869872787785,
            39.41849091172515
          ],
          [
            -115.65895816492518,
            39.416541473798354
          ],
          [
            -115.65930149473853,
            39.41463814778857
          ],
          [
            -115.65956094256565,
            39.41387870708751
          ],
          [
            -115.65975927441069,
            39.41291759902166
          ]
        ]
      },
      "properties": {
        "fault_name": "Newark Valley fault zone",
        "age": "middle and late Quaternary",
        "slip_rate": "Less than 0.2 mm/yr"
      }
    },
    {
      "type": "Feature",
      "geometry": {
        "type": "LineString",
        "coordinates": [
          [
            -115.64252285618487,
            39.32735478372378
          ],
          [
            -115.64318675429895,
            39.32554645476591
          ],
          [
            -115.6444306523712,
            39.32119369396357
          ],
          [
            -115.64471286799919,
            39.31919481283195
          ],
          [
            -115.64530009310715,
            39.3171081532429
          ],
          [
            -115.64591065644618,
            39.31544149083821
          ],
          [
            -115.64597176883498,
            39.31534982386908
          ]
        ]
      },
      "properties": {
        "fault_name": "Newark Valley fault zone",
        "age": "middle and late Quaternary",
        "slip_rate": "Less than 0.2 mm/yr"
      }
    },
    {
      "type": "Feature",
      "geometry": {
        "type": "LineString",
        "coordinates": [
          [
            -115.6374187805558,
            39.327850364673324
          ],
          [
            -115.63856325039744,
            39.32598147877998
          ],
          [
            -115.63933381536668,
            39.32361982011163
          ],
          [
            -115.64008159995863,
            39.321148160655554
          ],
          [
            -115.640699381261,
            39.31897372427407
          ],
          [
            -115.64091326563856,
            39.31741317486555
          ],
          [
            -115.64095881920665,
            39.31699762173856
          ]
        ]
      },
      "properties": {
        "fault_name": "Newark Valley fault zone",
        "age": "middle and late Quaternary",
        "slip_rate": "Less than 0.2 mm/yr"
      }
    },
    {
      "type": "Feature",
      "geometry": {
        "type": "LineString",
        "coordinates": [
          [
            -115.62187760634028,
            39.391120708980424
          ],
          [
            -115.62280818192288,
            39.38949959833573
          ],
          [
            -115.62393765259422,
            39.38712293709199
          ],
          [
            -115.62474656035475,
            39.385528496155466
          ],
          [
            -115.62571547064378,
            39.383705166264704
          ],
          [
            -115.62691328065037,
            39.381950165787
          ],
          [
            -115.62848498924114,
            39.379669056777026
          ],
          [
            -115.62975113139643,
            39.377689057878285
          ],
          [
            -115.63117838819457,
            39.375133508764364
          ],
          [
            -115.6323911946765,
            39.37313073183743
          ],
          [
            -115.6332839952031,
            39.37166962266124
          ],
          [
            -115.63381789541748,
            39.37054795865517
          ],
          [
            -115.6343212394375,
            39.369567960734436
          ]
        ]
      },
      "properties": {
        "fault_name": "Newark Valley fault zone",
        "age": "middle and late Quaternary",
        "slip_rate": "Less than 0.2 mm/yr"
      }
    },
    {
      "type": "Feature",
      "geometry": {
        "type": "LineString",
        "coordinates": [
          [
            -115.61253902966703,
            39.40604791596099
          ],
          [
            -115.61433186125991,
            39.40418624827812
          ],
          [
            -115.61592635471956,
            39.402393470295856
          ],
          [
            -115.61678082233635,
            39.4012829127954
          ],
          [
            -115.61758195517808,
            39.40016513573663
          ],
          [
            -115.61913867088677,
            39.39855568909242
          ],
          [
            -115.62042814857821,
            39.3965984707147
          ],
          [
            -115.62176318343097,
            39.394454581266345
          ],
          [
            -115.62312155381984,
            39.3923795849479
          ],
          [
            -115.62450214583394,
            39.390445695863214
          ],
          [
            -115.62553995510861,
            39.3891984736653
          ],
          [
            -115.62639442362372,
            39.388171807280656
          ],
          [
            -115.62697444064985,
            39.387515697337015
          ]
        ]
      },
      "properties": {
        "fault_name": "Newark Valley fault zone",
        "age": "middle and late Quaternary",
        "slip_rate": "Less than 0.2 mm/yr"
      }
    },
    {
      "type": "Feature",
      "geometry": {
        "type": "LineString",
        "coordinates": [
          [
            -115.61742993957075,
            39.42623501501777
          ],
          [
            -115.61922276397716,
            39.423202240675955
          ],
          [
            -115.61997833786093,
            39.42178724168189
          ],
          [
            -115.62057334956576,
            39.42039057879911
          ],
          [
            -115.62142781089435,
            39.418357805933994
          ],
          [
            -115.62228228030777,
            39.41728947219543
          ],
          [
            -115.62322842010101,
            39.416244470912616
          ]
        ]
      },
      "properties": {
        "fault_name": "Newark Valley fault zone",
        "age": "middle and late Quaternary",
        "slip_rate": "Less than 0.2 mm/yr"
      }
    },
    {
      "type": "Feature",
      "geometry": {
        "type": "LineString",
        "coordinates": [
          [
            -115.61666687283919,
            39.39428683477053
          ],
          [
            -115.61745243787705,
            39.39165128711308
          ],
          [
            -115.61911580696615,
            39.388130183334695
          ],
          [
            -115.62051194342793,
            39.38435741484926
          ],
          [
            -115.62141195742623,
            39.381912420870364
          ],
          [
            -115.62212141090501,
            39.37973409334385
          ],
          [
            -115.62278531081574,
            39.37790298711184
          ],
          [
            -115.62305253356162,
            39.37682354697646
          ],
          [
            -115.62315920131509,
            39.37629688220587
          ]
        ]
      },
      "properties": {
        "fault_name": "Newark Valley fault zone",
        "age": "middle and late Quaternary",
        "slip_rate": "Less than 0.2 mm/yr"
      }
    },
    {
      "type": "Feature",
      "geometry": {
        "type": "LineString",
        "coordinates": [
          [
            -115.60314727362727,
            39.4418411431993
          ],
          [
            -115.60424563114874,
            39.43937670324067
          ],
          [
            -115.60538232158002,
            39.43674448593021
          ],
          [
            -115.60627511941168,
            39.4345739352482
          ],
          [
            -115.6072518046195,
            39.43212505075924
          ],
          [
            -115.60826682543208,
            39.429683387957894
          ],
          [
            -115.60939574184289,
            39.42733006019656
          ],
          [
            -115.61024242555773,
            39.425502286227655
          ],
          [
            -115.61125744906525,
            39.42319451171188
          ],
          [
            -115.61208135509776,
            39.42120340473194
          ],
          [
            -115.6127146988141,
            39.419509519801686
          ],
          [
            -115.61337082739932,
            39.41828118889781
          ]
        ]
      },
      "properties": {
        "fault_name": "Newark Valley fault zone",
        "age": "middle and late Quaternary",
        "slip_rate": "Less than 0.2 mm/yr"
      }
    },
    {
      "type": "Feature",
      "geometry": {
        "type": "LineString",
        "coordinates": [
          [
            -115.58112801911456,
            39.43604297277503
          ],
          [
            -115.58242472195585,
            39.43413130814454
          ],
          [
            -115.58407310714603,
            39.43238463887631
          ],
          [
            -115.58568260336922,
            39.43079741269293
          ],
          [
            -115.58662874585738,
            39.42987074386904
          ],
          [
            -115.58807824134867,
            39.42881407225344
          ],
          [
            -115.59007719587511,
            39.427280176691056
          ],
          [
            -115.5920305986301,
            39.42613572727485
          ],
          [
            -115.59362510107287,
            39.42526238775601
          ],
          [
            -115.5950673669228,
            39.42358405376401
          ],
          [
            -115.59611239505912,
            39.42196627697371
          ],
          [
            -115.59756188336391,
            39.42007794285584
          ],
          [
            -115.59919471422492,
            39.41863238588211
          ],
          [
            -115.60035419491496,
            39.41738515965326
          ],
          [
            -115.601262550669,
            39.415744606898954
          ],
          [
            -115.60303259469809,
            39.412460165943166
          ],
          [
            -115.60357427342454,
            39.4112201702192
          ],
          [
            -115.60460429969562,
            39.40919128393443
          ],
          [
            -115.60566488126275,
            39.40723017379621
          ],
          [
            -115.6065265704361,
            39.40584184276296
          ],
          [
            -115.60760993327888,
            39.404178510958666
          ],
          [
            -115.6087238514177,
            39.40232851315351
          ],
          [
            -115.60957886700683,
            39.400203517040296
          ],
          [
            -115.61018109308169,
            39.3977468579137
          ],
          [
            -115.61080720895328,
            39.39536631027805
          ],
          [
            -115.61143999930741,
            39.39367297919357
          ],
          [
            -115.61193611458432,
            39.391769097011704
          ],
          [
            -115.6124088943251,
            39.38977410169545
          ],
          [
            -115.6127066705704,
            39.38842410813874
          ],
          [
            -115.61300445220562,
            39.38725299974561
          ],
          [
            -115.61324056359828,
            39.38626856023967
          ],
          [
            -115.61325611523247,
            39.385509674309894
          ]
        ]
      },
      "properties": {
        "fault_name": "Newark Valley fault zone",
        "age": "middle and late Quaternary",
        "slip_rate": "Less than 0.2 mm/yr"
      }
    },
    {
      "type": "Feature",
      "geometry": {
        "type": "LineString",
        "coordinates": [
          [
            -115.59969031476716,
            39.34990713673809
          ],
          [
            -115.60089589160768,
            39.34691269894767
          ],
          [
            -115.60188756610435,
            39.34299104466192
          ],
          [
            -115.60203255598786,
            39.340923277253914
          ],
          [
            -115.60191030605745,
            39.33790995681978
          ],
          [
            -115.60258919525701,
            39.33462552266529
          ],
          [
            -115.60333697895065,
            39.33198942019728
          ],
          [
            -115.60406920741686,
            39.32905998434179
          ],
          [
            -115.60504589172635,
            39.3267749908795
          ],
          [
            -115.60583979313006,
            39.324737772812306
          ],
          [
            -115.6063048033419,
            39.32373055171233
          ],
          [
            -115.60677814722469,
            39.3226399998964
          ],
          [
            -115.6071287075778,
            39.32169778081873
          ]
        ]
      },
      "properties": {
        "fault_name": "Newark Valley fault zone",
        "age": "middle and late Quaternary",
        "slip_rate": "Less than 0.2 mm/yr"
      }
    },
    {
      "type": "Feature",
      "geometry": {
        "type": "LineString",
        "coordinates": [
          [
            -115.59931730192184,
            39.46539272705077
          ],
          [
            -115.60047677542538,
            39.46285606533601
          ],
          [
            -115.60131623309209,
            39.46040718278901
          ],
          [
            -115.60230791657189,
            39.457728853319345
          ],
          [
            -115.60314737783185,
            39.455237747320716
          ],
          [
            -115.60335347112097,
            39.45192331780112
          ],
          [
            -115.60381125618301,
            39.45030165625667
          ],
          [
            -115.60438348930721,
            39.4488333259437
          ],
          [
            -115.60441348944441,
            39.44878721476561
          ]
        ]
      },
      "properties": {
        "fault_name": "Newark Valley fault zone",
        "age": "middle and late Quaternary",
        "slip_rate": "Less than 0.2 mm/yr"
      }
    },
    {
      "type": "Feature",
      "geometry": {
        "type": "LineString",
        "coordinates": [
          [
            -115.57658817082388,
            39.40538813572421
          ],
          [
            -115.57764097837054,
            39.40372480420477
          ],
          [
            -115.57881545643426,
            39.40204258092247
          ],
          [
            -115.57995993166581,
            39.40019591533369
          ],
          [
            -115.58115774526567,
            39.39844536065871
          ],
          [
            -115.582340553407,
            39.39634702897681
          ],
          [
            -115.58321057625125,
            39.39504647426374
          ],
          [
            -115.58423282490858,
            39.39317703125952
          ],
          [
            -115.58542285370818,
            39.39082703505106
          ],
          [
            -115.58637676123365,
            39.38833259726872
          ],
          [
            -115.5868267695803,
            39.38714593185747
          ],
          [
            -115.58779568076764,
            39.3851587132035
          ],
          [
            -115.58864292503124,
            39.383583158769014
          ],
          [
            -115.58947405980683,
            39.3823053833287
          ],
          [
            -115.59163357112229,
            39.38026815691803
          ],
          [
            -115.5934952927177,
            39.37807093408916
          ],
          [
            -115.59454032175233,
            39.37654148977458
          ],
          [
            -115.59592147341682,
            39.37488593391689
          ],
          [
            -115.59802709120514,
            39.3724098232723
          ],
          [
            -115.5994615776447,
            39.37075426596772
          ],
          [
            -115.60068216892688,
            39.36939259866173
          ],
          [
            -115.60166664342653,
            39.36827871021616
          ],
          [
            -115.60255166993264,
            39.36728315179078
          ],
          [
            -115.60316168529937,
            39.36634426372976
          ],
          [
            -115.60354336059898,
            39.365593154887925
          ]
        ]
      },
      "properties": {
        "fault_name": "Newark Valley fault zone",
        "age": "middle and late Quaternary",
        "slip_rate": "Less than 0.2 mm/yr"
      }
    },
    {
      "type": "Feature",
      "geometry": {
        "type": "LineString",
        "coordinates": [
          [
            -115.59693568215239,
            39.33893609086865
          ],
          [
            -115.59793514055096,
            39.336052207758094
          ],
          [
            -115.5990646094257,
            39.33353443619566
          ],
          [
            -115.59984240583297,
            39.3321461052485
          ],
          [
            -115.60051409144228,
            39.33125721622367
          ],
          [
            -115.60152134362427,
            39.33019277134746
          ],
          [
            -115.6021391357064,
            39.32916666114354
          ],
          [
            -115.60284859816834,
            39.328189994837444
          ]
        ]
      },
      "properties": {
        "fault_name": "Newark Valley fault zone",
        "age": "middle and late Quaternary",
        "slip_rate": "Less than 0.2 mm/yr"
      }
    },
    {
      "type": "Feature",
      "geometry": {
        "type": "LineString",
        "coordinates": [
          [
            -115.64855145095493,
            39.457866336004365
          ],
          [
            -115.64882644143304,
            39.45543245886522
          ],
          [
            -115.64903976885515,
            39.45387190671703
          ],
          [
            -115.65022256621671,
            39.450668027857155
          ],
          [
            -115.6504897781828,
            39.44829859422379
          ],
          [
            -115.6508864472628,
            39.446834152824664
          ],
          [
            -115.65123698875131,
            39.443553612000244
          ],
          [
            -115.65139753655718,
            39.44205417433223
          ],
          [
            -115.65184754220888,
            39.44057029027225
          ],
          [
            -115.65226699166617,
            39.439261959741636
          ],
          [
            -115.65254921717563,
            39.43850640468465
          ],
          [
            -115.65274755530886,
            39.43795696322784
          ]
        ]
      },
      "properties": {
        "fault_name": "Newark Valley fault zone",
        "age": "middle and late Quaternary",
        "slip_rate": "Less than 0.2 mm/yr"
      }
    },
    {
      "type": "Feature",
      "geometry": {
        "type": "LineString",
        "coordinates": [
          [
            -115.6010788919058,
            39.37468757175501
          ],
          [
            -115.6022844786278,
            39.372730351220675
          ],
          [
            -115.60357395991248,
            39.37097535189618
          ],
          [
            -115.60517622559597,
            39.368747575786536
          ],
          [
            -115.60599235491307,
            39.3670347997563
          ],
          [
            -115.60691570444754,
            39.364448697319844
          ],
          [
            -115.60812850284464,
            39.36122537103251
          ],
          [
            -115.60852517102632,
            39.35961926380443
          ],
          [
            -115.60932629308829,
            39.357284827876015
          ],
          [
            -115.61050131373439,
            39.35417594566619
          ],
          [
            -115.61121076990815,
            39.35206595098551
          ],
          [
            -115.61243912622764,
            39.34941484574953
          ],
          [
            -115.61331692309236,
            39.347450404289525
          ],
          [
            -115.61407193822406,
            39.34585207428786
          ],
          [
            -115.61503362965146,
            39.344162077829445
          ],
          [
            -115.61607865599116,
            39.34257152306755
          ],
          [
            -115.61663589174167,
            39.341724302206785
          ],
          [
            -115.61740646659239,
            39.34063708025394
          ]
        ]
      },
      "properties": {
        "fault_name": "Newark Valley fault zone",
        "age": "middle and late Quaternary",
        "slip_rate": "Less than 0.2 mm/yr"
      }
    },
    {
      "type": "Feature",
      "geometry": {
        "type": "LineString",
        "coordinates": [
          [
            -115.60361932034279,
            39.34582546669563
          ],
          [
            -115.60599993759237,
            39.34220546911461
          ]
        ]
      },
      "properties": {
        "fault_name": "Newark Valley fault zone",
        "age": "middle and late Quaternary",
        "slip_rate": "Less than 0.2 mm/yr"
      }
    },
    {
      "type": "Feature",
      "geometry": {
        "type": "LineString",
        "coordinates": [
          [
            -115.62504592302486,
            39.60552859296253
          ],
          [
            -115.62757934100935,
            39.603743579050324
          ],
          [
            -115.62966940806177,
            39.601969681334865
          ],
          [
            -115.63195837559283,
            39.60068411272083
          ],
          [
            -115.63198893268556,
            39.60066466725975
          ]
        ]
      },
      "properties": {
        "fault_name": "unnamed fault east of Buck Mountain",
        "age": "undifferentiated Quaternary",
        "slip_rate": "Less than 0.2 mm/yr"
      }
    },
    {
      "type": "Feature",
      "geometry": {
        "type": "LineString",
        "coordinates": [
          [
            -115.61548618741688,
            39.61451585677608
          ],
          [
            -115.61750790615089,
            39.61189140834269
          ],
          [
            -115.62072744656963,
            39.608610836785665
          ],
          [
            -115.62245194781043,
            39.607294718688806
          ],
          [
            -115.62296307483406,
            39.60686749380189
          ]
        ]
      },
      "properties": {
        "fault_name": "unnamed fault east of Buck Mountain",
        "age": "undifferentiated Quaternary",
        "slip_rate": "Less than 0.2 mm/yr"
      }
    },
    {
      "type": "Feature",
      "geometry": {
        "type": "LineString",
        "coordinates": [
          [
            -115.6007236701947,
            39.69205344906847
          ],
          [
            -115.60276815493297,
            39.68820844474806
          ],
          [
            -115.60448485071228,
            39.68448122067358
          ],
          [
            -115.60556819199547,
            39.6812195576635
          ],
          [
            -115.60697987559986,
            39.677550113859844
          ],
          [
            -115.60799432957548,
            39.67470789485404
          ],
          [
            -115.60856655461482,
            39.672781785287825
          ],
          [
            -115.6090321056125,
            39.67071401116018
          ],
          [
            -115.60905485544708,
            39.66818513319762
          ]
        ]
      },
      "properties": {
        "fault_name": "unnamed fault east of Buck Mountain",
        "age": "undifferentiated Quaternary",
        "slip_rate": "Less than 0.2 mm/yr"
      }
    },
    {
      "type": "Feature",
      "geometry": {
        "type": "LineString",
        "coordinates": [
          [
            -116.19533833136775,
            39.25612590331052
          ],
          [
            -116.19497995297674,
            39.25268150076942
          ],
          [
            -116.19485768238509,
            39.248263765172105
          ],
          [
            -116.19432371659369,
            39.24269434628757
          ]
        ]
      },
      "properties": {
        "fault_name": "Park Range fault",
        "age": "undifferentiated Quaternary",
        "slip_rate": "Less than 0.2 mm/yr"
      }
    },
    {
      "type": "Feature",
      "geometry": {
        "type": "LineString",
        "coordinates": [
          [
            -115.59646772726299,
            39.81467267601828
          ],
          [
            -115.59589544473148,
            39.81168212671911
          ],
          [
            -115.59513202316535,
            39.80709324726689
          ],
          [
            -115.5950480836869,
            39.80334324966267
          ],
          [
            -115.59647474580031,
            39.79818212823181
          ],
          [
            -115.59821475914947,
            39.79352822371504
          ],
          [
            -115.59938919858563,
            39.7893048806927
          ],
          [
            -115.59997696537769,
            39.78636376468352
          ],
          [
            -115.60044252176526,
            39.78492209396861
          ],
          [
            -115.60107530044131,
            39.782877642785756
          ],
          [
            -115.60109084219403,
            39.78174820030258
          ]
        ]
      },
      "properties": {
        "fault_name": "unnamed faults in southeastern Huntington Valley",
        "age": "undifferentiated Quaternary",
        "slip_rate": "Less than 0.2 mm/yr"
      }
    }
  ]
}