{
  "type": "FeatureCollection",
  "features": [
    {
      "type": "Feature",
      "geometry": {
        "type": "LineString",
        "coordinates": [
          [
            -123.769837359268,
            41.9961791310933
          ],
          [
            -123.772494822915,
            41.9924990537855
          ]
        ]
      },
      "properties": {
        "STATE": "CA",
        "DESCRIPTION": "Fault, sense of displacement unknown or undefined, approximate",
        "RuleID": 21
      }
    },
    {
      "type": "Feature",
      "geometry": {
        "type": "LineString",
        "coordinates": [
          [
            -123.862981728022,
            41.935306377634
          ],
          [
            -123.864897449146,
            41.9376132840997
          ]
        ]
      },
      "properties": {
        "STATE": "CA",
        "DESCRIPTION": "Fault, sense of displacement unknown or undefined, approximate",
        "RuleID": 21
      }
    },
    {
      "type": "Feature",
      "geometry": {
        "type": "LineString",
        "coordinates": [
          [
            -123.782424741675,
            41.9737988732921
          ],
          [
            -123.784361671125,
            41.9693134108583
          ],
          [
            -123.785475369176,
            41.9620464433548
          ],
          [
            -123.786406473866,
            41.9503068248149
          ],
          [
            -123.7894095212,
            41.9328572335452
          ],
          [
            -123.791393350792,
            41.9243505548428
          ],
          [
            -123.793100805602,
            41.9205058851121
          ],
          [
            -123.795168638453,
            41.9174334682013
          ]
        ]
      },
      "properties": {
        "STATE": "CA",
        "DESCRIPTION": "Fault, sense of displacement unknown or undefined, approximate",
        "RuleID": 21
      }
    },
    {
      "type": "Feature",
      "geometry": {
        "type": "LineString",
        "coordinates": [
          [
            -123.772494822915,
            41.9924990537855
          ],
          [
            -123.776799745589,
            41.9851943250981
          ],
          [
            -123.782424741675,
            41.9737988732921
          ]
        ]
      },
      "properties": {
        "STATE": "CA",
        "DESCRIPTION": "Fault, sense of displacement unknown or undefined, approximate",
        "RuleID": 21
      }
    },
    {
      "type": "Feature",
      "geometry": {
        "type": "LineString",
        "coordinates": [
          [
            -123.862981728022,
            41.935306377634
          ],
          [
            -123.858298594851,
            41.9279606394951
          ],
          [
            -123.854660785361,
            41.9198995319026
          ],
          [
            -123.852732578553,
            41.9119073712952
          ],
          [
            -123.851499738742,
            41.9051286356573
          ],
          [
            -123.846487759294,
            41.8733647155672
          ]
        ]
      },
      "properties": {
        "STATE": "CA",
        "DESCRIPTION": "Fault, sense of displacement unknown or undefined, approximate",
        "RuleID": 21
      }
    },
    {
      "type": "Feature",
      "geometry": {
        "type": "LineString",
        "coordinates": [
          [
            -123.796032961487,
            41.9523690213323
          ],
          [
            -123.800300286073,
            41.9555584920243
          ]
        ]
      },
      "properties": {
        "STATE": "CA",
        "DESCRIPTION": "Fault, sense of displacement unknown or undefined, certain",
        "RuleID": 22
      }
    },
    {
      "type": "Feature",
      "geometry": {
        "type": "LineString",
        "coordinates": [
          [
            -123.804438169715,
            41.9592794574532
          ],
          [
            -123.809551646214,
            41.9635572116687
          ]
        ]
      },
      "properties": {
        "STATE": "CA",
        "DESCRIPTION": "Fault, sense of displacement unknown or undefined, certain",
        "RuleID": 22
      }
    },
    {
      "type": "Feature",
      "geometry": {
        "type": "LineString",
        "coordinates": [
          [
            -123.842819745749,
            41.9872862595512
          ],
          [
            -123.845571070767,
            41.9860932458424
          ]
        ]
      },
      "properties": {
        "STATE": "CA",
        "DESCRIPTION": "Fault, sense of displacement unknown or undefined, certain",
        "RuleID": 22
      }
    },
    {
      "type": "Feature",
      "geometry": {
        "type": "LineString",
        "coordinates": [
          [
            -123.805831427975,
            41.9420748352919
          ],
          [
            -123.820942623579,
            41.9550178801531
          ]
        ]
      },
      "properties": {
        "STATE": "CA",
        "DESCRIPTION": "Fault, sense of displacement unknown or undefined, certain",
        "RuleID": 22
      }
    },
    {
      "type": "Feature",
      "geometry": {
        "type": "LineString",
        "coordinates": [
          [
            -123.79990029682,
            41.9373150519244
          ],
          [
            -123.803188262812,
            41.9398312921526
          ]
        ]
      },
      "properties": {
        "STATE": "CA",
        "DESCRIPTION": "Fault, sense of displacement unknown or undefined, certain",
        "RuleID": 22
      }
    },
    {
      "type": "Feature",
      "geometry": {
        "type": "LineString",
        "coordinates": [
          [
            -123.800300286073,
            41.9555584920243
          ],
          [
            -123.804438169715,
            41.9592794574532
          ]
        ]
      },
      "properties": {
        "STATE": "CA",
        "DESCRIPTION": "Fault, sense of displacement unknown or undefined, certain",
        "RuleID": 22
      }
    },
    {
      "type": "Feature",
      "geometry": {
        "type": "LineString",
        "coordinates": [
          [
            -123.793958009487,
            41.9882123188908
          ],
          [
            -123.792165955835,
            41.9957767955783
          ]
        ]
      },
      "properties": {
        "STATE": "CA",
        "DESCRIPTION": "Fault, sense of displacement unknown or undefined, certain",
        "RuleID": 22
      }
    },
    {
      "type": "Feature",
      "geometry": {
        "type": "LineString",
        "coordinates": [
          [
            -123.804438169715,
            41.9592794574532
          ],
          [
            -123.801503945909,
            41.9638858273688
          ],
          [
            -123.799504579056,
            41.9677339061709
          ],
          [
            -123.798028519483,
            41.971435194915
          ],
          [
            -123.797058062295,
            41.9748550856625
          ],
          [
            -123.79563066536,
            41.9798541529554
          ],
          [
            -123.793958009487,
            41.9882123188908
          ]
        ]
      },
      "properties": {
        "STATE": "CA",
        "DESCRIPTION": "Fault, sense of displacement unknown or undefined, certain",
        "RuleID": 22
      }
    },
    {
      "type": "Feature",
      "geometry": {
        "type": "LineString",
        "coordinates": [
          [
            -123.845571070767,
            41.9860932458424
          ],
          [
            -123.853177305704,
            41.9828162567685
          ]
        ]
      },
      "properties": {
        "STATE": "CA",
        "DESCRIPTION": "Fault, sense of displacement unknown or undefined, certain",
        "RuleID": 22
      }
    },
    {
      "type": "Feature",
      "geometry": {
        "type": "LineString",
        "coordinates": [
          [
            -123.803188262812,
            41.9398312921526
          ],
          [
            -123.805831427975,
            41.9420748352919
          ]
        ]
      },
      "properties": {
        "STATE": "CA",
        "DESCRIPTION": "Fault, sense of displacement unknown or undefined, certain",
        "RuleID": 22
      }
    },
    {
      "type": "Feature",
      "geometry": {
        "type": "LineString",
        "coordinates": [
          [
            -123.820942623579,
            41.9550178801531
          ],
          [
            -123.822770025938,
            41.9567678165927
          ]
        ]
      },
      "properties": {
        "STATE": "CA",
        "DESCRIPTION": "Fault, sense of displacement unknown or undefined, certain",
        "RuleID": 22
      }
    },
    {
      "type": "Feature",
      "geometry": {
        "type": "LineString",
        "coordinates": [
          [
            -123.655884644343,
            41.97960674375
          ],
          [
            -123.656165227732,
            41.984369488398
          ],
          [
            -123.657091450078,
            41.9952335426936
          ],
          [
            -123.65710058325,
            41.9954545179496
          ]
        ]
      },
      "properties": {
        "STATE": "CA",
        "DESCRIPTION": "Thrust fault, approximate, (teeth on right from origin)",
        "RuleID": 62
      }
    },
    {
      "type": "Feature",
      "geometry": {
        "type": "LineString",
        "coordinates": [
          [
            -123.679490368563,
            41.9135535971171
          ],
          [
            -123.680138024238,
            41.9198472041067
          ],
          [
            -123.680261023364,
            41.9234485712217
          ],
          [
            -123.679849514115,
            41.926136346078
          ],
          [
            -123.678458798986,
            41.9295978359559
          ],
          [
            -123.676989146198,
            41.9320781486331
          ],
          [
            -123.675184252926,
            41.9344332168517
          ],
          [
            -123.667351269737,
            41.9424918987415
          ],
          [
            -123.662106921278,
            41.9485825143513
          ],
          [
            -123.66014663114,
            41.9518895621235
          ],
          [
            -123.657972627304,
            41.9570654774686
          ],
          [
            -123.656702038488,
            41.9614826454171
          ],
          [
            -123.655722838895,
            41.9677512659928
          ],
          [
            -123.655992964996,
            41.9767436329367
          ],
          [
            -123.655884644343,
            41.97960674375
          ]
        ]
      },
      "properties": {
        "STATE": "CA",
        "DESCRIPTION": "Thrust fault, approximate, (teeth on right from origin)",
        "RuleID": 62
      }
    },
    {
      "type": "Feature",
      "geometry": {
        "type": "LineString",
        "coordinates": [
          [
            -123.567734371375,
            42.3651071253331
          ],
          [
            -123.570715051557,
            42.3634348704996
          ],
          [
            -123.577536916215,
            42.3589344790174
          ],
          [
            -123.581659254511,
            42.3556472224202
          ]
        ]
      },
      "properties": {
        "STATE": "OR",
        "DESCRIPTION": "Normal fault, approximate",
        "RuleID": 21
      }
    },
    {
      "type": "Feature",
      "geometry": {
        "type": "LineString",
        "coordinates": [
          [
            -123.552084598029,
            42.3423556117161
          ],
          [
            -123.563304060956,
            42.333432373629
          ],
          [
            -123.568363541519,
            42.3298928252839
          ]
        ]
      },
      "properties": {
        "STATE": "OR",
        "DESCRIPTION": "Normal fault, approximate",
        "RuleID": 21
      }
    },
    {
      "type": "Feature",
      "geometry": {
        "type": "LineString",
        "coordinates": [
          [
            -123.909494894433,
            42.0315755944529
          ],
          [
            -123.909492914546,
            42.0185879892806
          ],
          [
            -123.909216971854,
            42.017101264786
          ]
        ]
      },
      "properties": {
        "STATE": "OR",
        "DESCRIPTION": "Normal fault, approximate",
        "RuleID": 21
      }
    },
    {
      "type": "Feature",
      "geometry": {
        "type": "LineString",
        "coordinates": [
          [
            -123.860891871176,
            42.212634389205
          ],
          [
            -123.864971997637,
            42.2045841426089
          ],
          [
            -123.86817846128,
            42.1972496677101
          ],
          [
            -123.872214611614,
            42.1935064316529
          ],
          [
            -123.878295254772,
            42.1883362853674
          ]
        ]
      },
      "properties": {
        "STATE": "OR",
        "DESCRIPTION": "Normal fault, approximate",
        "RuleID": 21
      }
    },
    {
      "type": "Feature",
      "geometry": {
        "type": "LineString",
        "coordinates": [
          [
            -123.824112981236,
            42.0735187949071
          ],
          [
            -123.819679365016,
            42.0705006074754
          ],
          [
            -123.815868615461,
            42.0676797164017
          ],
          [
            -123.808819150948,
            42.061350469476
          ],
          [
            -123.804947706721,
            42.0578277572765
          ],
          [
            -123.801668659203,
            42.0540710754733
          ]
        ]
      },
      "properties": {
        "STATE": "OR",
        "DESCRIPTION": "Normal fault, approximate",
        "RuleID": 21
      }
    },
    {
      "type": "Feature",
      "geometry": {
        "type": "LineString",
        "coordinates": [
          [
            -123.874728139102,
            42.0759905078596
          ],
          [
            -123.874683727292,
            42.0703428740319
          ],
          [
            -123.874528856839,
            42.0628907196565
          ]
        ]
      },
      "properties": {
        "STATE": "OR",
        "DESCRIPTION": "Normal fault, approximate",
        "RuleID": 21
      }
    },
    {
      "type": "Feature",
      "geometry": {
        "type": "LineString",
        "coordinates": [
          [
            -123.895861056466,
            42.1866240276057
          ],
          [
            -123.894354776669,
            42.1834380783274
          ]
        ]
      },
      "properties": {
        "STATE": "OR",
        "DESCRIPTION": "Normal fault, approximate",
        "RuleID": 21
      }
    },
    {
      "type": "Feature",
      "geometry": {
        "type": "LineString",
        "coordinates": [
          [
            -123.904289644248,
            42.1750482720826
          ],
          [
            -123.900089013284,
            42.1711339862264
          ],
          [
            -123.888357480102,
            42.1586905937373
          ],
          [
            -123.885372551788,
            42.1547386536376
          ]
        ]
      },
      "properties": {
        "STATE": "OR",
        "DESCRIPTION": "Normal fault, approximate",
        "RuleID": 21
      }
    },
    {
      "type": "Feature",
      "geometry": {
        "type": "LineString",
        "coordinates": [
          [
            -123.905045220827,
            42.2908633372563
          ],
          [
            -123.899315814454,
            42.2869941648519
          ],
          [
            -123.895149726407,
            42.2837482946676
          ],
          [
            -123.890235568104,
            42.2782692217565
          ]
        ]
      },
      "properties": {
        "STATE": "OR",
        "DESCRIPTION": "Normal fault, approximate",
        "RuleID": 21
      }
    },
    {
      "type": "Feature",
      "geometry": {
        "type": "LineString",
        "coordinates": [
          [
            -123.85943073262,
            42.1389215663853
          ],
          [
            -123.857070038207,
            42.1351694855269
          ],
          [
            -123.854074956235,
            42.1309787726643
          ]
        ]
      },
      "properties": {
        "STATE": "OR",
        "DESCRIPTION": "Normal fault, approximate",
        "RuleID": 21
      }
    },
    {
      "type": "Feature",
      "geometry": {
        "type": "LineString",
        "coordinates": [
          [
            -123.485857068173,
            42.0790031109111
          ],
          [
            -123.475537367716,
            42.0680416679046
          ],
          [
            -123.471971155751,
            42.0638680827073
          ],
          [
            -123.463775074423,
            42.0526080111245
          ],
          [
            -123.461118254868,
            42.0483948494433
          ],
          [
            -123.457041444987,
            42.0403928513424
          ],
          [
            -123.455560512054,
            42.0354657615828
          ]
        ]
      },
      "properties": {
        "STATE": "OR",
        "DESCRIPTION": "Normal fault, approximate",
        "RuleID": 21
      }
    },
    {
      "type": "Feature",
      "geometry": {
        "type": "LineString",
        "coordinates": [
          [
            -123.878295254772,
            42.1883362853674
          ],
          [
            -123.87929076238,
            42.184695026961
          ],
          [
            -123.879580662197,
            42.1795014379195
          ]
        ]
      },
      "properties": {
        "STATE": "OR",
        "DESCRIPTION": "Normal fault, approximate",
        "RuleID": 21
      }
    },
    {
      "type": "Feature",
      "geometry": {
        "type": "LineString",
        "coordinates": [
          [
            -123.894354776669,
            42.1834380783274
          ],
          [
            -123.891658963943,
            42.1777313003533
          ],
          [
            -123.889862548072,
            42.1732856008301
          ],
          [
            -123.88535858029,
            42.1644202358729
          ],
          [
            -123.882083488054,
            42.1607053625453
          ],
          [
            -123.875480725189,
            42.1523661991331
          ],
          [
            -123.872800977035,
            42.1483940380442
          ]
        ]
      },
      "properties": {
        "STATE": "OR",
        "DESCRIPTION": "Normal fault, approximate",
        "RuleID": 21
      }
    },
    {
      "type": "Feature",
      "geometry": {
        "type": "LineString",
        "coordinates": [
          [
            -123.481444197646,
            42.1313091662784
          ],
          [
            -123.483316628058,
            42.1210967063831
          ],
          [
            -123.48336016401,
            42.1163504445309
          ],
          [
            -123.48529523215,
            42.1018353155563
          ],
          [
            -123.48680292859,
            42.0961435296038
          ],
          [
            -123.488822187737,
            42.0832011744812
          ],
          [
            -123.489472759344,
            42.0784383780818
          ],
          [
            -123.490595991216,
            42.0655396033329
          ],
          [
            -123.490972229911,
            42.0612471225797
          ]
        ]
      },
      "properties": {
        "STATE": "OR",
        "DESCRIPTION": "Normal fault, approximate",
        "RuleID": 21
      }
    },
    {
      "type": "Feature",
      "geometry": {
        "type": "LineString",
        "coordinates": [
          [
            -123.816943984196,
            42.0908978876959
          ],
          [
            -123.810908127445,
            42.0865784190361
          ],
          [
            -123.800145845014,
            42.0792406477627
          ],
          [
            -123.795988529016,
            42.0757537089731
          ],
          [
            -123.79276402271,
            42.0728978596382
          ]
        ]
      },
      "properties": {
        "STATE": "OR",
        "DESCRIPTION": "Normal fault, approximate",
        "RuleID": 21
      }
    },
    {
      "type": "Feature",
      "geometry": {
        "type": "LineString",
        "coordinates": [
          [
            -123.794839448122,
            42.2495871096665
          ],
          [
            -123.796652102838,
            42.2493007600434
          ],
          [
            -123.803272946095,
            42.2459359372315
          ]
        ]
      },
      "properties": {
        "STATE": "OR",
        "DESCRIPTION": "Normal fault, certain",
        "RuleID": 22
      }
    },
    {
      "type": "Feature",
      "geometry": {
        "type": "LineString",
        "coordinates": [
          [
            -123.408350014031,
            42.3279544674001
          ],
          [
            -123.408641807496,
            42.3277218718101
          ],
          [
            -123.419099847609,
            42.3238079967838
          ],
          [
            -123.448198442805,
            42.3155018704989
          ],
          [
            -123.451166282467,
            42.3142895136563
          ]
        ]
      },
      "properties": {
        "STATE": "OR",
        "DESCRIPTION": "Normal fault, certain",
        "RuleID": 22
      }
    },
    {
      "type": "Feature",
      "geometry": {
        "type": "LineString",
        "coordinates": [
          [
            -123.86106421476,
            42.1706578292217
          ],
          [
            -123.860732913388,
            42.1702191446111
          ],
          [
            -123.85556665907,
            42.1654254772999
          ],
          [
            -123.850193584726,
            42.1622190983363
          ],
          [
            -123.845842008047,
            42.1607800600181
          ],
          [
            -123.837276042705,
            42.1601581013343
          ],
          [
            -123.832701717972,
            42.1600799491231
          ]
        ]
      },
      "properties": {
        "STATE": "OR",
        "DESCRIPTION": "Normal fault, certain",
        "RuleID": 22
      }
    },
    {
      "type": "Feature",
      "geometry": {
        "type": "LineString",
        "coordinates": [
          [
            -123.876210079944,
            42.2188867571215
          ],
          [
            -123.878451254407,
            42.2156707494517
          ],
          [
            -123.884931673019,
            42.2070850536275
          ],
          [
            -123.885512196695,
            42.2066167516533
          ],
          [
            -123.889187658172,
            42.2009141051551
          ]
        ]
      },
      "properties": {
        "STATE": "OR",
        "DESCRIPTION": "Normal fault, certain",
        "RuleID": 22
      }
    },
    {
      "type": "Feature",
      "geometry": {
        "type": "LineString",
        "coordinates": [
          [
            -123.631652939896,
            42.2526025011381
          ],
          [
            -123.629796760008,
            42.2526518994907
          ]
        ]
      },
      "properties": {
        "STATE": "OR",
        "DESCRIPTION": "Normal fault, certain",
        "RuleID": 22
      }
    },
    {
      "type": "Feature",
      "geometry": {
        "type": "LineString",
        "coordinates": [
          [
            -123.683443230697,
            42.2036889042917
          ],
          [
            -123.675186238203,
            42.2035017424709
          ],
          [
            -123.675477899616,
            42.2032640577847
          ]
        ]
      },
      "properties": {
        "STATE": "OR",
        "DESCRIPTION": "Normal fault, certain",
        "RuleID": 22
      }
    },
    {
      "type": "Feature",
      "geometry": {
        "type": "LineString",
        "coordinates": [
          [
            -123.558018539114,
            42.1621501204276
          ],
          [
            -123.557956649682,
            42.1618367910428
          ]
        ]
      },
      "properties": {
        "STATE": "OR",
        "DESCRIPTION": "Normal fault, certain",
        "RuleID": 22
      }
    },
    {
      "type": "Feature",
      "geometry": {
        "type": "LineString",
        "coordinates": [
          [
            -123.885372551788,
            42.1547386536376
          ],
          [
            -123.885358582985,
            42.154513304214
          ],
          [
            -123.88397760739,
            42.1518571804765
          ],
          [
            -123.882527433671,
            42.1480674579606
          ]
        ]
      },
      "properties": {
        "STATE": "OR",
        "DESCRIPTION": "Normal fault, certain",
        "RuleID": 22
      }
    },
    {
      "type": "Feature",
      "geometry": {
        "type": "LineString",
        "coordinates": [
          [
            -123.758260433333,
            42.2848891220055
          ],
          [
            -123.75812217273,
            42.2826341697851
          ]
        ]
      },
      "properties": {
        "STATE": "OR",
        "DESCRIPTION": "Normal fault, certain",
        "RuleID": 22
      }
    },
    {
      "type": "Feature",
      "geometry": {
        "type": "LineString",
        "coordinates": [
          [
            -123.732987304792,
            42.0570278194901
          ],
          [
            -123.732407716262,
            42.0552802111329
          ],
          [
            -123.731759953687,
            42.0546285553155
          ],
          [
            -123.731021525947,
            42.0419960605821
          ],
          [
            -123.732569342945,
            42.0319947402841
          ],
          [
            -123.734392353439,
            42.0267294063255
          ],
          [
            -123.735448676094,
            42.0239774424039
          ],
          [
            -123.73920866275,
            42.0154851197565
          ],
          [
            -123.742689846479,
            42.0074569796834
          ],
          [
            -123.74569400952,
            42.0017044051857
          ],
          [
            -123.746853499193,
            42.0007639517239
          ]
        ]
      },
      "properties": {
        "STATE": "OR",
        "DESCRIPTION": "Normal fault, certain",
        "RuleID": 22
      }
    },
    {
      "type": "Feature",
      "geometry": {
        "type": "LineString",
        "coordinates": [
          [
            -123.649610631634,
            42.3209565884981
          ],
          [
            -123.650576141799,
            42.3116619364031
          ],
          [
            -123.649624206974,
            42.3110155842554
          ],
          [
            -123.647542410711,
            42.3117618176415
          ],
          [
            -123.647281089896,
            42.3124481511015
          ],
          [
            -123.642413997924,
            42.3173513988703
          ]
        ]
      },
      "properties": {
        "STATE": "OR",
        "DESCRIPTION": "Normal fault, certain",
        "RuleID": 22
      }
    },
    {
      "type": "Feature",
      "geometry": {
        "type": "LineString",
        "coordinates": [
          [
            -123.817059831834,
            42.2389286746724
          ],
          [
            -123.821243216941,
            42.2374339963869
          ]
        ]
      },
      "properties": {
        "STATE": "OR",
        "DESCRIPTION": "Normal fault, certain",
        "RuleID": 22
      }
    },
    {
      "type": "Feature",
      "geometry": {
        "type": "LineString",
        "coordinates": [
          [
            -123.580457797344,
            42.1897543798667
          ],
          [
            -123.577724994689,
            42.1898431660454
          ],
          [
            -123.572808000405,
            42.1888644172638
          ],
          [
            -123.570354765144,
            42.1884905756669
          ]
        ]
      },
      "properties": {
        "STATE": "OR",
        "DESCRIPTION": "Normal fault, certain",
        "RuleID": 22
      }
    },
    {
      "type": "Feature",
      "geometry": {
        "type": "LineString",
        "coordinates": [
          [
            -123.630590740464,
            42.2579403959561
          ],
          [
            -123.629796760008,
            42.2526518994907
          ]
        ]
      },
      "properties": {
        "STATE": "OR",
        "DESCRIPTION": "Normal fault, certain",
        "RuleID": 22
      }
    },
    {
      "type": "Feature",
      "geometry": {
        "type": "LineString",
        "coordinates": [
          [
            -123.520439570955,
            42.0551269414546
          ],
          [
            -123.517658323055,
            42.0543098682251
          ],
          [
            -123.51654553859,
            42.0541813729501
          ],
          [
            -123.514599023218,
            42.0539565756294
          ]
        ]
      },
      "properties": {
        "STATE": "OR",
        "DESCRIPTION": "Normal fault, certain",
        "RuleID": 22
      }
    },
    {
      "type": "Feature",
      "geometry": {
        "type": "LineString",
        "coordinates": [
          [
            -123.699036267349,
            42.3338028885249
          ],
          [
            -123.699022878858,
            42.3335769485955
          ],
          [
            -123.699564568364,
            42.3324270866078
          ],
          [
            -123.702471276774,
            42.3300806050734
          ],
          [
            -123.70620971644,
            42.3263369948444
          ],
          [
            -123.709286214523,
            42.3217228469883
          ],
          [
            -123.711155040894,
            42.3173694542067
          ],
          [
            -123.711364288168,
            42.3157794428463
          ],
          [
            -123.711890959639,
            42.3144075545228
          ],
          [
            -123.712031687016,
            42.3116917547785
          ]
        ]
      },
      "properties": {
        "STATE": "OR",
        "DESCRIPTION": "Normal fault, certain",
        "RuleID": 22
      }
    },
    {
      "type": "Feature",
      "geometry": {
        "type": "LineString",
        "coordinates": [
          [
            -123.803956735605,
            42.2138348854723
          ],
          [
            -123.803821193303,
            42.2115844851699
          ],
          [
            -123.804556744638,
            42.2086272570807
          ],
          [
            -123.806110692637,
            42.2040519458436
          ],
          [
            -123.805947243273,
            42.2013506935681
          ]
        ]
      },
      "properties": {
        "STATE": "OR",
        "DESCRIPTION": "Normal fault, certain",
        "RuleID": 22
      }
    },
    {
      "type": "Feature",
      "geometry": {
        "type": "LineString",
        "coordinates": [
          [
            -123.852546200589,
            42.2456603898389
          ],
          [
            -123.859380170944,
            42.2377581590396
          ],
          [
            -123.861053405332,
            42.2352167525951
          ],
          [
            -123.862036143388,
            42.2313450698297
          ],
          [
            -123.860584105664,
            42.2275553280022
          ],
          [
            -123.85564836354,
            42.2216210914422
          ],
          [
            -123.855123824669,
            42.2180215875369
          ],
          [
            -123.855650700956,
            42.2166491083528
          ],
          [
            -123.855553678414,
            42.2150710698399
          ]
        ]
      },
      "properties": {
        "STATE": "OR",
        "DESCRIPTION": "Normal fault, certain",
        "RuleID": 22
      }
    },
    {
      "type": "Feature",
      "geometry": {
        "type": "LineString",
        "coordinates": [
          [
            -123.56885778291,
            42.1842895853441
          ],
          [
            -123.568289956921,
            42.1784051130217
          ]
        ]
      },
      "properties": {
        "STATE": "OR",
        "DESCRIPTION": "Normal fault, certain",
        "RuleID": 22
      }
    },
    {
      "type": "Feature",
      "geometry": {
        "type": "LineString",
        "coordinates": [
          [
            -123.665629328695,
            42.2996405819822
          ],
          [
            -123.665600006785,
            42.2991879695755
          ],
          [
            -123.657462044659,
            42.295380538228
          ],
          [
            -123.654691106724,
            42.294570586477
          ]
        ]
      },
      "properties": {
        "STATE": "OR",
        "DESCRIPTION": "Normal fault, certain",
        "RuleID": 22
      }
    },
    {
      "type": "Feature",
      "geometry": {
        "type": "LineString",
        "coordinates": [
          [
            -123.528814841928,
            42.0803743945538
          ],
          [
            -123.528462400503,
            42.0794828222623
          ],
          [
            -123.524266746205,
            42.0750945351726
          ],
          [
            -123.522092387534,
            42.0742663572959
          ]
        ]
      },
      "properties": {
        "STATE": "OR",
        "DESCRIPTION": "Normal fault, certain",
        "RuleID": 22
      }
    },
    {
      "type": "Feature",
      "geometry": {
        "type": "LineString",
        "coordinates": [
          [
            -123.603595101348,
            42.3296819180193
          ],
          [
            -123.603848842178,
            42.3285505124616
          ],
          [
            -123.606430293979,
            42.3248628363722
          ],
          [
            -123.609642243633,
            42.3216029581077
          ],
          [
            -123.614301510365,
            42.3167215538631
          ],
          [
            -123.61577787267,
            42.315771720877
          ]
        ]
      },
      "properties": {
        "STATE": "OR",
        "DESCRIPTION": "Normal fault, certain",
        "RuleID": 22
      }
    },
    {
      "type": "Feature",
      "geometry": {
        "type": "LineString",
        "coordinates": [
          [
            -123.515409704253,
            42.0688321249607
          ],
          [
            -123.512640051807,
            42.0682402397048
          ],
          [
            -123.501051675945,
            42.0620609900068
          ],
          [
            -123.493122213695,
            42.0559935189066
          ],
          [
            -123.490948363471,
            42.0551591135104
          ]
        ]
      },
      "properties": {
        "STATE": "OR",
        "DESCRIPTION": "Normal fault, certain",
        "RuleID": 22
      }
    },
    {
      "type": "Feature",
      "geometry": {
        "type": "LineString",
        "coordinates": [
          [
            -123.876210079944,
            42.2188867571215
          ],
          [
            -123.876017394909,
            42.2157478642752
          ],
          [
            -123.875201499154,
            42.2123826282291
          ]
        ]
      },
      "properties": {
        "STATE": "OR",
        "DESCRIPTION": "Normal fault, certain",
        "RuleID": 22
      }
    },
    {
      "type": "Feature",
      "geometry": {
        "type": "LineString",
        "coordinates": [
          [
            -123.627533780738,
            42.3336486671809
          ],
          [
            -123.627484384177,
            42.3327453028073
          ],
          [
            -123.626109124563,
            42.3298578115924
          ],
          [
            -123.624810596345,
            42.3283171520134
          ],
          [
            -123.624775872866,
            42.3276443745117
          ],
          [
            -123.621212726851,
            42.3225742219681
          ],
          [
            -123.617368135064,
            42.3175233076216
          ],
          [
            -123.61577787267,
            42.315771720877
          ]
        ]
      },
      "properties": {
        "STATE": "OR",
        "DESCRIPTION": "Normal fault, certain",
        "RuleID": 22
      }
    },
    {
      "type": "Feature",
      "geometry": {
        "type": "LineString",
        "coordinates": [
          [
            -123.642413997924,
            42.3173513988703
          ],
          [
            -123.639644431716,
            42.3167656232117
          ],
          [
            -123.638060700073,
            42.3154637354172
          ]
        ]
      },
      "properties": {
        "STATE": "OR",
        "DESCRIPTION": "Normal fault, certain",
        "RuleID": 22
      }
    },
    {
      "type": "Feature",
      "geometry": {
        "type": "LineString",
        "coordinates": [
          [
            -123.727660611364,
            42.2931043535178
          ],
          [
            -123.725835349691,
            42.2931639878996
          ],
          [
            -123.719360152986,
            42.292014273796
          ]
        ]
      },
      "properties": {
        "STATE": "OR",
        "DESCRIPTION": "Normal fault, certain",
        "RuleID": 22
      }
    },
    {
      "type": "Feature",
      "geometry": {
        "type": "LineString",
        "coordinates": [
          [
            -123.490948363471,
            42.0551591135104
          ],
          [
            -123.490233026027,
            42.0531464190207
          ],
          [
            -123.489547775857,
            42.0403032370951
          ]
        ]
      },
      "properties": {
        "STATE": "OR",
        "DESCRIPTION": "Normal fault, certain",
        "RuleID": 22
      }
    },
    {
      "type": "Feature",
      "geometry": {
        "type": "LineString",
        "coordinates": [
          [
            -123.710874256282,
            42.1872639391781
          ],
          [
            -123.709816057047,
            42.1848123008205
          ],
          [
            -123.709013774362,
            42.1762636744514
          ],
          [
            -123.708365510527,
            42.1756019153631
          ]
        ]
      },
      "properties": {
        "STATE": "OR",
        "DESCRIPTION": "Normal fault, certain",
        "RuleID": 22
      }
    },
    {
      "type": "Feature",
      "geometry": {
        "type": "LineString",
        "coordinates": [
          [
            -123.895861056466,
            42.1866240276057
          ],
          [
            -123.88343705605,
            42.1877160226761
          ],
          [
            -123.878295254772,
            42.1883362853674
          ]
        ]
      },
      "properties": {
        "STATE": "OR",
        "DESCRIPTION": "Normal fault, certain",
        "RuleID": 22
      }
    },
    {
      "type": "Feature",
      "geometry": {
        "type": "LineString",
        "coordinates": [
          [
            -123.803272946095,
            42.2459359372315
          ],
          [
            -123.809976893398,
            42.2425287642
          ]
        ]
      },
      "properties": {
        "STATE": "OR",
        "DESCRIPTION": "Normal fault, certain",
        "RuleID": 22
      }
    },
    {
      "type": "Feature",
      "geometry": {
        "type": "LineString",
        "coordinates": [
          [
            -123.735780632337,
            42.2962313114106
          ],
          [
            -123.734812355361,
            42.2953594153667
          ],
          [
            -123.730164217857,
            42.2941504089595
          ],
          [
            -123.727660611364,
            42.2931043535178
          ]
        ]
      },
      "properties": {
        "STATE": "OR",
        "DESCRIPTION": "Normal fault, certain",
        "RuleID": 22
      }
    },
    {
      "type": "Feature",
      "geometry": {
        "type": "LineString",
        "coordinates": [
          [
            -123.704706536729,
            42.1071160679652
          ],
          [
            -123.709284061261,
            42.1014548757739
          ]
        ]
      },
      "properties": {
        "STATE": "OR",
        "DESCRIPTION": "Normal fault, certain",
        "RuleID": 22
      }
    },
    {
      "type": "Feature",
      "geometry": {
        "type": "LineString",
        "coordinates": [
          [
            -123.703983671403,
            42.1079382082542
          ],
          [
            -123.704667677406,
            42.10716026181
          ]
        ]
      },
      "properties": {
        "STATE": "OR",
        "DESCRIPTION": "Normal fault, certain",
        "RuleID": 22
      }
    },
    {
      "type": "Feature",
      "geometry": {
        "type": "LineString",
        "coordinates": [
          [
            -123.731742025111,
            42.3173924209166
          ],
          [
            -123.73268621017,
            42.3159843772569
          ],
          [
            -123.733666687166,
            42.3116676274511
          ],
          [
            -123.734248181023,
            42.3111911055262
          ],
          [
            -123.73532993678,
            42.308900267262
          ],
          [
            -123.736329492196,
            42.3052534746068
          ],
          [
            -123.735780632337,
            42.2962313114106
          ]
        ]
      },
      "properties": {
        "STATE": "OR",
        "DESCRIPTION": "Normal fault, certain",
        "RuleID": 22
      }
    },
    {
      "type": "Feature",
      "geometry": {
        "type": "LineString",
        "coordinates": [
          [
            -123.7601862093,
            42.306510743727
          ],
          [
            -123.758651646945,
            42.3063371798822
          ],
          [
            -123.750122027439,
            42.3014171415702
          ],
          [
            -123.750094256022,
            42.3009652003655
          ]
        ]
      },
      "properties": {
        "STATE": "OR",
        "DESCRIPTION": "Normal fault, certain",
        "RuleID": 22
      }
    },
    {
      "type": "Feature",
      "geometry": {
        "type": "LineString",
        "coordinates": [
          [
            -123.76065431331,
            42.3092053877202
          ],
          [
            -123.7601862093,
            42.306510743727
          ]
        ]
      },
      "properties": {
        "STATE": "OR",
        "DESCRIPTION": "Normal fault, certain",
        "RuleID": 22
      }
    },
    {
      "type": "Feature",
      "geometry": {
        "type": "LineString",
        "coordinates": [
          [
            -123.484206103022,
            42.1576957522148
          ],
          [
            -123.484299458641,
            42.1576316132927
          ]
        ]
      },
      "properties": {
        "STATE": "OR",
        "DESCRIPTION": "Normal fault, certain",
        "RuleID": 22
      }
    },
    {
      "type": "Feature",
      "geometry": {
        "type": "LineString",
        "coordinates": [
          [
            -123.513602455598,
            42.052411740374
          ],
          [
            -123.51299617902,
            42.0524313756808
          ],
          [
            -123.50680372705,
            42.050373369469
          ],
          [
            -123.498366119284,
            42.0461260497792
          ],
          [
            -123.492022889586,
            42.0411343144414
          ],
          [
            -123.489547775857,
            42.0403032370951
          ]
        ]
      },
      "properties": {
        "STATE": "OR",
        "DESCRIPTION": "Normal fault, certain",
        "RuleID": 22
      }
    },
    {
      "type": "Feature",
      "geometry": {
        "type": "LineString",
        "coordinates": [
          [
            -123.491370797131,
            42.1515354786278
          ],
          [
            -123.491359048964,
            42.1513096256335
          ],
          [
            -123.490714406238,
            42.1506556660329
          ],
          [
            -123.487697320033,
            42.1455592938035
          ],
          [
            -123.482613313666,
            42.1360104223644
          ],
          [
            -123.481444197646,
            42.1313091662784
          ]
        ]
      },
      "properties": {
        "STATE": "OR",
        "DESCRIPTION": "Normal fault, certain",
        "RuleID": 22
      }
    },
    {
      "type": "Feature",
      "geometry": {
        "type": "LineString",
        "coordinates": [
          [
            -123.882527433671,
            42.1480674579606
          ],
          [
            -123.881201301123,
            42.1463092287222
          ],
          [
            -123.88078719215,
            42.1445179640338
          ],
          [
            -123.879406471677,
            42.1418634224582
          ],
          [
            -123.87743107996,
            42.1344946661018
          ],
          [
            -123.876822965429,
            42.1295554150032
          ],
          [
            -123.875593061312,
            42.1244216788339
          ]
        ]
      },
      "properties": {
        "STATE": "OR",
        "DESCRIPTION": "Normal fault, certain",
        "RuleID": 22
      }
    },
    {
      "type": "Feature",
      "geometry": {
        "type": "LineString",
        "coordinates": [
          [
            -123.763315968496,
            42.0074019262524
          ],
          [
            -123.760505096853,
            42.0063680226857
          ],
          [
            -123.758293157162,
            42.0048647602512
          ]
        ]
      },
      "properties": {
        "STATE": "OR",
        "DESCRIPTION": "Normal fault, certain",
        "RuleID": 22
      }
    },
    {
      "type": "Feature",
      "geometry": {
        "type": "LineString",
        "coordinates": [
          [
            -123.685337561138,
            42.1366719694019
          ],
          [
            -123.687932221767,
            42.1326838131047
          ],
          [
            -123.690367696436,
            42.1273833955144
          ]
        ]
      },
      "properties": {
        "STATE": "OR",
        "DESCRIPTION": "Normal fault, certain",
        "RuleID": 22
      }
    },
    {
      "type": "Feature",
      "geometry": {
        "type": "LineString",
        "coordinates": [
          [
            -123.909216971854,
            42.017101264786
          ],
          [
            -123.907426747172,
            42.0078896871659
          ],
          [
            -123.905184110251,
            42.0011877293054
          ],
          [
            -123.903456015749,
            41.9978628945948
          ]
        ]
      },
      "properties": {
        "STATE": "OR",
        "DESCRIPTION": "Normal fault, certain",
        "RuleID": 22
      }
    },
    {
      "type": "Feature",
      "geometry": {
        "type": "LineString",
        "coordinates": [
          [
            -123.854216330399,
            42.2031396852749
          ],
          [
            -123.854479358013,
            42.2024539724622
          ],
          [
            -123.853277804726,
            42.1977496264058
          ],
          [
            -123.849936363822,
            42.187935225472
          ],
          [
            -123.846829318528,
            42.1819551554015
          ]
        ]
      },
      "properties": {
        "STATE": "OR",
        "DESCRIPTION": "Normal fault, certain",
        "RuleID": 22
      }
    },
    {
      "type": "Feature",
      "geometry": {
        "type": "LineString",
        "coordinates": [
          [
            -123.842432876391,
            42.2498338827778
          ],
          [
            -123.842668016705,
            42.2486966374038
          ],
          [
            -123.843335914118,
            42.2346759440287
          ],
          [
            -123.842101664851,
            42.2094156225334
          ]
        ]
      },
      "properties": {
        "STATE": "OR",
        "DESCRIPTION": "Normal fault, certain",
        "RuleID": 22
      }
    },
    {
      "type": "Feature",
      "geometry": {
        "type": "LineString",
        "coordinates": [
          [
            -123.823406875779,
            42.2469296856161
          ],
          [
            -123.823936840474,
            42.2466037766158
          ],
          [
            -123.827520879505,
            42.2453573788183
          ]
        ]
      },
      "properties": {
        "STATE": "OR",
        "DESCRIPTION": "Normal fault, certain",
        "RuleID": 22
      }
    },
    {
      "type": "Feature",
      "geometry": {
        "type": "LineString",
        "coordinates": [
          [
            -123.65840450136,
            42.2280136233989
          ],
          [
            -123.65942160267,
            42.2263368375189
          ],
          [
            -123.663267823103,
            42.2189954393638
          ],
          [
            -123.666223932564,
            42.2121305561975
          ],
          [
            -123.666754108364,
            42.2107564086709
          ],
          [
            -123.668637832395,
            42.2064102411081
          ],
          [
            -123.669368601997,
            42.2032323295157
          ]
        ]
      },
      "properties": {
        "STATE": "OR",
        "DESCRIPTION": "Normal fault, certain",
        "RuleID": 22
      }
    },
    {
      "type": "Feature",
      "geometry": {
        "type": "LineString",
        "coordinates": [
          [
            -123.570354765144,
            42.1884905756669
          ],
          [
            -123.570039602905,
            42.1882767555036
          ],
          [
            -123.569589750865,
            42.18713511951
          ],
          [
            -123.568983622508,
            42.1855986823164
          ],
          [
            -123.56885778291,
            42.1842895853441
          ]
        ]
      },
      "properties": {
        "STATE": "OR",
        "DESCRIPTION": "Normal fault, certain",
        "RuleID": 22
      }
    },
    {
      "type": "Feature",
      "geometry": {
        "type": "LineString",
        "coordinates": [
          [
            -123.838361021617,
            42.1729921582704
          ],
          [
            -123.8372986003,
            42.1705449272938
          ],
          [
            -123.832821947592,
            42.1670738275442
          ],
          [
            -123.831909581758,
            42.167105952152
          ]
        ]
      },
      "properties": {
        "STATE": "OR",
        "DESCRIPTION": "Normal fault, certain",
        "RuleID": 22
      }
    },
    {
      "type": "Feature",
      "geometry": {
        "type": "LineString",
        "coordinates": [
          [
            -123.715312897678,
            42.342483655143
          ],
          [
            -123.715560079908,
            42.3423339548461
          ],
          [
            -123.717769218651,
            42.3418397476546
          ],
          [
            -123.723415321553,
            42.3364581904771
          ],
          [
            -123.726803237697,
            42.3330331247638
          ],
          [
            -123.730034951186,
            42.3268279573533
          ],
          [
            -123.731465573972,
            42.3227040205912
          ],
          [
            -123.731742025111,
            42.3173924209166
          ]
        ]
      },
      "properties": {
        "STATE": "OR",
        "DESCRIPTION": "Normal fault, certain",
        "RuleID": 22
      }
    },
    {
      "type": "Feature",
      "geometry": {
        "type": "LineString",
        "coordinates": [
          [
            -123.747227982581,
            42.0226735553149
          ],
          [
            -123.747492000137,
            42.0219825725931
          ],
          [
            -123.747637394263,
            42.0196869658927
          ],
          [
            -123.747807471397,
            42.0170015439641
          ],
          [
            -123.748571703244,
            42.0144905582077
          ],
          [
            -123.751875691587,
            42.0087279259276
          ],
          [
            -123.754353378092,
            42.0045710301982
          ]
        ]
      },
      "properties": {
        "STATE": "OR",
        "DESCRIPTION": "Normal fault, certain",
        "RuleID": 22
      }
    },
    {
      "type": "Feature",
      "geometry": {
        "type": "LineString",
        "coordinates": [
          [
            -123.61577787267,
            42.315771720877
          ],
          [
            -123.615699124555,
            42.3139719454272
          ],
          [
            -123.616016162477,
            42.3138412698825
          ],
          [
            -123.616890087603,
            42.3134807882693
          ],
          [
            -123.627580983613,
            42.2977863764048
          ],
          [
            -123.639568834891,
            42.2848366871804
          ],
          [
            -123.639977193748,
            42.2843812861074
          ],
          [
            -123.641506386873,
            42.281809021226
          ]
        ]
      },
      "properties": {
        "STATE": "OR",
        "DESCRIPTION": "Normal fault, certain",
        "RuleID": 22
      }
    },
    {
      "type": "Feature",
      "geometry": {
        "type": "LineString",
        "coordinates": [
          [
            -123.874997556432,
            42.1197088208466
          ],
          [
            -123.874416612344,
            42.1152301443449
          ],
          [
            -123.8740916414,
            42.1001457128613
          ],
          [
            -123.873910765618,
            42.097224585623
          ],
          [
            -123.873999677271,
            42.0839160679968
          ],
          [
            -123.874728139102,
            42.0759905078596
          ]
        ]
      },
      "properties": {
        "STATE": "OR",
        "DESCRIPTION": "Normal fault, certain",
        "RuleID": 22
      }
    },
    {
      "type": "Feature",
      "geometry": {
        "type": "LineString",
        "coordinates": [
          [
            -123.865885070444,
            42.3418148304627
          ],
          [
            -123.864423688445,
            42.339876861913
          ],
          [
            -123.855981091436,
            42.331579728555
          ],
          [
            -123.848326981685,
            42.3261844952558
          ],
          [
            -123.842638461234,
            42.3229905913526
          ],
          [
            -123.836991926242,
            42.3204651544133
          ],
          [
            -123.835691600495,
            42.3191555458805
          ]
        ]
      },
      "properties": {
        "STATE": "OR",
        "DESCRIPTION": "Normal fault, certain",
        "RuleID": 22
      }
    },
    {
      "type": "Feature",
      "geometry": {
        "type": "LineString",
        "coordinates": [
          [
            -123.450989811125,
            42.1306559074527
          ],
          [
            -123.445970611917,
            42.127872069583
          ],
          [
            -123.445618031253,
            42.1269803368231
          ]
        ]
      },
      "properties": {
        "STATE": "OR",
        "DESCRIPTION": "Normal fault, certain",
        "RuleID": 22
      }
    },
    {
      "type": "Feature",
      "geometry": {
        "type": "LineString",
        "coordinates": [
          [
            -123.827520879505,
            42.2453573788183
          ],
          [
            -123.827493031732,
            42.2449056492461
          ],
          [
            -123.829263988449,
            42.2439458724362
          ]
        ]
      },
      "properties": {
        "STATE": "OR",
        "DESCRIPTION": "Normal fault, certain",
        "RuleID": 22
      }
    },
    {
      "type": "Feature",
      "geometry": {
        "type": "LineString",
        "coordinates": [
          [
            -123.467707221407,
            42.3214774851094
          ],
          [
            -123.466537287022,
            42.3221940009097
          ],
          [
            -123.444808541384,
            42.3255341970977
          ],
          [
            -123.443921287954,
            42.3260108893612
          ]
        ]
      },
      "properties": {
        "STATE": "OR",
        "DESCRIPTION": "Normal fault, certain",
        "RuleID": 22
      }
    },
    {
      "type": "Feature",
      "geometry": {
        "type": "LineString",
        "coordinates": [
          [
            -123.712031687016,
            42.3116917547785
          ],
          [
            -123.712322027008,
            42.3114533362546
          ],
          [
            -123.713070214943,
            42.3087172007876
          ],
          [
            -123.716196419506,
            42.3000285456032
          ],
          [
            -123.717551186752,
            42.2972769255476
          ],
          [
            -123.718877816069,
            42.2940687844011
          ],
          [
            -123.719360152986,
            42.292014273796
          ]
        ]
      },
      "properties": {
        "STATE": "OR",
        "DESCRIPTION": "Normal fault, certain",
        "RuleID": 22
      }
    },
    {
      "type": "Feature",
      "geometry": {
        "type": "LineString",
        "coordinates": [
          [
            -123.457865696871,
            42.2432508667687
          ],
          [
            -123.459690794152,
            42.2408234803184
          ],
          [
            -123.4630983304,
            42.2370842655265
          ]
        ]
      },
      "properties": {
        "STATE": "OR",
        "DESCRIPTION": "Normal fault, certain",
        "RuleID": 22
      }
    },
    {
      "type": "Feature",
      "geometry": {
        "type": "LineString",
        "coordinates": [
          [
            -123.467707221407,
            42.3214774851094
          ],
          [
            -123.467044486611,
            42.320597914426
          ],
          [
            -123.453922768306,
            42.3146635875235
          ],
          [
            -123.451166282467,
            42.3142895136563
          ]
        ]
      },
      "properties": {
        "STATE": "OR",
        "DESCRIPTION": "Normal fault, certain",
        "RuleID": 22
      }
    },
    {
      "type": "Feature",
      "geometry": {
        "type": "LineString",
        "coordinates": [
          [
            -123.820297476899,
            42.2968600252384
          ],
          [
            -123.820574751792,
            42.2964002837897
          ],
          [
            -123.824455365124,
            42.2909224328425
          ]
        ]
      },
      "properties": {
        "STATE": "OR",
        "DESCRIPTION": "Normal fault, certain",
        "RuleID": 22
      }
    },
    {
      "type": "Feature",
      "geometry": {
        "type": "LineString",
        "coordinates": [
          [
            -123.75812217273,
            42.2826341697851
          ],
          [
            -123.757209786235,
            42.2826662695401
          ],
          [
            -123.755246147177,
            42.2804709951531
          ],
          [
            -123.753903786563,
            42.2784772652051
          ]
        ]
      },
      "properties": {
        "STATE": "OR",
        "DESCRIPTION": "Normal fault, certain",
        "RuleID": 22
      }
    },
    {
      "type": "Feature",
      "geometry": {
        "type": "LineString",
        "coordinates": [
          [
            -123.889907900417,
            42.1994479211176
          ],
          [
            -123.890196211114,
            42.19855005121
          ]
        ]
      },
      "properties": {
        "STATE": "OR",
        "DESCRIPTION": "Normal fault, certain",
        "RuleID": 22
      }
    },
    {
      "type": "Feature",
      "geometry": {
        "type": "LineString",
        "coordinates": [
          [
            -123.465665177391,
            42.2347616800751
          ],
          [
            -123.469835366248,
            42.2312429119871
          ],
          [
            -123.474248332894,
            42.2283912095941
          ],
          [
            -123.485821246953,
            42.222826026965
          ],
          [
            -123.502849914498,
            42.217074977884
          ],
          [
            -123.512340993665,
            42.2127009567385
          ],
          [
            -123.517035997175,
            42.2110659845879
          ]
        ]
      },
      "properties": {
        "STATE": "OR",
        "DESCRIPTION": "Normal fault, certain",
        "RuleID": 22
      }
    },
    {
      "type": "Feature",
      "geometry": {
        "type": "LineString",
        "coordinates": [
          [
            -123.760012062797,
            42.2986130139897
          ],
          [
            -123.759016779768,
            42.2972850564297
          ]
        ]
      },
      "properties": {
        "STATE": "OR",
        "DESCRIPTION": "Normal fault, certain",
        "RuleID": 22
      }
    },
    {
      "type": "Feature",
      "geometry": {
        "type": "LineString",
        "coordinates": [
          [
            -123.825130620638,
            42.0742818223555
          ],
          [
            -123.824112981236,
            42.0735187949071
          ]
        ]
      },
      "properties": {
        "STATE": "OR",
        "DESCRIPTION": "Normal fault, certain",
        "RuleID": 22
      }
    },
    {
      "type": "Feature",
      "geometry": {
        "type": "LineString",
        "coordinates": [
          [
            -123.466977175847,
            42.0947447302718
          ],
          [
            -123.467242749286,
            42.0940594547599
          ],
          [
            -123.466488286618,
            42.0913765631845
          ],
          [
            -123.463085435982,
            42.0847040239467
          ],
          [
            -123.462367921921,
            42.082694190134
          ],
          [
            -123.459659982836,
            42.0775874791959
          ],
          [
            -123.457923515137,
            42.0735744272175
          ],
          [
            -123.452826714065,
            42.0579239991676
          ],
          [
            -123.449394367247,
            42.0505722520059
          ],
          [
            -123.443834169338,
            42.0376337916564
          ]
        ]
      },
      "properties": {
        "STATE": "OR",
        "DESCRIPTION": "Normal fault, certain",
        "RuleID": 22
      }
    },
    {
      "type": "Feature",
      "geometry": {
        "type": "LineString",
        "coordinates": [
          [
            -123.634002989274,
            42.0059332215355
          ],
          [
            -123.645646211775,
            41.9992970711591
          ],
          [
            -123.648317107032,
            41.9987577216895
          ]
        ]
      },
      "properties": {
        "STATE": "OR",
        "DESCRIPTION": "Normal fault, certain",
        "RuleID": 22
      }
    },
    {
      "type": "Feature",
      "geometry": {
        "type": "LineString",
        "coordinates": [
          [
            -123.801160866725,
            42.2028628710175
          ],
          [
            -123.80084344163,
            42.2026493443598
          ],
          [
            -123.801260807894,
            42.1994723156832
          ],
          [
            -123.803133317358,
            42.1951245032991
          ],
          [
            -123.806207968504,
            42.1905127623413
          ],
          [
            -123.814925874893,
            42.1834659843867
          ],
          [
            -123.819088709242,
            42.1817497085423
          ]
        ]
      },
      "properties": {
        "STATE": "OR",
        "DESCRIPTION": "Normal fault, certain",
        "RuleID": 22
      }
    },
    {
      "type": "Feature",
      "geometry": {
        "type": "LineString",
        "coordinates": [
          [
            -123.872800977035,
            42.1483940380442
          ],
          [
            -123.868422529949,
            42.1415561499801
          ],
          [
            -123.863643438739,
            42.1331534328537
          ],
          [
            -123.862897876579,
            42.1309245477537
          ],
          [
            -123.862248662326,
            42.1302729578146
          ],
          [
            -123.860122039232,
            42.1253831212634
          ],
          [
            -123.855649471163,
            42.1169562435152
          ],
          [
            -123.847743909488,
            42.1020928034357
          ],
          [
            -123.846668319768,
            42.0994233850903
          ],
          [
            -123.846122020108,
            42.0984677809957
          ]
        ]
      },
      "properties": {
        "STATE": "OR",
        "DESCRIPTION": "Normal fault, certain",
        "RuleID": 22
      }
    },
    {
      "type": "Feature",
      "geometry": {
        "type": "LineString",
        "coordinates": [
          [
            -123.737892065819,
            42.0605062436981
          ],
          [
            -123.743171697407,
            42.051965505596
          ],
          [
            -123.743369254006,
            42.0501492984314
          ],
          [
            -123.74528114112,
            42.0464697531414
          ],
          [
            -123.747520892652,
            42.0380272945372
          ],
          [
            -123.749246252682,
            42.0321041439546
          ],
          [
            -123.747227982581,
            42.0226735553149
          ]
        ]
      },
      "properties": {
        "STATE": "OR",
        "DESCRIPTION": "Normal fault, certain",
        "RuleID": 22
      }
    },
    {
      "type": "Feature",
      "geometry": {
        "type": "LineString",
        "coordinates": [
          [
            -123.868104149945,
            42.1463007446882
          ],
          [
            -123.858088901114,
            42.1468534540162
          ],
          [
            -123.850120248961,
            42.145981143279
          ],
          [
            -123.835091245611,
            42.1442113405286
          ]
        ]
      },
      "properties": {
        "STATE": "OR",
        "DESCRIPTION": "Normal fault, certain",
        "RuleID": 22
      }
    },
    {
      "type": "Feature",
      "geometry": {
        "type": "LineString",
        "coordinates": [
          [
            -123.819088709242,
            42.1817497085423
          ],
          [
            -123.819392243688,
            42.1817373064757
          ],
          [
            -123.822864525112,
            42.1786879857716
          ],
          [
            -123.824828883721,
            42.1759202520963
          ],
          [
            -123.830513140767,
            42.1691823345284
          ],
          [
            -123.831341860872,
            42.1677990282021
          ],
          [
            -123.831909581758,
            42.167105952152
          ]
        ]
      },
      "properties": {
        "STATE": "OR",
        "DESCRIPTION": "Normal fault, certain",
        "RuleID": 22
      }
    },
    {
      "type": "Feature",
      "geometry": {
        "type": "LineString",
        "coordinates": [
          [
            -123.54618815981,
            42.1804771070975
          ],
          [
            -123.545252630018,
            42.1800537188305
          ],
          [
            -123.544864567697,
            42.1784874937728
          ],
          [
            -123.543905382569,
            42.1719825304762
          ],
          [
            -123.543213299813,
            42.1704333141289
          ]
        ]
      },
      "properties": {
        "STATE": "OR",
        "DESCRIPTION": "Normal fault, certain",
        "RuleID": 22
      }
    },
    {
      "type": "Feature",
      "geometry": {
        "type": "LineString",
        "coordinates": [
          [
            -123.846122020108,
            42.0984677809957
          ],
          [
            -123.84223979969,
            42.0916737445157
          ],
          [
            -123.837936540696,
            42.0859506834522
          ],
          [
            -123.830478843988,
            42.0782892955266
          ],
          [
            -123.826003483057,
            42.0749361683576
          ]
        ]
      },
      "properties": {
        "STATE": "OR",
        "DESCRIPTION": "Normal fault, certain",
        "RuleID": 22
      }
    },
    {
      "type": "Feature",
      "geometry": {
        "type": "LineString",
        "coordinates": [
          [
            -123.649610631634,
            42.3209565884981
          ],
          [
            -123.648083024035,
            42.3207831050031
          ],
          [
            -123.644340948887,
            42.3190999606259
          ],
          [
            -123.642413997924,
            42.3173513988703
          ]
        ]
      },
      "properties": {
        "STATE": "OR",
        "DESCRIPTION": "Normal fault, certain",
        "RuleID": 22
      }
    },
    {
      "type": "Feature",
      "geometry": {
        "type": "LineString",
        "coordinates": [
          [
            -123.559559123775,
            42.1699544067875
          ],
          [
            -123.558018539114,
            42.1621501204276
          ]
        ]
      },
      "properties": {
        "STATE": "OR",
        "DESCRIPTION": "Normal fault, certain",
        "RuleID": 22
      }
    },
    {
      "type": "Feature",
      "geometry": {
        "type": "LineString",
        "coordinates": [
          [
            -123.682980680971,
            42.3045083101087
          ],
          [
            -123.678036147933,
            42.3033063643933
          ],
          [
            -123.676635232434,
            42.3028234149599
          ]
        ]
      },
      "properties": {
        "STATE": "OR",
        "DESCRIPTION": "Normal fault, certain",
        "RuleID": 22
      }
    },
    {
      "type": "Feature",
      "geometry": {
        "type": "LineString",
        "coordinates": [
          [
            -123.911894899123,
            42.2967206131125
          ],
          [
            -123.909849332813,
            42.2945445023404
          ],
          [
            -123.905045220827,
            42.2908633372563
          ]
        ]
      },
      "properties": {
        "STATE": "OR",
        "DESCRIPTION": "Normal fault, certain",
        "RuleID": 22
      }
    },
    {
      "type": "Feature",
      "geometry": {
        "type": "LineString",
        "coordinates": [
          [
            -123.478516991479,
            42.1614613892977
          ],
          [
            -123.480877525992,
            42.1599825663679
          ],
          [
            -123.484206103022,
            42.1576957522148
          ]
        ]
      },
      "properties": {
        "STATE": "OR",
        "DESCRIPTION": "Normal fault, certain",
        "RuleID": 22
      }
    },
    {
      "type": "Feature",
      "geometry": {
        "type": "LineString",
        "coordinates": [
          [
            -123.863756206053,
            42.1946947448171
          ],
          [
            -123.863742248928,
            42.1944690618605
          ],
          [
            -123.863092533416,
            42.193808238713
          ],
          [
            -123.863051152522,
            42.1931358008279
          ],
          [
            -123.862415872937,
            42.1927052301594
          ],
          [
            -123.86100689955,
            42.1895974622575
          ],
          [
            -123.859225508002,
            42.1853757938124
          ],
          [
            -123.858686932955,
            42.1815600720177
          ]
        ]
      },
      "properties": {
        "STATE": "OR",
        "DESCRIPTION": "Normal fault, certain",
        "RuleID": 22
      }
    },
    {
      "type": "Feature",
      "geometry": {
        "type": "LineString",
        "coordinates": [
          [
            -123.779621017029,
            42.245111519196
          ],
          [
            -123.780825347906,
            42.244850003104
          ],
          [
            -123.788192968743,
            42.2355754420785
          ],
          [
            -123.788775343847,
            42.235108043072
          ],
          [
            -123.793053423064,
            42.2302250407035
          ],
          [
            -123.795325304638,
            42.2274431516323
          ],
          [
            -123.796738209053,
            42.2255881965658
          ],
          [
            -123.798814712443,
            42.224621207682
          ]
        ]
      },
      "properties": {
        "STATE": "OR",
        "DESCRIPTION": "Normal fault, certain",
        "RuleID": 22
      }
    },
    {
      "type": "Feature",
      "geometry": {
        "type": "LineString",
        "coordinates": [
          [
            -123.512503105438,
            42.1928019974854
          ],
          [
            -123.510973346375,
            42.1926240226687
          ],
          [
            -123.500719521174,
            42.1886615747012
          ],
          [
            -123.495396801893,
            42.1858988577485
          ]
        ]
      },
      "properties": {
        "STATE": "OR",
        "DESCRIPTION": "Normal fault, certain",
        "RuleID": 22
      }
    },
    {
      "type": "Feature",
      "geometry": {
        "type": "LineString",
        "coordinates": [
          [
            -123.82679609448,
            42.2856958674166
          ],
          [
            -123.827457603075,
            42.2842063546828
          ],
          [
            -123.828593119408,
            42.2778411816262
          ],
          [
            -123.828511738332,
            42.2715211224115
          ],
          [
            -123.829315205895,
            42.2696901055004
          ],
          [
            -123.833259305862,
            42.2643658484546
          ]
        ]
      },
      "properties": {
        "STATE": "OR",
        "DESCRIPTION": "Normal fault, certain",
        "RuleID": 22
      }
    },
    {
      "type": "Feature",
      "geometry": {
        "type": "LineString",
        "coordinates": [
          [
            -123.75812217273,
            42.2826341697851
          ],
          [
            -123.758717641677,
            42.2823882720537
          ],
          [
            -123.772140580368,
            42.272466452193
          ],
          [
            -123.783474214676,
            42.2632898055378
          ],
          [
            -123.785486887375,
            42.2611041849986
          ]
        ]
      },
      "properties": {
        "STATE": "OR",
        "DESCRIPTION": "Normal fault, certain",
        "RuleID": 22
      }
    },
    {
      "type": "Feature",
      "geometry": {
        "type": "LineString",
        "coordinates": [
          [
            -123.805947243273,
            42.2013506935681
          ],
          [
            -123.805933485574,
            42.2011248819895
          ],
          [
            -123.80730600353,
            42.1985974907439
          ],
          [
            -123.818615863924,
            42.1840160540129
          ],
          [
            -123.819088709242,
            42.1817497085423
          ]
        ]
      },
      "properties": {
        "STATE": "OR",
        "DESCRIPTION": "Normal fault, certain",
        "RuleID": 22
      }
    },
    {
      "type": "Feature",
      "geometry": {
        "type": "LineString",
        "coordinates": [
          [
            -123.794839448122,
            42.2495871096665
          ],
          [
            -123.795061200843,
            42.2482238276571
          ],
          [
            -123.796405195493,
            42.2452480377251
          ],
          [
            -123.79877472843,
            42.2390740452867
          ],
          [
            -123.798983526546,
            42.2374849682285
          ],
          [
            -123.799705488167,
            42.2342991084309
          ],
          [
            -123.799449808773,
            42.2250483931201
          ],
          [
            -123.798814712443,
            42.224621207682
          ]
        ]
      },
      "properties": {
        "STATE": "OR",
        "DESCRIPTION": "Normal fault, certain",
        "RuleID": 22
      }
    },
    {
      "type": "Feature",
      "geometry": {
        "type": "LineString",
        "coordinates": [
          [
            -123.638060700073,
            42.3154637354172
          ],
          [
            -123.636544165109,
            42.3152876541332
          ],
          [
            -123.630400239233,
            42.3123450072875
          ]
        ]
      },
      "properties": {
        "STATE": "OR",
        "DESCRIPTION": "Normal fault, certain",
        "RuleID": 22
      }
    },
    {
      "type": "Feature",
      "geometry": {
        "type": "LineString",
        "coordinates": [
          [
            -123.854074956235,
            42.1309787726643
          ],
          [
            -123.853688332116,
            42.129637486948
          ],
          [
            -123.848514460085,
            42.1196525899897
          ],
          [
            -123.84413898283,
            42.1128091700442
          ],
          [
            -123.84021955599,
            42.1084279179924
          ],
          [
            -123.832807720074,
            42.1016792922851
          ],
          [
            -123.816943984196,
            42.0908978876959
          ]
        ]
      },
      "properties": {
        "STATE": "OR",
        "DESCRIPTION": "Normal fault, certain",
        "RuleID": 22
      }
    },
    {
      "type": "Feature",
      "geometry": {
        "type": "LineString",
        "coordinates": [
          [
            -123.829795586281,
            42.3175460384713
          ],
          [
            -123.829394562169,
            42.3159774962574
          ],
          [
            -123.822325738961,
            42.3101182862408
          ],
          [
            -123.806887710205,
            42.2970786332279
          ],
          [
            -123.799101257951,
            42.2894292246138
          ],
          [
            -123.79250442756,
            42.2812905106419
          ]
        ]
      },
      "properties": {
        "STATE": "OR",
        "DESCRIPTION": "Normal fault, certain",
        "RuleID": 22
      }
    },
    {
      "type": "Feature",
      "geometry": {
        "type": "LineString",
        "coordinates": [
          [
            -123.803956735605,
            42.2138348854723
          ],
          [
            -123.806059511124,
            42.2133193275149
          ],
          [
            -123.816582499431,
            42.2007771300479
          ],
          [
            -123.817967506665,
            42.198475396345
          ]
        ]
      },
      "properties": {
        "STATE": "OR",
        "DESCRIPTION": "Normal fault, certain",
        "RuleID": 22
      }
    },
    {
      "type": "Feature",
      "geometry": {
        "type": "LineString",
        "coordinates": [
          [
            -123.90616341854,
            42.254705824569
          ],
          [
            -123.902357722907,
            42.2523465921573
          ],
          [
            -123.894859940676,
            42.2494429894512
          ],
          [
            -123.876296017276,
            42.2450944452984
          ]
        ]
      },
      "properties": {
        "STATE": "OR",
        "DESCRIPTION": "Normal fault, certain",
        "RuleID": 22
      }
    },
    {
      "type": "Feature",
      "geometry": {
        "type": "LineString",
        "coordinates": [
          [
            -123.455560512054,
            42.0354657615828
          ],
          [
            -123.462123884692,
            42.0332367582017
          ],
          [
            -123.480679354945,
            42.0279377544965
          ]
        ]
      },
      "properties": {
        "STATE": "OR",
        "DESCRIPTION": "Normal fault, certain",
        "RuleID": 22
      }
    },
    {
      "type": "Feature",
      "geometry": {
        "type": "LineString",
        "coordinates": [
          [
            -123.481444197646,
            42.1313091662784
          ],
          [
            -123.479536433799,
            42.1297908997945
          ],
          [
            -123.474924903542,
            42.1177477104173
          ],
          [
            -123.474473205464,
            42.1150542049236
          ],
          [
            -123.473841966501,
            42.1146218586104
          ],
          [
            -123.471322002584,
            42.1074780071287
          ],
          [
            -123.470492623117,
            42.1034403927492
          ],
          [
            -123.468252337088,
            42.0958354560996
          ],
          [
            -123.466977175847,
            42.0947447302718
          ]
        ]
      },
      "properties": {
        "STATE": "OR",
        "DESCRIPTION": "Normal fault, certain",
        "RuleID": 22
      }
    },
    {
      "type": "Feature",
      "geometry": {
        "type": "LineString",
        "coordinates": [
          [
            -123.761246781884,
            42.2888598624091
          ],
          [
            -123.762159906794,
            42.2888276461927
          ],
          [
            -123.765701775313,
            42.2869047031666
          ],
          [
            -123.788243861897,
            42.2764576876264
          ],
          [
            -123.794430694007,
            42.2728721879947
          ],
          [
            -123.798734703094,
            42.2684338349628
          ],
          [
            -123.806084337863,
            42.2589329499608
          ],
          [
            -123.814209512471,
            42.2525898257321
          ]
        ]
      },
      "properties": {
        "STATE": "OR",
        "DESCRIPTION": "Normal fault, certain",
        "RuleID": 22
      }
    },
    {
      "type": "Feature",
      "geometry": {
        "type": "LineString",
        "coordinates": [
          [
            -123.824996903713,
            42.2289579817592
          ],
          [
            -123.82458352507,
            42.2271678993147
          ],
          [
            -123.826039219835,
            42.2210173444214
          ],
          [
            -123.825837669327,
            42.212666165314
          ],
          [
            -123.827099171684,
            42.2083321953059
          ],
          [
            -123.82845616226,
            42.2055765019488
          ],
          [
            -123.830090169016,
            42.2023618428047
          ],
          [
            -123.831737846334,
            42.1993740399388
          ],
          [
            -123.83265394287,
            42.194376536547
          ],
          [
            -123.831758221921,
            42.189668331114
          ],
          [
            -123.830032666956,
            42.1863430587539
          ],
          [
            -123.829550657924,
            42.1834284456985
          ],
          [
            -123.830063769326,
            42.1818385758586
          ],
          [
            -123.832554112195,
            42.1776944006716
          ],
          [
            -123.838361021617,
            42.1729921582704
          ]
        ]
      },
      "properties": {
        "STATE": "OR",
        "DESCRIPTION": "Normal fault, certain",
        "RuleID": 22
      }
    },
    {
      "type": "Feature",
      "geometry": {
        "type": "LineString",
        "coordinates": [
          [
            -123.761398689694,
            42.2913408416964
          ],
          [
            -123.761246781884,
            42.2888598624091
          ]
        ]
      },
      "properties": {
        "STATE": "OR",
        "DESCRIPTION": "Normal fault, certain",
        "RuleID": 22
      }
    },
    {
      "type": "Feature",
      "geometry": {
        "type": "LineString",
        "coordinates": [
          [
            -123.708365510527,
            42.1756019153631
          ],
          [
            -123.708565787224,
            42.1737931236085
          ],
          [
            -123.709348338414,
            42.1715136974039
          ],
          [
            -123.710411987728,
            42.1635893513153
          ],
          [
            -123.709747256876,
            42.1521284360534
          ],
          [
            -123.709757112293,
            42.1417413030949
          ],
          [
            -123.708606232972,
            42.121831889984
          ]
        ]
      },
      "properties": {
        "STATE": "OR",
        "DESCRIPTION": "Normal fault, certain",
        "RuleID": 22
      }
    },
    {
      "type": "Feature",
      "geometry": {
        "type": "LineString",
        "coordinates": [
          [
            -123.571000713122,
            42.1950120503593
          ],
          [
            -123.571876128553,
            42.1943079504337
          ],
          [
            -123.570883061668,
            42.1927637695042
          ],
          [
            -123.570354765144,
            42.1884905756669
          ]
        ]
      },
      "properties": {
        "STATE": "OR",
        "DESCRIPTION": "Normal fault, certain",
        "RuleID": 22
      }
    },
    {
      "type": "Feature",
      "geometry": {
        "type": "LineString",
        "coordinates": [
          [
            -123.512503105438,
            42.1928019974854
          ],
          [
            -123.517516647955,
            42.1842930912779
          ],
          [
            -123.523663412507,
            42.1685421787034
          ],
          [
            -123.525582377447,
            42.1646533044872
          ],
          [
            -123.529263100356,
            42.1595824200439
          ],
          [
            -123.53303933574,
            42.1563042034973
          ],
          [
            -123.536026972475,
            42.1553075763492
          ]
        ]
      },
      "properties": {
        "STATE": "OR",
        "DESCRIPTION": "Normal fault, certain",
        "RuleID": 22
      }
    },
    {
      "type": "Feature",
      "geometry": {
        "type": "LineString",
        "coordinates": [
          [
            -123.519164379171,
            42.1973566515503
          ],
          [
            -123.517905119908,
            42.1971367526974
          ],
          [
            -123.517765780427,
            42.1967099980388
          ],
          [
            -123.517540744364,
            42.1960210056558
          ],
          [
            -123.512527708497,
            42.1932531555333
          ],
          [
            -123.512503105438,
            42.1928019974854
          ]
        ]
      },
      "properties": {
        "STATE": "OR",
        "DESCRIPTION": "Normal fault, certain",
        "RuleID": 22
      }
    },
    {
      "type": "Feature",
      "geometry": {
        "type": "LineString",
        "coordinates": [
          [
            -123.669287066411,
            42.2997430894973
          ],
          [
            -123.665629328695,
            42.2996405819822
          ]
        ]
      },
      "properties": {
        "STATE": "OR",
        "DESCRIPTION": "Normal fault, certain",
        "RuleID": 22
      }
    },
    {
      "type": "Feature",
      "geometry": {
        "type": "LineString",
        "coordinates": [
          [
            -123.889187658172,
            42.2009141051551
          ],
          [
            -123.889684607984,
            42.2001434350559
          ],
          [
            -123.889907900417,
            42.1994479211176
          ]
        ]
      },
      "properties": {
        "STATE": "OR",
        "DESCRIPTION": "Normal fault, certain",
        "RuleID": 22
      }
    },
    {
      "type": "Feature",
      "geometry": {
        "type": "LineString",
        "coordinates": [
          [
            -123.512295440996,
            42.1313458218712
          ],
          [
            -123.51270075636,
            42.130099852253
          ],
          [
            -123.514385054399,
            42.1275640656423
          ],
          [
            -123.521053552383,
            42.1217045821609
          ]
        ]
      },
      "properties": {
        "STATE": "OR",
        "DESCRIPTION": "Normal fault, certain",
        "RuleID": 22
      }
    },
    {
      "type": "Feature",
      "geometry": {
        "type": "LineString",
        "coordinates": [
          [
            -123.737892065819,
            42.0605062436981
          ],
          [
            -123.738224541289,
            42.0600979217436
          ]
        ]
      },
      "properties": {
        "STATE": "OR",
        "DESCRIPTION": "Normal fault, certain",
        "RuleID": 22
      }
    },
    {
      "type": "Feature",
      "geometry": {
        "type": "LineString",
        "coordinates": [
          [
            -123.882527433671,
            42.1480674579606
          ],
          [
            -123.883439158107,
            42.1480386111766
          ],
          [
            -123.897904316801,
            42.1405529773001
          ],
          [
            -123.90848461942,
            42.1343245098758
          ],
          [
            -123.911481452208,
            42.1335462637796
          ]
        ]
      },
      "properties": {
        "STATE": "OR",
        "DESCRIPTION": "Normal fault, certain",
        "RuleID": 22
      }
    },
    {
      "type": "Feature",
      "geometry": {
        "type": "LineString",
        "coordinates": [
          [
            -123.680958007328,
            42.1486580655327
          ],
          [
            -123.682924611724,
            42.1410048478292
          ],
          [
            -123.683507522224,
            42.1405328357105
          ],
          [
            -123.684013055438,
            42.1387044585242
          ],
          [
            -123.685337561138,
            42.1366719694019
          ]
        ]
      },
      "properties": {
        "STATE": "OR",
        "DESCRIPTION": "Normal fault, certain",
        "RuleID": 22
      }
    },
    {
      "type": "Feature",
      "geometry": {
        "type": "LineString",
        "coordinates": [
          [
            -123.494479418969,
            42.2745920129638
          ],
          [
            -123.492617207791,
            42.2741975926874
          ],
          [
            -123.489112844834,
            42.2710151656419
          ]
        ]
      },
      "properties": {
        "STATE": "OR",
        "DESCRIPTION": "Normal fault, certain",
        "RuleID": 22
      }
    },
    {
      "type": "Feature",
      "geometry": {
        "type": "LineString",
        "coordinates": [
          [
            -123.63170675527,
            42.261883714535
          ],
          [
            -123.63094692427,
            42.2597719469456
          ],
          [
            -123.630813421144,
            42.2593995741131
          ],
          [
            -123.630590740464,
            42.2579403959561
          ]
        ]
      },
      "properties": {
        "STATE": "OR",
        "DESCRIPTION": "Normal fault, certain",
        "RuleID": 22
      }
    },
    {
      "type": "Feature",
      "geometry": {
        "type": "LineString",
        "coordinates": [
          [
            -123.742571617408,
            42.2975938019297
          ],
          [
            -123.740110092494,
            42.2972216658205
          ],
          [
            -123.735780632337,
            42.2962313114106
          ]
        ]
      },
      "properties": {
        "STATE": "OR",
        "DESCRIPTION": "Normal fault, certain",
        "RuleID": 22
      }
    },
    {
      "type": "Feature",
      "geometry": {
        "type": "LineString",
        "coordinates": [
          [
            -123.763817090982,
            42.2960044970068
          ],
          [
            -123.763499037066,
            42.2957862866263
          ],
          [
            -123.762752639473,
            42.293551383414
          ],
          [
            -123.761398689694,
            42.2913408416964
          ]
        ]
      },
      "properties": {
        "STATE": "OR",
        "DESCRIPTION": "Normal fault, certain",
        "RuleID": 22
      }
    },
    {
      "type": "Feature",
      "geometry": {
        "type": "LineString",
        "coordinates": [
          [
            -123.821243216941,
            42.2374339963869
          ],
          [
            -123.821797624795,
            42.2365147975544
          ],
          [
            -123.823721777506,
            42.2330628442166
          ],
          [
            -123.824774692851,
            42.2303165177775
          ],
          [
            -123.824996903713,
            42.2289579817592
          ]
        ]
      },
      "properties": {
        "STATE": "OR",
        "DESCRIPTION": "Normal fault, certain",
        "RuleID": 22
      }
    },
    {
      "type": "Feature",
      "geometry": {
        "type": "LineString",
        "coordinates": [
          [
            -123.489112844834,
            42.2710151656419
          ],
          [
            -123.488759929996,
            42.2706945274492
          ]
        ]
      },
      "properties": {
        "STATE": "OR",
        "DESCRIPTION": "Normal fault, certain",
        "RuleID": 22
      }
    },
    {
      "type": "Feature",
      "geometry": {
        "type": "LineString",
        "coordinates": [
          [
            -123.826003483057,
            42.0749361683576
          ],
          [
            -123.825130620638,
            42.0742818223555
          ]
        ]
      },
      "properties": {
        "STATE": "OR",
        "DESCRIPTION": "Normal fault, certain",
        "RuleID": 22
      }
    },
    {
      "type": "Feature",
      "geometry": {
        "type": "LineString",
        "coordinates": [
          [
            -123.777090391008,
            42.2436193355411
          ],
          [
            -123.775236962659,
            42.2432276169862
          ],
          [
            -123.770465380466,
            42.2399913772753
          ],
          [
            -123.766580212677,
            42.2362796873078
          ]
        ]
      },
      "properties": {
        "STATE": "OR",
        "DESCRIPTION": "Normal fault, certain",
        "RuleID": 22
      }
    },
    {
      "type": "Feature",
      "geometry": {
        "type": "LineString",
        "coordinates": [
          [
            -123.894947750995,
            42.1568876334054
          ],
          [
            -123.906233700931,
            42.1423035738906
          ]
        ]
      },
      "properties": {
        "STATE": "OR",
        "DESCRIPTION": "Normal fault, certain",
        "RuleID": 22
      }
    },
    {
      "type": "Feature",
      "geometry": {
        "type": "LineString",
        "coordinates": [
          [
            -123.482307026782,
            42.3302840338742
          ],
          [
            -123.481634007174,
            42.3298636563958
          ],
          [
            -123.479475118391,
            42.3294745192092
          ],
          [
            -123.479084060188,
            42.3281331863424
          ],
          [
            -123.4704952983,
            42.3223011741423
          ],
          [
            -123.470134856478,
            42.3214105507982
          ]
        ]
      },
      "properties": {
        "STATE": "OR",
        "DESCRIPTION": "Normal fault, certain",
        "RuleID": 22
      }
    },
    {
      "type": "Feature",
      "geometry": {
        "type": "LineString",
        "coordinates": [
          [
            -123.91370313862,
            42.1844388978802
          ],
          [
            -123.913329816754,
            42.1833260612329
          ],
          [
            -123.904289644248,
            42.1750482720826
          ]
        ]
      },
      "properties": {
        "STATE": "OR",
        "DESCRIPTION": "Normal fault, certain",
        "RuleID": 22
      }
    },
    {
      "type": "Feature",
      "geometry": {
        "type": "LineString",
        "coordinates": [
          [
            -123.451166282467,
            42.3142895136563
          ],
          [
            -123.450809381805,
            42.3133980588272
          ],
          [
            -123.437406714497,
            42.3076956583493
          ]
        ]
      },
      "properties": {
        "STATE": "OR",
        "DESCRIPTION": "Normal fault, certain",
        "RuleID": 22
      }
    },
    {
      "type": "Feature",
      "geometry": {
        "type": "LineString",
        "coordinates": [
          [
            -123.676635232434,
            42.3028234149599
          ],
          [
            -123.669634744968,
            42.3004097231305
          ],
          [
            -123.669287066411,
            42.2997430894973
          ]
        ]
      },
      "properties": {
        "STATE": "OR",
        "DESCRIPTION": "Normal fault, certain",
        "RuleID": 22
      }
    },
    {
      "type": "Feature",
      "geometry": {
        "type": "LineString",
        "coordinates": [
          [
            -123.568363541519,
            42.3298928252839
          ],
          [
            -123.576388857604,
            42.3237825145437
          ],
          [
            -123.587372657397,
            42.3153177942856
          ],
          [
            -123.597667958713,
            42.3066500192447
          ],
          [
            -123.600539339077,
            42.3031751079553
          ]
        ]
      },
      "properties": {
        "STATE": "OR",
        "DESCRIPTION": "Normal fault, certain",
        "RuleID": 22
      }
    },
    {
      "type": "Feature",
      "geometry": {
        "type": "LineString",
        "coordinates": [
          [
            -123.8219492685,
            42.0038337726458
          ],
          [
            -123.832456246134,
            41.9985549631806
          ]
        ]
      },
      "properties": {
        "STATE": "OR",
        "DESCRIPTION": "Normal fault, certain",
        "RuleID": 22
      }
    },
    {
      "type": "Feature",
      "geometry": {
        "type": "LineString",
        "coordinates": [
          [
            -123.823406875779,
            42.2469296856161
          ],
          [
            -123.822126608514,
            42.2419222637187
          ],
          [
            -123.821243216941,
            42.2374339963869
          ]
        ]
      },
      "properties": {
        "STATE": "OR",
        "DESCRIPTION": "Normal fault, certain",
        "RuleID": 22
      }
    },
    {
      "type": "Feature",
      "geometry": {
        "type": "LineString",
        "coordinates": [
          [
            -123.90934110106,
            42.1383565717483
          ],
          [
            -123.910445758466,
            42.1365131634642
          ],
          [
            -123.911025912935,
            42.1360451740466
          ],
          [
            -123.911481452208,
            42.1335462637796
          ]
        ]
      },
      "properties": {
        "STATE": "OR",
        "DESCRIPTION": "Normal fault, certain",
        "RuleID": 22
      }
    },
    {
      "type": "Feature",
      "geometry": {
        "type": "LineString",
        "coordinates": [
          [
            -123.651467317274,
            42.3215742250722
          ],
          [
            -123.652350733999,
            42.3210943283046
          ],
          [
            -123.65794851742,
            42.3130044328572
          ],
          [
            -123.664283072087,
            42.3023945948909
          ],
          [
            -123.665629328695,
            42.2996405819822
          ]
        ]
      },
      "properties": {
        "STATE": "OR",
        "DESCRIPTION": "Normal fault, certain",
        "RuleID": 22
      }
    },
    {
      "type": "Feature",
      "geometry": {
        "type": "LineString",
        "coordinates": [
          [
            -123.715312897678,
            42.342483655143
          ],
          [
            -123.716495239593,
            42.3396029223995
          ],
          [
            -123.717502031838,
            42.3370399420403
          ],
          [
            -123.722151501543,
            42.328725159327
          ],
          [
            -123.727651899502,
            42.3196956399064
          ],
          [
            -123.731742025111,
            42.3173924209166
          ]
        ]
      },
      "properties": {
        "STATE": "OR",
        "DESCRIPTION": "Normal fault, certain",
        "RuleID": 22
      }
    },
    {
      "type": "Feature",
      "geometry": {
        "type": "LineString",
        "coordinates": [
          [
            -123.45759819924,
            42.1464380842614
          ],
          [
            -123.453446293795,
            42.142313776289
          ],
          [
            -123.44914428795,
            42.1415399979312
          ]
        ]
      },
      "properties": {
        "STATE": "OR",
        "DESCRIPTION": "Normal fault, certain",
        "RuleID": 22
      }
    },
    {
      "type": "Feature",
      "geometry": {
        "type": "LineString",
        "coordinates": [
          [
            -123.754353378092,
            42.0045710301982
          ],
          [
            -123.753999755382,
            42.0036814983374
          ],
          [
            -123.746853499193,
            42.0007639517239
          ]
        ]
      },
      "properties": {
        "STATE": "OR",
        "DESCRIPTION": "Normal fault, certain",
        "RuleID": 22
      }
    },
    {
      "type": "Feature",
      "geometry": {
        "type": "LineString",
        "coordinates": [
          [
            -123.82750572313,
            42.1598002693734
          ],
          [
            -123.827713722644,
            42.158212170188
          ],
          [
            -123.827935865234,
            42.1568454200921
          ],
          [
            -123.829669638885,
            42.1502506948396
          ],
          [
            -123.830073260926,
            42.1468551956991
          ]
        ]
      },
      "properties": {
        "STATE": "OR",
        "DESCRIPTION": "Normal fault, certain",
        "RuleID": 22
      }
    },
    {
      "type": "Feature",
      "geometry": {
        "type": "LineString",
        "coordinates": [
          [
            -123.68232909337,
            42.2848467509432
          ],
          [
            -123.681994308331,
            42.2843972441612
          ],
          [
            -123.671708455496,
            42.2808807834733
          ],
          [
            -123.666065332306,
            42.2785700880187
          ]
        ]
      },
      "properties": {
        "STATE": "OR",
        "DESCRIPTION": "Normal fault, certain",
        "RuleID": 22
      }
    },
    {
      "type": "Feature",
      "geometry": {
        "type": "LineString",
        "coordinates": [
          [
            -123.522092387534,
            42.0742663572959
          ],
          [
            -123.521460926687,
            42.0738341729364
          ],
          [
            -123.521096273563,
            42.0727168409769
          ],
          [
            -123.516822384089,
            42.0701257372572
          ],
          [
            -123.515433834798,
            42.0692838527758
          ],
          [
            -123.515409704253,
            42.0688321249607
          ]
        ]
      },
      "properties": {
        "STATE": "OR",
        "DESCRIPTION": "Normal fault, certain",
        "RuleID": 22
      }
    },
    {
      "type": "Feature",
      "geometry": {
        "type": "LineString",
        "coordinates": [
          [
            -123.514599023218,
            42.0539565756294
          ],
          [
            -123.51363974736,
            42.0530893553906
          ],
          [
            -123.513602455598,
            42.052411740374
          ]
        ]
      },
      "properties": {
        "STATE": "OR",
        "DESCRIPTION": "Normal fault, certain",
        "RuleID": 22
      }
    },
    {
      "type": "Feature",
      "geometry": {
        "type": "LineString",
        "coordinates": [
          [
            -123.480679354945,
            42.0279377544965
          ],
          [
            -123.479927579139,
            42.0252549285338
          ],
          [
            -123.477599425298,
            42.0214873439585
          ]
        ]
      },
      "properties": {
        "STATE": "OR",
        "DESCRIPTION": "Normal fault, certain",
        "RuleID": 22
      }
    },
    {
      "type": "Feature",
      "geometry": {
        "type": "LineString",
        "coordinates": [
          [
            -123.846829318528,
            42.1819551554015
          ],
          [
            -123.845571356432,
            42.1813197133407
          ],
          [
            -123.839909123381,
            42.17339016859
          ],
          [
            -123.838361021617,
            42.1729921582704
          ]
        ]
      },
      "properties": {
        "STATE": "OR",
        "DESCRIPTION": "Normal fault, certain",
        "RuleID": 22
      }
    },
    {
      "type": "Feature",
      "geometry": {
        "type": "LineString",
        "coordinates": [
          [
            -123.7601862093,
            42.306510743727
          ],
          [
            -123.760172394109,
            42.3062847994514
          ],
          [
            -123.760231005588,
            42.3022145152367
          ],
          [
            -123.759472400789,
            42.2997581732633
          ],
          [
            -123.760012062797,
            42.2986130139897
          ]
        ]
      },
      "properties": {
        "STATE": "OR",
        "DESCRIPTION": "Normal fault, certain",
        "RuleID": 22
      }
    },
    {
      "type": "Feature",
      "geometry": {
        "type": "LineString",
        "coordinates": [
          [
            -123.775307718463,
            42.009489601215
          ],
          [
            -123.775531424121,
            42.0081300251698
          ],
          [
            -123.777177983935,
            42.0051338679794
          ],
          [
            -123.779075214137,
            42.0012303900896
          ],
          [
            -123.779878864956,
            41.9993936453726
          ],
          [
            -123.780985704371,
            41.9975485940498
          ]
        ]
      },
      "properties": {
        "STATE": "OR",
        "DESCRIPTION": "Normal fault, certain",
        "RuleID": 22
      }
    },
    {
      "type": "Feature",
      "geometry": {
        "type": "LineString",
        "coordinates": [
          [
            -123.832701717972,
            42.1600799491231
          ],
          [
            -123.832592352578,
            42.1582783495522
          ],
          [
            -123.833880777444,
            42.1544024419338
          ],
          [
            -123.834325151557,
            42.1516788266806
          ],
          [
            -123.834383781901,
            42.1476185377198
          ],
          [
            -123.835091245611,
            42.1442113405286
          ]
        ]
      },
      "properties": {
        "STATE": "OR",
        "DESCRIPTION": "Normal fault, certain",
        "RuleID": 22
      }
    },
    {
      "type": "Feature",
      "geometry": {
        "type": "LineString",
        "coordinates": [
          [
            -123.461882517257,
            42.1519883882912
          ],
          [
            -123.461163966539,
            42.1499796396745
          ],
          [
            -123.45759819924,
            42.1464380842614
          ]
        ]
      },
      "properties": {
        "STATE": "OR",
        "DESCRIPTION": "Normal fault, certain",
        "RuleID": 22
      }
    },
    {
      "type": "Feature",
      "geometry": {
        "type": "LineString",
        "coordinates": [
          [
            -123.842101664851,
            42.2094156225334
          ],
          [
            -123.841093234079,
            42.2078666007465
          ]
        ]
      },
      "properties": {
        "STATE": "OR",
        "DESCRIPTION": "Normal fault, certain",
        "RuleID": 22
      }
    },
    {
      "type": "Feature",
      "geometry": {
        "type": "LineString",
        "coordinates": [
          [
            -123.737933264354,
            42.0571236097149
          ],
          [
            -123.737996426699,
            42.051921389358
          ],
          [
            -123.740515621657,
            42.0378221746118
          ],
          [
            -123.743034712411,
            42.0289154779138
          ],
          [
            -123.745461264115,
            42.0236360971821
          ],
          [
            -123.747227982581,
            42.0226735553149
          ]
        ]
      },
      "properties": {
        "STATE": "OR",
        "DESCRIPTION": "Normal fault, certain",
        "RuleID": 22
      }
    },
    {
      "type": "Feature",
      "geometry": {
        "type": "LineString",
        "coordinates": [
          [
            -123.758293157162,
            42.0048647602512
          ],
          [
            -123.758569312756,
            42.0044036607488
          ],
          [
            -123.763768996979,
            41.9963399508253
          ]
        ]
      },
      "properties": {
        "STATE": "OR",
        "DESCRIPTION": "Normal fault, certain",
        "RuleID": 22
      }
    },
    {
      "type": "Feature",
      "geometry": {
        "type": "LineString",
        "coordinates": [
          [
            -123.631652939896,
            42.2526025011381
          ],
          [
            -123.632195426208,
            42.2512402072311
          ],
          [
            -123.636164081624,
            42.2443715491944
          ],
          [
            -123.643484776268,
            42.2365177818195
          ],
          [
            -123.647766285252,
            42.2311957410778
          ],
          [
            -123.648351624797,
            42.2307301833704
          ],
          [
            -123.650503611823,
            42.2289961712122
          ]
        ]
      },
      "properties": {
        "STATE": "OR",
        "DESCRIPTION": "Normal fault, certain",
        "RuleID": 22
      }
    },
    {
      "type": "Feature",
      "geometry": {
        "type": "LineString",
        "coordinates": [
          [
            -123.709284061261,
            42.1014548757739
          ],
          [
            -123.709532341232,
            42.1011479258242
          ]
        ]
      },
      "properties": {
        "STATE": "OR",
        "DESCRIPTION": "Normal fault, certain",
        "RuleID": 22
      }
    },
    {
      "type": "Feature",
      "geometry": {
        "type": "LineString",
        "coordinates": [
          [
            -123.851148021359,
            42.2626409385043
          ],
          [
            -123.848394667945,
            42.2625049788353
          ],
          [
            -123.843441640438,
            42.2613179195418
          ],
          [
            -123.839913602381,
            42.2584961792164
          ],
          [
            -123.833288729281,
            42.2499134633994
          ],
          [
            -123.827547974491,
            42.2458091483807
          ],
          [
            -123.827520879505,
            42.2453573788183
          ]
        ]
      },
      "properties": {
        "STATE": "OR",
        "DESCRIPTION": "Normal fault, certain",
        "RuleID": 22
      }
    },
    {
      "type": "Feature",
      "geometry": {
        "type": "LineString",
        "coordinates": [
          [
            -123.687792409772,
            42.2101054349819
          ],
          [
            -123.692787544012,
            42.2015927362254
          ],
          [
            -123.693369581349,
            42.2011218414833
          ],
          [
            -123.695318938092,
            42.1979050363878
          ],
          [
            -123.69947071418,
            42.1905590764302
          ],
          [
            -123.706287338965,
            42.1765770215907
          ],
          [
            -123.708365510527,
            42.1756019153631
          ]
        ]
      },
      "properties": {
        "STATE": "OR",
        "DESCRIPTION": "Normal fault, certain",
        "RuleID": 22
      }
    },
    {
      "type": "Feature",
      "geometry": {
        "type": "LineString",
        "coordinates": [
          [
            -123.391460765018,
            42.2408293746207
          ],
          [
            -123.39460208643,
            42.2369023118669
          ],
          [
            -123.400090009485,
            42.231314996582
          ],
          [
            -123.411198794579,
            42.2226241841695
          ],
          [
            -123.424432882244,
            42.2138672611051
          ],
          [
            -123.436387592875,
            42.2040137865529
          ],
          [
            -123.444789347081,
            42.1960827111231
          ],
          [
            -123.455144745689,
            42.1849266669696
          ],
          [
            -123.456591049466,
            42.183530828667
          ],
          [
            -123.469202620809,
            42.1691422706331
          ],
          [
            -123.475580105964,
            42.1633009669433
          ],
          [
            -123.478229230551,
            42.1616416698833
          ],
          [
            -123.478516991479,
            42.1614613892977
          ]
        ]
      },
      "properties": {
        "STATE": "OR",
        "DESCRIPTION": "Normal fault, certain",
        "RuleID": 22
      }
    },
    {
      "type": "Feature",
      "geometry": {
        "type": "LineString",
        "coordinates": [
          [
            -123.581171965182,
            42.1976264622394
          ],
          [
            -123.580855805812,
            42.1915441225069
          ]
        ]
      },
      "properties": {
        "STATE": "OR",
        "DESCRIPTION": "Normal fault, certain",
        "RuleID": 22
      }
    },
    {
      "type": "Feature",
      "geometry": {
        "type": "LineString",
        "coordinates": [
          [
            -123.738224541289,
            42.0600979217436
          ],
          [
            -123.745269129747,
            42.0514404311275
          ],
          [
            -123.746707045056,
            42.0500332906481
          ],
          [
            -123.752963593617,
            42.0432518506353
          ],
          [
            -123.756303551403,
            42.0383759641325
          ],
          [
            -123.756883972671,
            42.0379008612723
          ],
          [
            -123.760222756359,
            42.0323616118897
          ],
          [
            -123.767192001318,
            42.0212843655854
          ],
          [
            -123.767416395086,
            42.0199244043159
          ],
          [
            -123.768311943559,
            42.0196654077785
          ],
          [
            -123.773594866574,
            42.0113559640117
          ],
          [
            -123.775307718463,
            42.009489601215
          ]
        ]
      },
      "properties": {
        "STATE": "OR",
        "DESCRIPTION": "Normal fault, certain",
        "RuleID": 22
      }
    },
    {
      "type": "Feature",
      "geometry": {
        "type": "LineString",
        "coordinates": [
          [
            -123.831909581758,
            42.167105952152
          ],
          [
            -123.833665400066,
            42.1659171337137
          ],
          [
            -123.837467473692,
            42.1633101398638
          ]
        ]
      },
      "properties": {
        "STATE": "OR",
        "DESCRIPTION": "Normal fault, certain",
        "RuleID": 22
      }
    },
    {
      "type": "Feature",
      "geometry": {
        "type": "LineString",
        "coordinates": [
          [
            -123.541359832837,
            42.198213689685
          ],
          [
            -123.538565474025,
            42.1971764734252
          ],
          [
            -123.536669583212,
            42.1958819248866
          ]
        ]
      },
      "properties": {
        "STATE": "OR",
        "DESCRIPTION": "Normal fault, certain",
        "RuleID": 22
      }
    },
    {
      "type": "Feature",
      "geometry": {
        "type": "LineString",
        "coordinates": [
          [
            -123.798814712443,
            42.224621207682
          ],
          [
            -123.799578004652,
            42.2221133001173
          ],
          [
            -123.802389744068,
            42.2181822073949
          ],
          [
            -123.803734462759,
            42.2151979071419
          ],
          [
            -123.803956735605,
            42.2138348854723
          ]
        ]
      },
      "properties": {
        "STATE": "OR",
        "DESCRIPTION": "Normal fault, certain",
        "RuleID": 22
      }
    },
    {
      "type": "Feature",
      "geometry": {
        "type": "LineString",
        "coordinates": [
          [
            -123.679491727714,
            42.332859793439
          ],
          [
            -123.67885802557,
            42.3324279100665
          ],
          [
            -123.670863763346,
            42.331106513183
          ],
          [
            -123.661240589611,
            42.3278041248369
          ],
          [
            -123.651822501255,
            42.3224703196464
          ],
          [
            -123.651467317274,
            42.3215742250722
          ]
        ]
      },
      "properties": {
        "STATE": "OR",
        "DESCRIPTION": "Normal fault, certain",
        "RuleID": 22
      }
    },
    {
      "type": "Feature",
      "geometry": {
        "type": "LineString",
        "coordinates": [
          [
            -123.675477899616,
            42.2032640577847
          ],
          [
            -123.669368601997,
            42.2032323295157
          ]
        ]
      },
      "properties": {
        "STATE": "OR",
        "DESCRIPTION": "Normal fault, certain",
        "RuleID": 22
      }
    },
    {
      "type": "Feature",
      "geometry": {
        "type": "LineString",
        "coordinates": [
          [
            -123.629796760008,
            42.2526518994907
          ],
          [
            -123.628507464675,
            42.2517818300036
          ],
          [
            -123.624402491711,
            42.2503169512121
          ]
        ]
      },
      "properties": {
        "STATE": "OR",
        "DESCRIPTION": "Normal fault, certain",
        "RuleID": 22
      }
    },
    {
      "type": "Feature",
      "geometry": {
        "type": "LineString",
        "coordinates": [
          [
            -123.547812289589,
            42.1937230127648
          ],
          [
            -123.546853372159,
            42.1872130872035
          ],
          [
            -123.546162187718,
            42.1856584203808
          ]
        ]
      },
      "properties": {
        "STATE": "OR",
        "DESCRIPTION": "Normal fault, certain",
        "RuleID": 22
      }
    },
    {
      "type": "Feature",
      "geometry": {
        "type": "LineString",
        "coordinates": [
          [
            -123.860804344724,
            42.2460635051966
          ],
          [
            -123.864718995222,
            42.2402918296771
          ],
          [
            -123.87200786525,
            42.2249199338561
          ],
          [
            -123.876210079944,
            42.2188867571215
          ]
        ]
      },
      "properties": {
        "STATE": "OR",
        "DESCRIPTION": "Normal fault, certain",
        "RuleID": 22
      }
    },
    {
      "type": "Feature",
      "geometry": {
        "type": "LineString",
        "coordinates": [
          [
            -123.785486887375,
            42.2611041849986
          ],
          [
            -123.788623199781,
            42.2576988425272
          ],
          [
            -123.792554914675,
            42.2521484596325
          ],
          [
            -123.794839448122,
            42.2495871096665
          ]
        ]
      },
      "properties": {
        "STATE": "OR",
        "DESCRIPTION": "Normal fault, certain",
        "RuleID": 22
      }
    },
    {
      "type": "Feature",
      "geometry": {
        "type": "LineString",
        "coordinates": [
          [
            -123.580855805812,
            42.1915441225069
          ],
          [
            -123.580457797344,
            42.1897543798667
          ]
        ]
      },
      "properties": {
        "STATE": "OR",
        "DESCRIPTION": "Normal fault, certain",
        "RuleID": 22
      }
    },
    {
      "type": "Feature",
      "geometry": {
        "type": "LineString",
        "coordinates": [
          [
            -123.761246781884,
            42.2888598624091
          ],
          [
            -123.760610586017,
            42.2884233581564
          ],
          [
            -123.759214626523,
            42.2855348319096
          ],
          [
            -123.758260433333,
            42.2848891220055
          ]
        ]
      },
      "properties": {
        "STATE": "OR",
        "DESCRIPTION": "Normal fault, certain",
        "RuleID": 22
      }
    },
    {
      "type": "Feature",
      "geometry": {
        "type": "LineString",
        "coordinates": [
          [
            -123.470134856478,
            42.3214105507982
          ],
          [
            -123.467707221407,
            42.3214774851094
          ]
        ]
      },
      "properties": {
        "STATE": "OR",
        "DESCRIPTION": "Normal fault, certain",
        "RuleID": 22
      }
    },
    {
      "type": "Feature",
      "geometry": {
        "type": "LineString",
        "coordinates": [
          [
            -123.536669583212,
            42.1958819248866
          ],
          [
            -123.530462866894,
            42.194353182243
          ]
        ]
      },
      "properties": {
        "STATE": "OR",
        "DESCRIPTION": "Normal fault, certain",
        "RuleID": 22
      }
    },
    {
      "type": "Feature",
      "geometry": {
        "type": "LineString",
        "coordinates": [
          [
            -123.445618031253,
            42.1269803368231
          ],
          [
            -123.445606440291,
            42.1267545114927
          ],
          [
            -123.449590298794,
            42.1216727949766
          ],
          [
            -123.453610864257,
            42.1172650266767
          ],
          [
            -123.458336343113,
            42.1146509871667
          ],
          [
            -123.460035378912,
            42.1123430300189
          ],
          [
            -123.459814190333,
            42.1082833344135
          ],
          [
            -123.459593570387,
            42.1042320917468
          ],
          [
            -123.460975850336,
            42.1017075076714
          ],
          [
            -123.461471698813,
            42.0996602995987
          ]
        ]
      },
      "properties": {
        "STATE": "OR",
        "DESCRIPTION": "Normal fault, certain",
        "RuleID": 22
      }
    },
    {
      "type": "Feature",
      "geometry": {
        "type": "LineString",
        "coordinates": [
          [
            -123.449623673004,
            42.2546912193816
          ],
          [
            -123.451160590742,
            42.2521664186327
          ],
          [
            -123.457865696871,
            42.2432508667687
          ]
        ]
      },
      "properties": {
        "STATE": "OR",
        "DESCRIPTION": "Normal fault, certain",
        "RuleID": 22
      }
    },
    {
      "type": "Feature",
      "geometry": {
        "type": "LineString",
        "coordinates": [
          [
            -123.818283601355,
            42.0059990092188
          ],
          [
            -123.818522310676,
            42.0056037747836
          ],
          [
            -123.818561397272,
            42.0055390627341
          ],
          [
            -123.8219492685,
            42.0038337726458
          ]
        ]
      },
      "properties": {
        "STATE": "OR",
        "DESCRIPTION": "Normal fault, certain",
        "RuleID": 22
      }
    },
    {
      "type": "Feature",
      "geometry": {
        "type": "LineString",
        "coordinates": [
          [
            -123.737892065819,
            42.0605062436981
          ],
          [
            -123.737933264354,
            42.0571236097149
          ]
        ]
      },
      "properties": {
        "STATE": "OR",
        "DESCRIPTION": "Normal fault, certain",
        "RuleID": 22
      }
    },
    {
      "type": "Feature",
      "geometry": {
        "type": "LineString",
        "coordinates": [
          [
            -123.635636632212,
            42.2725994304214
          ],
          [
            -123.635402894168,
            42.2719621927242
          ],
          [
            -123.63170675527,
            42.261883714535
          ]
        ]
      },
      "properties": {
        "STATE": "OR",
        "DESCRIPTION": "Normal fault, certain",
        "RuleID": 22
      }
    },
    {
      "type": "Feature",
      "geometry": {
        "type": "LineString",
        "coordinates": [
          [
            -123.905260809309,
            42.1908213545684
          ],
          [
            -123.902674948576,
            42.1884250136342
          ],
          [
            -123.900611012617,
            42.1866884586274
          ]
        ]
      },
      "properties": {
        "STATE": "OR",
        "DESCRIPTION": "Normal fault, certain",
        "RuleID": 22
      }
    },
    {
      "type": "Feature",
      "geometry": {
        "type": "LineString",
        "coordinates": [
          [
            -123.461471698813,
            42.0996602995987
          ],
          [
            -123.462673023029,
            42.0993963504533
          ],
          [
            -123.465230344285,
            42.0961540613896
          ],
          [
            -123.466977175847,
            42.0947447302718
          ]
        ]
      },
      "properties": {
        "STATE": "OR",
        "DESCRIPTION": "Normal fault, certain",
        "RuleID": 22
      }
    },
    {
      "type": "Feature",
      "geometry": {
        "type": "LineString",
        "coordinates": [
          [
            -123.841093234079,
            42.2078666007465
          ],
          [
            -123.841509789165,
            42.204691790105
          ],
          [
            -123.839744958059,
            42.1957232395585
          ],
          [
            -123.837936439186,
            42.1910429153613
          ]
        ]
      },
      "properties": {
        "STATE": "OR",
        "DESCRIPTION": "Normal fault, certain",
        "RuleID": 22
      }
    },
    {
      "type": "Feature",
      "geometry": {
        "type": "LineString",
        "coordinates": [
          [
            -123.809976893398,
            42.2425287642
          ],
          [
            -123.817059831834,
            42.2389286746724
          ]
        ]
      },
      "properties": {
        "STATE": "OR",
        "DESCRIPTION": "Normal fault, certain",
        "RuleID": 22
      }
    },
    {
      "type": "Feature",
      "geometry": {
        "type": "LineString",
        "coordinates": [
          [
            -123.669368601997,
            42.2032323295157
          ],
          [
            -123.66248182867,
            42.2013030943938
          ]
        ]
      },
      "properties": {
        "STATE": "OR",
        "DESCRIPTION": "Normal fault, certain",
        "RuleID": 22
      }
    },
    {
      "type": "Feature",
      "geometry": {
        "type": "LineString",
        "coordinates": [
          [
            -123.831909581758,
            42.167105952152
          ],
          [
            -123.830942778917,
            42.1662301459307
          ],
          [
            -123.831123247762,
            42.1641952139005
          ],
          [
            -123.831539607015,
            42.161018538386
          ]
        ]
      },
      "properties": {
        "STATE": "OR",
        "DESCRIPTION": "Normal fault, certain",
        "RuleID": 22
      }
    },
    {
      "type": "Feature",
      "geometry": {
        "type": "LineString",
        "coordinates": [
          [
            -123.533359479137,
            42.2077252677378
          ],
          [
            -123.52605425528,
            42.2020918094439
          ],
          [
            -123.52588699077,
            42.2016682165688
          ]
        ]
      },
      "properties": {
        "STATE": "OR",
        "DESCRIPTION": "Normal fault, certain",
        "RuleID": 22
      }
    },
    {
      "type": "Feature",
      "geometry": {
        "type": "LineString",
        "coordinates": [
          [
            -123.4630983304,
            42.2370842655265
          ],
          [
            -123.463717364852,
            42.2364048771385
          ],
          [
            -123.465665177391,
            42.2347616800751
          ]
        ]
      },
      "properties": {
        "STATE": "OR",
        "DESCRIPTION": "Normal fault, certain",
        "RuleID": 22
      }
    },
    {
      "type": "Feature",
      "geometry": {
        "type": "LineString",
        "coordinates": [
          [
            -123.52588699077,
            42.2016682165688
          ],
          [
            -123.525427763912,
            42.2005051387541
          ],
          [
            -123.525384542371,
            42.2004984687402
          ],
          [
            -123.520053745439,
            42.1975155989779
          ],
          [
            -123.519164379171,
            42.1973566515503
          ]
        ]
      },
      "properties": {
        "STATE": "OR",
        "DESCRIPTION": "Normal fault, certain",
        "RuleID": 22
      }
    },
    {
      "type": "Feature",
      "geometry": {
        "type": "LineString",
        "coordinates": [
          [
            -123.746853499193,
            42.0007639517239
          ],
          [
            -123.746800615372,
            41.9998601378431
          ],
          [
            -123.74818443144,
            41.9967051775324
          ]
        ]
      },
      "properties": {
        "STATE": "OR",
        "DESCRIPTION": "Normal fault, certain",
        "RuleID": 22
      }
    },
    {
      "type": "Feature",
      "geometry": {
        "type": "LineString",
        "coordinates": [
          [
            -123.546162187718,
            42.1856584203808
          ],
          [
            -123.54618815981,
            42.1804771070975
          ]
        ]
      },
      "properties": {
        "STATE": "OR",
        "DESCRIPTION": "Normal fault, certain",
        "RuleID": 22
      }
    },
    {
      "type": "Feature",
      "geometry": {
        "type": "LineString",
        "coordinates": [
          [
            -123.658191090394,
            42.22836535948
          ],
          [
            -123.65840450136,
            42.2280136233989
          ]
        ]
      },
      "properties": {
        "STATE": "OR",
        "DESCRIPTION": "Normal fault, certain",
        "RuleID": 22
      }
    },
    {
      "type": "Feature",
      "geometry": {
        "type": "LineString",
        "coordinates": [
          [
            -123.455560512054,
            42.0354657615828
          ],
          [
            -123.444997943975,
            42.0366960985081
          ],
          [
            -123.443834169338,
            42.0376337916564
          ]
        ]
      },
      "properties": {
        "STATE": "OR",
        "DESCRIPTION": "Normal fault, certain",
        "RuleID": 22
      }
    },
    {
      "type": "Feature",
      "geometry": {
        "type": "LineString",
        "coordinates": [
          [
            -123.43542023218,
            42.0229534773174
          ],
          [
            -123.436621022797,
            42.0226907513409
          ],
          [
            -123.438362960337,
            42.0212753062404
          ],
          [
            -123.443773686668,
            42.0149970733615
          ],
          [
            -123.446864999767,
            42.0106041835784
          ],
          [
            -123.450214617137,
            42.0053054782823
          ],
          [
            -123.452684504468,
            41.9998579909064
          ]
        ]
      },
      "properties": {
        "STATE": "OR",
        "DESCRIPTION": "Normal fault, certain",
        "RuleID": 22
      }
    },
    {
      "type": "Feature",
      "geometry": {
        "type": "LineString",
        "coordinates": [
          [
            -123.831539607015,
            42.161018538386
          ],
          [
            -123.832701717972,
            42.1600799491231
          ]
        ]
      },
      "properties": {
        "STATE": "OR",
        "DESCRIPTION": "Normal fault, certain",
        "RuleID": 22
      }
    },
    {
      "type": "Feature",
      "geometry": {
        "type": "LineString",
        "coordinates": [
          [
            -123.750094256022,
            42.3009652003655
          ],
          [
            -123.753180278044,
            42.2965732358195
          ],
          [
            -123.758119785906,
            42.2925736240367
          ],
          [
            -123.761398689694,
            42.2913408416964
          ]
        ]
      },
      "properties": {
        "STATE": "OR",
        "DESCRIPTION": "Normal fault, certain",
        "RuleID": 22
      }
    },
    {
      "type": "Feature",
      "geometry": {
        "type": "LineString",
        "coordinates": [
          [
            -123.468530374651,
            42.1567480323591
          ],
          [
            -123.463753374719,
            42.1528356003273
          ],
          [
            -123.461882517257,
            42.1519883882912
          ]
        ]
      },
      "properties": {
        "STATE": "OR",
        "DESCRIPTION": "Normal fault, certain",
        "RuleID": 22
      }
    },
    {
      "type": "Feature",
      "geometry": {
        "type": "LineString",
        "coordinates": [
          [
            -123.796261259333,
            42.0144122743924
          ],
          [
            -123.796867490996,
            42.0143913425392
          ],
          [
            -123.810834988412,
            42.0087277270165
          ],
          [
            -123.811970801189,
            42.0073304756028
          ]
        ]
      },
      "properties": {
        "STATE": "OR",
        "DESCRIPTION": "Normal fault, certain",
        "RuleID": 22
      }
    },
    {
      "type": "Feature",
      "geometry": {
        "type": "LineString",
        "coordinates": [
          [
            -123.856095395768,
            42.2089520613817
          ],
          [
            -123.855280622009,
            42.2055916994141
          ],
          [
            -123.854216330399,
            42.2031396852749
          ]
        ]
      },
      "properties": {
        "STATE": "OR",
        "DESCRIPTION": "Normal fault, certain",
        "RuleID": 22
      }
    },
    {
      "type": "Feature",
      "geometry": {
        "type": "LineString",
        "coordinates": [
          [
            -123.510707166573,
            42.2910608025519
          ],
          [
            -123.508711145944,
            42.2881799883611
          ],
          [
            -123.502522330355,
            42.2815814251373
          ],
          [
            -123.494831360032,
            42.2754862532308
          ],
          [
            -123.494479418969,
            42.2745920129638
          ]
        ]
      },
      "properties": {
        "STATE": "OR",
        "DESCRIPTION": "Normal fault, certain",
        "RuleID": 22
      }
    },
    {
      "type": "Feature",
      "geometry": {
        "type": "LineString",
        "coordinates": [
          [
            -123.758293157162,
            42.0048647602512
          ],
          [
            -123.754353378092,
            42.0045710301982
          ]
        ]
      },
      "properties": {
        "STATE": "OR",
        "DESCRIPTION": "Normal fault, certain",
        "RuleID": 22
      }
    },
    {
      "type": "Feature",
      "geometry": {
        "type": "LineString",
        "coordinates": [
          [
            -123.580457797344,
            42.1897543798667
          ],
          [
            -123.580079309267,
            42.1825470848935
          ],
          [
            -123.580663028251,
            42.182071753368
          ]
        ]
      },
      "properties": {
        "STATE": "OR",
        "DESCRIPTION": "Normal fault, certain",
        "RuleID": 22
      }
    },
    {
      "type": "Feature",
      "geometry": {
        "type": "LineString",
        "coordinates": [
          [
            -123.824455365124,
            42.2909224328425
          ],
          [
            -123.824507085626,
            42.2908494189186
          ],
          [
            -123.82679609448,
            42.2856958674166
          ]
        ]
      },
      "properties": {
        "STATE": "OR",
        "DESCRIPTION": "Normal fault, certain",
        "RuleID": 22
      }
    },
    {
      "type": "Feature",
      "geometry": {
        "type": "LineString",
        "coordinates": [
          [
            -123.719360152986,
            42.292014273796
          ],
          [
            -123.718723720862,
            42.2915865489895
          ],
          [
            -123.712844052393,
            42.2901905547184
          ],
          [
            -123.688497056366,
            42.2860018233785
          ],
          [
            -123.688163776904,
            42.2855569130591
          ]
        ]
      },
      "properties": {
        "STATE": "OR",
        "DESCRIPTION": "Normal fault, certain",
        "RuleID": 22
      }
    },
    {
      "type": "Feature",
      "geometry": {
        "type": "LineString",
        "coordinates": [
          [
            -123.876958300219,
            42.2360376132911
          ],
          [
            -123.876377189045,
            42.2216101081912
          ],
          [
            -123.876210079944,
            42.2188867571215
          ]
        ]
      },
      "properties": {
        "STATE": "OR",
        "DESCRIPTION": "Normal fault, certain",
        "RuleID": 22
      }
    },
    {
      "type": "Feature",
      "geometry": {
        "type": "LineString",
        "coordinates": [
          [
            -123.654691106724,
            42.294570586477
          ],
          [
            -123.654661661745,
            42.2941179681955
          ],
          [
            -123.652763569161,
            42.2928214535777
          ],
          [
            -123.648729504714,
            42.2900801583434
          ],
          [
            -123.647351943616,
            42.2891466995787
          ],
          [
            -123.646542580409,
            42.2851803893907
          ]
        ]
      },
      "properties": {
        "STATE": "OR",
        "DESCRIPTION": "Normal fault, certain",
        "RuleID": 22
      }
    },
    {
      "type": "Feature",
      "geometry": {
        "type": "LineString",
        "coordinates": [
          [
            -123.490972229911,
            42.0612471225797
          ],
          [
            -123.490948363471,
            42.0551591135104
          ]
        ]
      },
      "properties": {
        "STATE": "OR",
        "DESCRIPTION": "Normal fault, certain",
        "RuleID": 22
      }
    },
    {
      "type": "Feature",
      "geometry": {
        "type": "LineString",
        "coordinates": [
          [
            -123.512110032314,
            42.1319157609149
          ],
          [
            -123.512295440996,
            42.1313458218712
          ]
        ]
      },
      "properties": {
        "STATE": "OR",
        "DESCRIPTION": "Normal fault, certain",
        "RuleID": 22
      }
    },
    {
      "type": "Feature",
      "geometry": {
        "type": "LineString",
        "coordinates": [
          [
            -123.924233150854,
            42.2734856560718
          ],
          [
            -123.920049790001,
            42.2720710620874
          ],
          [
            -123.911164171742,
            42.266504930702
          ],
          [
            -123.90865964178,
            42.2654545637783
          ],
          [
            -123.898752760315,
            42.2630815637023
          ],
          [
            -123.893439921604,
            42.2610018472969
          ]
        ]
      },
      "properties": {
        "STATE": "OR",
        "DESCRIPTION": "Normal fault, certain",
        "RuleID": 22
      }
    },
    {
      "type": "Feature",
      "geometry": {
        "type": "LineString",
        "coordinates": [
          [
            -123.638060700073,
            42.3154637354172
          ],
          [
            -123.638339081692,
            42.3149994646849
          ],
          [
            -123.642814671693,
            42.3083028913939
          ],
          [
            -123.64789930778,
            42.3020339826109
          ],
          [
            -123.652737030232,
            42.2971205289527
          ],
          [
            -123.654691106724,
            42.294570586477
          ]
        ]
      },
      "properties": {
        "STATE": "OR",
        "DESCRIPTION": "Normal fault, certain",
        "RuleID": 22
      }
    },
    {
      "type": "Feature",
      "geometry": {
        "type": "LineString",
        "coordinates": [
          [
            -123.484299458641,
            42.1576316132927
          ],
          [
            -123.490850295289,
            42.1531306135065
          ],
          [
            -123.491370797131,
            42.1515354786278
          ]
        ]
      },
      "properties": {
        "STATE": "OR",
        "DESCRIPTION": "Normal fault, certain",
        "RuleID": 22
      }
    },
    {
      "type": "Feature",
      "geometry": {
        "type": "LineString",
        "coordinates": [
          [
            -123.461471698813,
            42.0996602995987
          ],
          [
            -123.453505340059,
            42.0985410541731
          ],
          [
            -123.443726221485,
            42.0976978049582
          ],
          [
            -123.442487642338,
            42.0972821454955
          ]
        ]
      },
      "properties": {
        "STATE": "OR",
        "DESCRIPTION": "Normal fault, certain",
        "RuleID": 22
      }
    },
    {
      "type": "Feature",
      "geometry": {
        "type": "LineString",
        "coordinates": [
          [
            -123.742571617408,
            42.2975938019297
          ],
          [
            -123.742557674656,
            42.2973678090419
          ],
          [
            -123.743665268655,
            42.2955244178889
          ],
          [
            -123.756766078672,
            42.2853885867978
          ],
          [
            -123.758260433333,
            42.2848891220055
          ]
        ]
      },
      "properties": {
        "STATE": "OR",
        "DESCRIPTION": "Normal fault, certain",
        "RuleID": 22
      }
    },
    {
      "type": "Feature",
      "geometry": {
        "type": "LineString",
        "coordinates": [
          [
            -123.814209512471,
            42.2525898257321
          ],
          [
            -123.814236842816,
            42.2525684897128
          ],
          [
            -123.823406875779,
            42.2469296856161
          ]
        ]
      },
      "properties": {
        "STATE": "OR",
        "DESCRIPTION": "Normal fault, certain",
        "RuleID": 22
      }
    },
    {
      "type": "Feature",
      "geometry": {
        "type": "LineString",
        "coordinates": [
          [
            -123.709532341232,
            42.1011479258242
          ],
          [
            -123.709815774078,
            42.1007975346383
          ]
        ]
      },
      "properties": {
        "STATE": "OR",
        "DESCRIPTION": "Normal fault, certain",
        "RuleID": 22
      }
    },
    {
      "type": "Feature",
      "geometry": {
        "type": "LineString",
        "coordinates": [
          [
            -123.491370797131,
            42.1515354786278
          ],
          [
            -123.491979147022,
            42.1515164940206
          ],
          [
            -123.494335265417,
            42.1500947448049
          ],
          [
            -123.500658704331,
            42.1433533206043
          ],
          [
            -123.501240567395,
            42.1428779070176
          ],
          [
            -123.504977460162,
            42.1389238145368
          ],
          [
            -123.511661669681,
            42.1332939752842
          ],
          [
            -123.512110032314,
            42.1319157609149
          ]
        ]
      },
      "properties": {
        "STATE": "OR",
        "DESCRIPTION": "Normal fault, certain",
        "RuleID": 22
      }
    },
    {
      "type": "Feature",
      "geometry": {
        "type": "LineString",
        "coordinates": [
          [
            -123.489547775857,
            42.0403032370951
          ],
          [
            -123.488516989611,
            42.0380798849208
          ],
          [
            -123.487825482675,
            42.0365221563223
          ],
          [
            -123.483930165719,
            42.0319052689944
          ],
          [
            -123.481928607875,
            42.028577716466
          ],
          [
            -123.480679354945,
            42.0279377544965
          ]
        ]
      },
      "properties": {
        "STATE": "OR",
        "DESCRIPTION": "Normal fault, certain",
        "RuleID": 22
      }
    },
    {
      "type": "Feature",
      "geometry": {
        "type": "LineString",
        "coordinates": [
          [
            -123.688163776904,
            42.2855569130591
          ],
          [
            -123.68232909337,
            42.2848467509432
          ]
        ]
      },
      "properties": {
        "STATE": "OR",
        "DESCRIPTION": "Normal fault, certain",
        "RuleID": 22
      }
    },
    {
      "type": "Feature",
      "geometry": {
        "type": "LineString",
        "coordinates": [
          [
            -123.835691600495,
            42.3191555458805
          ],
          [
            -123.833850142198,
            42.3189958944822
          ],
          [
            -123.831954529862,
            42.3179236313499
          ],
          [
            -123.829795586281,
            42.3175460384713
          ]
        ]
      },
      "properties": {
        "STATE": "OR",
        "DESCRIPTION": "Normal fault, certain",
        "RuleID": 22
      }
    },
    {
      "type": "Feature",
      "geometry": {
        "type": "LineString",
        "coordinates": [
          [
            -123.779621017029,
            42.245111519196
          ],
          [
            -123.778389920847,
            42.2449302237606
          ],
          [
            -123.777090391008,
            42.2436193355411
          ]
        ]
      },
      "properties": {
        "STATE": "OR",
        "DESCRIPTION": "Normal fault, certain",
        "RuleID": 22
      }
    },
    {
      "type": "Feature",
      "geometry": {
        "type": "LineString",
        "coordinates": [
          [
            -123.651467317274,
            42.3215742250722
          ],
          [
            -123.650558879773,
            42.3216066344209
          ],
          [
            -123.649610631634,
            42.3209565884981
          ]
        ]
      },
      "properties": {
        "STATE": "OR",
        "DESCRIPTION": "Normal fault, certain",
        "RuleID": 22
      }
    },
    {
      "type": "Feature",
      "geometry": {
        "type": "LineString",
        "coordinates": [
          [
            -123.876661146507,
            42.3552775731013
          ],
          [
            -123.878447111377,
            42.3545374195453
          ],
          [
            -123.888431095243,
            42.3481029466455
          ],
          [
            -123.897734419329,
            42.3405619318971
          ],
          [
            -123.900308895712,
            42.3377651273742
          ],
          [
            -123.904239543408,
            42.3322173645937
          ],
          [
            -123.90811442998,
            42.325761383305
          ],
          [
            -123.913870812761,
            42.3201506713819
          ],
          [
            -123.917545459465,
            42.3177888849485
          ]
        ]
      },
      "properties": {
        "STATE": "OR",
        "DESCRIPTION": "Normal fault, certain",
        "RuleID": 22
      }
    },
    {
      "type": "Feature",
      "geometry": {
        "type": "LineString",
        "coordinates": [
          [
            -123.750094256022,
            42.3009652003655
          ],
          [
            -123.747936717407,
            42.3005810057667
          ],
          [
            -123.742917115754,
            42.2982595546782
          ],
          [
            -123.742571617408,
            42.2975938019297
          ]
        ]
      },
      "properties": {
        "STATE": "OR",
        "DESCRIPTION": "Normal fault, certain",
        "RuleID": 22
      }
    },
    {
      "type": "Feature",
      "geometry": {
        "type": "LineString",
        "coordinates": [
          [
            -123.568110648698,
            42.2093134751166
          ],
          [
            -123.567285886572,
            42.2052800631434
          ],
          [
            -123.566802671102,
            42.2019122390722
          ],
          [
            -123.565293089996,
            42.1963196667986
          ],
          [
            -123.565163363388,
            42.1938456321397
          ],
          [
            -123.56453210556,
            42.1934137525202
          ],
          [
            -123.563636011809,
            42.1880278853481
          ],
          [
            -123.561775952097,
            42.181773033554
          ],
          [
            -123.560742952402,
            42.1739120820652
          ],
          [
            -123.560037922228,
            42.172132805483
          ]
        ]
      },
      "properties": {
        "STATE": "OR",
        "DESCRIPTION": "Normal fault, certain",
        "RuleID": 22
      }
    },
    {
      "type": "Feature",
      "geometry": {
        "type": "LineString",
        "coordinates": [
          [
            -123.811970801189,
            42.0073304756028
          ],
          [
            -123.813185521082,
            42.0072951333939
          ],
          [
            -123.818283601355,
            42.0059990092188
          ]
        ]
      },
      "properties": {
        "STATE": "OR",
        "DESCRIPTION": "Normal fault, certain",
        "RuleID": 22
      }
    },
    {
      "type": "Feature",
      "geometry": {
        "type": "LineString",
        "coordinates": [
          [
            -123.712031687016,
            42.3116917547785
          ],
          [
            -123.703580254179,
            42.3079019836334
          ],
          [
            -123.696151072693,
            42.3058829799595
          ],
          [
            -123.686031368659,
            42.3046342129072
          ],
          [
            -123.682980680971,
            42.3045083101087
          ]
        ]
      },
      "properties": {
        "STATE": "OR",
        "DESCRIPTION": "Normal fault, certain",
        "RuleID": 22
      }
    },
    {
      "type": "Feature",
      "geometry": {
        "type": "LineString",
        "coordinates": [
          [
            -123.898452053766,
            42.1867640799117
          ],
          [
            -123.895861056466,
            42.1866240276057
          ]
        ]
      },
      "properties": {
        "STATE": "OR",
        "DESCRIPTION": "Normal fault, certain",
        "RuleID": 22
      }
    },
    {
      "type": "Feature",
      "geometry": {
        "type": "LineString",
        "coordinates": [
          [
            -123.675477899616,
            42.2032640577847
          ],
          [
            -123.67565025398,
            42.201980514816
          ],
          [
            -123.675903777417,
            42.2000939782966
          ],
          [
            -123.675487051652,
            42.1928874396485
          ],
          [
            -123.675379921266,
            42.180266624863
          ],
          [
            -123.675963058141,
            42.1743858877903
          ],
          [
            -123.676557887488,
            42.1687282569202
          ],
          [
            -123.678690818553,
            42.1578533782874
          ],
          [
            -123.679172463767,
            42.1555785714054
          ],
          [
            -123.680958007328,
            42.1486580655327
          ]
        ]
      },
      "properties": {
        "STATE": "OR",
        "DESCRIPTION": "Normal fault, certain",
        "RuleID": 22
      }
    },
    {
      "type": "Feature",
      "geometry": {
        "type": "LineString",
        "coordinates": [
          [
            -123.835091245611,
            42.1442113405286
          ],
          [
            -123.824700788453,
            42.1436465949098
          ],
          [
            -123.818012334394,
            42.1438562165504
          ]
        ]
      },
      "properties": {
        "STATE": "OR",
        "DESCRIPTION": "Normal fault, certain",
        "RuleID": 22
      }
    },
    {
      "type": "Feature",
      "geometry": {
        "type": "LineString",
        "coordinates": [
          [
            -123.640144730447,
            42.2546374642044
          ],
          [
            -123.634504599545,
            42.2536601528258
          ],
          [
            -123.631652939896,
            42.2526025011381
          ]
        ]
      },
      "properties": {
        "STATE": "OR",
        "DESCRIPTION": "Normal fault, certain",
        "RuleID": 22
      }
    },
    {
      "type": "Feature",
      "geometry": {
        "type": "LineString",
        "coordinates": [
          [
            -123.494479418969,
            42.2745920129638
          ],
          [
            -123.49537703716,
            42.2741072041936
          ],
          [
            -123.498223250323,
            42.2699462944176
          ]
        ]
      },
      "properties": {
        "STATE": "OR",
        "DESCRIPTION": "Normal fault, certain",
        "RuleID": 22
      }
    },
    {
      "type": "Feature",
      "geometry": {
        "type": "LineString",
        "coordinates": [
          [
            -123.560037922228,
            42.172132805483
          ],
          [
            -123.55963634116,
            42.1703458429214
          ],
          [
            -123.559559123775,
            42.1699544067875
          ]
        ]
      },
      "properties": {
        "STATE": "OR",
        "DESCRIPTION": "Normal fault, certain",
        "RuleID": 22
      }
    },
    {
      "type": "Feature",
      "geometry": {
        "type": "LineString",
        "coordinates": [
          [
            -123.60586925027,
            42.3674629449942
          ],
          [
            -123.597089012478,
            42.3623349465574
          ]
        ]
      },
      "properties": {
        "STATE": "OR",
        "DESCRIPTION": "Normal fault, certain",
        "RuleID": 22
      }
    },
    {
      "type": "Feature",
      "geometry": {
        "type": "LineString",
        "coordinates": [
          [
            -123.607095327564,
            42.3681791579017
          ],
          [
            -123.610072312076,
            42.3632146099351
          ],
          [
            -123.616120996769,
            42.3558088194258
          ]
        ]
      },
      "properties": {
        "STATE": "OR",
        "DESCRIPTION": "Normal fault, certain",
        "RuleID": 22
      }
    },
    {
      "type": "Feature",
      "geometry": {
        "type": "LineString",
        "coordinates": [
          [
            -123.608760929864,
            42.3499824188865
          ],
          [
            -123.60666987197,
            42.3483109950732
          ],
          [
            -123.606630116129,
            42.3482819887552
          ]
        ]
      },
      "properties": {
        "STATE": "OR",
        "DESCRIPTION": "Normal fault, certain",
        "RuleID": 22
      }
    },
    {
      "type": "Feature",
      "geometry": {
        "type": "LineString",
        "coordinates": [
          [
            -123.763187735786,
            42.3463907220403
          ],
          [
            -123.751773949297,
            42.344280459154
          ]
        ]
      },
      "properties": {
        "STATE": "OR",
        "DESCRIPTION": "Normal fault, certain",
        "RuleID": 22
      }
    },
    {
      "type": "Feature",
      "geometry": {
        "type": "LineString",
        "coordinates": [
          [
            -123.667029038655,
            42.3438796876506
          ],
          [
            -123.666738077029,
            42.3441133044084
          ],
          [
            -123.663354875244,
            42.3435476855085
          ],
          [
            -123.661214304008,
            42.3433894080043
          ]
        ]
      },
      "properties": {
        "STATE": "OR",
        "DESCRIPTION": "Normal fault, certain",
        "RuleID": 22
      }
    },
    {
      "type": "Feature",
      "geometry": {
        "type": "LineString",
        "coordinates": [
          [
            -123.597353932842,
            42.3411586655576
          ],
          [
            -123.595291849209,
            42.3410038374385
          ]
        ]
      },
      "properties": {
        "STATE": "OR",
        "DESCRIPTION": "Normal fault, certain",
        "RuleID": 22
      }
    },
    {
      "type": "Feature",
      "geometry": {
        "type": "LineString",
        "coordinates": [
          [
            -123.607095327564,
            42.3681791579017
          ],
          [
            -123.60586925027,
            42.3674629449942
          ]
        ]
      },
      "properties": {
        "STATE": "OR",
        "DESCRIPTION": "Normal fault, certain",
        "RuleID": 22
      }
    },
    {
      "type": "Feature",
      "geometry": {
        "type": "LineString",
        "coordinates": [
          [
            -123.673977043847,
            42.3356537097204
          ],
          [
            -123.678354878281,
            42.3342510140076
          ],
          [
            -123.679491727714,
            42.332859793439
          ]
        ]
      },
      "properties": {
        "STATE": "OR",
        "DESCRIPTION": "Normal fault, certain",
        "RuleID": 22
      }
    },
    {
      "type": "Feature",
      "geometry": {
        "type": "LineString",
        "coordinates": [
          [
            -123.594273694175,
            42.387609724845
          ],
          [
            -123.59567959712,
            42.3860073691662
          ],
          [
            -123.60586925027,
            42.3674629449942
          ]
        ]
      },
      "properties": {
        "STATE": "OR",
        "DESCRIPTION": "Normal fault, certain",
        "RuleID": 22
      }
    },
    {
      "type": "Feature",
      "geometry": {
        "type": "LineString",
        "coordinates": [
          [
            -123.606419340821,
            42.3392227790327
          ],
          [
            -123.605896352442,
            42.3393105296059
          ],
          [
            -123.597353932842,
            42.3411586655576
          ]
        ]
      },
      "properties": {
        "STATE": "OR",
        "DESCRIPTION": "Normal fault, certain",
        "RuleID": 22
      }
    },
    {
      "type": "Feature",
      "geometry": {
        "type": "LineString",
        "coordinates": [
          [
            -123.650673015221,
            42.3398932859751
          ],
          [
            -123.648548517541,
            42.339960979493
          ],
          [
            -123.637599144782,
            42.3398644490774
          ]
        ]
      },
      "properties": {
        "STATE": "OR",
        "DESCRIPTION": "Normal fault, certain",
        "RuleID": 22
      }
    },
    {
      "type": "Feature",
      "geometry": {
        "type": "LineString",
        "coordinates": [
          [
            -123.604519309672,
            42.3467422001202
          ],
          [
            -123.606388925662,
            42.3429062011166
          ],
          [
            -123.606419340821,
            42.3392227790327
          ]
        ]
      },
      "properties": {
        "STATE": "OR",
        "DESCRIPTION": "Normal fault, certain",
        "RuleID": 22
      }
    },
    {
      "type": "Feature",
      "geometry": {
        "type": "LineString",
        "coordinates": [
          [
            -123.747800478911,
            42.359537931114
          ],
          [
            -123.745960509122,
            42.3593724027466
          ],
          [
            -123.74443772368,
            42.3594250204322
          ],
          [
            -123.744728886528,
            42.3591867708532
          ]
        ]
      },
      "properties": {
        "STATE": "OR",
        "DESCRIPTION": "Normal fault, certain",
        "RuleID": 22
      }
    },
    {
      "type": "Feature",
      "geometry": {
        "type": "LineString",
        "coordinates": [
          [
            -123.770587595362,
            42.3578925478055
          ],
          [
            -123.770507096431,
            42.3565418955746
          ],
          [
            -123.773770096445,
            42.3498833027153
          ],
          [
            -123.774270952132,
            42.3480603950481
          ]
        ]
      },
      "properties": {
        "STATE": "OR",
        "DESCRIPTION": "Normal fault, certain",
        "RuleID": 22
      }
    },
    {
      "type": "Feature",
      "geometry": {
        "type": "LineString",
        "coordinates": [
          [
            -123.774270952132,
            42.3480603950481
          ],
          [
            -123.763187735786,
            42.3463907220403
          ]
        ]
      },
      "properties": {
        "STATE": "OR",
        "DESCRIPTION": "Normal fault, certain",
        "RuleID": 22
      }
    },
    {
      "type": "Feature",
      "geometry": {
        "type": "LineString",
        "coordinates": [
          [
            -123.589510778927,
            42.3584635604889
          ],
          [
            -123.592341499745,
            42.354861139301
          ],
          [
            -123.60225864536,
            42.3450939382202
          ]
        ]
      },
      "properties": {
        "STATE": "OR",
        "DESCRIPTION": "Normal fault, certain",
        "RuleID": 22
      }
    },
    {
      "type": "Feature",
      "geometry": {
        "type": "LineString",
        "coordinates": [
          [
            -123.581659254511,
            42.3556472224202
          ],
          [
            -123.582860867086,
            42.3551568161468
          ]
        ]
      },
      "properties": {
        "STATE": "OR",
        "DESCRIPTION": "Normal fault, certain",
        "RuleID": 22
      }
    },
    {
      "type": "Feature",
      "geometry": {
        "type": "LineString",
        "coordinates": [
          [
            -123.614809817577,
            42.3374550702354
          ],
          [
            -123.627533780738,
            42.3336486671809
          ]
        ]
      },
      "properties": {
        "STATE": "OR",
        "DESCRIPTION": "Normal fault, certain",
        "RuleID": 22
      }
    },
    {
      "type": "Feature",
      "geometry": {
        "type": "LineString",
        "coordinates": [
          [
            -123.61645687865,
            42.3736104899146
          ],
          [
            -123.616206581961,
            42.3735012187384
          ],
          [
            -123.607095327564,
            42.3681791579017
          ]
        ]
      },
      "properties": {
        "STATE": "OR",
        "DESCRIPTION": "Normal fault, certain",
        "RuleID": 22
      }
    },
    {
      "type": "Feature",
      "geometry": {
        "type": "LineString",
        "coordinates": [
          [
            -123.770587595362,
            42.3578925478055
          ],
          [
            -123.75931986326,
            42.3582603277306
          ]
        ]
      },
      "properties": {
        "STATE": "OR",
        "DESCRIPTION": "Normal fault, certain",
        "RuleID": 22
      }
    },
    {
      "type": "Feature",
      "geometry": {
        "type": "LineString",
        "coordinates": [
          [
            -123.624735909514,
            42.355734285572
          ],
          [
            -123.624685808674,
            42.3556628829361
          ],
          [
            -123.625939603486,
            42.3542581700526
          ],
          [
            -123.635242234073,
            42.3469436954513
          ]
        ]
      },
      "properties": {
        "STATE": "OR",
        "DESCRIPTION": "Normal fault, certain",
        "RuleID": 22
      }
    },
    {
      "type": "Feature",
      "geometry": {
        "type": "LineString",
        "coordinates": [
          [
            -123.682835956989,
            42.3327517396984
          ],
          [
            -123.681086252615,
            42.3328082864269
          ]
        ]
      },
      "properties": {
        "STATE": "OR",
        "DESCRIPTION": "Normal fault, certain",
        "RuleID": 22
      }
    },
    {
      "type": "Feature",
      "geometry": {
        "type": "LineString",
        "coordinates": [
          [
            -123.876438795507,
            42.3552846137702
          ],
          [
            -123.875747320012,
            42.3553065005135
          ],
          [
            -123.873102872954,
            42.352009898002
          ],
          [
            -123.872396534832,
            42.3504492363913
          ],
          [
            -123.865942885118,
            42.3418914982542
          ],
          [
            -123.865885070444,
            42.3418148304627
          ]
        ]
      },
      "properties": {
        "STATE": "OR",
        "DESCRIPTION": "Normal fault, certain",
        "RuleID": 22
      }
    },
    {
      "type": "Feature",
      "geometry": {
        "type": "LineString",
        "coordinates": [
          [
            -123.775185135257,
            42.3480322437368
          ],
          [
            -123.774270952132,
            42.3480603950481
          ]
        ]
      },
      "properties": {
        "STATE": "OR",
        "DESCRIPTION": "Normal fault, certain",
        "RuleID": 22
      }
    },
    {
      "type": "Feature",
      "geometry": {
        "type": "LineString",
        "coordinates": [
          [
            -123.700665155504,
            42.3619718733615
          ],
          [
            -123.694591664733,
            42.362398153431
          ],
          [
            -123.692727756638,
            42.3617807929617
          ]
        ]
      },
      "properties": {
        "STATE": "OR",
        "DESCRIPTION": "Normal fault, certain",
        "RuleID": 22
      }
    },
    {
      "type": "Feature",
      "geometry": {
        "type": "LineString",
        "coordinates": [
          [
            -123.62676803523,
            42.3624909427984
          ],
          [
            -123.624921674826,
            42.360553901063
          ],
          [
            -123.624880360408,
            42.3605316278343
          ]
        ]
      },
      "properties": {
        "STATE": "OR",
        "DESCRIPTION": "Normal fault, certain",
        "RuleID": 22
      }
    },
    {
      "type": "Feature",
      "geometry": {
        "type": "LineString",
        "coordinates": [
          [
            -123.692727756638,
            42.3617807929617
          ],
          [
            -123.692054839439,
            42.360676227446
          ],
          [
            -123.683840076746,
            42.3555260851343
          ],
          [
            -123.672163804327,
            42.3484544516672
          ],
          [
            -123.669059072195,
            42.3474250023692
          ]
        ]
      },
      "properties": {
        "STATE": "OR",
        "DESCRIPTION": "Normal fault, certain",
        "RuleID": 22
      }
    },
    {
      "type": "Feature",
      "geometry": {
        "type": "LineString",
        "coordinates": [
          [
            -123.700665155504,
            42.3619718733615
          ],
          [
            -123.700891636059,
            42.360613430385
          ],
          [
            -123.702865818643,
            42.3578396294577
          ],
          [
            -123.708268718851,
            42.3511188302712
          ],
          [
            -123.708772859677,
            42.3492916271416
          ]
        ]
      },
      "properties": {
        "STATE": "OR",
        "DESCRIPTION": "Normal fault, certain",
        "RuleID": 22
      }
    },
    {
      "type": "Feature",
      "geometry": {
        "type": "LineString",
        "coordinates": [
          [
            -123.699036267349,
            42.3338028885249
          ],
          [
            -123.692349315274,
            42.3340197844356
          ],
          [
            -123.683469238722,
            42.3331790878939
          ],
          [
            -123.682835956989,
            42.3327517396984
          ]
        ]
      },
      "properties": {
        "STATE": "OR",
        "DESCRIPTION": "Normal fault, certain",
        "RuleID": 22
      }
    },
    {
      "type": "Feature",
      "geometry": {
        "type": "LineString",
        "coordinates": [
          [
            -123.582860867086,
            42.3551568161468
          ],
          [
            -123.583131869044,
            42.3544720917399
          ],
          [
            -123.586628090571,
            42.3509779689046
          ],
          [
            -123.589510170768,
            42.3475030323234
          ],
          [
            -123.590379501011,
            42.3465729651871
          ],
          [
            -123.593506172697,
            42.34196130041
          ],
          [
            -123.595291849209,
            42.3410038374385
          ]
        ]
      },
      "properties": {
        "STATE": "OR",
        "DESCRIPTION": "Normal fault, certain",
        "RuleID": 22
      }
    },
    {
      "type": "Feature",
      "geometry": {
        "type": "LineString",
        "coordinates": [
          [
            -123.669059072195,
            42.3474250023692
          ],
          [
            -123.669324224324,
            42.346739649307
          ],
          [
            -123.667410135439,
            42.345218339646
          ],
          [
            -123.667029038655,
            42.3438796876506
          ]
        ]
      },
      "properties": {
        "STATE": "OR",
        "DESCRIPTION": "Normal fault, certain",
        "RuleID": 22
      }
    },
    {
      "type": "Feature",
      "geometry": {
        "type": "LineString",
        "coordinates": [
          [
            -123.595291849209,
            42.3410038374385
          ],
          [
            -123.595516070501,
            42.3394158974623
          ],
          [
            -123.601819751869,
            42.3308695389089
          ],
          [
            -123.603595101348,
            42.3296819180193
          ]
        ]
      },
      "properties": {
        "STATE": "OR",
        "DESCRIPTION": "Normal fault, certain",
        "RuleID": 22
      }
    },
    {
      "type": "Feature",
      "geometry": {
        "type": "LineString",
        "coordinates": [
          [
            -123.635242234073,
            42.3469436954513
          ],
          [
            -123.634830352922,
            42.3449235495566
          ],
          [
            -123.633495085405,
            42.3427096965309
          ],
          [
            -123.632523499933,
            42.341608223954
          ],
          [
            -123.628796900063,
            42.3345120516194
          ],
          [
            -123.627533780738,
            42.3336486671809
          ]
        ]
      },
      "properties": {
        "STATE": "OR",
        "DESCRIPTION": "Normal fault, certain",
        "RuleID": 22
      }
    },
    {
      "type": "Feature",
      "geometry": {
        "type": "LineString",
        "coordinates": [
          [
            -123.708772859677,
            42.3492916271416
          ],
          [
            -123.710267056235,
            42.3487918480327
          ],
          [
            -123.71307248319,
            42.3446386336882
          ],
          [
            -123.715312897678,
            42.342483655143
          ]
        ]
      },
      "properties": {
        "STATE": "OR",
        "DESCRIPTION": "Normal fault, certain",
        "RuleID": 22
      }
    },
    {
      "type": "Feature",
      "geometry": {
        "type": "LineString",
        "coordinates": [
          [
            -123.572712099858,
            42.3819621790867
          ],
          [
            -123.573782158651,
            42.380935436628
          ],
          [
            -123.580389892794,
            42.3726065421779
          ],
          [
            -123.588386291211,
            42.3613005976093
          ],
          [
            -123.590494266179,
            42.3589568689772
          ]
        ]
      },
      "properties": {
        "STATE": "OR",
        "DESCRIPTION": "Normal fault, certain",
        "RuleID": 22
      }
    },
    {
      "type": "Feature",
      "geometry": {
        "type": "LineString",
        "coordinates": [
          [
            -123.697708597784,
            42.3476210221621
          ],
          [
            -123.673199968786,
            42.3448532527281
          ]
        ]
      },
      "properties": {
        "STATE": "OR",
        "DESCRIPTION": "Normal fault, certain",
        "RuleID": 22
      }
    },
    {
      "type": "Feature",
      "geometry": {
        "type": "LineString",
        "coordinates": [
          [
            -123.646114754162,
            42.3623889888531
          ],
          [
            -123.645760546649,
            42.3614978950367
          ]
        ]
      },
      "properties": {
        "STATE": "OR",
        "DESCRIPTION": "Normal fault, certain",
        "RuleID": 22
      }
    },
    {
      "type": "Feature",
      "geometry": {
        "type": "LineString",
        "coordinates": [
          [
            -123.843759759931,
            42.3289229209555
          ],
          [
            -123.84166728719,
            42.3270885309917
          ]
        ]
      },
      "properties": {
        "STATE": "OR",
        "DESCRIPTION": "Normal fault, certain",
        "RuleID": 22
      }
    },
    {
      "type": "Feature",
      "geometry": {
        "type": "LineString",
        "coordinates": [
          [
            -123.718929480876,
            42.3613851491739
          ],
          [
            -123.716772117432,
            42.3610011727745
          ],
          [
            -123.700665155504,
            42.3619718733615
          ]
        ]
      },
      "properties": {
        "STATE": "OR",
        "DESCRIPTION": "Normal fault, certain",
        "RuleID": 22
      }
    },
    {
      "type": "Feature",
      "geometry": {
        "type": "LineString",
        "coordinates": [
          [
            -123.645357623498,
            42.3597035194504
          ],
          [
            -123.641455500906,
            42.3550895094135
          ],
          [
            -123.64039120211,
            42.3536945596442
          ]
        ]
      },
      "properties": {
        "STATE": "OR",
        "DESCRIPTION": "Normal fault, certain",
        "RuleID": 22
      }
    },
    {
      "type": "Feature",
      "geometry": {
        "type": "LineString",
        "coordinates": [
          [
            -123.645357623498,
            42.3597035194504
          ],
          [
            -123.646245878549,
            42.3592198797128
          ],
          [
            -123.647669954413,
            42.3573749671578
          ],
          [
            -123.650526196368,
            42.3538927559116
          ],
          [
            -123.660682071066,
            42.344760253403
          ],
          [
            -123.661214304008,
            42.3433894080043
          ]
        ]
      },
      "properties": {
        "STATE": "OR",
        "DESCRIPTION": "Normal fault, certain",
        "RuleID": 22
      }
    },
    {
      "type": "Feature",
      "geometry": {
        "type": "LineString",
        "coordinates": [
          [
            -123.589510778927,
            42.3584635604889
          ],
          [
            -123.588836366033,
            42.3581253643747
          ],
          [
            -123.582860867086,
            42.3551568161468
          ]
        ]
      },
      "properties": {
        "STATE": "OR",
        "DESCRIPTION": "Normal fault, certain",
        "RuleID": 22
      }
    },
    {
      "type": "Feature",
      "geometry": {
        "type": "LineString",
        "coordinates": [
          [
            -123.692727756638,
            42.3617807929617
          ],
          [
            -123.688189081547,
            42.362380642694
          ],
          [
            -123.654004966323,
            42.3616791159839
          ],
          [
            -123.654297792851,
            42.3614501080365
          ]
        ]
      },
      "properties": {
        "STATE": "OR",
        "DESCRIPTION": "Normal fault, certain",
        "RuleID": 22
      }
    },
    {
      "type": "Feature",
      "geometry": {
        "type": "LineString",
        "coordinates": [
          [
            -123.75931986326,
            42.3582603277306
          ],
          [
            -123.759239030156,
            42.356904909867
          ],
          [
            -123.75978099275,
            42.3557642456985
          ],
          [
            -123.760031233744,
            42.354848268053
          ],
          [
            -123.762435430871,
            42.3491253421553
          ],
          [
            -123.763187735786,
            42.3463907220403
          ]
        ]
      },
      "properties": {
        "STATE": "OR",
        "DESCRIPTION": "Normal fault, certain",
        "RuleID": 22
      }
    },
    {
      "type": "Feature",
      "geometry": {
        "type": "LineString",
        "coordinates": [
          [
            -123.661214304008,
            42.3433894080043
          ],
          [
            -123.661201468879,
            42.3431635131407
          ],
          [
            -123.651962569269,
            42.3412041453612
          ],
          [
            -123.65069853007,
            42.3403450505817
          ],
          [
            -123.650673015221,
            42.3398932859751
          ]
        ]
      },
      "properties": {
        "STATE": "OR",
        "DESCRIPTION": "Normal fault, certain",
        "RuleID": 22
      }
    },
    {
      "type": "Feature",
      "geometry": {
        "type": "LineString",
        "coordinates": [
          [
            -123.744728886528,
            42.3591867708532
          ],
          [
            -123.742614941357,
            42.3593986359223
          ]
        ]
      },
      "properties": {
        "STATE": "OR",
        "DESCRIPTION": "Normal fault, certain",
        "RuleID": 22
      }
    },
    {
      "type": "Feature",
      "geometry": {
        "type": "LineString",
        "coordinates": [
          [
            -123.624880360408,
            42.3605316278343
          ],
          [
            -123.616120996769,
            42.3558088194258
          ]
        ]
      },
      "properties": {
        "STATE": "OR",
        "DESCRIPTION": "Normal fault, certain",
        "RuleID": 22
      }
    },
    {
      "type": "Feature",
      "geometry": {
        "type": "LineString",
        "coordinates": [
          [
            -123.857639572792,
            42.345092493474
          ],
          [
            -123.853375695041,
            42.3388885876227
          ],
          [
            -123.848116500126,
            42.3327420355519
          ],
          [
            -123.843759759931,
            42.3289229209555
          ]
        ]
      },
      "properties": {
        "STATE": "OR",
        "DESCRIPTION": "Normal fault, certain",
        "RuleID": 22
      }
    },
    {
      "type": "Feature",
      "geometry": {
        "type": "LineString",
        "coordinates": [
          [
            -123.614809817577,
            42.3374550702354
          ],
          [
            -123.613144907877,
            42.3379525416896
          ],
          [
            -123.612547796809,
            42.3381936938432
          ],
          [
            -123.606419340821,
            42.3392227790327
          ]
        ]
      },
      "properties": {
        "STATE": "OR",
        "DESCRIPTION": "Normal fault, certain",
        "RuleID": 22
      }
    },
    {
      "type": "Feature",
      "geometry": {
        "type": "LineString",
        "coordinates": [
          [
            -123.806630862102,
            42.3634747414151
          ],
          [
            -123.793320016091,
            42.3613819152678
          ]
        ]
      },
      "properties": {
        "STATE": "OR",
        "DESCRIPTION": "Normal fault, certain",
        "RuleID": 22
      }
    },
    {
      "type": "Feature",
      "geometry": {
        "type": "LineString",
        "coordinates": [
          [
            -123.482307026782,
            42.3302840338742
          ],
          [
            -123.472938524531,
            42.3313539971329
          ],
          [
            -123.456846852828,
            42.3329164821823
          ],
          [
            -123.440346207821,
            42.332887596264
          ]
        ]
      },
      "properties": {
        "STATE": "OR",
        "DESCRIPTION": "Normal fault, certain",
        "RuleID": 22
      }
    },
    {
      "type": "Feature",
      "geometry": {
        "type": "LineString",
        "coordinates": [
          [
            -123.702696212226,
            42.3339080159218
          ],
          [
            -123.699036267349,
            42.3338028885249
          ]
        ]
      },
      "properties": {
        "STATE": "OR",
        "DESCRIPTION": "Normal fault, certain",
        "RuleID": 22
      }
    },
    {
      "type": "Feature",
      "geometry": {
        "type": "LineString",
        "coordinates": [
          [
            -123.579734223248,
            42.3879718072171
          ],
          [
            -123.581321170859,
            42.386454731685
          ],
          [
            -123.585785424122,
            42.3760082579306
          ],
          [
            -123.589617343375,
            42.3701239207577
          ],
          [
            -123.595854108339,
            42.364556649415
          ],
          [
            -123.597089012478,
            42.3623349465574
          ]
        ]
      },
      "properties": {
        "STATE": "OR",
        "DESCRIPTION": "Normal fault, certain",
        "RuleID": 22
      }
    },
    {
      "type": "Feature",
      "geometry": {
        "type": "LineString",
        "coordinates": [
          [
            -123.604519309672,
            42.3467422001202
          ],
          [
            -123.60225864536,
            42.3450939382202
          ]
        ]
      },
      "properties": {
        "STATE": "OR",
        "DESCRIPTION": "Normal fault, certain",
        "RuleID": 22
      }
    },
    {
      "type": "Feature",
      "geometry": {
        "type": "LineString",
        "coordinates": [
          [
            -123.595437060977,
            42.3614376682632
          ],
          [
            -123.600637132374,
            42.3563920568234
          ],
          [
            -123.606630116129,
            42.3482819887552
          ]
        ]
      },
      "properties": {
        "STATE": "OR",
        "DESCRIPTION": "Normal fault, certain",
        "RuleID": 22
      }
    },
    {
      "type": "Feature",
      "geometry": {
        "type": "LineString",
        "coordinates": [
          [
            -123.890177886381,
            42.3814634905958
          ],
          [
            -123.890053199321,
            42.3794398663385
          ],
          [
            -123.888252084363,
            42.374981756566
          ],
          [
            -123.887518092504,
            42.372979012273
          ],
          [
            -123.886991707595,
            42.3693825921324
          ],
          [
            -123.886354528073,
            42.3689471845493
          ],
          [
            -123.886312942363,
            42.3682741216437
          ],
          [
            -123.884637059742,
            42.3658484134848
          ],
          [
            -123.877395130281,
            42.3572854813551
          ],
          [
            -123.876661146507,
            42.3552775731013
          ]
        ]
      },
      "properties": {
        "STATE": "OR",
        "DESCRIPTION": "Normal fault, certain",
        "RuleID": 22
      }
    },
    {
      "type": "Feature",
      "geometry": {
        "type": "LineString",
        "coordinates": [
          [
            -123.645760546649,
            42.3614978950367
          ],
          [
            -123.645357623498,
            42.3597035194504
          ]
        ]
      },
      "properties": {
        "STATE": "OR",
        "DESCRIPTION": "Normal fault, certain",
        "RuleID": 22
      }
    },
    {
      "type": "Feature",
      "geometry": {
        "type": "LineString",
        "coordinates": [
          [
            -123.708772859677,
            42.3492916271416
          ],
          [
            -123.698343406652,
            42.3480571445224
          ],
          [
            -123.697708597784,
            42.3476210221621
          ]
        ]
      },
      "properties": {
        "STATE": "OR",
        "DESCRIPTION": "Normal fault, certain",
        "RuleID": 22
      }
    },
    {
      "type": "Feature",
      "geometry": {
        "type": "LineString",
        "coordinates": [
          [
            -123.597089012478,
            42.3623349465574
          ],
          [
            -123.596258957478,
            42.3618503108439
          ],
          [
            -123.595437060977,
            42.3614376682632
          ]
        ]
      },
      "properties": {
        "STATE": "OR",
        "DESCRIPTION": "Normal fault, certain",
        "RuleID": 22
      }
    },
    {
      "type": "Feature",
      "geometry": {
        "type": "LineString",
        "coordinates": [
          [
            -123.75931986326,
            42.3582603277306
          ],
          [
            -123.747800478911,
            42.359537931114
          ]
        ]
      },
      "properties": {
        "STATE": "OR",
        "DESCRIPTION": "Normal fault, certain",
        "RuleID": 22
      }
    },
    {
      "type": "Feature",
      "geometry": {
        "type": "LineString",
        "coordinates": [
          [
            -123.673199968786,
            42.3448532527281
          ],
          [
            -123.672871109934,
            42.3448170290193
          ],
          [
            -123.671312753902,
            42.3441915369959
          ],
          [
            -123.667029038655,
            42.3438796876506
          ]
        ]
      },
      "properties": {
        "STATE": "OR",
        "DESCRIPTION": "Normal fault, certain",
        "RuleID": 22
      }
    },
    {
      "type": "Feature",
      "geometry": {
        "type": "LineString",
        "coordinates": [
          [
            -123.782572075263,
            42.3593002395516
          ],
          [
            -123.780135492073,
            42.35938170517
          ],
          [
            -123.773368698634,
            42.3584763739092
          ],
          [
            -123.770587595362,
            42.3578925478055
          ]
        ]
      },
      "properties": {
        "STATE": "OR",
        "DESCRIPTION": "Normal fault, certain",
        "RuleID": 22
      }
    },
    {
      "type": "Feature",
      "geometry": {
        "type": "LineString",
        "coordinates": [
          [
            -123.742614941357,
            42.3593986359223
          ],
          [
            -123.741392095304,
            42.3595211928994
          ],
          [
            -123.732271582869,
            42.3600490412642
          ]
        ]
      },
      "properties": {
        "STATE": "OR",
        "DESCRIPTION": "Normal fault, certain",
        "RuleID": 22
      }
    },
    {
      "type": "Feature",
      "geometry": {
        "type": "LineString",
        "coordinates": [
          [
            -123.866385241615,
            42.3569770027925
          ],
          [
            -123.863090711633,
            42.3530230500797
          ],
          [
            -123.857639572792,
            42.345092493474
          ]
        ]
      },
      "properties": {
        "STATE": "OR",
        "DESCRIPTION": "Normal fault, certain",
        "RuleID": 22
      }
    },
    {
      "type": "Feature",
      "geometry": {
        "type": "LineString",
        "coordinates": [
          [
            -123.732271582869,
            42.3600490412642
          ],
          [
            -123.73248264474,
            42.3584598783643
          ],
          [
            -123.734110798073,
            42.3550197317918
          ],
          [
            -123.737694906275,
            42.3485787222921
          ],
          [
            -123.742521864216,
            42.3425490797331
          ],
          [
            -123.7506679004,
            42.3359590630325
          ],
          [
            -123.753657958094,
            42.3349546597457
          ]
        ]
      },
      "properties": {
        "STATE": "OR",
        "DESCRIPTION": "Normal fault, certain",
        "RuleID": 22
      }
    },
    {
      "type": "Feature",
      "geometry": {
        "type": "LineString",
        "coordinates": [
          [
            -123.793320016091,
            42.3613819152678
          ],
          [
            -123.793185153814,
            42.3613607083538
          ],
          [
            -123.788010311602,
            42.3605469831205
          ]
        ]
      },
      "properties": {
        "STATE": "OR",
        "DESCRIPTION": "Normal fault, certain",
        "RuleID": 22
      }
    },
    {
      "type": "Feature",
      "geometry": {
        "type": "LineString",
        "coordinates": [
          [
            -123.485765957444,
            42.3324427329864
          ],
          [
            -123.482307026782,
            42.3302840338742
          ]
        ]
      },
      "properties": {
        "STATE": "OR",
        "DESCRIPTION": "Normal fault, certain",
        "RuleID": 22
      }
    },
    {
      "type": "Feature",
      "geometry": {
        "type": "LineString",
        "coordinates": [
          [
            -123.654297792851,
            42.3614501080365
          ],
          [
            -123.645760546649,
            42.3614978950367
          ]
        ]
      },
      "properties": {
        "STATE": "OR",
        "DESCRIPTION": "Normal fault, certain",
        "RuleID": 22
      }
    },
    {
      "type": "Feature",
      "geometry": {
        "type": "LineString",
        "coordinates": [
          [
            -123.631560146623,
            42.3596372232321
          ],
          [
            -123.626056432981,
            42.3576162525879
          ],
          [
            -123.624735909514,
            42.355734285572
          ]
        ]
      },
      "properties": {
        "STATE": "OR",
        "DESCRIPTION": "Normal fault, certain",
        "RuleID": 22
      }
    },
    {
      "type": "Feature",
      "geometry": {
        "type": "LineString",
        "coordinates": [
          [
            -123.64039120211,
            42.3536945596442
          ],
          [
            -123.635242234073,
            42.3469436954513
          ]
        ]
      },
      "properties": {
        "STATE": "OR",
        "DESCRIPTION": "Normal fault, certain",
        "RuleID": 22
      }
    },
    {
      "type": "Feature",
      "geometry": {
        "type": "LineString",
        "coordinates": [
          [
            -123.876661146507,
            42.3552775731013
          ],
          [
            -123.876438795507,
            42.3552846137702
          ]
        ]
      },
      "properties": {
        "STATE": "OR",
        "DESCRIPTION": "Normal fault, certain",
        "RuleID": 22
      }
    },
    {
      "type": "Feature",
      "geometry": {
        "type": "LineString",
        "coordinates": [
          [
            -123.606419340821,
            42.3392227790327
          ],
          [
            -123.606467292891,
            42.3343940796786
          ],
          [
            -123.603595101348,
            42.3296819180193
          ]
        ]
      },
      "properties": {
        "STATE": "OR",
        "DESCRIPTION": "Normal fault, certain",
        "RuleID": 22
      }
    },
    {
      "type": "Feature",
      "geometry": {
        "type": "LineString",
        "coordinates": [
          [
            -123.60225864536,
            42.3450939382202
          ],
          [
            -123.602228620969,
            42.34507205456
          ],
          [
            -123.597353932842,
            42.3411586655576
          ]
        ]
      },
      "properties": {
        "STATE": "OR",
        "DESCRIPTION": "Normal fault, certain",
        "RuleID": 22
      }
    },
    {
      "type": "Feature",
      "geometry": {
        "type": "LineString",
        "coordinates": [
          [
            -123.697708597784,
            42.3476210221621
          ],
          [
            -123.697630938427,
            42.3462702248715
          ],
          [
            -123.698837782791,
            42.3408138858115
          ],
          [
            -123.699036267349,
            42.3338028885249
          ]
        ]
      },
      "properties": {
        "STATE": "OR",
        "DESCRIPTION": "Normal fault, certain",
        "RuleID": 22
      }
    },
    {
      "type": "Feature",
      "geometry": {
        "type": "LineString",
        "coordinates": [
          [
            -123.631560146623,
            42.3596372232321
          ],
          [
            -123.637212553901,
            42.3554543005559
          ],
          [
            -123.64039120211,
            42.3536945596442
          ]
        ]
      },
      "properties": {
        "STATE": "OR",
        "DESCRIPTION": "Normal fault, certain",
        "RuleID": 22
      }
    },
    {
      "type": "Feature",
      "geometry": {
        "type": "LineString",
        "coordinates": [
          [
            -123.606630116129,
            42.3482819887552
          ],
          [
            -123.604519309672,
            42.3467422001202
          ]
        ]
      },
      "properties": {
        "STATE": "OR",
        "DESCRIPTION": "Normal fault, certain",
        "RuleID": 22
      }
    },
    {
      "type": "Feature",
      "geometry": {
        "type": "LineString",
        "coordinates": [
          [
            -123.681086252615,
            42.3328082864269
          ],
          [
            -123.679491727714,
            42.332859793439
          ]
        ]
      },
      "properties": {
        "STATE": "OR",
        "DESCRIPTION": "Normal fault, certain",
        "RuleID": 22
      }
    },
    {
      "type": "Feature",
      "geometry": {
        "type": "LineString",
        "coordinates": [
          [
            -123.674224211704,
            42.3724745668927
          ],
          [
            -123.672918832035,
            42.3728091604443
          ],
          [
            -123.666169719237,
            42.3721204825108
          ],
          [
            -123.656327123011,
            42.3706327593065
          ],
          [
            -123.646424026148,
            42.3680202740719
          ],
          [
            -123.64262117009,
            42.3654297545551
          ],
          [
            -123.638188702815,
            42.3624161168493
          ],
          [
            -123.632267787301,
            42.3598970913956
          ],
          [
            -123.631560146623,
            42.3596372232321
          ]
        ]
      },
      "properties": {
        "STATE": "OR",
        "DESCRIPTION": "Normal fault, certain",
        "RuleID": 22
      }
    },
    {
      "type": "Feature",
      "geometry": {
        "type": "LineString",
        "coordinates": [
          [
            -123.643203731145,
            42.3816624081485
          ],
          [
            -123.641165922686,
            42.3778924054645
          ],
          [
            -123.634349941094,
            42.3704347525558
          ],
          [
            -123.62676803523,
            42.3624909427984
          ]
        ]
      },
      "properties": {
        "STATE": "OR",
        "DESCRIPTION": "Normal fault, certain",
        "RuleID": 22
      }
    },
    {
      "type": "Feature",
      "geometry": {
        "type": "LineString",
        "coordinates": [
          [
            -123.608760929864,
            42.3499824188865
          ],
          [
            -123.613868861063,
            42.3425861446736
          ],
          [
            -123.61393686353,
            42.3422153555137
          ],
          [
            -123.614809817577,
            42.3374550702354
          ]
        ]
      },
      "properties": {
        "STATE": "OR",
        "DESCRIPTION": "Normal fault, certain",
        "RuleID": 22
      }
    },
    {
      "type": "Feature",
      "geometry": {
        "type": "LineString",
        "coordinates": [
          [
            -123.590494266179,
            42.3589568689772
          ],
          [
            -123.589510778927,
            42.3584635604889
          ]
        ]
      },
      "properties": {
        "STATE": "OR",
        "DESCRIPTION": "Normal fault, certain",
        "RuleID": 22
      }
    },
    {
      "type": "Feature",
      "geometry": {
        "type": "LineString",
        "coordinates": [
          [
            -123.732271582869,
            42.3600490412642
          ],
          [
            -123.730484571461,
            42.3607825664475
          ],
          [
            -123.718929480876,
            42.3613851491739
          ]
        ]
      },
      "properties": {
        "STATE": "OR",
        "DESCRIPTION": "Normal fault, certain",
        "RuleID": 22
      }
    },
    {
      "type": "Feature",
      "geometry": {
        "type": "LineString",
        "coordinates": [
          [
            -123.616120996769,
            42.3558088194258
          ],
          [
            -123.615896592221,
            42.3556878703164
          ],
          [
            -123.608760929864,
            42.3499824188865
          ]
        ]
      },
      "properties": {
        "STATE": "OR",
        "DESCRIPTION": "Normal fault, certain",
        "RuleID": 22
      }
    },
    {
      "type": "Feature",
      "geometry": {
        "type": "LineString",
        "coordinates": [
          [
            -123.788010311602,
            42.3605469831205
          ],
          [
            -123.782903794352,
            42.3597439835079
          ],
          [
            -123.782572075263,
            42.3593002395516
          ]
        ]
      },
      "properties": {
        "STATE": "OR",
        "DESCRIPTION": "Normal fault, certain",
        "RuleID": 22
      }
    },
    {
      "type": "Feature",
      "geometry": {
        "type": "LineString",
        "coordinates": [
          [
            -123.673977043847,
            42.3356537097204
          ],
          [
            -123.672074609704,
            42.3362620907249
          ],
          [
            -123.650660999356,
            42.3396673599585
          ],
          [
            -123.650673015221,
            42.3398932859751
          ]
        ]
      },
      "properties": {
        "STATE": "OR",
        "DESCRIPTION": "Normal fault, certain",
        "RuleID": 22
      }
    },
    {
      "type": "Feature",
      "geometry": {
        "type": "LineString",
        "coordinates": [
          [
            -123.595437060977,
            42.3614376682632
          ],
          [
            -123.590494266179,
            42.3589568689772
          ]
        ]
      },
      "properties": {
        "STATE": "OR",
        "DESCRIPTION": "Normal fault, certain",
        "RuleID": 22
      }
    },
    {
      "type": "Feature",
      "geometry": {
        "type": "LineString",
        "coordinates": [
          [
            -123.498898305513,
            42.2686467609152
          ],
          [
            -123.498944929873,
            42.2685567792671
          ]
        ]
      },
      "properties": {
        "STATE": "OR",
        "DESCRIPTION": "Normal fault, concealed",
        "RuleID": 23
      }
    },
    {
      "type": "Feature",
      "geometry": {
        "type": "LineString",
        "coordinates": [
          [
            -123.557956649682,
            42.1618367910428
          ],
          [
            -123.55771279571,
            42.1603822040826
          ]
        ]
      },
      "properties": {
        "STATE": "OR",
        "DESCRIPTION": "Normal fault, concealed",
        "RuleID": 23
      }
    },
    {
      "type": "Feature",
      "geometry": {
        "type": "LineString",
        "coordinates": [
          [
            -123.690947235558,
            42.1264932968487
          ],
          [
            -123.691213540226,
            42.1260841702495
          ]
        ]
      },
      "properties": {
        "STATE": "OR",
        "DESCRIPTION": "Normal fault, concealed",
        "RuleID": 23
      }
    },
    {
      "type": "Feature",
      "geometry": {
        "type": "LineString",
        "coordinates": [
          [
            -123.506247053645,
            42.256533477562
          ],
          [
            -123.506766626629,
            42.2559079869138
          ]
        ]
      },
      "properties": {
        "STATE": "OR",
        "DESCRIPTION": "Normal fault, concealed",
        "RuleID": 23
      }
    },
    {
      "type": "Feature",
      "geometry": {
        "type": "LineString",
        "coordinates": [
          [
            -123.638167144146,
            42.0995428319234
          ],
          [
            -123.638433250286,
            42.0949071837891
          ],
          [
            -123.637790361072,
            42.0902977180218
          ],
          [
            -123.6384147405,
            42.0865239734645
          ]
        ]
      },
      "properties": {
        "STATE": "OR",
        "DESCRIPTION": "Normal fault, concealed",
        "RuleID": 23
      }
    },
    {
      "type": "Feature",
      "geometry": {
        "type": "LineString",
        "coordinates": [
          [
            -123.55771279571,
            42.1603822040826
          ],
          [
            -123.557054943258,
            42.1564603160374
          ],
          [
            -123.555326928706,
            42.1526845229345
          ]
        ]
      },
      "properties": {
        "STATE": "OR",
        "DESCRIPTION": "Normal fault, concealed",
        "RuleID": 23
      }
    },
    {
      "type": "Feature",
      "geometry": {
        "type": "LineString",
        "coordinates": [
          [
            -123.6384147405,
            42.0865239734645
          ],
          [
            -123.638637158872,
            42.0851873649605
          ]
        ]
      },
      "properties": {
        "STATE": "OR",
        "DESCRIPTION": "Normal fault, concealed",
        "RuleID": 23
      }
    },
    {
      "type": "Feature",
      "geometry": {
        "type": "LineString",
        "coordinates": [
          [
            -123.505703924139,
            42.2571872696662
          ],
          [
            -123.506247053645,
            42.256533477562
          ]
        ]
      },
      "properties": {
        "STATE": "OR",
        "DESCRIPTION": "Normal fault, concealed",
        "RuleID": 23
      }
    },
    {
      "type": "Feature",
      "geometry": {
        "type": "LineString",
        "coordinates": [
          [
            -123.498944929873,
            42.2685567792671
          ],
          [
            -123.500964017442,
            42.2646457523027
          ],
          [
            -123.503142157121,
            42.2602710437089
          ],
          [
            -123.505703924139,
            42.2571872696662
          ]
        ]
      },
      "properties": {
        "STATE": "OR",
        "DESCRIPTION": "Normal fault, concealed",
        "RuleID": 23
      }
    },
    {
      "type": "Feature",
      "geometry": {
        "type": "LineString",
        "coordinates": [
          [
            -123.722668065171,
            42.0867777908433
          ],
          [
            -123.727339190562,
            42.078042981233
          ],
          [
            -123.732314023774,
            42.0692852544966
          ],
          [
            -123.737892065819,
            42.0605062436981
          ]
        ]
      },
      "properties": {
        "STATE": "OR",
        "DESCRIPTION": "Normal fault, concealed",
        "RuleID": 23
      }
    },
    {
      "type": "Feature",
      "geometry": {
        "type": "LineString",
        "coordinates": [
          [
            -123.476487548132,
            42.2638350444035
          ],
          [
            -123.462586512572,
            42.2606411868501
          ],
          [
            -123.451476555177,
            42.2580319186212
          ],
          [
            -123.439424711511,
            42.2547708085026
          ],
          [
            -123.434400742249,
            42.2535954323825
          ]
        ]
      },
      "properties": {
        "STATE": "OR",
        "DESCRIPTION": "Normal fault, concealed",
        "RuleID": 23
      }
    },
    {
      "type": "Feature",
      "geometry": {
        "type": "LineString",
        "coordinates": [
          [
            -123.704667677406,
            42.10716026181
          ],
          [
            -123.704706536729,
            42.1071160679652
          ]
        ]
      },
      "properties": {
        "STATE": "OR",
        "DESCRIPTION": "Normal fault, concealed",
        "RuleID": 23
      }
    },
    {
      "type": "Feature",
      "geometry": {
        "type": "LineString",
        "coordinates": [
          [
            -123.498223250323,
            42.2699462944176
          ],
          [
            -123.498898305513,
            42.2686467609152
          ]
        ]
      },
      "properties": {
        "STATE": "OR",
        "DESCRIPTION": "Normal fault, concealed",
        "RuleID": 23
      }
    },
    {
      "type": "Feature",
      "geometry": {
        "type": "LineString",
        "coordinates": [
          [
            -123.691213540226,
            42.1260841702495
          ],
          [
            -123.695955854408,
            42.1187875700169
          ],
          [
            -123.700997559109,
            42.1113344898688
          ],
          [
            -123.703983671403,
            42.1079382082542
          ]
        ]
      },
      "properties": {
        "STATE": "OR",
        "DESCRIPTION": "Normal fault, concealed",
        "RuleID": 23
      }
    },
    {
      "type": "Feature",
      "geometry": {
        "type": "LineString",
        "coordinates": [
          [
            -123.690367696436,
            42.1273833955144
          ],
          [
            -123.690947235558,
            42.1264932968487
          ]
        ]
      },
      "properties": {
        "STATE": "OR",
        "DESCRIPTION": "Normal fault, concealed",
        "RuleID": 23
      }
    },
    {
      "type": "Feature",
      "geometry": {
        "type": "LineString",
        "coordinates": [
          [
            -123.560037922228,
            42.172132805483
          ],
          [
            -123.551846019862,
            42.1735909883221
          ],
          [
            -123.54618815981,
            42.1804771070975
          ]
        ]
      },
      "properties": {
        "STATE": "OR",
        "DESCRIPTION": "Thrust fault, certain, (teeth on right from origin)",
        "RuleID": 63
      }
    },
    {
      "type": "Feature",
      "geometry": {
        "type": "LineString",
        "coordinates": [
          [
            -123.538984770769,
            42.0334935423119
          ],
          [
            -123.54336409461,
            42.0295158510149
          ],
          [
            -123.543844453437,
            42.0275199124889
          ]
        ]
      },
      "properties": {
        "STATE": "OR",
        "DESCRIPTION": "Thrust fault, certain, (teeth on right from origin)",
        "RuleID": 63
      }
    },
    {
      "type": "Feature",
      "geometry": {
        "type": "LineString",
        "coordinates": [
          [
            -123.900611012617,
            42.1866884586274
          ],
          [
            -123.898452053766,
            42.1867640799117
          ]
        ]
      },
      "properties": {
        "STATE": "OR",
        "DESCRIPTION": "Thrust fault, certain, (teeth on right from origin)",
        "RuleID": 63
      }
    },
    {
      "type": "Feature",
      "geometry": {
        "type": "LineString",
        "coordinates": [
          [
            -123.543844453437,
            42.0275199124889
          ],
          [
            -123.544919627238,
            42.0249999235717
          ]
        ]
      },
      "properties": {
        "STATE": "OR",
        "DESCRIPTION": "Thrust fault, certain, (teeth on right from origin)",
        "RuleID": 63
      }
    },
    {
      "type": "Feature",
      "geometry": {
        "type": "LineString",
        "coordinates": [
          [
            -123.742614941357,
            42.3593986359223
          ],
          [
            -123.741120830139,
            42.3656412142746
          ],
          [
            -123.737559636163,
            42.3713404577065
          ],
          [
            -123.738380400787,
            42.3775852995411
          ],
          [
            -123.737784698278,
            42.3838871438987
          ],
          [
            -123.735296782657,
            42.3899873228765
          ],
          [
            -123.733970608787,
            42.3956636147774
          ],
          [
            -123.7339056561,
            42.4040964659202
          ]
        ]
      },
      "properties": {
        "STATE": "OR",
        "DESCRIPTION": "Thrust fault, certain, (teeth on right from origin)",
        "RuleID": 63
      }
    },
    {
      "type": "Feature",
      "geometry": {
        "type": "LineString",
        "coordinates": [
          [
            -123.898452053766,
            42.1867640799117
          ],
          [
            -123.894354776669,
            42.1834380783274
          ]
        ]
      },
      "properties": {
        "STATE": "OR",
        "DESCRIPTION": "Thrust fault, certain, (teeth on right from origin)",
        "RuleID": 63
      }
    },
    {
      "type": "Feature",
      "geometry": {
        "type": "LineString",
        "coordinates": [
          [
            -123.514407063123,
            42.0460909065784
          ],
          [
            -123.514528797421,
            42.0406255316975
          ]
        ]
      },
      "properties": {
        "STATE": "OR",
        "DESCRIPTION": "Thrust fault, certain, (teeth on right from origin)",
        "RuleID": 63
      }
    },
    {
      "type": "Feature",
      "geometry": {
        "type": "LineString",
        "coordinates": [
          [
            -123.829795586281,
            42.3175460384713
          ],
          [
            -123.828997254387,
            42.3238449060639
          ],
          [
            -123.828402652314,
            42.3296875855221
          ],
          [
            -123.82749003585,
            42.336067936666
          ],
          [
            -123.823240577857,
            42.3413711126297
          ],
          [
            -123.816657671352,
            42.3455067020635
          ],
          [
            -123.809795219911,
            42.3483231194314
          ],
          [
            -123.797741415223,
            42.3443133421549
          ],
          [
            -123.789948219316,
            42.3417328633426
          ],
          [
            -123.782970485278,
            42.3384635000209
          ],
          [
            -123.77455293869,
            42.3389890464937
          ],
          [
            -123.775185135257,
            42.3480322437368
          ]
        ]
      },
      "properties": {
        "STATE": "OR",
        "DESCRIPTION": "Thrust fault, certain, (teeth on right from origin)",
        "RuleID": 63
      }
    },
    {
      "type": "Feature",
      "geometry": {
        "type": "LineString",
        "coordinates": [
          [
            -123.779621017029,
            42.245111519196
          ],
          [
            -123.776123859458,
            42.25087681856
          ],
          [
            -123.771826036169,
            42.2554686845871
          ],
          [
            -123.769408707469,
            42.2614699141077
          ],
          [
            -123.764815320486,
            42.2668130014201
          ],
          [
            -123.758037660126,
            42.270573105563
          ],
          [
            -123.751626037194,
            42.2734277239752
          ],
          [
            -123.744855773562,
            42.277215545436
          ],
          [
            -123.733337479768,
            42.2839591059923
          ],
          [
            -123.727660611364,
            42.2931043535178
          ]
        ]
      },
      "properties": {
        "STATE": "OR",
        "DESCRIPTION": "Thrust fault, certain, (teeth on right from origin)",
        "RuleID": 63
      }
    },
    {
      "type": "Feature",
      "geometry": {
        "type": "LineString",
        "coordinates": [
          [
            -123.536026972475,
            42.1553075763492
          ],
          [
            -123.536738874761,
            42.161475059184
          ],
          [
            -123.534901705021,
            42.1675957711665
          ],
          [
            -123.533202073638,
            42.173779700049
          ],
          [
            -123.534303947166,
            42.1800112007782
          ],
          [
            -123.533030682269,
            42.1890940804991
          ],
          [
            -123.530462866894,
            42.194353182243
          ],
          [
            -123.52588699077,
            42.2016682165688
          ]
        ]
      },
      "properties": {
        "STATE": "OR",
        "DESCRIPTION": "Thrust fault, certain, (teeth on right from origin)",
        "RuleID": 63
      }
    },
    {
      "type": "Feature",
      "geometry": {
        "type": "LineString",
        "coordinates": [
          [
            -123.760012062797,
            42.2986130139897
          ],
          [
            -123.763817090982,
            42.2960044970068
          ],
          [
            -123.772241301274,
            42.2954517322321
          ],
          [
            -123.780209090146,
            42.2934896110682
          ],
          [
            -123.784239769741,
            42.2977409967695
          ],
          [
            -123.776553642236,
            42.3004106586305
          ],
          [
            -123.773232407137,
            42.3061063572713
          ],
          [
            -123.765912874015,
            42.3082706519065
          ],
          [
            -123.760323832998,
            42.311214650442
          ],
          [
            -123.759635991189,
            42.3177136557331
          ],
          [
            -123.757447653834,
            42.3238745858329
          ],
          [
            -123.753657958094,
            42.3349546597457
          ],
          [
            -123.752511519146,
            42.3418696905009
          ],
          [
            -123.751773949297,
            42.344280459154
          ],
          [
            -123.746269259187,
            42.3491284551978
          ],
          [
            -123.744728886528,
            42.3591867708532
          ]
        ]
      },
      "properties": {
        "STATE": "OR",
        "DESCRIPTION": "Thrust fault, certain, (teeth on right from origin)",
        "RuleID": 63
      }
    },
    {
      "type": "Feature",
      "geometry": {
        "type": "LineString",
        "coordinates": [
          [
            -123.673977043847,
            42.3356537097204
          ],
          [
            -123.673199968786,
            42.3448532527281
          ]
        ]
      },
      "properties": {
        "STATE": "OR",
        "DESCRIPTION": "Thrust fault, certain, (teeth on right from origin)",
        "RuleID": 63
      }
    },
    {
      "type": "Feature",
      "geometry": {
        "type": "LineString",
        "coordinates": [
          [
            -123.513602455598,
            42.052411740374
          ],
          [
            -123.513680218261,
            42.051888994207
          ]
        ]
      },
      "properties": {
        "STATE": "OR",
        "DESCRIPTION": "Thrust fault, certain, (teeth on right from origin)",
        "RuleID": 63
      }
    },
    {
      "type": "Feature",
      "geometry": {
        "type": "LineString",
        "coordinates": [
          [
            -123.775185135257,
            42.3480322437368
          ],
          [
            -123.780313581282,
            42.3525607653226
          ],
          [
            -123.782572075263,
            42.3593002395516
          ]
        ]
      },
      "properties": {
        "STATE": "OR",
        "DESCRIPTION": "Thrust fault, certain, (teeth on right from origin)",
        "RuleID": 63
      }
    },
    {
      "type": "Feature",
      "geometry": {
        "type": "LineString",
        "coordinates": [
          [
            -123.62676803523,
            42.3624909427984
          ],
          [
            -123.619957781297,
            42.3662704559352
          ],
          [
            -123.617628695006,
            42.3741220762209
          ]
        ]
      },
      "properties": {
        "STATE": "OR",
        "DESCRIPTION": "Thrust fault, certain, (teeth on right from origin)",
        "RuleID": 63
      }
    },
    {
      "type": "Feature",
      "geometry": {
        "type": "LineString",
        "coordinates": [
          [
            -123.852546200589,
            42.2456603898389
          ],
          [
            -123.850789430067,
            42.2517968088906
          ],
          [
            -123.851148021359,
            42.2626409385043
          ],
          [
            -123.854699534191,
            42.2683242347331
          ],
          [
            -123.857427169736,
            42.2740161568564
          ],
          [
            -123.861615679733,
            42.2787392772622
          ],
          [
            -123.860326701505,
            42.2849907084984
          ],
          [
            -123.857448267569,
            42.2909962474248
          ],
          [
            -123.851615638482,
            42.2948297800115
          ],
          [
            -123.848810944553,
            42.3008030126019
          ],
          [
            -123.845962525127,
            42.3067803104449
          ],
          [
            -123.841951858201,
            42.3123029722271
          ],
          [
            -123.835691600495,
            42.3191555458805
          ]
        ]
      },
      "properties": {
        "STATE": "OR",
        "DESCRIPTION": "Thrust fault, certain, (teeth on right from origin)",
        "RuleID": 63
      }
    },
    {
      "type": "Feature",
      "geometry": {
        "type": "LineString",
        "coordinates": [
          [
            -123.484143534464,
            42.2699188240746
          ],
          [
            -123.482468332766,
            42.272662577267
          ],
          [
            -123.481606382183,
            42.2744404535018
          ],
          [
            -123.480996232967,
            42.2756979901788
          ],
          [
            -123.480169624802,
            42.2774006436401
          ],
          [
            -123.478403615107,
            42.283600318791
          ],
          [
            -123.475778387504,
            42.2896933967057
          ],
          [
            -123.470868886965,
            42.297170376809
          ],
          [
            -123.468894381886,
            42.3033085728158
          ],
          [
            -123.468463909202,
            42.3096422461761
          ],
          [
            -123.470134856478,
            42.3214105507982
          ]
        ]
      },
      "properties": {
        "STATE": "OR",
        "DESCRIPTION": "Thrust fault, certain, (teeth on right from origin)",
        "RuleID": 63
      }
    },
    {
      "type": "Feature",
      "geometry": {
        "type": "LineString",
        "coordinates": [
          [
            -123.519164379171,
            42.1973566515503
          ],
          [
            -123.516619052221,
            42.2033043602493
          ],
          [
            -123.517035997175,
            42.2110659845879
          ],
          [
            -123.517258862011,
            42.2151239731918
          ],
          [
            -123.517474399289,
            42.2214807924074
          ],
          [
            -123.515289692026,
            42.2272904371522
          ],
          [
            -123.515560915868,
            42.233541906665
          ],
          [
            -123.513860405934,
            42.2397909713522
          ],
          [
            -123.51160915417,
            42.2459270383066
          ],
          [
            -123.506766626629,
            42.2559079869138
          ]
        ]
      },
      "properties": {
        "STATE": "OR",
        "DESCRIPTION": "Thrust fault, certain, (teeth on right from origin)",
        "RuleID": 63
      }
    },
    {
      "type": "Feature",
      "geometry": {
        "type": "LineString",
        "coordinates": [
          [
            -123.931980150898,
            42.3217945651417
          ],
          [
            -123.928565620367,
            42.3252865169055
          ],
          [
            -123.924168317644,
            42.3297830437512
          ],
          [
            -123.922778226844,
            42.3337043870047
          ],
          [
            -123.922079980746,
            42.3356737931116
          ],
          [
            -123.922707877977,
            42.3417961380805
          ],
          [
            -123.92057123687,
            42.3478757880233
          ],
          [
            -123.912828784997,
            42.3546904989606
          ],
          [
            -123.909713921665,
            42.3588078783478
          ],
          [
            -123.908974159029,
            42.359785672897
          ],
          [
            -123.907130593284,
            42.3622223289757
          ],
          [
            -123.904814447224,
            42.3683177652806
          ],
          [
            -123.903939051556,
            42.3747399020644
          ],
          [
            -123.8998761988,
            42.3795194862991
          ],
          [
            -123.892477883427,
            42.3840984041287
          ]
        ]
      },
      "properties": {
        "STATE": "OR",
        "DESCRIPTION": "Thrust fault, certain, (teeth on right from origin)",
        "RuleID": 63
      }
    },
    {
      "type": "Feature",
      "geometry": {
        "type": "LineString",
        "coordinates": [
          [
            -123.826523114431,
            42.2490028501259
          ],
          [
            -123.829253862639,
            42.2549317231548
          ],
          [
            -123.833259305862,
            42.2643658484546
          ]
        ]
      },
      "properties": {
        "STATE": "OR",
        "DESCRIPTION": "Thrust fault, certain, (teeth on right from origin)",
        "RuleID": 63
      }
    },
    {
      "type": "Feature",
      "geometry": {
        "type": "LineString",
        "coordinates": [
          [
            -123.747800478911,
            42.359537931114
          ],
          [
            -123.748129627919,
            42.3658862014231
          ],
          [
            -123.751171246216,
            42.3716668464347
          ],
          [
            -123.753382909226,
            42.3769468003987
          ],
          [
            -123.752378366363,
            42.3827615384762
          ],
          [
            -123.751808950355,
            42.3860552927469
          ]
        ]
      },
      "properties": {
        "STATE": "OR",
        "DESCRIPTION": "Thrust fault, certain, (teeth on right from origin)",
        "RuleID": 63
      }
    },
    {
      "type": "Feature",
      "geometry": {
        "type": "LineString",
        "coordinates": [
          [
            -123.805947243273,
            42.2013506935681
          ],
          [
            -123.801160866725,
            42.2028628710175
          ],
          [
            -123.797378460814,
            42.2085919457423
          ],
          [
            -123.79327234699,
            42.2131064642779
          ],
          [
            -123.790943689195,
            42.2191439095
          ],
          [
            -123.784380678578,
            42.2303499718257
          ],
          [
            -123.782420498932,
            42.2359962781998
          ],
          [
            -123.777090391008,
            42.2436193355411
          ]
        ]
      },
      "properties": {
        "STATE": "OR",
        "DESCRIPTION": "Thrust fault, certain, (teeth on right from origin)",
        "RuleID": 63
      }
    },
    {
      "type": "Feature",
      "geometry": {
        "type": "LineString",
        "coordinates": [
          [
            -123.52803707786,
            42.0384023656
          ],
          [
            -123.536009584684,
            42.0361975624253
          ],
          [
            -123.538984770769,
            42.0334935423119
          ]
        ]
      },
      "properties": {
        "STATE": "OR",
        "DESCRIPTION": "Thrust fault, certain, (teeth on right from origin)",
        "RuleID": 63
      }
    },
    {
      "type": "Feature",
      "geometry": {
        "type": "LineString",
        "coordinates": [
          [
            -123.521053552383,
            42.1217045821609
          ],
          [
            -123.520368896898,
            42.115406907573
          ],
          [
            -123.521394856496,
            42.1091293971495
          ],
          [
            -123.520468688946,
            42.1010342907136
          ],
          [
            -123.520446790715,
            42.1008796538304
          ],
          [
            -123.515444659497,
            42.0962354440385
          ],
          [
            -123.511347358146,
            42.0928167982434
          ],
          [
            -123.514579103975,
            42.0856104784974
          ],
          [
            -123.522045084048,
            42.0857984344953
          ],
          [
            -123.522092387534,
            42.0742663572959
          ]
        ]
      },
      "properties": {
        "STATE": "OR",
        "DESCRIPTION": "Thrust fault, certain, (teeth on right from origin)",
        "RuleID": 63
      }
    },
    {
      "type": "Feature",
      "geometry": {
        "type": "LineString",
        "coordinates": [
          [
            -123.461882517257,
            42.1519883882912
          ],
          [
            -123.459401847448,
            42.1574543692161
          ],
          [
            -123.456995084732,
            42.1624280445413
          ],
          [
            -123.45346776353,
            42.1681475561534
          ],
          [
            -123.448935815024,
            42.1735441638182
          ],
          [
            -123.442316189883,
            42.1771469788583
          ],
          [
            -123.437088509664,
            42.1818756235629
          ],
          [
            -123.423765551667,
            42.1888295075483
          ]
        ]
      },
      "properties": {
        "STATE": "OR",
        "DESCRIPTION": "Thrust fault, certain, (teeth on right from origin)",
        "RuleID": 63
      }
    },
    {
      "type": "Feature",
      "geometry": {
        "type": "LineString",
        "coordinates": [
          [
            -123.91370313862,
            42.1844388978802
          ],
          [
            -123.900611012617,
            42.1866884586274
          ]
        ]
      },
      "properties": {
        "STATE": "OR",
        "DESCRIPTION": "Thrust fault, certain, (teeth on right from origin)",
        "RuleID": 63
      }
    },
    {
      "type": "Feature",
      "geometry": {
        "type": "LineString",
        "coordinates": [
          [
            -123.894354776669,
            42.1834380783274
          ],
          [
            -123.888595759129,
            42.1811480081368
          ],
          [
            -123.879580662197,
            42.1795014379195
          ]
        ]
      },
      "properties": {
        "STATE": "OR",
        "DESCRIPTION": "Thrust fault, certain, (teeth on right from origin)",
        "RuleID": 63
      }
    },
    {
      "type": "Feature",
      "geometry": {
        "type": "LineString",
        "coordinates": [
          [
            -123.841093234079,
            42.2078666007465
          ],
          [
            -123.834285330139,
            42.2114805800654
          ],
          [
            -123.832329869344,
            42.2175142275507
          ],
          [
            -123.830117224476,
            42.2236374196445
          ],
          [
            -123.824996903713,
            42.2289579817592
          ]
        ]
      },
      "properties": {
        "STATE": "OR",
        "DESCRIPTION": "Thrust fault, certain, (teeth on right from origin)",
        "RuleID": 63
      }
    },
    {
      "type": "Feature",
      "geometry": {
        "type": "LineString",
        "coordinates": [
          [
            -123.669059072195,
            42.3474250023692
          ],
          [
            -123.663101607826,
            42.3520022634638
          ],
          [
            -123.659291340666,
            42.3560934184706
          ],
          [
            -123.654297792851,
            42.3614501080365
          ]
        ]
      },
      "properties": {
        "STATE": "OR",
        "DESCRIPTION": "Thrust fault, certain, (teeth on right from origin)",
        "RuleID": 63
      }
    },
    {
      "type": "Feature",
      "geometry": {
        "type": "LineString",
        "coordinates": [
          [
            -123.514528797421,
            42.0406255316975
          ],
          [
            -123.520423108429,
            42.032855027687
          ],
          [
            -123.522462589551,
            42.0309047127603
          ]
        ]
      },
      "properties": {
        "STATE": "OR",
        "DESCRIPTION": "Thrust fault, certain, (teeth on right from origin)",
        "RuleID": 63
      }
    },
    {
      "type": "Feature",
      "geometry": {
        "type": "LineString",
        "coordinates": [
          [
            -123.854216330399,
            42.2031396852749
          ],
          [
            -123.842101664851,
            42.2094156225334
          ]
        ]
      },
      "properties": {
        "STATE": "OR",
        "DESCRIPTION": "Thrust fault, certain, (teeth on right from origin)",
        "RuleID": 63
      }
    },
    {
      "type": "Feature",
      "geometry": {
        "type": "LineString",
        "coordinates": [
          [
            -123.513680218261,
            42.051888994207
          ],
          [
            -123.514383216446,
            42.0471633915167
          ],
          [
            -123.514407063123,
            42.0460909065784
          ]
        ]
      },
      "properties": {
        "STATE": "OR",
        "DESCRIPTION": "Thrust fault, certain, (teeth on right from origin)",
        "RuleID": 63
      }
    },
    {
      "type": "Feature",
      "geometry": {
        "type": "LineString",
        "coordinates": [
          [
            -123.629062195922,
            42.1710283268502
          ],
          [
            -123.627847407757,
            42.1717623502758
          ],
          [
            -123.625626320522,
            42.1738984827727
          ],
          [
            -123.624327787812,
            42.1751472334136
          ],
          [
            -123.622733005095,
            42.1766806898445
          ],
          [
            -123.616827889151,
            42.1812423168494
          ],
          [
            -123.609836872623,
            42.1849058518999
          ],
          [
            -123.602085059406,
            42.1874935889255
          ],
          [
            -123.594679403001,
            42.1897011231418
          ],
          [
            -123.580855805812,
            42.1915441225069
          ]
        ]
      },
      "properties": {
        "STATE": "OR",
        "DESCRIPTION": "Thrust fault, certain, (teeth on right from origin)",
        "RuleID": 63
      }
    },
    {
      "type": "Feature",
      "geometry": {
        "type": "LineString",
        "coordinates": [
          [
            -123.646798296635,
            41.997070768661
          ],
          [
            -123.647423625582,
            41.9977648226302
          ]
        ]
      },
      "properties": {
        "STATE": "OR",
        "DESCRIPTION": "Thrust fault, certain, (teeth on right from origin)",
        "RuleID": 63
      }
    },
    {
      "type": "Feature",
      "geometry": {
        "type": "LineString",
        "coordinates": [
          [
            -123.68232909337,
            42.2848467509432
          ],
          [
            -123.677447269027,
            42.2900739323936
          ],
          [
            -123.669287066411,
            42.2997430894973
          ]
        ]
      },
      "properties": {
        "STATE": "OR",
        "DESCRIPTION": "Thrust fault, certain, (teeth on right from origin)",
        "RuleID": 63
      }
    },
    {
      "type": "Feature",
      "geometry": {
        "type": "LineString",
        "coordinates": [
          [
            -123.811970801189,
            42.0073304756028
          ],
          [
            -123.804133285999,
            42.006975724963
          ],
          [
            -123.795874158209,
            42.0059498239939
          ],
          [
            -123.787490667651,
            42.0059427316368
          ],
          [
            -123.775307718463,
            42.009489601215
          ]
        ]
      },
      "properties": {
        "STATE": "OR",
        "DESCRIPTION": "Thrust fault, certain, (teeth on right from origin)",
        "RuleID": 63
      }
    },
    {
      "type": "Feature",
      "geometry": {
        "type": "LineString",
        "coordinates": [
          [
            -123.546162187718,
            42.1856584203808
          ],
          [
            -123.543910272998,
            42.1866940784253
          ],
          [
            -123.536669583212,
            42.1958819248866
          ]
        ]
      },
      "properties": {
        "STATE": "OR",
        "DESCRIPTION": "Thrust fault, certain, (teeth on right from origin)",
        "RuleID": 63
      }
    },
    {
      "type": "Feature",
      "geometry": {
        "type": "LineString",
        "coordinates": [
          [
            -123.879580662197,
            42.1795014379195
          ],
          [
            -123.871060468714,
            42.1797878711951
          ],
          [
            -123.858686932955,
            42.1815600720177
          ]
        ]
      },
      "properties": {
        "STATE": "OR",
        "DESCRIPTION": "Thrust fault, certain, (teeth on right from origin)",
        "RuleID": 63
      }
    },
    {
      "type": "Feature",
      "geometry": {
        "type": "LineString",
        "coordinates": [
          [
            -123.543844453437,
            42.0275199124889
          ],
          [
            -123.539259525889,
            42.0225385975809
          ],
          [
            -123.538494638272,
            42.0136368081023
          ],
          [
            -123.53741546607,
            42.0070694019017
          ],
          [
            -123.533841000384,
            41.9998500687359
          ]
        ]
      },
      "properties": {
        "STATE": "OR",
        "DESCRIPTION": "Thrust fault, certain, (teeth on right from origin)",
        "RuleID": 63
      }
    },
    {
      "type": "Feature",
      "geometry": {
        "type": "LineString",
        "coordinates": [
          [
            -123.718929480876,
            42.3613851491739
          ],
          [
            -123.71128520049,
            42.3715652856703
          ],
          [
            -123.708796389249,
            42.3794836455507
          ]
        ]
      },
      "properties": {
        "STATE": "OR",
        "DESCRIPTION": "Thrust fault, certain, (teeth on right from origin)",
        "RuleID": 63
      }
    },
    {
      "type": "Feature",
      "geometry": {
        "type": "LineString",
        "coordinates": [
          [
            -123.864838154948,
            41.9959830766255
          ],
          [
            -123.858285475854,
            42.0017749602806
          ],
          [
            -123.846804402855,
            42.0099804739032
          ],
          [
            -123.839839442861,
            42.0133758363708
          ],
          [
            -123.831309709269,
            42.0127036820285
          ],
          [
            -123.818283601355,
            42.0059990092188
          ]
        ]
      },
      "properties": {
        "STATE": "OR",
        "DESCRIPTION": "Thrust fault, certain, (teeth on right from origin)",
        "RuleID": 63
      }
    },
    {
      "type": "Feature",
      "geometry": {
        "type": "LineString",
        "coordinates": [
          [
            -123.536026972475,
            42.1553075763492
          ],
          [
            -123.536268853746,
            42.1541719827453
          ]
        ]
      },
      "properties": {
        "STATE": "OR",
        "DESCRIPTION": "Thrust fault, certain, (teeth on right from origin)",
        "RuleID": 63
      }
    },
    {
      "type": "Feature",
      "geometry": {
        "type": "LineString",
        "coordinates": [
          [
            -123.515409704253,
            42.0688321249607
          ],
          [
            -123.516645982815,
            42.0666796074592
          ],
          [
            -123.518076265139,
            42.0646584190032
          ],
          [
            -123.514599023218,
            42.0539565756294
          ]
        ]
      },
      "properties": {
        "STATE": "OR",
        "DESCRIPTION": "Thrust fault, certain, (teeth on right from origin)",
        "RuleID": 63
      }
    },
    {
      "type": "Feature",
      "geometry": {
        "type": "LineString",
        "coordinates": [
          [
            -123.647423625582,
            41.9977648226302
          ],
          [
            -123.648317107032,
            41.9987577216895
          ],
          [
            -123.65221257221,
            42.0042510253335
          ],
          [
            -123.660280374116,
            42.0071905638084
          ],
          [
            -123.661063168749,
            42.0133038277779
          ],
          [
            -123.663578423697,
            42.0192609263341
          ],
          [
            -123.662755776204,
            42.025144806389
          ],
          [
            -123.66475159022,
            42.0356674356659
          ],
          [
            -123.655998550721,
            42.041237699404
          ],
          [
            -123.655037879779,
            42.0427421802189
          ],
          [
            -123.653068505877,
            42.0458299493087
          ],
          [
            -123.650385186919,
            42.0517848794974
          ],
          [
            -123.648212451505,
            42.0589297417804
          ],
          [
            -123.645891564137,
            42.0639630803321
          ],
          [
            -123.635259921901,
            42.0736466982708
          ],
          [
            -123.633910805956,
            42.0753622394434
          ],
          [
            -123.635965104789,
            42.0804022160446
          ],
          [
            -123.63787221017,
            42.0850688077822
          ],
          [
            -123.638637158872,
            42.0851873649605
          ]
        ]
      },
      "properties": {
        "STATE": "OR",
        "DESCRIPTION": "Thrust fault, certain, (teeth on right from origin)",
        "RuleID": 63
      }
    },
    {
      "type": "Feature",
      "geometry": {
        "type": "LineString",
        "coordinates": [
          [
            -123.858686932955,
            42.1815600720177
          ],
          [
            -123.848093688307,
            42.181913278999
          ],
          [
            -123.846829318528,
            42.1819551554015
          ]
        ]
      },
      "properties": {
        "STATE": "OR",
        "DESCRIPTION": "Thrust fault, certain, (teeth on right from origin)",
        "RuleID": 63
      }
    },
    {
      "type": "Feature",
      "geometry": {
        "type": "LineString",
        "coordinates": [
          [
            -123.682980680971,
            42.3045083101087
          ],
          [
            -123.681895483769,
            42.310806175495
          ],
          [
            -123.680924864884,
            42.3170785323021
          ],
          [
            -123.68142261779,
            42.3229825727157
          ],
          [
            -123.682835956989,
            42.3327517396984
          ]
        ]
      },
      "properties": {
        "STATE": "OR",
        "DESCRIPTION": "Thrust fault, certain, (teeth on right from origin)",
        "RuleID": 63
      }
    },
    {
      "type": "Feature",
      "geometry": {
        "type": "LineString",
        "coordinates": [
          [
            -123.831539607015,
            42.161018538386
          ],
          [
            -123.82750572313,
            42.1598002693734
          ],
          [
            -123.819021911416,
            42.1602151712191
          ],
          [
            -123.805326200187,
            42.1675712111607
          ],
          [
            -123.802415981162,
            42.1733318802707
          ],
          [
            -123.797626478478,
            42.1785806081906
          ],
          [
            -123.791802940341,
            42.1832426909693
          ],
          [
            -123.784237906635,
            42.1858374318856
          ],
          [
            -123.779979829306,
            42.1912736136267
          ],
          [
            -123.776670092643,
            42.1970931493787
          ],
          [
            -123.773134766554,
            42.2029371420606
          ],
          [
            -123.767644016501,
            42.2068856604394
          ],
          [
            -123.761311390516,
            42.2109529911342
          ],
          [
            -123.753642793634,
            42.2137510970368
          ],
          [
            -123.745841353888,
            42.2163420367277
          ],
          [
            -123.740829105844,
            42.220060766777
          ],
          [
            -123.736472165325,
            42.2254956170429
          ],
          [
            -123.732305952412,
            42.2310312765047
          ],
          [
            -123.727236427785,
            42.2358113849921
          ],
          [
            -123.723717388152,
            42.241022894042
          ],
          [
            -123.718038870442,
            42.2457651876443
          ],
          [
            -123.712137552574,
            42.2503697345968
          ],
          [
            -123.706906765083,
            42.2544255707395
          ],
          [
            -123.70443662263,
            42.2604176522751
          ],
          [
            -123.699555490889,
            42.2656148608396
          ],
          [
            -123.693592390489,
            42.2701459039072
          ],
          [
            -123.688502062677,
            42.2744089577495
          ],
          [
            -123.688163776904,
            42.2855569130591
          ]
        ]
      },
      "properties": {
        "STATE": "OR",
        "DESCRIPTION": "Thrust fault, certain, (teeth on right from origin)",
        "RuleID": 63
      }
    }
  ]
}