{
  "type": "FeatureCollection",
  "features": [
    {
      "type": "Feature",
      "geometry": {
        "type": "LineString",
        "coordinates": [
          [
            -106.90879496117057,
            34.35685057881883
          ],
          [
            -106.90774405086577,
            34.35530514186025
          ],
          [
            -106.90643754381149,
            34.35342692801564
          ]
        ]
      },
      "properties": {
        "fault_name": "unnamed faults on the Cliff surface",
        "age": "middle and late Quaternary",
        "slip_rate": "Less than 0.2 mm/yr"
      }
    },
    {
      "type": "Feature",
      "geometry": {
        "type": "LineString",
        "coordinates": [
          [
            -106.90629708592863,
            34.37160404818979
          ],
          [
            -106.90704829130517,
            34.37019683873868
          ],
          [
            -106.90822754391462,
            34.36789015387071
          ],
          [
            -106.90888047809068,
            34.36685614488335
          ],
          [
            -106.90919763728489,
            34.365948052994575
          ],
          [
            -106.90933913002698,
            34.363758787905496
          ],
          [
            -106.90932944439157,
            34.3623344341412
          ],
          [
            -106.90957784114407,
            34.36158798291589
          ],
          [
            -106.90975797042651,
            34.3610232297275
          ],
          [
            -106.90977022793855,
            34.360521438009506
          ],
          [
            -106.9095239296506,
            34.35932168585154
          ],
          [
            -106.90947875517159,
            34.35843963298447
          ],
          [
            -106.90925546812792,
            34.35780326296575
          ],
          [
            -106.90879496117057,
            34.35685057881883
          ]
        ]
      },
      "properties": {
        "fault_name": "unnamed faults on the Cliff surface",
        "age": "middle and late Quaternary",
        "slip_rate": "Less than 0.2 mm/yr"
      }
    },
    {
      "type": "Feature",
      "geometry": {
        "type": "LineString",
        "coordinates": [
          [
            -106.90621722120828,
            34.38201477066674
          ],
          [
            -106.90679756791613,
            34.38044383380055
          ],
          [
            -106.90710477916687,
            34.37911457732654
          ],
          [
            -106.90711263223908,
            34.37740904581159
          ],
          [
            -106.90686917172908,
            34.37632962585177
          ],
          [
            -106.90602943019476,
            34.3745979286631
          ],
          [
            -106.90581399442672,
            34.373678552856425
          ],
          [
            -106.90590969195391,
            34.37261360694867
          ],
          [
            -106.90629708592863,
            34.37160404818979
          ]
        ]
      },
      "properties": {
        "fault_name": "unnamed faults on the Cliff surface",
        "age": "middle and late Quaternary",
        "slip_rate": "Less than 0.2 mm/yr"
      }
    },
    {
      "type": "Feature",
      "geometry": {
        "type": "LineString",
        "coordinates": [
          [
            -106.9098419458376,
            34.392674398076934
          ],
          [
            -106.91014107674236,
            34.394068025686735
          ],
          [
            -106.9104377372801,
            34.39545009620575
          ],
          [
            -106.91050238364122,
            34.395751262794235
          ],
          [
            -106.91091817336205,
            34.39723675774168
          ]
        ]
      },
      "properties": {
        "fault_name": "unnamed faults on the Cliff surface",
        "age": "middle and late Quaternary",
        "slip_rate": "Less than 0.2 mm/yr"
      }
    },
    {
      "type": "Feature",
      "geometry": {
        "type": "LineString",
        "coordinates": [
          [
            -106.9022493500219,
            34.346218830315166
          ],
          [
            -106.9021493917853,
            34.34556624235212
          ],
          [
            -106.9018069719653,
            34.34451121693651
          ],
          [
            -106.9009410544219,
            34.34284507236339
          ],
          [
            -106.90029178357558,
            34.341154890728184
          ],
          [
            -106.90005975772085,
            34.33971733325655
          ],
          [
            -106.8999614317231,
            34.33697563785418
          ],
          [
            -106.89978556225172,
            34.33493627106649
          ],
          [
            -106.89963731597533,
            34.33391770180294
          ]
        ]
      },
      "properties": {
        "fault_name": "unnamed faults on the Cliff surface",
        "age": "middle and late Quaternary",
        "slip_rate": "Less than 0.2 mm/yr"
      }
    },
    {
      "type": "Feature",
      "geometry": {
        "type": "LineString",
        "coordinates": [
          [
            -106.90621722120828,
            34.38201477066674
          ],
          [
            -106.90645943306004,
            34.383567170812334
          ],
          [
            -106.9074890353263,
            34.386365961727904
          ],
          [
            -106.9085489566317,
            34.38866522280512
          ],
          [
            -106.90903657115108,
            34.389898767277316
          ],
          [
            -106.90942518683457,
            34.39095375205677
          ],
          [
            -106.90972497261119,
            34.39183488734339
          ],
          [
            -106.9098419458376,
            34.392674398076934
          ]
        ]
      },
      "properties": {
        "fault_name": "unnamed faults on the Cliff surface",
        "age": "middle and late Quaternary",
        "slip_rate": "Less than 0.2 mm/yr"
      }
    },
    {
      "type": "Feature",
      "geometry": {
        "type": "LineString",
        "coordinates": [
          [
            -106.90492110856015,
            34.375104774946955
          ],
          [
            -106.90555192172235,
            34.378844132309894
          ],
          [
            -106.90577357562881,
            34.38009934991861
          ],
          [
            -106.90621722120828,
            34.38201477066674
          ]
        ]
      },
      "properties": {
        "fault_name": "unnamed faults on the Cliff surface",
        "age": "middle and late Quaternary",
        "slip_rate": "Less than 0.2 mm/yr"
      }
    },
    {
      "type": "Feature",
      "geometry": {
        "type": "LineString",
        "coordinates": [
          [
            -106.90480740160812,
            34.372949795120874
          ],
          [
            -106.90492110856015,
            34.375104774946955
          ]
        ]
      },
      "properties": {
        "fault_name": "unnamed faults on the Cliff surface",
        "age": "middle and late Quaternary",
        "slip_rate": "Less than 0.2 mm/yr"
      }
    },
    {
      "type": "Feature",
      "geometry": {
        "type": "LineString",
        "coordinates": [
          [
            -106.9022493500219,
            34.346218830315166
          ],
          [
            -106.90230956768866,
            34.34764658634474
          ],
          [
            -106.90264920183299,
            34.35033219925515
          ],
          [
            -106.90314057131025,
            34.354139975297784
          ],
          [
            -106.90342865473364,
            34.35582210612381
          ],
          [
            -106.90358640698237,
            34.357165131285385
          ],
          [
            -106.90349216023434,
            34.35903510330056
          ],
          [
            -106.90328244763295,
            34.36022419216065
          ],
          [
            -106.90292247024071,
            34.36211914836259
          ],
          [
            -106.90272096734272,
            34.36360941189423
          ],
          [
            -106.90271429914836,
            34.36425236783068
          ],
          [
            -106.90295244612342,
            34.36499125626737
          ],
          [
            -106.90345795957484,
            34.36605005924581
          ],
          [
            -106.90406606332665,
            34.367203744898504
          ],
          [
            -106.90430136443891,
            34.36794222617898
          ],
          [
            -106.90444896123334,
            34.36906335901652
          ],
          [
            -106.90461456206272,
            34.36992336787067
          ],
          [
            -106.90472854928913,
            34.371667024368776
          ],
          [
            -106.90480740160812,
            34.372949795120874
          ]
        ]
      },
      "properties": {
        "fault_name": "unnamed faults on the Cliff surface",
        "age": "middle and late Quaternary",
        "slip_rate": "Less than 0.2 mm/yr"
      }
    },
    {
      "type": "Feature",
      "geometry": {
        "type": "LineString",
        "coordinates": [
          [
            -106.81417396061677,
            34.37271033186545
          ],
          [
            -106.81453568972381,
            34.37220655110962
          ],
          [
            -106.81512106609891,
            34.37153083975883
          ],
          [
            -106.8159748168601,
            34.37045080721618
          ]
        ]
      },
      "properties": {
        "fault_name": "Contreras Cemetery fault",
        "age": "middle and late Quaternary",
        "slip_rate": "Less than 0.2 mm/yr"
      }
    },
    {
      "type": "Feature",
      "geometry": {
        "type": "LineString",
        "coordinates": [
          [
            -106.81157169574891,
            34.37594679115481
          ],
          [
            -106.81218827959698,
            34.375374650757706
          ]
        ]
      },
      "properties": {
        "fault_name": "Contreras Cemetery fault",
        "age": "middle and late Quaternary",
        "slip_rate": "Less than 0.2 mm/yr"
      }
    },
    {
      "type": "Feature",
      "geometry": {
        "type": "LineString",
        "coordinates": [
          [
            -106.8085545583401,
            34.3785439213563
          ],
          [
            -106.80907840191489,
            34.37805003491117
          ],
          [
            -106.80978870879319,
            34.3774939077995
          ]
        ]
      },
      "properties": {
        "fault_name": "Contreras Cemetery fault",
        "age": "middle and late Quaternary",
        "slip_rate": "Less than 0.2 mm/yr"
      }
    },
    {
      "type": "Feature",
      "geometry": {
        "type": "LineString",
        "coordinates": [
          [
            -106.80190669016604,
            34.389727289972974
          ],
          [
            -106.80190944979057,
            34.38971537723212
          ],
          [
            -106.80218838566945,
            34.38892063865627
          ],
          [
            -106.80281199164813,
            34.38733019293991
          ],
          [
            -106.80378190176205,
            34.38521323315954
          ],
          [
            -106.80466344639815,
            34.383768919918666
          ],
          [
            -106.80469066265631,
            34.383714708257536
          ]
        ]
      },
      "properties": {
        "fault_name": "Contreras Cemetery fault",
        "age": "middle and late Quaternary",
        "slip_rate": "Less than 0.2 mm/yr"
      }
    },
    {
      "type": "Feature",
      "geometry": {
        "type": "LineString",
        "coordinates": [
          [
            -106.8221796916316,
            34.36446885607559
          ],
          [
            -106.82274749785807,
            34.364164974935484
          ],
          [
            -106.82388068396143,
            34.36352332787925
          ],
          [
            -106.82457432439628,
            34.363146054773736
          ],
          [
            -106.8252211024177,
            34.36286389376165
          ]
        ]
      },
      "properties": {
        "fault_name": "Contreras Cemetery fault",
        "age": "middle and late Quaternary",
        "slip_rate": "Less than 0.2 mm/yr"
      }
    },
    {
      "type": "Feature",
      "geometry": {
        "type": "LineString",
        "coordinates": [
          [
            -106.8177052523717,
            34.36728254136079
          ],
          [
            -106.8179000259899,
            34.36701784780352
          ],
          [
            -106.81848053259785,
            34.366429985001844
          ],
          [
            -106.81924426767601,
            34.36593869212682
          ],
          [
            -106.82000698136969,
            34.36556188073898
          ],
          [
            -106.82123190881975,
            34.36495900301893
          ],
          [
            -106.8218101876058,
            34.3646191789656
          ],
          [
            -106.8221796916316,
            34.36446885607559
          ]
        ]
      },
      "properties": {
        "fault_name": "Contreras Cemetery fault",
        "age": "middle and late Quaternary",
        "slip_rate": "Less than 0.2 mm/yr"
      }
    },
    {
      "type": "Feature",
      "geometry": {
        "type": "LineString",
        "coordinates": [
          [
            -106.81218827959698,
            34.375374650757706
          ],
          [
            -106.81251371676655,
            34.37507266794717
          ],
          [
            -106.81312738468321,
            34.374537135996896
          ],
          [
            -106.81348672966148,
            34.37407435832198
          ],
          [
            -106.8139534116381,
            34.373209419183375
          ],
          [
            -106.81417396061677,
            34.37271033186545
          ]
        ]
      },
      "properties": {
        "fault_name": "Contreras Cemetery fault",
        "age": "middle and late Quaternary",
        "slip_rate": "Less than 0.2 mm/yr"
      }
    },
    {
      "type": "Feature",
      "geometry": {
        "type": "LineString",
        "coordinates": [
          [
            -106.80978870879319,
            34.3774939077995
          ],
          [
            -106.81016977413672,
            34.37719555221339
          ],
          [
            -106.81138380232744,
            34.37612114004225
          ],
          [
            -106.81157169574891,
            34.37594679115481
          ]
        ]
      },
      "properties": {
        "fault_name": "Contreras Cemetery fault",
        "age": "middle and late Quaternary",
        "slip_rate": "Less than 0.2 mm/yr"
      }
    },
    {
      "type": "Feature",
      "geometry": {
        "type": "LineString",
        "coordinates": [
          [
            -106.79464009206865,
            34.406437502757875
          ],
          [
            -106.79473386270956,
            34.406161657738245
          ],
          [
            -106.79571809286747,
            34.40373443405104
          ],
          [
            -106.79785185217868,
            34.399695421764775
          ],
          [
            -106.79929788825784,
            34.39695467080531
          ],
          [
            -106.80016473016765,
            34.39481539868387
          ],
          [
            -106.80046040884679,
            34.39413596700801
          ],
          [
            -106.80059273877299,
            34.39383188735904
          ],
          [
            -106.80066838859803,
            34.393658051242475
          ],
          [
            -106.80072893684479,
            34.39351891581977
          ],
          [
            -106.80073660935562,
            34.39349817509741
          ],
          [
            -106.80108254607997,
            34.39256291069068
          ],
          [
            -106.80111964470456,
            34.39241642885322
          ]
        ]
      },
      "properties": {
        "fault_name": "Contreras Cemetery fault",
        "age": "middle and late Quaternary",
        "slip_rate": "Less than 0.2 mm/yr"
      }
    },
    {
      "type": "Feature",
      "geometry": {
        "type": "LineString",
        "coordinates": [
          [
            -106.8159748168601,
            34.37045080721618
          ],
          [
            -106.81626084044656,
            34.36995431865545
          ],
          [
            -106.8167011568696,
            34.3689179838884
          ],
          [
            -106.81712396872102,
            34.36816811296523
          ],
          [
            -106.8174814290338,
            34.36760993895601
          ],
          [
            -106.8177052523717,
            34.36728254136079
          ]
        ]
      },
      "properties": {
        "fault_name": "Contreras Cemetery fault",
        "age": "middle and late Quaternary",
        "slip_rate": "Less than 0.2 mm/yr"
      }
    },
    {
      "type": "Feature",
      "geometry": {
        "type": "LineString",
        "coordinates": [
          [
            -106.80469066265631,
            34.383714708257536
          ],
          [
            -106.80511676593491,
            34.382865959242146
          ],
          [
            -106.80541949010083,
            34.38222421818776
          ],
          [
            -106.80550865777424,
            34.38202403706661
          ],
          [
            -106.80559412259204,
            34.381832167740875
          ],
          [
            -106.80574496230467,
            34.38149353531987
          ],
          [
            -106.80642051605957,
            34.380604327984145
          ],
          [
            -106.80716764308477,
            34.379821866353154
          ],
          [
            -106.80736116534977,
            34.37961918766859
          ],
          [
            -106.80740385329209,
            34.37958173399138
          ],
          [
            -106.80812363021012,
            34.3789501990668
          ],
          [
            -106.8085545583401,
            34.3785439213563
          ]
        ]
      },
      "properties": {
        "fault_name": "Contreras Cemetery fault",
        "age": "middle and late Quaternary",
        "slip_rate": "Less than 0.2 mm/yr"
      }
    },
    {
      "type": "Feature",
      "geometry": {
        "type": "LineString",
        "coordinates": [
          [
            -106.80111964470456,
            34.39241642885322
          ],
          [
            -106.80125144462474,
            34.39189602104427
          ],
          [
            -106.80132511456287,
            34.391605133345884
          ],
          [
            -106.80144610505523,
            34.3911126167522
          ],
          [
            -106.8015982167823,
            34.390537852748004
          ],
          [
            -106.80178904859305,
            34.39023514773825
          ],
          [
            -106.80190669016604,
            34.389727289972974
          ]
        ]
      },
      "properties": {
        "fault_name": "Contreras Cemetery fault",
        "age": "middle and late Quaternary",
        "slip_rate": "Less than 0.2 mm/yr"
      }
    },
    {
      "type": "Feature",
      "geometry": {
        "type": "LineString",
        "coordinates": [
          [
            -106.98282422541958,
            34.14815816777919
          ],
          [
            -106.98317690130519,
            34.14851509123911
          ],
          [
            -106.98348324029179,
            34.14885367724623
          ],
          [
            -106.98386154601077,
            34.14932469505993
          ],
          [
            -106.98403154678839,
            34.149722738214045
          ],
          [
            -106.98411288384747,
            34.15025581390422
          ],
          [
            -106.98421404582658,
            34.15065497002137
          ],
          [
            -106.98447718033961,
            34.151108764140346
          ],
          [
            -106.98467236628453,
            34.15160182696264
          ],
          [
            -106.98488871923252,
            34.152018205055214
          ],
          [
            -106.98505783696622,
            34.15237809100231
          ],
          [
            -106.98515989905721,
            34.15281540298207
          ],
          [
            -106.98521740560844,
            34.1533106912161
          ],
          [
            -106.9851309706101,
            34.15354111291224
          ],
          [
            -106.98502203640719,
            34.153790984679326
          ]
        ]
      },
      "properties": {
        "fault_name": "Socorro Canyon fault zone",
        "age": "middle and late Quaternary",
        "slip_rate": "Less than 0.2 mm/yr"
      }
    },
    {
      "type": "Feature",
      "geometry": {
        "type": "LineString",
        "coordinates": [
          [
            -106.97457726890318,
            34.141689496659275
          ],
          [
            -106.97484745968278,
            34.141759582704296
          ],
          [
            -106.97561131333852,
            34.14203357169772
          ],
          [
            -106.97610071640364,
            34.142350143763
          ],
          [
            -106.97663645996099,
            34.142685052673194
          ],
          [
            -106.97716998198463,
            34.14292457085915
          ],
          [
            -106.97775029006492,
            34.14320150099631
          ],
          [
            -106.97819203660586,
            34.14344249203344
          ],
          [
            -106.97863467697056,
            34.14372163677119
          ],
          [
            -106.97926399982768,
            34.14413136767223
          ],
          [
            -106.97956808134799,
            34.14437457382501
          ],
          [
            -106.97994367325649,
            34.144731137077414
          ],
          [
            -106.98027204073051,
            34.145031205305614
          ],
          [
            -106.98057924569304,
            34.145407955185725
          ],
          [
            -106.98072182270167,
            34.14561559286793
          ],
          [
            -106.98074788731964,
            34.14574877063516
          ]
        ]
      },
      "properties": {
        "fault_name": "Socorro Canyon fault zone",
        "age": "middle and late Quaternary",
        "slip_rate": "Less than 0.2 mm/yr"
      }
    },
    {
      "type": "Feature",
      "geometry": {
        "type": "LineString",
        "coordinates": [
          [
            -106.97896245964132,
            34.158755625353834
          ],
          [
            -106.97871001328353,
            34.15875969589674
          ]
        ]
      },
      "properties": {
        "fault_name": "Socorro Canyon fault zone",
        "age": "middle and late Quaternary",
        "slip_rate": "Less than 0.2 mm/yr"
      }
    },
    {
      "type": "Feature",
      "geometry": {
        "type": "LineString",
        "coordinates": [
          [
            -106.97871001328353,
            34.15875969589674
          ],
          [
            -106.97838871734744,
            34.15876487699284
          ],
          [
            -106.97740098914981,
            34.15874262801093
          ],
          [
            -106.97680429579877,
            34.158752243145855
          ],
          [
            -106.97657702293021,
            34.15885133063374
          ],
          [
            -106.97637803441668,
            34.15917898826694
          ],
          [
            -106.9760952483585,
            34.159851530173945
          ],
          [
            -106.97580934514629,
            34.160390524236405
          ],
          [
            -106.97565713909611,
            34.16075559710512
          ],
          [
            -106.97562102233012,
            34.16088640878774
          ]
        ]
      },
      "properties": {
        "fault_name": "Socorro Canyon fault zone",
        "age": "middle and late Quaternary",
        "slip_rate": "Less than 0.2 mm/yr"
      }
    },
    {
      "type": "Feature",
      "geometry": {
        "type": "LineString",
        "coordinates": [
          [
            -106.97871001328353,
            34.15875969589674
          ],
          [
            -106.97858255402282,
            34.159200715310234
          ],
          [
            -106.97829266408736,
            34.15956801217915
          ],
          [
            -106.97788623930337,
            34.15986084264619
          ],
          [
            -106.97725164692879,
            34.16021460804671
          ],
          [
            -106.9764118308343,
            34.16062893074855
          ],
          [
            -106.97562102233012,
            34.16088640878774
          ]
        ]
      },
      "properties": {
        "fault_name": "Socorro Canyon fault zone",
        "age": "middle and late Quaternary",
        "slip_rate": "Less than 0.2 mm/yr"
      }
    },
    {
      "type": "Feature",
      "geometry": {
        "type": "LineString",
        "coordinates": [
          [
            -106.97562102233012,
            34.16088640878774
          ],
          [
            -106.97553010563684,
            34.161215690856096
          ]
        ]
      },
      "properties": {
        "fault_name": "Socorro Canyon fault zone",
        "age": "middle and late Quaternary",
        "slip_rate": "Less than 0.2 mm/yr"
      }
    },
    {
      "type": "Feature",
      "geometry": {
        "type": "LineString",
        "coordinates": [
          [
            -106.97510754172045,
            34.16278749409309
          ],
          [
            -106.97486085985186,
            34.1630395751041
          ],
          [
            -106.97450119776829,
            34.16336981432399
          ],
          [
            -106.97412213836279,
            34.16385304680663
          ],
          [
            -106.97394830088058,
            34.16427572188546
          ],
          [
            -106.9739108384383,
            34.164638945743256
          ],
          [
            -106.97385308844363,
            34.16511700883754
          ],
          [
            -106.9736311246184,
            34.16544503163574
          ],
          [
            -106.97313196315436,
            34.16570116897352
          ],
          [
            -106.97265486072044,
            34.16591877988843
          ],
          [
            -106.97249863830265,
            34.166112146015976
          ],
          [
            -106.97243599787956,
            34.16638034766124
          ],
          [
            -106.97234951706714,
            34.16661076268098
          ],
          [
            -106.97210547804211,
            34.16697730708484
          ],
          [
            -106.97192541164172,
            34.16713288524804
          ]
        ]
      },
      "properties": {
        "fault_name": "Socorro Canyon fault zone",
        "age": "middle and late Quaternary",
        "slip_rate": "Less than 0.2 mm/yr"
      }
    },
    {
      "type": "Feature",
      "geometry": {
        "type": "LineString",
        "coordinates": [
          [
            -106.97408094881038,
            34.141371120629394
          ],
          [
            -106.97435806380419,
            34.14144300470884
          ],
          [
            -106.97457726890318,
            34.141689496659275
          ]
        ]
      },
      "properties": {
        "fault_name": "Socorro Canyon fault zone",
        "age": "middle and late Quaternary",
        "slip_rate": "Less than 0.2 mm/yr"
      }
    },
    {
      "type": "Feature",
      "geometry": {
        "type": "LineString",
        "coordinates": [
          [
            -106.97364720985186,
            34.141473523676886
          ],
          [
            -106.97422394533227,
            34.141597847019455
          ],
          [
            -106.97457726890318,
            34.141689496659275
          ]
        ]
      },
      "properties": {
        "fault_name": "Socorro Canyon fault zone",
        "age": "middle and late Quaternary",
        "slip_rate": "Less than 0.2 mm/yr"
      }
    },
    {
      "type": "Feature",
      "geometry": {
        "type": "LineString",
        "coordinates": [
          [
            -106.97192541164172,
            34.16713288524804
          ],
          [
            -106.9723151547109,
            34.16710753532376
          ],
          [
            -106.97277686002084,
            34.167214623204636
          ],
          [
            -106.97298831176064,
            34.16742116075661
          ],
          [
            -106.97292700533576,
            34.16774659770775
          ],
          [
            -106.97265912502309,
            34.168075357264506
          ],
          [
            -106.97224864793886,
            34.16819646922136
          ],
          [
            -106.97181521620415,
            34.16831794817396
          ],
          [
            -106.9713579431818,
            34.16840163826369
          ],
          [
            -106.9708754975686,
            34.16839030284319
          ],
          [
            -106.9703829036876,
            34.16833001274037
          ]
        ]
      },
      "properties": {
        "fault_name": "Socorro Canyon fault zone",
        "age": "middle and late Quaternary",
        "slip_rate": "Less than 0.2 mm/yr"
      }
    },
    {
      "type": "Feature",
      "geometry": {
        "type": "LineString",
        "coordinates": [
          [
            -106.9716103077929,
            34.14074284534273
          ],
          [
            -106.97196068758464,
            34.14100441228489
          ],
          [
            -106.97230796818864,
            34.141132430013386
          ],
          [
            -106.97267819266332,
            34.14126007728672
          ]
        ]
      },
      "properties": {
        "fault_name": "Socorro Canyon fault zone",
        "age": "middle and late Quaternary",
        "slip_rate": "Less than 0.2 mm/yr"
      }
    },
    {
      "type": "Feature",
      "geometry": {
        "type": "LineString",
        "coordinates": [
          [
            -106.9723605393957,
            34.15622814308352
          ],
          [
            -106.9723112155984,
            34.15706869178864
          ]
        ]
      },
      "properties": {
        "fault_name": "Socorro Canyon fault zone",
        "age": "middle and late Quaternary",
        "slip_rate": "Less than 0.2 mm/yr"
      }
    },
    {
      "type": "Feature",
      "geometry": {
        "type": "LineString",
        "coordinates": [
          [
            -106.9716103077929,
            34.14074284534273
          ],
          [
            -106.97234897987461,
            34.14092183110763
          ]
        ]
      },
      "properties": {
        "fault_name": "Socorro Canyon fault zone",
        "age": "middle and late Quaternary",
        "slip_rate": "Less than 0.2 mm/yr"
      }
    },
    {
      "type": "Feature",
      "geometry": {
        "type": "LineString",
        "coordinates": [
          [
            -106.97192541164172,
            34.16713288524804
          ],
          [
            -106.9717903634135,
            34.167249567195704
          ],
          [
            -106.971314136837,
            34.167505329655185
          ],
          [
            -106.97086396499697,
            34.16789426986267
          ],
          [
            -106.97059563373003,
            34.1682039456661
          ],
          [
            -106.9703829036876,
            34.16833001274037
          ]
        ]
      },
      "properties": {
        "fault_name": "Socorro Canyon fault zone",
        "age": "middle and late Quaternary",
        "slip_rate": "Less than 0.2 mm/yr"
      }
    },
    {
      "type": "Feature",
      "geometry": {
        "type": "LineString",
        "coordinates": [
          [
            -106.96660427519224,
            34.13965895008593
          ],
          [
            -106.96704287762972,
            34.13976643263521
          ],
          [
            -106.967552527823,
            34.139968203779546
          ],
          [
            -106.96852151985873,
            34.140181692095446
          ],
          [
            -106.96912029819957,
            34.14026751419145
          ],
          [
            -106.9698121860213,
            34.14040909529162
          ],
          [
            -106.97064174605018,
            34.14054846200378
          ],
          [
            -106.97124097175204,
            34.14065335231807
          ],
          [
            -106.9716103077929,
            34.14074284534273
          ]
        ]
      },
      "properties": {
        "fault_name": "Socorro Canyon fault zone",
        "age": "middle and late Quaternary",
        "slip_rate": "Less than 0.2 mm/yr"
      }
    },
    {
      "type": "Feature",
      "geometry": {
        "type": "LineString",
        "coordinates": [
          [
            -106.97132907492185,
            34.1632108828747
          ],
          [
            -106.97133439923654,
            34.16343982068634
          ]
        ]
      },
      "properties": {
        "fault_name": "Socorro Canyon fault zone",
        "age": "middle and late Quaternary",
        "slip_rate": "Less than 0.2 mm/yr"
      }
    },
    {
      "type": "Feature",
      "geometry": {
        "type": "LineString",
        "coordinates": [
          [
            -106.9712647744121,
            34.16439520925284
          ],
          [
            -106.97122552611906,
            34.164682119766965
          ]
        ]
      },
      "properties": {
        "fault_name": "Socorro Canyon fault zone",
        "age": "middle and late Quaternary",
        "slip_rate": "Less than 0.2 mm/yr"
      }
    },
    {
      "type": "Feature",
      "geometry": {
        "type": "LineString",
        "coordinates": [
          [
            -106.96883640721357,
            34.14386013112935
          ],
          [
            -106.9690504461014,
            34.14418114974021
          ],
          [
            -106.96945425499129,
            34.144766319360585
          ],
          [
            -106.96990617764777,
            34.145446140763724
          ],
          [
            -106.97023938883781,
            34.145956098202404
          ],
          [
            -106.9704569832575,
            34.14642974019861
          ],
          [
            -106.97053114008253,
            34.146657574134714
          ]
        ]
      },
      "properties": {
        "fault_name": "Socorro Canyon fault zone",
        "age": "middle and late Quaternary",
        "slip_rate": "Less than 0.2 mm/yr"
      }
    },
    {
      "type": "Feature",
      "geometry": {
        "type": "LineString",
        "coordinates": [
          [
            -106.9703829036876,
            34.16833001274037
          ],
          [
            -106.9701653029797,
            34.168458967179696
          ]
        ]
      },
      "properties": {
        "fault_name": "Socorro Canyon fault zone",
        "age": "middle and late Quaternary",
        "slip_rate": "Less than 0.2 mm/yr"
      }
    },
    {
      "type": "Feature",
      "geometry": {
        "type": "LineString",
        "coordinates": [
          [
            -106.96826634980903,
            34.17270731263454
          ],
          [
            -106.96793179024776,
            34.17313255726798
          ],
          [
            -106.96759235642774,
            34.173347940935706
          ],
          [
            -106.96722775181351,
            34.17346829988429
          ],
          [
            -106.96690772699354,
            34.17353068886446
          ]
        ]
      },
      "properties": {
        "fault_name": "Socorro Canyon fault zone",
        "age": "middle and late Quaternary",
        "slip_rate": "Less than 0.2 mm/yr"
      }
    },
    {
      "type": "Feature",
      "geometry": {
        "type": "LineString",
        "coordinates": [
          [
            -106.96647348587676,
            34.13961202415282
          ],
          [
            -106.96660427519224,
            34.13965895008593
          ]
        ]
      },
      "properties": {
        "fault_name": "Socorro Canyon fault zone",
        "age": "middle and late Quaternary",
        "slip_rate": "Less than 0.2 mm/yr"
      }
    },
    {
      "type": "Feature",
      "geometry": {
        "type": "LineString",
        "coordinates": [
          [
            -106.96540979074884,
            34.13862838177783
          ],
          [
            -106.96583428155152,
            34.13911780730351
          ],
          [
            -106.96609507056331,
            34.13947625300774
          ],
          [
            -106.96647348587676,
            34.13961202415282
          ]
        ]
      },
      "properties": {
        "fault_name": "Socorro Canyon fault zone",
        "age": "middle and late Quaternary",
        "slip_rate": "Less than 0.2 mm/yr"
      }
    },
    {
      "type": "Feature",
      "geometry": {
        "type": "LineString",
        "coordinates": [
          [
            -106.96646458716558,
            34.17422486488426
          ],
          [
            -106.96622138806532,
            34.17462955603668
          ]
        ]
      },
      "properties": {
        "fault_name": "Socorro Canyon fault zone",
        "age": "middle and late Quaternary",
        "slip_rate": "Less than 0.2 mm/yr"
      }
    },
    {
      "type": "Feature",
      "geometry": {
        "type": "LineString",
        "coordinates": [
          [
            -106.96333295498222,
            34.133355108262315
          ],
          [
            -106.96327327540632,
            34.13358583868829
          ],
          [
            -106.9631682677395,
            34.13400739896335
          ],
          [
            -106.96306899581577,
            34.134676978961636
          ],
          [
            -106.96312679881103,
            34.13519136231778
          ],
          [
            -106.96334520620609,
            34.13570317731199
          ],
          [
            -106.96365539177873,
            34.136213522944225
          ],
          [
            -106.96394131475388,
            34.136666999819305
          ],
          [
            -106.96408648430042,
            34.13698912983176
          ],
          [
            -106.96411561127522,
            34.13725586032414
          ],
          [
            -106.96421268591976,
            34.13748333310713
          ],
          [
            -106.9645422948655,
            34.13784068086416
          ],
          [
            -106.96491956392863,
            34.138273609196695
          ],
          [
            -106.96540979074884,
            34.13862838177783
          ]
        ]
      },
      "properties": {
        "fault_name": "Socorro Canyon fault zone",
        "age": "middle and late Quaternary",
        "slip_rate": "Less than 0.2 mm/yr"
      }
    },
    {
      "type": "Feature",
      "geometry": {
        "type": "LineString",
        "coordinates": [
          [
            -106.96475227785979,
            34.13600511489599
          ],
          [
            -106.96476022884835,
            34.13634852605037
          ],
          [
            -106.96481583366614,
            34.13676751701231
          ],
          [
            -106.96493982992143,
            34.13716632568632
          ],
          [
            -106.96517943216728,
            34.13760145608771
          ],
          [
            -106.9653263767848,
            34.13799989798596
          ],
          [
            -106.96540272100755,
            34.138323129278604
          ],
          [
            -106.96540979074884,
            34.13862838177783
          ]
        ]
      },
      "properties": {
        "fault_name": "Socorro Canyon fault zone",
        "age": "middle and late Quaternary",
        "slip_rate": "Less than 0.2 mm/yr"
      }
    },
    {
      "type": "Feature",
      "geometry": {
        "type": "LineString",
        "coordinates": [
          [
            -106.96272797377435,
            34.22304767611028
          ],
          [
            -106.96302262028924,
            34.223863624166306
          ],
          [
            -106.96327000733531,
            34.22462307134077
          ],
          [
            -106.96342508529945,
            34.2253649120778
          ],
          [
            -106.96355276913899,
            34.225916338652624
          ],
          [
            -106.96361332097904,
            34.22654518168913
          ],
          [
            -106.96367608986118,
            34.22726941521771
          ],
          [
            -106.9639243824091,
            34.22806701701386
          ],
          [
            -106.96414749338295,
            34.228769595923424
          ],
          [
            -106.96430214374901,
            34.22949235607977
          ],
          [
            -106.96443338761202,
            34.23019640481075
          ],
          [
            -106.96458893090347,
            34.23095732188724
          ],
          [
            -106.96478953189293,
            34.231679344334175
          ],
          [
            -106.96496361910678,
            34.23224910977877
          ],
          [
            -106.96516333884895,
            34.23293297592028
          ],
          [
            -106.96511127608836,
            34.23365904909872
          ],
          [
            -106.96492449567953,
            34.23452087707289
          ],
          [
            -106.96496520104002,
            34.23528363179454
          ],
          [
            -106.96507127321044,
            34.23589265822944
          ],
          [
            -106.96513716822979,
            34.236750435922566
          ],
          [
            -106.96508510457085,
            34.237476508115904
          ],
          [
            -106.9649442604124,
            34.23833759967497
          ],
          [
            -106.9646642528434,
            34.23914366663345
          ],
          [
            -106.96438379701509,
            34.239930653728344
          ],
          [
            -106.96396195624249,
            34.24056722602649
          ],
          [
            -106.96327042505193,
            34.241465767169196
          ],
          [
            -106.9630747513218,
            34.241946031031546
          ],
          [
            -106.96266877569546,
            34.24227698088381
          ],
          [
            -106.96187536297525,
            34.242747728869496
          ],
          [
            -106.96101612081276,
            34.24335312124881
          ],
          [
            -106.96011180478253,
            34.243997398039745
          ],
          [
            -106.95893842805334,
            34.24493224829544
          ],
          [
            -106.95812774073026,
            34.24565135732516
          ],
          [
            -106.95629161123898,
            34.24674945086668
          ],
          [
            -106.95394292640277,
            34.24804654408535
          ],
          [
            -106.9523090516994,
            34.24895050320642
          ],
          [
            -106.95167457700413,
            34.24934231266253
          ],
          [
            -106.95122036993185,
            34.24957856830069
          ],
          [
            -106.95094907691941,
            34.249773740021304
          ],
          [
            -106.95065436931908,
            34.2499501978324
          ],
          [
            -106.95051828174006,
            34.25002870492163
          ],
          [
            -106.95016501116974,
            34.25023250312623
          ]
        ]
      },
      "properties": {
        "fault_name": "Socorro Canyon fault zone",
        "age": "middle and late Quaternary",
        "slip_rate": "Less than 0.2 mm/yr"
      }
    },
    {
      "type": "Feature",
      "geometry": {
        "type": "LineString",
        "coordinates": [
          [
            -106.96356795695552,
            34.20578114590138
          ],
          [
            -106.96394376895125,
            34.20613774769695
          ],
          [
            -106.96425113830549,
            34.20651453019728
          ],
          [
            -106.96453643515488,
            34.20692983578038
          ],
          [
            -106.96470780406668,
            34.207385137075114
          ],
          [
            -106.96462702306476,
            34.20786356269617
          ],
          [
            -106.96447469394542,
            34.208228624074195
          ],
          [
            -106.96427510895053,
            34.208537185307144
          ]
        ]
      },
      "properties": {
        "fault_name": "Socorro Canyon fault zone",
        "age": "middle and late Quaternary",
        "slip_rate": "Less than 0.2 mm/yr"
      }
    },
    {
      "type": "Feature",
      "geometry": {
        "type": "LineString",
        "coordinates": [
          [
            -106.96333295498222,
            34.133355108262315
          ],
          [
            -106.96361477355484,
            34.1334658630796
          ],
          [
            -106.9639002428808,
            34.13390026228073
          ],
          [
            -106.96421528294923,
            34.13462046881537
          ],
          [
            -106.96438780978946,
            34.13513301668979
          ]
        ]
      },
      "properties": {
        "fault_name": "Socorro Canyon fault zone",
        "age": "middle and late Quaternary",
        "slip_rate": "Less than 0.2 mm/yr"
      }
    },
    {
      "type": "Feature",
      "geometry": {
        "type": "LineString",
        "coordinates": [
          [
            -106.96356903583215,
            34.20087620776641
          ],
          [
            -106.96366751903508,
            34.201160910954
          ]
        ]
      },
      "properties": {
        "fault_name": "Socorro Canyon fault zone",
        "age": "middle and late Quaternary",
        "slip_rate": "Less than 0.2 mm/yr"
      }
    },
    {
      "type": "Feature",
      "geometry": {
        "type": "LineString",
        "coordinates": [
          [
            -106.96356115311555,
            34.181714664823446
          ],
          [
            -106.9631815089068,
            34.18217879028844
          ],
          [
            -106.96284688915841,
            34.182604022861604
          ],
          [
            -106.96255906265317,
            34.183066675755406
          ],
          [
            -106.96238645855784,
            34.183546571794494
          ],
          [
            -106.96216838174284,
            34.1840462796493
          ],
          [
            -106.96210437228727,
            34.18425724289029
          ]
        ]
      },
      "properties": {
        "fault_name": "Socorro Canyon fault zone",
        "age": "middle and late Quaternary",
        "slip_rate": "Less than 0.2 mm/yr"
      }
    },
    {
      "type": "Feature",
      "geometry": {
        "type": "LineString",
        "coordinates": [
          [
            -106.95653350688373,
            34.12497136876958
          ],
          [
            -106.95679553018076,
            34.12538707422998
          ],
          [
            -106.95731210818153,
            34.125894147706674
          ],
          [
            -106.95768752402022,
            34.12625078670588
          ],
          [
            -106.95822441292955,
            34.12664302004871
          ],
          [
            -106.95871454273171,
            34.126997825091784
          ],
          [
            -106.959183497446,
            34.127429308344624
          ],
          [
            -106.95986157456856,
            34.12797196486078
          ],
          [
            -106.96030583459569,
            34.1283274952951
          ],
          [
            -106.96075098215833,
            34.12872118167713
          ],
          [
            -106.96110524806197,
            34.12915448911501
          ],
          [
            -106.96157907613669,
            34.12979582632846
          ],
          [
            -106.96191040625449,
            34.13022949708013
          ],
          [
            -106.96229468217686,
            34.130967688802045
          ],
          [
            -106.96265514016774,
            34.13166808902848
          ],
          [
            -106.96301736873808,
            34.13244480168466
          ],
          [
            -106.9633275399377,
            34.13295514914703
          ],
          [
            -106.9633575445665,
            34.13326003809884
          ],
          [
            -106.96333295498222,
            34.133355108262315
          ]
        ]
      },
      "properties": {
        "fault_name": "Socorro Canyon fault zone",
        "age": "middle and late Quaternary",
        "slip_rate": "Less than 0.2 mm/yr"
      }
    },
    {
      "type": "Feature",
      "geometry": {
        "type": "LineString",
        "coordinates": [
          [
            -106.96285472426432,
            34.19285272528176
          ],
          [
            -106.96281720792311,
            34.19321594577016
          ],
          [
            -106.96280928298566,
            34.193864975121286
          ],
          [
            -106.96290823331252,
            34.19516119323331
          ],
          [
            -106.96297228498892,
            34.19594266572152
          ],
          [
            -106.9629687860509,
            34.19678247564933
          ],
          [
            -106.96300855177358,
            34.19750708091656
          ],
          [
            -106.96308937769125,
            34.198021091218585
          ],
          [
            -106.9631017636624,
            34.19855528176313
          ],
          [
            -106.96316184029365,
            34.19916504999957
          ],
          [
            -106.96324089832687,
            34.19960274591323
          ],
          [
            -106.96334291729873,
            34.200040074752
          ]
        ]
      },
      "properties": {
        "fault_name": "Socorro Canyon fault zone",
        "age": "middle and late Quaternary",
        "slip_rate": "Less than 0.2 mm/yr"
      }
    },
    {
      "type": "Feature",
      "geometry": {
        "type": "LineString",
        "coordinates": [
          [
            -106.96201079388581,
            34.21490975063707
          ],
          [
            -106.9621326979648,
            34.21521316400589
          ]
        ]
      },
      "properties": {
        "fault_name": "Socorro Canyon fault zone",
        "age": "middle and late Quaternary",
        "slip_rate": "Less than 0.2 mm/yr"
      }
    },
    {
      "type": "Feature",
      "geometry": {
        "type": "LineString",
        "coordinates": [
          [
            -106.961956949766,
            34.185824599820315
          ],
          [
            -106.96201258692311,
            34.18624358832176
          ]
        ]
      },
      "properties": {
        "fault_name": "Socorro Canyon fault zone",
        "age": "middle and late Quaternary",
        "slip_rate": "Less than 0.2 mm/yr"
      }
    },
    {
      "type": "Feature",
      "geometry": {
        "type": "LineString",
        "coordinates": [
          [
            -106.96078277443455,
            34.161879284868945
          ],
          [
            -106.96098138385902,
            34.162525015664
          ],
          [
            -106.96122678203508,
            34.16320816907478
          ],
          [
            -106.96146953467262,
            34.16377684985643
          ],
          [
            -106.96157281757411,
            34.16427141970082
          ],
          [
            -106.96172156331379,
            34.164746177237504
          ],
          [
            -106.9618438267189,
            34.16506867290944
          ],
          [
            -106.96191753797955,
            34.1652774351609
          ]
        ]
      },
      "properties": {
        "fault_name": "Socorro Canyon fault zone",
        "age": "middle and late Quaternary",
        "slip_rate": "Less than 0.2 mm/yr"
      }
    },
    {
      "type": "Feature",
      "geometry": {
        "type": "LineString",
        "coordinates": [
          [
            -106.95926415897202,
            34.15776200635708
          ],
          [
            -106.95941155634046,
            34.15817953228443
          ]
        ]
      },
      "properties": {
        "fault_name": "Socorro Canyon fault zone",
        "age": "middle and late Quaternary",
        "slip_rate": "Less than 0.2 mm/yr"
      }
    },
    {
      "type": "Feature",
      "geometry": {
        "type": "LineString",
        "coordinates": [
          [
            -106.95911585430511,
            34.10592085467659
          ],
          [
            -106.95901876977909,
            34.1066858271778
          ]
        ]
      },
      "properties": {
        "fault_name": "Socorro Canyon fault zone",
        "age": "middle and late Quaternary",
        "slip_rate": "Less than 0.2 mm/yr"
      }
    },
    {
      "type": "Feature",
      "geometry": {
        "type": "LineString",
        "coordinates": [
          [
            -106.95726853899194,
            34.15137159920882
          ],
          [
            -106.95741811477494,
            34.15188452125051
          ],
          [
            -106.95758887912055,
            34.15232076231765
          ],
          [
            -106.95773846029347,
            34.15283368305553
          ],
          [
            -106.95798512060249,
            34.15357407994686
          ]
        ]
      },
      "properties": {
        "fault_name": "Socorro Canyon fault zone",
        "age": "middle and late Quaternary",
        "slip_rate": "Less than 0.2 mm/yr"
      }
    },
    {
      "type": "Feature",
      "geometry": {
        "type": "LineString",
        "coordinates": [
          [
            -106.94973306165528,
            34.13314082790252
          ],
          [
            -106.95038672526333,
            34.13461911480208
          ],
          [
            -106.95088651914133,
            34.135393679740616
          ],
          [
            -106.951178073655,
            34.13609521065107
          ],
          [
            -106.95197427923742,
            34.1377811622926
          ],
          [
            -106.9524312917483,
            34.138689997963326
          ],
          [
            -106.95299019387369,
            34.14003617671799
          ],
          [
            -106.95352309516147,
            34.141249170194044
          ],
          [
            -106.95379350423167,
            34.14202737099442
          ],
          [
            -106.95408730633018,
            34.14282428403485
          ],
          [
            -106.95428537317224,
            34.1434509528033
          ],
          [
            -106.9545999317437,
            34.14415210605304
          ],
          [
            -106.9549365637183,
            34.144814736795986
          ],
          [
            -106.95517701936367,
            34.145288043942756
          ],
          [
            -106.95532524857208,
            34.14574373371459
          ],
          [
            -106.95554144431487,
            34.1461601689356
          ],
          [
            -106.95574041037054,
            34.14682499122381
          ],
          [
            -106.95606005430481,
            34.14774554212593
          ],
          [
            -106.95647875456717,
            34.14897942380217
          ],
          [
            -106.9567496604057,
            34.14977669427233
          ]
        ]
      },
      "properties": {
        "fault_name": "Socorro Canyon fault zone",
        "age": "middle and late Quaternary",
        "slip_rate": "Less than 0.2 mm/yr"
      }
    },
    {
      "type": "Feature",
      "geometry": {
        "type": "LineString",
        "coordinates": [
          [
            -106.95658531362447,
            34.09765896536188
          ],
          [
            -106.9564392727121,
            34.098291118033096
          ]
        ]
      },
      "properties": {
        "fault_name": "Socorro Canyon fault zone",
        "age": "middle and late Quaternary",
        "slip_rate": "Less than 0.2 mm/yr"
      }
    },
    {
      "type": "Feature",
      "geometry": {
        "type": "LineString",
        "coordinates": [
          [
            -106.95557103571865,
            34.123364317646974
          ],
          [
            -106.95590890287679,
            34.1240841863536
          ],
          [
            -106.95653350688373,
            34.12497136876958
          ]
        ]
      },
      "properties": {
        "fault_name": "Socorro Canyon fault zone",
        "age": "middle and late Quaternary",
        "slip_rate": "Less than 0.2 mm/yr"
      }
    },
    {
      "type": "Feature",
      "geometry": {
        "type": "LineString",
        "coordinates": [
          [
            -106.95600137635046,
            34.102191556714075
          ],
          [
            -106.95581033343561,
            34.10286259591152
          ],
          [
            -106.95550680617583,
            34.103630854770856
          ],
          [
            -106.95512656728238,
            34.10405679303501
          ],
          [
            -106.95476486961637,
            34.10429157913896
          ],
          [
            -106.95410632635969,
            34.10458834406949
          ],
          [
            -106.95306006842976,
            34.10498670130529
          ],
          [
            -106.95219772258791,
            34.1054012122589
          ],
          [
            -106.95185916821858,
            34.105645162086375
          ],
          [
            -106.95152060756105,
            34.10588911492952
          ],
          [
            -106.9508430469698,
            34.106357936976316
          ],
          [
            -106.95034809231622,
            34.10678568382107
          ],
          [
            -106.95012967863299,
            34.10726629228867
          ],
          [
            -106.94986976997016,
            34.10793841733689
          ],
          [
            -106.94953535593595,
            34.108363610956154
          ],
          [
            -106.94928830665643,
            34.10859655911978
          ],
          [
            -106.94904038331609,
            34.10879135212303
          ],
          [
            -106.94884008056731,
            34.109061729081326
          ]
        ]
      },
      "properties": {
        "fault_name": "Socorro Canyon fault zone",
        "age": "middle and late Quaternary",
        "slip_rate": "Less than 0.2 mm/yr"
      }
    },
    {
      "type": "Feature",
      "geometry": {
        "type": "LineString",
        "coordinates": [
          [
            -106.95313709806703,
            34.11831676170174
          ],
          [
            -106.95338009324972,
            34.118904548978
          ],
          [
            -106.95372011726285,
            34.119719817059185
          ],
          [
            -106.95405707532592,
            34.12040153627756
          ],
          [
            -106.95439096384567,
            34.12094970093879
          ],
          [
            -106.9547506528787,
            34.12162151200618
          ],
          [
            -106.95504218493447,
            34.12232303600121
          ],
          [
            -106.95540166555836,
            34.1229853039605
          ]
        ]
      },
      "properties": {
        "fault_name": "Socorro Canyon fault zone",
        "age": "middle and late Quaternary",
        "slip_rate": "Less than 0.2 mm/yr"
      }
    },
    {
      "type": "Feature",
      "geometry": {
        "type": "LineString",
        "coordinates": [
          [
            -106.95393404925115,
            34.09609798534493
          ],
          [
            -106.95387358185273,
            34.096461573695784
          ]
        ]
      },
      "properties": {
        "fault_name": "Socorro Canyon fault zone",
        "age": "middle and late Quaternary",
        "slip_rate": "Less than 0.2 mm/yr"
      }
    },
    {
      "type": "Feature",
      "geometry": {
        "type": "LineString",
        "coordinates": [
          [
            -106.95321246582107,
            34.176866986198185
          ],
          [
            -106.9532190621502,
            34.17715316167499
          ]
        ]
      },
      "properties": {
        "fault_name": "Socorro Canyon fault zone",
        "age": "middle and late Quaternary",
        "slip_rate": "Less than 0.2 mm/yr"
      }
    },
    {
      "type": "Feature",
      "geometry": {
        "type": "LineString",
        "coordinates": [
          [
            -106.95253686355711,
            34.11716208797475
          ],
          [
            -106.9529201171967,
            34.117862160073734
          ]
        ]
      },
      "properties": {
        "fault_name": "Socorro Canyon fault zone",
        "age": "middle and late Quaternary",
        "slip_rate": "Less than 0.2 mm/yr"
      }
    },
    {
      "type": "Feature",
      "geometry": {
        "type": "LineString",
        "coordinates": [
          [
            -106.9528193199336,
            34.17973605826791
          ],
          [
            -106.95267094070654,
            34.18027281035073
          ],
          [
            -106.95258747104697,
            34.18063676202288
          ],
          [
            -106.95248280384165,
            34.181077392176974
          ],
          [
            -106.95246864100288,
            34.18145932517125
          ]
        ]
      },
      "properties": {
        "fault_name": "Socorro Canyon fault zone",
        "age": "middle and late Quaternary",
        "slip_rate": "Less than 0.2 mm/yr"
      }
    },
    {
      "type": "Feature",
      "geometry": {
        "type": "LineString",
        "coordinates": [
          [
            -106.95255227595246,
            34.18409177936923
          ],
          [
            -106.95259062413362,
            34.18475915804091
          ],
          [
            -106.95267620663074,
            34.18548304028268
          ]
        ]
      },
      "properties": {
        "fault_name": "Socorro Canyon fault zone",
        "age": "middle and late Quaternary",
        "slip_rate": "Less than 0.2 mm/yr"
      }
    },
    {
      "type": "Feature",
      "geometry": {
        "type": "LineString",
        "coordinates": [
          [
            -106.9523671448505,
            34.09579845012513
          ],
          [
            -106.95258450031832,
            34.0962721343657
          ]
        ]
      },
      "properties": {
        "fault_name": "Socorro Canyon fault zone",
        "age": "middle and late Quaternary",
        "slip_rate": "Less than 0.2 mm/yr"
      }
    },
    {
      "type": "Feature",
      "geometry": {
        "type": "LineString",
        "coordinates": [
          [
            -106.95240540769171,
            34.19557079190064
          ],
          [
            -106.95235104434566,
            34.19620147375165
          ],
          [
            -106.95229272122583,
            34.19666045070047
          ],
          [
            -106.95214255524968,
            34.197120890355755
          ],
          [
            -106.95190098389675,
            34.197601869970256
          ]
        ]
      },
      "properties": {
        "fault_name": "Socorro Canyon fault zone",
        "age": "middle and late Quaternary",
        "slip_rate": "Less than 0.2 mm/yr"
      }
    },
    {
      "type": "Feature",
      "geometry": {
        "type": "LineString",
        "coordinates": [
          [
            -106.93876098307949,
            34.06301475380217
          ],
          [
            -106.93902848160816,
            34.06469008192297
          ],
          [
            -106.93972940019344,
            34.06626313669158
          ],
          [
            -106.94062201656538,
            34.06819578888291
          ],
          [
            -106.94127148414276,
            34.069521532296925
          ],
          [
            -106.9419257630968,
            34.071057139154846
          ],
          [
            -106.94231218868762,
            34.071909888267726
          ],
          [
            -106.94295779081433,
            34.07306390931458
          ],
          [
            -106.9440637938972,
            34.074792756922115
          ],
          [
            -106.9454000962728,
            34.07706188933489
          ],
          [
            -106.94654343333889,
            34.078914175756545
          ],
          [
            -106.94764052782907,
            34.080748099969966
          ],
          [
            -106.94864551625655,
            34.08256438708861
          ],
          [
            -106.9492943532166,
            34.08385191768066
          ],
          [
            -106.94994605310745,
            34.08526345692158
          ],
          [
            -106.95043660601613,
            34.086648923039405
          ],
          [
            -106.95068910986606,
            34.08765645403832
          ],
          [
            -106.95106985091778,
            34.08925360230343
          ],
          [
            -106.95137392974314,
            34.09050842492169
          ],
          [
            -106.95162251693844,
            34.091344243367374
          ],
          [
            -106.95184116867524,
            34.09187516677369
          ],
          [
            -106.95212949733873,
            34.09244315369881
          ]
        ]
      },
      "properties": {
        "fault_name": "Socorro Canyon fault zone",
        "age": "middle and late Quaternary",
        "slip_rate": "Less than 0.2 mm/yr"
      }
    },
    {
      "type": "Feature",
      "geometry": {
        "type": "LineString",
        "coordinates": [
          [
            -106.94888687111552,
            34.11010115318896
          ],
          [
            -106.94908524967296,
            34.11074691528915
          ],
          [
            -106.94942738472702,
            34.1116575930856
          ],
          [
            -106.94990584002376,
            34.11250884668712
          ],
          [
            -106.95031111226923,
            34.11317040611322
          ],
          [
            -106.95088571874243,
            34.11421098607198
          ],
          [
            -106.95146121724267,
            34.11528971822084
          ]
        ]
      },
      "properties": {
        "fault_name": "Socorro Canyon fault zone",
        "age": "middle and late Quaternary",
        "slip_rate": "Less than 0.2 mm/yr"
      }
    },
    {
      "type": "Feature",
      "geometry": {
        "type": "LineString",
        "coordinates": [
          [
            -106.95093917479002,
            34.1987241250066
          ],
          [
            -106.95044502323033,
            34.19920911874508
          ],
          [
            -106.95010851612152,
            34.19955800794574
          ]
        ]
      },
      "properties": {
        "fault_name": "Socorro Canyon fault zone",
        "age": "middle and late Quaternary",
        "slip_rate": "Less than 0.2 mm/yr"
      }
    },
    {
      "type": "Feature",
      "geometry": {
        "type": "LineString",
        "coordinates": [
          [
            -106.94955030300397,
            34.20025395577862
          ],
          [
            -106.94908568355926,
            34.201024755851165
          ],
          [
            -106.94875136025489,
            34.20146903296313
          ],
          [
            -106.94861798109646,
            34.201662006318735
          ]
        ]
      },
      "properties": {
        "fault_name": "Socorro Canyon fault zone",
        "age": "middle and late Quaternary",
        "slip_rate": "Less than 0.2 mm/yr"
      }
    },
    {
      "type": "Feature",
      "geometry": {
        "type": "LineString",
        "coordinates": [
          [
            -106.94758310931275,
            34.20360606709437
          ],
          [
            -106.94703187071507,
            34.20460725921371
          ]
        ]
      },
      "properties": {
        "fault_name": "Socorro Canyon fault zone",
        "age": "middle and late Quaternary",
        "slip_rate": "Less than 0.2 mm/yr"
      }
    },
    {
      "type": "Feature",
      "geometry": {
        "type": "LineString",
        "coordinates": [
          [
            -106.94601682115639,
            34.206417396842916
          ],
          [
            -106.94595363365931,
            34.206666508810734
          ],
          [
            -106.94588913102864,
            34.20685838634996
          ],
          [
            -106.94582418912181,
            34.20703118534211
          ]
        ]
      },
      "properties": {
        "fault_name": "Socorro Canyon fault zone",
        "age": "middle and late Quaternary",
        "slip_rate": "Less than 0.2 mm/yr"
      }
    },
    {
      "type": "Feature",
      "geometry": {
        "type": "LineString",
        "coordinates": [
          [
            -106.9454712473349,
            34.20766660221582
          ],
          [
            -106.94502600814411,
            34.208284397025615
          ],
          [
            -106.94403927527983,
            34.20933065417355
          ],
          [
            -106.94359138785558,
            34.20983397422388
          ],
          [
            -106.94312359915453,
            34.21047120489737
          ]
        ]
      },
      "properties": {
        "fault_name": "Socorro Canyon fault zone",
        "age": "middle and late Quaternary",
        "slip_rate": "Less than 0.2 mm/yr"
      }
    },
    {
      "type": "Feature",
      "geometry": {
        "type": "LineString",
        "coordinates": [
          [
            -106.94060804237284,
            34.21297305608132
          ],
          [
            -106.93988890775023,
            34.213671508762495
          ]
        ]
      },
      "properties": {
        "fault_name": "Socorro Canyon fault zone",
        "age": "middle and late Quaternary",
        "slip_rate": "Less than 0.2 mm/yr"
      }
    },
    {
      "type": "Feature",
      "geometry": {
        "type": "LineString",
        "coordinates": [
          [
            -106.92610783411195,
            34.0502819547919
          ],
          [
            -106.92578343629317,
            34.051145903132806
          ],
          [
            -106.92563502113349,
            34.05155380420596
          ]
        ]
      },
      "properties": {
        "fault_name": "Socorro Canyon fault zone",
        "age": "middle and late Quaternary",
        "slip_rate": "Less than 0.2 mm/yr"
      }
    },
    {
      "type": "Feature",
      "geometry": {
        "type": "LineString",
        "coordinates": [
          [
            -106.92510242706952,
            34.05335144885756
          ],
          [
            -106.924926431834,
            34.05380749476961
          ],
          [
            -106.92461741407122,
            34.054718915356425
          ]
        ]
      },
      "properties": {
        "fault_name": "Socorro Canyon fault zone",
        "age": "middle and late Quaternary",
        "slip_rate": "Less than 0.2 mm/yr"
      }
    },
    {
      "type": "Feature",
      "geometry": {
        "type": "LineString",
        "coordinates": [
          [
            -106.98502203640719,
            34.153790984679326
          ],
          [
            -106.9849135450737,
            34.1540599346529
          ],
          [
            -106.98471415411493,
            34.15436852531559
          ],
          [
            -106.98432849388871,
            34.15456561472189
          ],
          [
            -106.98387086243858,
            34.15463027234062
          ],
          [
            -106.9834798437617,
            34.15459842227351
          ],
          [
            -106.98315767286654,
            34.15456545935564
          ],
          [
            -106.98288407567539,
            34.15464622227283
          ],
          [
            -106.9827746851283,
            34.1548770127568
          ]
        ]
      },
      "properties": {
        "fault_name": "Socorro Canyon fault zone",
        "age": "middle and late Quaternary",
        "slip_rate": "Less than 0.2 mm/yr"
      }
    },
    {
      "type": "Feature",
      "geometry": {
        "type": "LineString",
        "coordinates": [
          [
            -106.9815829279701,
            34.155945959160604
          ],
          [
            -106.98108518225096,
            34.156259360676266
          ],
          [
            -106.98040473177943,
            34.15661388229677
          ],
          [
            -106.9802507713195,
            34.1569026471728
          ],
          [
            -106.98037799342498,
            34.15743498325324
          ],
          [
            -106.98050343237463,
            34.15789100667343
          ],
          [
            -106.9806275382244,
            34.15828979591646
          ],
          [
            -106.98047491176267,
            34.158635796243715
          ],
          [
            -106.98001903562061,
            34.15877674965552
          ],
          [
            -106.97896245964132,
            34.158755625353834
          ]
        ]
      },
      "properties": {
        "fault_name": "Socorro Canyon fault zone",
        "age": "middle and late Quaternary",
        "slip_rate": "Less than 0.2 mm/yr"
      }
    },
    {
      "type": "Feature",
      "geometry": {
        "type": "LineString",
        "coordinates": [
          [
            -106.97053114008253,
            34.146657574134714
          ],
          [
            -106.9707063924113,
            34.1472845787568
          ],
          [
            -106.97103439876257,
            34.14855803412204
          ],
          [
            -106.97157249141438,
            34.149980795920534
          ],
          [
            -106.97187846299005,
            34.15129277271192
          ],
          [
            -106.97211560205538,
            34.152605853883266
          ],
          [
            -106.97225252506763,
            34.153557923893636
          ],
          [
            -106.97232859260924,
            34.15485450777229
          ],
          [
            -106.9723605393957,
            34.15622814308352
          ]
        ]
      },
      "properties": {
        "fault_name": "Socorro Canyon fault zone",
        "age": "middle and late Quaternary",
        "slip_rate": "Less than 0.2 mm/yr"
      }
    },
    {
      "type": "Feature",
      "geometry": {
        "type": "LineString",
        "coordinates": [
          [
            -106.9723112155984,
            34.15706869178864
          ],
          [
            -106.97212197470402,
            34.157816064321985
          ],
          [
            -106.97198173690838,
            34.158696245655264
          ],
          [
            -106.97180047844361,
            34.159787025219636
          ],
          [
            -106.97158129759912,
            34.161221951103194
          ],
          [
            -106.97132907492185,
            34.1632108828747
          ]
        ]
      },
      "properties": {
        "fault_name": "Socorro Canyon fault zone",
        "age": "middle and late Quaternary",
        "slip_rate": "Less than 0.2 mm/yr"
      }
    },
    {
      "type": "Feature",
      "geometry": {
        "type": "LineString",
        "coordinates": [
          [
            -106.97133439923654,
            34.16343982068634
          ],
          [
            -106.9712647744121,
            34.16439520925284
          ]
        ]
      },
      "properties": {
        "fault_name": "Socorro Canyon fault zone",
        "age": "middle and late Quaternary",
        "slip_rate": "Less than 0.2 mm/yr"
      }
    },
    {
      "type": "Feature",
      "geometry": {
        "type": "LineString",
        "coordinates": [
          [
            -106.97122552611906,
            34.164682119766965
          ],
          [
            -106.97097583489425,
            34.1657930830831
          ],
          [
            -106.97058887031427,
            34.166925334656305
          ],
          [
            -106.97029370457314,
            34.16805611202216
          ],
          [
            -106.9701653029797,
            34.168458967179696
          ]
        ]
      },
      "properties": {
        "fault_name": "Socorro Canyon fault zone",
        "age": "middle and late Quaternary",
        "slip_rate": "Less than 0.2 mm/yr"
      }
    },
    {
      "type": "Feature",
      "geometry": {
        "type": "LineString",
        "coordinates": [
          [
            -106.9701653029797,
            34.168458967179696
          ],
          [
            -106.96974871375826,
            34.16930541072887
          ],
          [
            -106.96936304904048,
            34.17049489589864
          ],
          [
            -106.96912962361054,
            34.1713193126839
          ],
          [
            -106.96871212709065,
            34.17212759864514
          ],
          [
            -106.96826634980903,
            34.17270731263454
          ]
        ]
      },
      "properties": {
        "fault_name": "Socorro Canyon fault zone",
        "age": "middle and late Quaternary",
        "slip_rate": "Less than 0.2 mm/yr"
      }
    },
    {
      "type": "Feature",
      "geometry": {
        "type": "LineString",
        "coordinates": [
          [
            -106.96647348587676,
            34.13961202415282
          ],
          [
            -106.9667750593008,
            34.140095176964095
          ],
          [
            -106.96736725838048,
            34.140887276224205
          ],
          [
            -106.9678438559612,
            34.14164305363733
          ],
          [
            -106.96829928833554,
            34.142475508926104
          ]
        ]
      },
      "properties": {
        "fault_name": "Socorro Canyon fault zone",
        "age": "middle and late Quaternary",
        "slip_rate": "Less than 0.2 mm/yr"
      }
    },
    {
      "type": "Feature",
      "geometry": {
        "type": "LineString",
        "coordinates": [
          [
            -106.96622138806532,
            34.17462955603668
          ],
          [
            -106.965819276093,
            34.17511313504912
          ],
          [
            -106.96542689467184,
            34.17601643432343
          ],
          [
            -106.9647966016342,
            34.17755335965727
          ],
          [
            -106.96427708344751,
            34.178916740069226
          ],
          [
            -106.96398047321543,
            34.17999026982359
          ],
          [
            -106.96379642368508,
            34.18096656899468
          ],
          [
            -106.96356115311555,
            34.181714664823446
          ]
        ]
      },
      "properties": {
        "fault_name": "Socorro Canyon fault zone",
        "age": "middle and late Quaternary",
        "slip_rate": "Less than 0.2 mm/yr"
      }
    },
    {
      "type": "Feature",
      "geometry": {
        "type": "LineString",
        "coordinates": [
          [
            -106.96427510895053,
            34.208537185307144
          ],
          [
            -106.96383576091137,
            34.20940306133009
          ],
          [
            -106.96328424114101,
            34.210385241704074
          ],
          [
            -106.962579924229,
            34.21171340132526
          ],
          [
            -106.96218691578379,
            34.21259761435917
          ],
          [
            -106.96188487433749,
            34.213442199138164
          ],
          [
            -106.9618796021251,
            34.214205695215476
          ],
          [
            -106.96201079388581,
            34.21490975063707
          ]
        ]
      },
      "properties": {
        "fault_name": "Socorro Canyon fault zone",
        "age": "middle and late Quaternary",
        "slip_rate": "Less than 0.2 mm/yr"
      }
    },
    {
      "type": "Feature",
      "geometry": {
        "type": "LineString",
        "coordinates": [
          [
            -106.96191753797955,
            34.1652774351609
          ],
          [
            -106.96225895617799,
            34.166140360086956
          ],
          [
            -106.96260722582713,
            34.16729899893738
          ],
          [
            -106.96292990427045,
            34.168343534090724
          ],
          [
            -106.96320845297544,
            34.1694651148309
          ]
        ]
      },
      "properties": {
        "fault_name": "Socorro Canyon fault zone",
        "age": "middle and late Quaternary",
        "slip_rate": "Less than 0.2 mm/yr"
      }
    },
    {
      "type": "Feature",
      "geometry": {
        "type": "LineString",
        "coordinates": [
          [
            -106.96201258692311,
            34.18624358832176
          ],
          [
            -106.96216889198594,
            34.187042672275126
          ],
          [
            -106.9623543473797,
            34.18810848424802
          ],
          [
            -106.96243120364214,
            34.1894432277407
          ],
          [
            -106.96256721576269,
            34.19035714802215
          ],
          [
            -106.96271162982609,
            34.19163355527984
          ],
          [
            -106.96272975782851,
            34.19241576263787
          ],
          [
            -106.96273462220576,
            34.192625623074065
          ],
          [
            -106.96285472426432,
            34.19285272528176
          ]
        ]
      },
      "properties": {
        "fault_name": "Socorro Canyon fault zone",
        "age": "middle and late Quaternary",
        "slip_rate": "Less than 0.2 mm/yr"
      }
    },
    {
      "type": "Feature",
      "geometry": {
        "type": "LineString",
        "coordinates": [
          [
            -106.96199896576849,
            34.21737193908163
          ],
          [
            -106.96187576991208,
            34.2180037243344
          ],
          [
            -106.96175788130242,
            34.218864446761664
          ],
          [
            -106.96166649479022,
            34.21987742790527
          ],
          [
            -106.96174778064535,
            34.22041051503875
          ],
          [
            -106.96196642789057,
            34.220922316990986
          ],
          [
            -106.96228181201377,
            34.2216425098171
          ],
          [
            -106.96252785787514,
            34.22234472487392
          ],
          [
            -106.96272797377435,
            34.22304767611028
          ]
        ]
      },
      "properties": {
        "fault_name": "Socorro Canyon fault zone",
        "age": "middle and late Quaternary",
        "slip_rate": "Less than 0.2 mm/yr"
      }
    },
    {
      "type": "Feature",
      "geometry": {
        "type": "LineString",
        "coordinates": [
          [
            -106.96027213699276,
            34.16064689173058
          ],
          [
            -106.96078277443455,
            34.161879284868945
          ]
        ]
      },
      "properties": {
        "fault_name": "Socorro Canyon fault zone",
        "age": "middle and late Quaternary",
        "slip_rate": "Less than 0.2 mm/yr"
      }
    },
    {
      "type": "Feature",
      "geometry": {
        "type": "LineString",
        "coordinates": [
          [
            -106.95798512060249,
            34.15357407994686
          ],
          [
            -106.95859252097341,
            34.15552064578711
          ],
          [
            -106.95926415897202,
            34.15776200635708
          ]
        ]
      },
      "properties": {
        "fault_name": "Socorro Canyon fault zone",
        "age": "middle and late Quaternary",
        "slip_rate": "Less than 0.2 mm/yr"
      }
    },
    {
      "type": "Feature",
      "geometry": {
        "type": "LineString",
        "coordinates": [
          [
            -106.95646923601842,
            34.098592370213275
          ],
          [
            -106.95684627690947,
            34.09902897114921
          ],
          [
            -106.95755714523482,
            34.10001009285904
          ],
          [
            -106.95815115891139,
            34.100897646828216
          ],
          [
            -106.95860713925804,
            34.10176831218871
          ],
          [
            -106.95892552016103,
            34.10264117108943
          ],
          [
            -106.9591327507173,
            34.10366848573136
          ],
          [
            -106.9591970970411,
            34.10446905402597
          ],
          [
            -106.95911585430511,
            34.10592085467659
          ]
        ]
      },
      "properties": {
        "fault_name": "Socorro Canyon fault zone",
        "age": "middle and late Quaternary",
        "slip_rate": "Less than 0.2 mm/yr"
      }
    },
    {
      "type": "Feature",
      "geometry": {
        "type": "LineString",
        "coordinates": [
          [
            -106.9567496604057,
            34.14977669427233
          ],
          [
            -106.95726853899194,
            34.15137159920882
          ]
        ]
      },
      "properties": {
        "fault_name": "Socorro Canyon fault zone",
        "age": "middle and late Quaternary",
        "slip_rate": "Less than 0.2 mm/yr"
      }
    },
    {
      "type": "Feature",
      "geometry": {
        "type": "LineString",
        "coordinates": [
          [
            -106.95405291163458,
            34.09428295786066
          ],
          [
            -106.95493707665636,
            34.09482237087443
          ],
          [
            -106.95587019087795,
            34.095494596256394
          ],
          [
            -106.95646152038844,
            34.096267688122964
          ],
          [
            -106.95663522761492,
            34.09683748818192
          ],
          [
            -106.95666826315951,
            34.09727593109923
          ],
          [
            -106.95658531362447,
            34.09765896536188
          ]
        ]
      },
      "properties": {
        "fault_name": "Socorro Canyon fault zone",
        "age": "middle and late Quaternary",
        "slip_rate": "Less than 0.2 mm/yr"
      }
    },
    {
      "type": "Feature",
      "geometry": {
        "type": "LineString",
        "coordinates": [
          [
            -106.95646923601842,
            34.098592370213275
          ],
          [
            -106.956558677678,
            34.099491608042555
          ],
          [
            -106.9564664081219,
            34.10046644476378
          ],
          [
            -106.95608520982772,
            34.10184668203814
          ],
          [
            -106.95600137635046,
            34.102191556714075
          ]
        ]
      },
      "properties": {
        "fault_name": "Socorro Canyon fault zone",
        "age": "middle and late Quaternary",
        "slip_rate": "Less than 0.2 mm/yr"
      }
    },
    {
      "type": "Feature",
      "geometry": {
        "type": "LineString",
        "coordinates": [
          [
            -106.9564392727121,
            34.098291118033096
          ],
          [
            -106.95646923601842,
            34.098592370213275
          ]
        ]
      },
      "properties": {
        "fault_name": "Socorro Canyon fault zone",
        "age": "middle and late Quaternary",
        "slip_rate": "Less than 0.2 mm/yr"
      }
    },
    {
      "type": "Feature",
      "geometry": {
        "type": "LineString",
        "coordinates": [
          [
            -106.95252848407216,
            34.09311219614535
          ],
          [
            -106.9530977698239,
            34.093649239811455
          ],
          [
            -106.95405291163458,
            34.09428295786066
          ]
        ]
      },
      "properties": {
        "fault_name": "Socorro Canyon fault zone",
        "age": "middle and late Quaternary",
        "slip_rate": "Less than 0.2 mm/yr"
      }
    },
    {
      "type": "Feature",
      "geometry": {
        "type": "LineString",
        "coordinates": [
          [
            -106.95405291163458,
            34.09428295786066
          ],
          [
            -106.953952155694,
            34.095887754814925
          ],
          [
            -106.95393404925115,
            34.09609798534493
          ]
        ]
      },
      "properties": {
        "fault_name": "Socorro Canyon fault zone",
        "age": "middle and late Quaternary",
        "slip_rate": "Less than 0.2 mm/yr"
      }
    },
    {
      "type": "Feature",
      "geometry": {
        "type": "LineString",
        "coordinates": [
          [
            -106.95387358185273,
            34.096461573695784
          ],
          [
            -106.95340500622748,
            34.098034048826655
          ]
        ]
      },
      "properties": {
        "fault_name": "Socorro Canyon fault zone",
        "age": "middle and late Quaternary",
        "slip_rate": "Less than 0.2 mm/yr"
      }
    },
    {
      "type": "Feature",
      "geometry": {
        "type": "LineString",
        "coordinates": [
          [
            -106.95258450031832,
            34.0962721343657
          ],
          [
            -106.95340500622748,
            34.098034048826655
          ]
        ]
      },
      "properties": {
        "fault_name": "Socorro Canyon fault zone",
        "age": "middle and late Quaternary",
        "slip_rate": "Less than 0.2 mm/yr"
      }
    },
    {
      "type": "Feature",
      "geometry": {
        "type": "LineString",
        "coordinates": [
          [
            -106.95340500622748,
            34.098034048826655
          ],
          [
            -106.95318605894496,
            34.09948803972814
          ],
          [
            -106.95280568889748,
            34.100906425017726
          ],
          [
            -106.95251266204505,
            34.10213256423157
          ],
          [
            -106.95226637363857,
            34.1033961322905
          ],
          [
            -106.95204126121826,
            34.10458301832586
          ],
          [
            -106.95191986468738,
            34.105291116143604
          ],
          [
            -106.95185916821858,
            34.105645162086375
          ]
        ]
      },
      "properties": {
        "fault_name": "Socorro Canyon fault zone",
        "age": "middle and late Quaternary",
        "slip_rate": "Less than 0.2 mm/yr"
      }
    },
    {
      "type": "Feature",
      "geometry": {
        "type": "LineString",
        "coordinates": [
          [
            -106.9532190621502,
            34.17715316167499
          ],
          [
            -106.95323357533194,
            34.177782749807164
          ],
          [
            -106.95317658261703,
            34.178298962686895
          ],
          [
            -106.95309575490272,
            34.17877738613665
          ],
          [
            -106.95299197163963,
            34.179256173252476
          ],
          [
            -106.95288115097462,
            34.17942970583215
          ],
          [
            -106.9528193199336,
            34.17973605826791
          ]
        ]
      },
      "properties": {
        "fault_name": "Socorro Canyon fault zone",
        "age": "middle and late Quaternary",
        "slip_rate": "Less than 0.2 mm/yr"
      }
    },
    {
      "type": "Feature",
      "geometry": {
        "type": "LineString",
        "coordinates": [
          [
            -106.95273377067416,
            34.174030881155986
          ],
          [
            -106.95277255094496,
            34.17471733788319
          ],
          [
            -106.9528550432375,
            34.175307672943894
          ],
          [
            -106.95300464237671,
            34.175820596733125
          ],
          [
            -106.95307922320654,
            34.17606752121708
          ],
          [
            -106.95320103206413,
            34.176370948040855
          ],
          [
            -106.95321246582107,
            34.176866986198185
          ]
        ]
      },
      "properties": {
        "fault_name": "Socorro Canyon fault zone",
        "age": "middle and late Quaternary",
        "slip_rate": "Less than 0.2 mm/yr"
      }
    },
    {
      "type": "Feature",
      "geometry": {
        "type": "LineString",
        "coordinates": [
          [
            -106.95246864100288,
            34.18145932517125
          ],
          [
            -106.9524346002435,
            34.181975172970496
          ],
          [
            -106.95245262673629,
            34.182757388155785
          ],
          [
            -106.95251480812028,
            34.183462557858796
          ],
          [
            -106.95255227595246,
            34.18409177936923
          ]
        ]
      },
      "properties": {
        "fault_name": "Socorro Canyon fault zone",
        "age": "middle and late Quaternary",
        "slip_rate": "Less than 0.2 mm/yr"
      }
    },
    {
      "type": "Feature",
      "geometry": {
        "type": "LineString",
        "coordinates": [
          [
            -106.95146121724267,
            34.11528971822084
          ],
          [
            -106.95253686355711,
            34.11716208797475
          ]
        ]
      },
      "properties": {
        "fault_name": "Socorro Canyon fault zone",
        "age": "middle and late Quaternary",
        "slip_rate": "Less than 0.2 mm/yr"
      }
    },
    {
      "type": "Feature",
      "geometry": {
        "type": "LineString",
        "coordinates": [
          [
            -106.95212949733873,
            34.09244315369881
          ],
          [
            -106.95244119926758,
            34.0930298538552
          ],
          [
            -106.95252848407216,
            34.09311219614535
          ]
        ]
      },
      "properties": {
        "fault_name": "Socorro Canyon fault zone",
        "age": "middle and late Quaternary",
        "slip_rate": "Less than 0.2 mm/yr"
      }
    },
    {
      "type": "Feature",
      "geometry": {
        "type": "LineString",
        "coordinates": [
          [
            -106.95252848407216,
            34.09311219614535
          ],
          [
            -106.95229776167291,
            34.09377647523042
          ],
          [
            -106.95221830029614,
            34.09431213473029
          ],
          [
            -106.95215782660952,
            34.09467572405752
          ],
          [
            -106.95216702895128,
            34.0950763767747
          ],
          [
            -106.9523671448505,
            34.09579845012513
          ]
        ]
      },
      "properties": {
        "fault_name": "Socorro Canyon fault zone",
        "age": "middle and late Quaternary",
        "slip_rate": "Less than 0.2 mm/yr"
      }
    },
    {
      "type": "Feature",
      "geometry": {
        "type": "LineString",
        "coordinates": [
          [
            -106.95190098389675,
            34.197601869970256
          ],
          [
            -106.95158613157618,
            34.197893161230795
          ],
          [
            -106.95093917479002,
            34.1987241250066
          ]
        ]
      },
      "properties": {
        "fault_name": "Socorro Canyon fault zone",
        "age": "middle and late Quaternary",
        "slip_rate": "Less than 0.2 mm/yr"
      }
    },
    {
      "type": "Feature",
      "geometry": {
        "type": "LineString",
        "coordinates": [
          [
            -106.95010851612152,
            34.19955800794574
          ],
          [
            -106.94981792999174,
            34.1999061638674
          ],
          [
            -106.94955030300397,
            34.20025395577862
          ]
        ]
      },
      "properties": {
        "fault_name": "Socorro Canyon fault zone",
        "age": "middle and late Quaternary",
        "slip_rate": "Less than 0.2 mm/yr"
      }
    },
    {
      "type": "Feature",
      "geometry": {
        "type": "LineString",
        "coordinates": [
          [
            -106.94861798109646,
            34.201662006318735
          ],
          [
            -106.94811137259872,
            34.20260523679071
          ],
          [
            -106.94758310931275,
            34.20360606709437
          ]
        ]
      },
      "properties": {
        "fault_name": "Socorro Canyon fault zone",
        "age": "middle and late Quaternary",
        "slip_rate": "Less than 0.2 mm/yr"
      }
    },
    {
      "type": "Feature",
      "geometry": {
        "type": "LineString",
        "coordinates": [
          [
            -106.94703187071507,
            34.20460725921371
          ],
          [
            -106.94625669379515,
            34.20586011392836
          ],
          [
            -106.94601682115639,
            34.206417396842916
          ]
        ]
      },
      "properties": {
        "fault_name": "Socorro Canyon fault zone",
        "age": "middle and late Quaternary",
        "slip_rate": "Less than 0.2 mm/yr"
      }
    },
    {
      "type": "Feature",
      "geometry": {
        "type": "LineString",
        "coordinates": [
          [
            -106.94582418912181,
            34.20703118534211
          ],
          [
            -106.9454712473349,
            34.20766660221582
          ]
        ]
      },
      "properties": {
        "fault_name": "Socorro Canyon fault zone",
        "age": "middle and late Quaternary",
        "slip_rate": "Less than 0.2 mm/yr"
      }
    },
    {
      "type": "Feature",
      "geometry": {
        "type": "LineString",
        "coordinates": [
          [
            -106.94312359915453,
            34.21047120489737
          ],
          [
            -106.94209132440031,
            34.211537254126995
          ],
          [
            -106.94123749099408,
            34.212371445638695
          ],
          [
            -106.94060804237284,
            34.21297305608132
          ]
        ]
      },
      "properties": {
        "fault_name": "Socorro Canyon fault zone",
        "age": "middle and late Quaternary",
        "slip_rate": "Less than 0.2 mm/yr"
      }
    },
    {
      "type": "Feature",
      "geometry": {
        "type": "LineString",
        "coordinates": [
          [
            -106.92563502113349,
            34.05155380420596
          ],
          [
            -106.9254492890586,
            34.05221279069025
          ],
          [
            -106.92527869090131,
            34.05290732672274
          ],
          [
            -106.92510242706952,
            34.05335144885756
          ]
        ]
      },
      "properties": {
        "fault_name": "Socorro Canyon fault zone",
        "age": "middle and late Quaternary",
        "slip_rate": "Less than 0.2 mm/yr"
      }
    },
    {
      "type": "Feature",
      "geometry": {
        "type": "LineString",
        "coordinates": [
          [
            -106.9827746851283,
            34.1548770127568
          ],
          [
            -106.98259957114009,
            34.15524246479567
          ],
          [
            -106.98233087605543,
            34.15553308535447
          ],
          [
            -106.98201405103453,
            34.155729056989415
          ],
          [
            -106.9815829279701,
            34.155945959160604
          ]
        ]
      },
      "properties": {
        "fault_name": "Socorro Canyon fault zone",
        "age": "middle and late Quaternary",
        "slip_rate": "Less than 0.2 mm/yr"
      }
    },
    {
      "type": "Feature",
      "geometry": {
        "type": "LineString",
        "coordinates": [
          [
            -106.97553010563684,
            34.161215690856096
          ],
          [
            -106.97547147888646,
            34.16165559881933
          ],
          [
            -106.97536828222324,
            34.16215347916783
          ],
          [
            -106.97510754172045,
            34.16278749409309
          ]
        ]
      },
      "properties": {
        "fault_name": "Socorro Canyon fault zone",
        "age": "middle and late Quaternary",
        "slip_rate": "Less than 0.2 mm/yr"
      }
    },
    {
      "type": "Feature",
      "geometry": {
        "type": "LineString",
        "coordinates": [
          [
            -106.97234897987461,
            34.14092183110763
          ],
          [
            -106.97408094881038,
            34.141371120629394
          ]
        ]
      },
      "properties": {
        "fault_name": "Socorro Canyon fault zone",
        "age": "middle and late Quaternary",
        "slip_rate": "Less than 0.2 mm/yr"
      }
    },
    {
      "type": "Feature",
      "geometry": {
        "type": "LineString",
        "coordinates": [
          [
            -106.97267819266332,
            34.14126007728672
          ],
          [
            -106.97364720985186,
            34.141473523676886
          ]
        ]
      },
      "properties": {
        "fault_name": "Socorro Canyon fault zone",
        "age": "middle and late Quaternary",
        "slip_rate": "Less than 0.2 mm/yr"
      }
    },
    {
      "type": "Feature",
      "geometry": {
        "type": "LineString",
        "coordinates": [
          [
            -106.96829928833554,
            34.142475508926104
          ],
          [
            -106.96883640721357,
            34.14386013112935
          ]
        ]
      },
      "properties": {
        "fault_name": "Socorro Canyon fault zone",
        "age": "middle and late Quaternary",
        "slip_rate": "Less than 0.2 mm/yr"
      }
    },
    {
      "type": "Feature",
      "geometry": {
        "type": "LineString",
        "coordinates": [
          [
            -106.96690772699354,
            34.17353068886446
          ],
          [
            -106.96646458716558,
            34.17422486488426
          ]
        ]
      },
      "properties": {
        "fault_name": "Socorro Canyon fault zone",
        "age": "middle and late Quaternary",
        "slip_rate": "Less than 0.2 mm/yr"
      }
    },
    {
      "type": "Feature",
      "geometry": {
        "type": "LineString",
        "coordinates": [
          [
            -106.96438780978946,
            34.13513301668979
          ],
          [
            -106.96475227785979,
            34.13600511489599
          ]
        ]
      },
      "properties": {
        "fault_name": "Socorro Canyon fault zone",
        "age": "middle and late Quaternary",
        "slip_rate": "Less than 0.2 mm/yr"
      }
    },
    {
      "type": "Feature",
      "geometry": {
        "type": "LineString",
        "coordinates": [
          [
            -106.96366751903508,
            34.201160910954
          ],
          [
            -106.9637880792344,
            34.20140708813557
          ],
          [
            -106.96389143220449,
            34.20190165214104
          ],
          [
            -106.96408707539189,
            34.202413821348024
          ],
          [
            -106.96411889012599,
            34.20279501729891
          ],
          [
            -106.96403855019688,
            34.20329252193102
          ],
          [
            -106.9638164552176,
            34.203620529306036
          ],
          [
            -106.96352502916301,
            34.203930559865015
          ],
          [
            -106.96341508615203,
            34.20414225865715
          ],
          [
            -106.96351268720933,
            34.20438880528925
          ],
          [
            -106.96363590821854,
            34.20474945232522
          ],
          [
            -106.96362223855485,
            34.20515046216032
          ],
          [
            -106.96356795695552,
            34.20578114590138
          ]
        ]
      },
      "properties": {
        "fault_name": "Socorro Canyon fault zone",
        "age": "middle and late Quaternary",
        "slip_rate": "Less than 0.2 mm/yr"
      }
    },
    {
      "type": "Feature",
      "geometry": {
        "type": "LineString",
        "coordinates": [
          [
            -106.96334291729873,
            34.200040074752
          ],
          [
            -106.96354297660409,
            34.200743027066046
          ],
          [
            -106.96356903583215,
            34.20087620776641
          ]
        ]
      },
      "properties": {
        "fault_name": "Socorro Canyon fault zone",
        "age": "middle and late Quaternary",
        "slip_rate": "Less than 0.2 mm/yr"
      }
    },
    {
      "type": "Feature",
      "geometry": {
        "type": "LineString",
        "coordinates": [
          [
            -106.9621326979648,
            34.21521316400589
          ],
          [
            -106.9623292502473,
            34.215763490775245
          ],
          [
            -106.96243438727151,
            34.21633436597264
          ],
          [
            -106.96223698877604,
            34.21673831578299
          ],
          [
            -106.9621071588613,
            34.21708392935221
          ],
          [
            -106.96199896576849,
            34.21737193908163
          ]
        ]
      },
      "properties": {
        "fault_name": "Socorro Canyon fault zone",
        "age": "middle and late Quaternary",
        "slip_rate": "Less than 0.2 mm/yr"
      }
    },
    {
      "type": "Feature",
      "geometry": {
        "type": "LineString",
        "coordinates": [
          [
            -106.96210437228727,
            34.18425724289029
          ],
          [
            -106.961956949766,
            34.185824599820315
          ]
        ]
      },
      "properties": {
        "fault_name": "Socorro Canyon fault zone",
        "age": "middle and late Quaternary",
        "slip_rate": "Less than 0.2 mm/yr"
      }
    },
    {
      "type": "Feature",
      "geometry": {
        "type": "LineString",
        "coordinates": [
          [
            -106.95941155634046,
            34.15817953228443
          ],
          [
            -106.96027213699276,
            34.16064689173058
          ]
        ]
      },
      "properties": {
        "fault_name": "Socorro Canyon fault zone",
        "age": "middle and late Quaternary",
        "slip_rate": "Less than 0.2 mm/yr"
      }
    },
    {
      "type": "Feature",
      "geometry": {
        "type": "LineString",
        "coordinates": [
          [
            -106.95540166555836,
            34.1229853039605
          ],
          [
            -106.95557103571865,
            34.123364317646974
          ]
        ]
      },
      "properties": {
        "fault_name": "Socorro Canyon fault zone",
        "age": "middle and late Quaternary",
        "slip_rate": "Less than 0.2 mm/yr"
      }
    },
    {
      "type": "Feature",
      "geometry": {
        "type": "LineString",
        "coordinates": [
          [
            -106.9529201171967,
            34.117862160073734
          ],
          [
            -106.95313709806703,
            34.11831676170174
          ]
        ]
      },
      "properties": {
        "fault_name": "Socorro Canyon fault zone",
        "age": "middle and late Quaternary",
        "slip_rate": "Less than 0.2 mm/yr"
      }
    },
    {
      "type": "Feature",
      "geometry": {
        "type": "LineString",
        "coordinates": [
          [
            -106.94884008056731,
            34.109061729081326
          ],
          [
            -106.94888687111552,
            34.11010115318896
          ]
        ]
      },
      "properties": {
        "fault_name": "Socorro Canyon fault zone",
        "age": "middle and late Quaternary",
        "slip_rate": "Less than 0.2 mm/yr"
      }
    },
    {
      "type": "Feature",
      "geometry": {
        "type": "LineString",
        "coordinates": [
          [
            -106.93407008756533,
            34.1244683641845
          ],
          [
            -106.93372892628506,
            34.12359579891666
          ],
          [
            -106.93353584060125,
            34.12317895726716
          ]
        ]
      },
      "properties": {
        "fault_name": "Socorro Canyon fault zone",
        "age": "middle and late Quaternary",
        "slip_rate": "Less than 0.2 mm/yr"
      }
    },
    {
      "type": "Feature",
      "geometry": {
        "type": "LineString",
        "coordinates": [
          [
            -106.93340166373883,
            34.14330432189074
          ],
          [
            -106.93307902122812,
            34.14224061173061
          ],
          [
            -106.93271006427632,
            34.14115854312884
          ],
          [
            -106.93256543821052,
            34.140855452202025
          ]
        ]
      },
      "properties": {
        "fault_name": "Socorro Canyon fault zone",
        "age": "middle and late Quaternary",
        "slip_rate": "Less than 0.2 mm/yr"
      }
    },
    {
      "type": "Feature",
      "geometry": {
        "type": "LineString",
        "coordinates": [
          [
            -106.93179730228579,
            34.13937886699568
          ],
          [
            -106.93148121208678,
            34.13860133178906
          ],
          [
            -106.93107248042914,
            34.137787082254334
          ],
          [
            -106.93078151700693,
            34.13710457678455
          ],
          [
            -106.93058493867329,
            34.136535100749434
          ],
          [
            -106.93026973960303,
            34.13579571890676
          ],
          [
            -106.92997662202077,
            34.13501781836403
          ],
          [
            -106.92963545265565,
            34.13414524301476
          ],
          [
            -106.92933974433211,
            34.13325286714057
          ]
        ]
      },
      "properties": {
        "fault_name": "Socorro Canyon fault zone",
        "age": "middle and late Quaternary",
        "slip_rate": "Less than 0.2 mm/yr"
      }
    },
    {
      "type": "Feature",
      "geometry": {
        "type": "LineString",
        "coordinates": [
          [
            -106.93064275065174,
            34.11503673909734
          ],
          [
            -106.93058386428822,
            34.11446509367575
          ],
          [
            -106.93031593187325,
            34.11378222215139
          ],
          [
            -106.9298116913346,
            34.1127976931284
          ],
          [
            -106.92943728610061,
            34.111467578636606
          ],
          [
            -106.92879975623504,
            34.10966445393365
          ],
          [
            -106.9279376385653,
            34.1070632522703
          ]
        ]
      },
      "properties": {
        "fault_name": "Socorro Canyon fault zone",
        "age": "middle and late Quaternary",
        "slip_rate": "Less than 0.2 mm/yr"
      }
    },
    {
      "type": "Feature",
      "geometry": {
        "type": "LineString",
        "coordinates": [
          [
            -106.92813880369677,
            34.12989357807899
          ],
          [
            -106.92778426560358,
            34.12944109102952
          ],
          [
            -106.92747431808446,
            34.12893064575863
          ],
          [
            -106.92716177443418,
            34.12830572684834
          ],
          [
            -106.9268505351377,
            34.12773804164208
          ],
          [
            -106.92626475002913,
            34.12505038788565
          ]
        ]
      },
      "properties": {
        "fault_name": "Socorro Canyon fault zone",
        "age": "middle and late Quaternary",
        "slip_rate": "Less than 0.2 mm/yr"
      }
    },
    {
      "type": "Feature",
      "geometry": {
        "type": "LineString",
        "coordinates": [
          [
            -106.92626475002913,
            34.12505038788565
          ],
          [
            -106.92601672697582,
            34.124233594669505
          ]
        ]
      },
      "properties": {
        "fault_name": "Socorro Canyon fault zone",
        "age": "middle and late Quaternary",
        "slip_rate": "Less than 0.2 mm/yr"
      }
    },
    {
      "type": "Feature",
      "geometry": {
        "type": "LineString",
        "coordinates": [
          [
            -106.92514023536322,
            34.122014319368986
          ],
          [
            -106.92506406092207,
            34.12169105694166
          ]
        ]
      },
      "properties": {
        "fault_name": "Socorro Canyon fault zone",
        "age": "middle and late Quaternary",
        "slip_rate": "Less than 0.2 mm/yr"
      }
    },
    {
      "type": "Feature",
      "geometry": {
        "type": "LineString",
        "coordinates": [
          [
            -106.92412707675823,
            34.117812265821414
          ],
          [
            -106.92383235568317,
            34.11695802828324
          ],
          [
            -106.92345107025241,
            34.1163341728946
          ],
          [
            -106.92295639317825,
            34.115769350954466
          ],
          [
            -106.92267032916763,
            34.11529668915343
          ],
          [
            -106.92247818312161,
            34.11491798290885
          ],
          [
            -106.9222362740021,
            34.114368284990086
          ],
          [
            -106.9219913483399,
            34.113685032633526
          ]
        ]
      },
      "properties": {
        "fault_name": "Socorro Canyon fault zone",
        "age": "middle and late Quaternary",
        "slip_rate": "Less than 0.2 mm/yr"
      }
    },
    {
      "type": "Feature",
      "geometry": {
        "type": "LineString",
        "coordinates": [
          [
            -106.91863938726515,
            34.106494420320665
          ],
          [
            -106.91811411177581,
            34.10558651118908
          ],
          [
            -106.91758884706624,
            34.10467859826539
          ],
          [
            -106.91710989679778,
            34.10378904587061
          ],
          [
            -106.9167745952281,
            34.10316444919819
          ],
          [
            -106.91657949102985,
            34.10265217911826
          ],
          [
            -106.91649734638533,
            34.10206180191048
          ],
          [
            -106.91622669297337,
            34.10023379184269
          ],
          [
            -106.91608879169581,
            34.09920531077608
          ],
          [
            -106.91591685235379,
            34.098702219896865
          ],
          [
            -106.9156469427469,
            34.09792391411459
          ],
          [
            -106.91536542960147,
            34.09663047085706
          ],
          [
            -106.91514584810835,
            34.095030687756726
          ],
          [
            -106.91473464877865,
            34.093071262692774
          ],
          [
            -106.91440472721918,
            34.09166405684217
          ],
          [
            -106.91415478266948,
            34.09075183294395
          ],
          [
            -106.91392777480391,
            34.08983925179177
          ],
          [
            -106.9137985117261,
            34.08919234810922
          ],
          [
            -106.91389293993383,
            34.08727275180826
          ],
          [
            -106.91399187498932,
            34.0855534863089
          ],
          [
            -106.91411889138061,
            34.08406281124484
          ],
          [
            -106.91414628640352,
            34.083241693908704
          ]
        ]
      },
      "properties": {
        "fault_name": "Socorro Canyon fault zone",
        "age": "middle and late Quaternary",
        "slip_rate": "Less than 0.2 mm/yr"
      }
    },
    {
      "type": "Feature",
      "geometry": {
        "type": "LineString",
        "coordinates": [
          [
            -106.91727408637384,
            34.074739310328695
          ],
          [
            -106.9169060906194,
            34.07367624523016
          ]
        ]
      },
      "properties": {
        "fault_name": "Socorro Canyon fault zone",
        "age": "middle and late Quaternary",
        "slip_rate": "Less than 0.2 mm/yr"
      }
    },
    {
      "type": "Feature",
      "geometry": {
        "type": "LineString",
        "coordinates": [
          [
            -106.9163979639688,
            34.072500850044676
          ],
          [
            -106.91629722958781,
            34.072101618143314
          ],
          [
            -106.9161216996796,
            34.071436349742086
          ]
        ]
      },
      "properties": {
        "fault_name": "Socorro Canyon fault zone",
        "age": "middle and late Quaternary",
        "slip_rate": "Less than 0.2 mm/yr"
      }
    },
    {
      "type": "Feature",
      "geometry": {
        "type": "LineString",
        "coordinates": [
          [
            -106.91401145107601,
            34.08234676018265
          ],
          [
            -106.91361709605617,
            34.08113141064892
          ],
          [
            -106.91323047822587,
            34.080259484669334
          ],
          [
            -106.9130315930186,
            34.079575491874486
          ],
          [
            -106.91259279025681,
            34.07791231310161
          ],
          [
            -106.91219418890063,
            34.07650616410957
          ],
          [
            -106.91182730795543,
            34.07446968834758
          ],
          [
            -106.9117145873536,
            34.07353623405788
          ],
          [
            -106.91159051833475,
            34.07311827517887
          ],
          [
            -106.91137302362806,
            34.07262542732361
          ],
          [
            -106.91114824807599,
            34.07180823066673
          ],
          [
            -106.91092433400826,
            34.07102919322109
          ],
          [
            -106.91079512932095,
            34.07038228275757
          ],
          [
            -106.91057208033087,
            34.06964140215126
          ],
          [
            -106.91037195994006,
            34.06890016383547
          ],
          [
            -106.90965035584874,
            34.066382502154106
          ],
          [
            -106.90913809784617,
            34.06501627831602
          ],
          [
            -106.90891721738916,
            34.06437078870501
          ],
          [
            -106.90876511734021,
            34.06372423074674
          ],
          [
            -106.90857982364318,
            34.06262012614132
          ],
          [
            -106.90839924340645,
            34.061725894361146
          ],
          [
            -106.90829642223903,
            34.06123125666841
          ]
        ]
      },
      "properties": {
        "fault_name": "Socorro Canyon fault zone",
        "age": "middle and late Quaternary",
        "slip_rate": "Less than 0.2 mm/yr"
      }
    },
    {
      "type": "Feature",
      "geometry": {
        "type": "LineString",
        "coordinates": [
          [
            -106.90693561292416,
            34.05576517800904
          ],
          [
            -106.90662052344835,
            34.0550066312446
          ],
          [
            -106.90608973769305,
            34.05383153601569
          ]
        ]
      },
      "properties": {
        "fault_name": "Socorro Canyon fault zone",
        "age": "middle and late Quaternary",
        "slip_rate": "Less than 0.2 mm/yr"
      }
    },
    {
      "type": "Feature",
      "geometry": {
        "type": "LineString",
        "coordinates": [
          [
            -106.93353584060125,
            34.12317895726716
          ],
          [
            -106.93327176465381,
            34.122667804148136
          ],
          [
            -106.9327739452728,
            34.1219694718538
          ],
          [
            -106.93232374917827,
            34.12134673324604
          ],
          [
            -106.93200859771873,
            34.12060735315166
          ],
          [
            -106.93160423636493,
            34.11897234772713
          ],
          [
            -106.93121117042755,
            34.11783339292363
          ],
          [
            -106.93088823416774,
            34.1167505879285
          ],
          [
            -106.93064275065174,
            34.11503673909734
          ]
        ]
      },
      "properties": {
        "fault_name": "Socorro Canyon fault zone",
        "age": "middle and late Quaternary",
        "slip_rate": "Less than 0.2 mm/yr"
      }
    },
    {
      "type": "Feature",
      "geometry": {
        "type": "LineString",
        "coordinates": [
          [
            -106.93256543821052,
            34.140855452202025
          ],
          [
            -106.9321610283477,
            34.14023199397042
          ],
          [
            -106.93192071373784,
            34.139758636937444
          ],
          [
            -106.93179730228579,
            34.13937886699568
          ]
        ]
      },
      "properties": {
        "fault_name": "Socorro Canyon fault zone",
        "age": "middle and late Quaternary",
        "slip_rate": "Less than 0.2 mm/yr"
      }
    },
    {
      "type": "Feature",
      "geometry": {
        "type": "LineString",
        "coordinates": [
          [
            -106.92933974433211,
            34.13325286714057
          ],
          [
            -106.92890248218104,
            34.1321909429278
          ],
          [
            -106.92853535958905,
            34.13118517208683
          ],
          [
            -106.92821673344596,
            34.130293153115616
          ],
          [
            -106.92813880369677,
            34.12989357807899
          ]
        ]
      },
      "properties": {
        "fault_name": "Socorro Canyon fault zone",
        "age": "middle and late Quaternary",
        "slip_rate": "Less than 0.2 mm/yr"
      }
    },
    {
      "type": "Feature",
      "geometry": {
        "type": "LineString",
        "coordinates": [
          [
            -106.92601672697582,
            34.124233594669505
          ],
          [
            -106.92553107976693,
            34.12305790197166
          ],
          [
            -106.92514023536322,
            34.122014319368986
          ]
        ]
      },
      "properties": {
        "fault_name": "Socorro Canyon fault zone",
        "age": "middle and late Quaternary",
        "slip_rate": "Less than 0.2 mm/yr"
      }
    },
    {
      "type": "Feature",
      "geometry": {
        "type": "LineString",
        "coordinates": [
          [
            -106.92506406092207,
            34.12169105694166
          ],
          [
            -106.92480870941266,
            34.120549921106026
          ],
          [
            -106.92445209441453,
            34.11899048489658
          ],
          [
            -106.92412707675823,
            34.117812265821414
          ]
        ]
      },
      "properties": {
        "fault_name": "Socorro Canyon fault zone",
        "age": "middle and late Quaternary",
        "slip_rate": "Less than 0.2 mm/yr"
      }
    },
    {
      "type": "Feature",
      "geometry": {
        "type": "LineString",
        "coordinates": [
          [
            -106.9219913483399,
            34.113685032633526
          ],
          [
            -106.92135438620961,
            34.11190094623156
          ],
          [
            -106.92074211517318,
            34.110192808716114
          ],
          [
            -106.92011577202787,
            34.10887614620028
          ],
          [
            -106.9193304019244,
            34.107628766801305
          ],
          [
            -106.91863938726515,
            34.106494420320665
          ]
        ]
      },
      "properties": {
        "fault_name": "Socorro Canyon fault zone",
        "age": "middle and late Quaternary",
        "slip_rate": "Less than 0.2 mm/yr"
      }
    },
    {
      "type": "Feature",
      "geometry": {
        "type": "LineString",
        "coordinates": [
          [
            -106.90802393716221,
            34.06032890729923
          ],
          [
            -106.90783866322813,
            34.059224800134324
          ],
          [
            -106.90743511305304,
            34.05758967529819
          ],
          [
            -106.90720828395222,
            34.056677071722596
          ],
          [
            -106.90693561292416,
            34.05576517800904
          ]
        ]
      },
      "properties": {
        "fault_name": "Socorro Canyon fault zone",
        "age": "middle and late Quaternary",
        "slip_rate": "Less than 0.2 mm/yr"
      }
    },
    {
      "type": "Feature",
      "geometry": {
        "type": "LineString",
        "coordinates": [
          [
            -106.9169060906194,
            34.07367624523016
          ],
          [
            -106.9163979639688,
            34.072500850044676
          ]
        ]
      },
      "properties": {
        "fault_name": "Socorro Canyon fault zone",
        "age": "middle and late Quaternary",
        "slip_rate": "Less than 0.2 mm/yr"
      }
    },
    {
      "type": "Feature",
      "geometry": {
        "type": "LineString",
        "coordinates": [
          [
            -106.91414628640352,
            34.083241693908704
          ],
          [
            -106.91401145107601,
            34.08234676018265
          ]
        ]
      },
      "properties": {
        "fault_name": "Socorro Canyon fault zone",
        "age": "middle and late Quaternary",
        "slip_rate": "Less than 0.2 mm/yr"
      }
    },
    {
      "type": "Feature",
      "geometry": {
        "type": "LineString",
        "coordinates": [
          [
            -106.96119205675944,
            33.993824779262546
          ],
          [
            -106.96098941389934,
            33.9939806981903
          ]
        ]
      },
      "properties": {
        "fault_name": "Socorro Canyon fault zone",
        "age": "late Quaternary",
        "slip_rate": "Less than 0.2 mm/yr"
      }
    },
    {
      "type": "Feature",
      "geometry": {
        "type": "LineString",
        "coordinates": [
          [
            -106.95505564259575,
            34.003619204298204
          ],
          [
            -106.95494897484227,
            34.00396444603662
          ],
          [
            -106.9548017337807,
            34.004539363251496
          ],
          [
            -106.9546324579435,
            34.00515280173164
          ],
          [
            -106.95441605109662,
            34.00570973117967
          ],
          [
            -106.95413266316719,
            34.006344069631176
          ],
          [
            -106.95396425330593,
            34.006995667165
          ],
          [
            -106.95370638920869,
            34.00774411217793
          ],
          [
            -106.95347099377331,
            34.00847311489689
          ],
          [
            -106.95328709515992,
            34.00944941735667
          ],
          [
            -106.95304819719325,
            34.010025788227715
          ],
          [
            -106.95277002757734,
            34.010889069818695
          ],
          [
            -106.95244428677721,
            34.011676763730215
          ],
          [
            -106.9521608647118,
            34.01231109781837
          ]
        ]
      },
      "properties": {
        "fault_name": "Socorro Canyon fault zone",
        "age": "late Quaternary",
        "slip_rate": "Less than 0.2 mm/yr"
      }
    },
    {
      "type": "Feature",
      "geometry": {
        "type": "LineString",
        "coordinates": [
          [
            -106.95423395630031,
            33.998664073830604
          ],
          [
            -106.95413515419548,
            33.99935273730773
          ],
          [
            -106.95412186272253,
            33.99977283674392
          ],
          [
            -106.95401475479456,
            34.00009899908125
          ]
        ]
      },
      "properties": {
        "fault_name": "Socorro Canyon fault zone",
        "age": "late Quaternary",
        "slip_rate": "Less than 0.2 mm/yr"
      }
    },
    {
      "type": "Feature",
      "geometry": {
        "type": "LineString",
        "coordinates": [
          [
            -106.9537146132851,
            33.98699174483604
          ],
          [
            -106.95370481086873,
            33.98756447906724
          ],
          [
            -106.95372839703482,
            33.98859474473603
          ],
          [
            -106.95383117957468,
            33.990081813894655
          ],
          [
            -106.95388791087981,
            33.99055806200668
          ]
        ]
      },
      "properties": {
        "fault_name": "Socorro Canyon fault zone",
        "age": "late Quaternary",
        "slip_rate": "Less than 0.2 mm/yr"
      }
    },
    {
      "type": "Feature",
      "geometry": {
        "type": "LineString",
        "coordinates": [
          [
            -106.95065279906396,
            33.979339158631966
          ],
          [
            -106.95113394481498,
            33.98034308494124
          ],
          [
            -106.95137735771426,
            33.9809690598164
          ],
          [
            -106.95163800569058,
            33.981346644076915
          ],
          [
            -106.95201731213278,
            33.9819036610604
          ]
        ]
      },
      "properties": {
        "fault_name": "Socorro Canyon fault zone",
        "age": "late Quaternary",
        "slip_rate": "Less than 0.2 mm/yr"
      }
    },
    {
      "type": "Feature",
      "geometry": {
        "type": "LineString",
        "coordinates": [
          [
            -106.94877421519236,
            33.97331867884772
          ],
          [
            -106.94892119574253,
            33.973736242988466
          ],
          [
            -106.949187907347,
            33.974380941212075
          ],
          [
            -106.94940620694419,
            33.97491188862796
          ],
          [
            -106.9495756597495,
            33.97531000910951
          ],
          [
            -106.94967641209682,
            33.97570921907866
          ],
          [
            -106.94977803580997,
            33.97614658481567
          ],
          [
            -106.9498325509713,
            33.97652744068152
          ]
        ]
      },
      "properties": {
        "fault_name": "Socorro Canyon fault zone",
        "age": "late Quaternary",
        "slip_rate": "Less than 0.2 mm/yr"
      }
    },
    {
      "type": "Feature",
      "geometry": {
        "type": "LineString",
        "coordinates": [
          [
            -106.94546418208517,
            34.005088253298844
          ],
          [
            -106.94582653102975,
            34.005903214061725
          ],
          [
            -106.94614132675648,
            34.006642582876225
          ],
          [
            -106.94638609341688,
            34.00732580065972
          ],
          [
            -106.9464868763069,
            34.007725010665624
          ],
          [
            -106.94654488860964,
            34.00825849609676
          ],
          [
            -106.94662450629328,
            34.00873438391602
          ],
          [
            -106.94679619770027,
            34.00922790029522
          ],
          [
            -106.94682956112993,
            34.00968543296434
          ],
          [
            -106.94684480733693,
            34.01035319719582
          ],
          [
            -106.94681771774121,
            34.01117432070221
          ],
          [
            -106.94674306414782,
            34.0119198523693
          ],
          [
            -106.94658286398995,
            34.01293393985828
          ],
          [
            -106.94630723480965,
            34.01391168398136
          ],
          [
            -106.94604884968955,
            34.0146410380719
          ],
          [
            -106.94589892266524,
            34.015101473080904
          ]
        ]
      },
      "properties": {
        "fault_name": "Socorro Canyon fault zone",
        "age": "late Quaternary",
        "slip_rate": "Less than 0.2 mm/yr"
      }
    },
    {
      "type": "Feature",
      "geometry": {
        "type": "LineString",
        "coordinates": [
          [
            -106.943506160193,
            33.9869435320971
          ],
          [
            -106.94377939536308,
            33.987874426853644
          ]
        ]
      },
      "properties": {
        "fault_name": "Socorro Canyon fault zone",
        "age": "late Quaternary",
        "slip_rate": "Less than 0.2 mm/yr"
      }
    },
    {
      "type": "Feature",
      "geometry": {
        "type": "LineString",
        "coordinates": [
          [
            -106.94244910720826,
            33.98680754220191
          ],
          [
            -106.94198201739651,
            33.98742566868397
          ]
        ]
      },
      "properties": {
        "fault_name": "Socorro Canyon fault zone",
        "age": "late Quaternary",
        "slip_rate": "Less than 0.2 mm/yr"
      }
    },
    {
      "type": "Feature",
      "geometry": {
        "type": "LineString",
        "coordinates": [
          [
            -106.94113820200236,
            33.977523813786114
          ],
          [
            -106.94152198025805,
            33.978281196852784
          ],
          [
            -106.9417389422638,
            33.97875492322794
          ]
        ]
      },
      "properties": {
        "fault_name": "Socorro Canyon fault zone",
        "age": "late Quaternary",
        "slip_rate": "Less than 0.2 mm/yr"
      }
    },
    {
      "type": "Feature",
      "geometry": {
        "type": "LineString",
        "coordinates": [
          [
            -106.93331537696254,
            34.03257323569039
          ],
          [
            -106.93373883200768,
            34.03373986493647
          ],
          [
            -106.9340549392747,
            34.034536498874395
          ],
          [
            -106.93428155098321,
            34.035429970044454
          ],
          [
            -106.934576051971,
            34.03628419870637
          ],
          [
            -106.93506213396451,
            34.037498043132416
          ],
          [
            -106.93566542184809,
            34.038824554037596
          ],
          [
            -106.93617749030611,
            34.04017158624153
          ],
          [
            -106.93642272139554,
            34.04087389917168
          ],
          [
            -106.93690972775545,
            34.04212589078017
          ],
          [
            -106.93739631460213,
            34.04335880093196
          ],
          [
            -106.93805551003572,
            34.045123391945225
          ],
          [
            -106.9386182749168,
            34.04667955337096
          ],
          [
            -106.93920311499771,
            34.04819719328916
          ],
          [
            -106.93970726121326,
            34.0491912422808
          ],
          [
            -106.94033667839349,
            34.050650914167754
          ],
          [
            -106.94101630690653,
            34.05230064534338
          ],
          [
            -106.9414017596219,
            34.05311524730295
          ],
          [
            -106.9416488169863,
            34.053893860730085
          ],
          [
            -106.94172802683477,
            34.0543506688237
          ],
          [
            -106.94162168427144,
            34.0547149789808
          ],
          [
            -106.94097491163991,
            34.056519260724926
          ],
          [
            -106.94024533589878,
            34.05871610735418
          ],
          [
            -106.93918947408011,
            34.06169107270148
          ],
          [
            -106.93876098307949,
            34.06301475380217
          ]
        ]
      },
      "properties": {
        "fault_name": "Socorro Canyon fault zone",
        "age": "late Quaternary",
        "slip_rate": "Less than 0.2 mm/yr"
      }
    },
    {
      "type": "Feature",
      "geometry": {
        "type": "LineString",
        "coordinates": [
          [
            -106.94066255394091,
            34.006576485897796
          ],
          [
            -106.94076634798378,
            34.007109254720305
          ],
          [
            -106.94097567700453,
            34.0082511067885
          ],
          [
            -106.94115949476955,
            34.009278845189854
          ],
          [
            -106.94136753380958,
            34.010363457677094
          ],
          [
            -106.94145233656903,
            34.01106829817073
          ],
          [
            -106.9414273678957,
            34.01198481632649
          ],
          [
            -106.9412454967799,
            34.01305649813044
          ],
          [
            -106.9409045466037,
            34.01418794989356
          ],
          [
            -106.94066815583501,
            34.014878774926814
          ],
          [
            -106.94010068018858,
            34.016128314722714
          ]
        ]
      },
      "properties": {
        "fault_name": "Socorro Canyon fault zone",
        "age": "late Quaternary",
        "slip_rate": "Less than 0.2 mm/yr"
      }
    },
    {
      "type": "Feature",
      "geometry": {
        "type": "LineString",
        "coordinates": [
          [
            -106.93852737079997,
            33.97251673021048
          ],
          [
            -106.93893400219646,
            33.97327376379135
          ],
          [
            -106.93933934001898,
            33.97397355795288
          ],
          [
            -106.93969671589014,
            33.97457867466535
          ],
          [
            -106.93988859064493,
            33.974957371220874
          ],
          [
            -106.94003444830098,
            33.97532724807713
          ]
        ]
      },
      "properties": {
        "fault_name": "Socorro Canyon fault zone",
        "age": "late Quaternary",
        "slip_rate": "Less than 0.2 mm/yr"
      }
    },
    {
      "type": "Feature",
      "geometry": {
        "type": "LineString",
        "coordinates": [
          [
            -106.93468861716434,
            34.039221652943624
          ],
          [
            -106.9351241698214,
            34.04123789728197
          ],
          [
            -106.93561642593586,
            34.04373039269304
          ],
          [
            -106.93597546099535,
            34.045404291736396
          ],
          [
            -106.93641802590155,
            34.04772579168289
          ],
          [
            -106.9366797752124,
            34.04915310479906
          ],
          [
            -106.93689829489685,
            34.05069561265757
          ],
          [
            -106.93728322569102,
            34.053504704136074
          ],
          [
            -106.93766319059833,
            34.05609438424591
          ],
          [
            -106.9379570376126,
            34.05792198681445
          ],
          [
            -106.93828946457336,
            34.060436070175804
          ],
          [
            -106.93876098307949,
            34.06301475380217
          ]
        ]
      },
      "properties": {
        "fault_name": "Socorro Canyon fault zone",
        "age": "late Quaternary",
        "slip_rate": "Less than 0.2 mm/yr"
      }
    },
    {
      "type": "Feature",
      "geometry": {
        "type": "LineString",
        "coordinates": [
          [
            -106.93732003775304,
            33.969787358218056
          ],
          [
            -106.9376333144286,
            33.97046952317997
          ]
        ]
      },
      "properties": {
        "fault_name": "Socorro Canyon fault zone",
        "age": "late Quaternary",
        "slip_rate": "Less than 0.2 mm/yr"
      }
    },
    {
      "type": "Feature",
      "geometry": {
        "type": "LineString",
        "coordinates": [
          [
            -106.9364489387271,
            33.96773977927716
          ],
          [
            -106.93662091130676,
            33.968252395338894
          ]
        ]
      },
      "properties": {
        "fault_name": "Socorro Canyon fault zone",
        "age": "late Quaternary",
        "slip_rate": "Less than 0.2 mm/yr"
      }
    },
    {
      "type": "Feature",
      "geometry": {
        "type": "LineString",
        "coordinates": [
          [
            -106.9352319209431,
            33.95092499997004
          ],
          [
            -106.93524833765491,
            33.95165001392443
          ],
          [
            -106.93532221240895,
            33.95288944867105
          ],
          [
            -106.93548550905959,
            33.954032047157746
          ],
          [
            -106.93557450605313,
            33.95492769389693
          ],
          [
            -106.93572743794203,
            33.95561238702755
          ],
          [
            -106.93591709385807,
            33.956401477082174
          ]
        ]
      },
      "properties": {
        "fault_name": "Socorro Canyon fault zone",
        "age": "late Quaternary",
        "slip_rate": "Less than 0.2 mm/yr"
      }
    },
    {
      "type": "Feature",
      "geometry": {
        "type": "LineString",
        "coordinates": [
          [
            -106.93331537696254,
            34.03257323569039
          ],
          [
            -106.93359443770724,
            34.034448314642766
          ],
          [
            -106.93418736621895,
            34.037340039366114
          ],
          [
            -106.93468861716434,
            34.039221652943624
          ]
        ]
      },
      "properties": {
        "fault_name": "Socorro Canyon fault zone",
        "age": "late Quaternary",
        "slip_rate": "Less than 0.2 mm/yr"
      }
    },
    {
      "type": "Feature",
      "geometry": {
        "type": "LineString",
        "coordinates": [
          [
            -106.93241262579754,
            34.02984811335279
          ],
          [
            -106.9328592969029,
            34.03134887599224
          ],
          [
            -106.93324976221754,
            34.0323924603591
          ],
          [
            -106.93331537696254,
            34.03257323569039
          ]
        ]
      },
      "properties": {
        "fault_name": "Socorro Canyon fault zone",
        "age": "late Quaternary",
        "slip_rate": "Less than 0.2 mm/yr"
      }
    },
    {
      "type": "Feature",
      "geometry": {
        "type": "LineString",
        "coordinates": [
          [
            -106.93187618424922,
            34.01123821667341
          ],
          [
            -106.93171062025078,
            34.01202334432366
          ],
          [
            -106.93163842714297,
            34.01288334489619
          ],
          [
            -106.93167819556061,
            34.01362707298541
          ],
          [
            -106.93169505424353,
            34.014371160908354
          ],
          [
            -106.93176335584953,
            34.01536255714736
          ],
          [
            -106.93190428804287,
            34.016524584646056
          ],
          [
            -106.93212001396678,
            34.017952640190536
          ],
          [
            -106.9322909957047,
            34.0184175581982
          ],
          [
            -106.93235152598518,
            34.01906553009628
          ],
          [
            -106.93243669974883,
            34.019789455224526
          ],
          [
            -106.93249333942583,
            34.02026571398061
          ],
          [
            -106.9325478168579,
            34.02064657610663
          ],
          [
            -106.93269178356029,
            34.02093060068659
          ],
          [
            -106.9327004361331,
            34.021312184276525
          ],
          [
            -106.93261052824789,
            34.02240149595274
          ],
          [
            -106.93258460017385,
            34.02327985506607
          ],
          [
            -106.93257769302764,
            34.02398614289498
          ]
        ]
      },
      "properties": {
        "fault_name": "Socorro Canyon fault zone",
        "age": "late Quaternary",
        "slip_rate": "Less than 0.2 mm/yr"
      }
    },
    {
      "type": "Feature",
      "geometry": {
        "type": "LineString",
        "coordinates": [
          [
            -106.93250507322007,
            34.024827065327564
          ],
          [
            -106.9325029235516,
            34.02574322424476
          ],
          [
            -106.93247829444144,
            34.026678819695654
          ],
          [
            -106.93238145874875,
            34.027462864241876
          ],
          [
            -106.9323966016495,
            34.02813063306852
          ],
          [
            -106.9323870983721,
            34.02872244503752
          ],
          [
            -106.93232743855913,
            34.02912418766216
          ],
          [
            -106.93226388365112,
            34.029354218045754
          ]
        ]
      },
      "properties": {
        "fault_name": "Socorro Canyon fault zone",
        "age": "late Quaternary",
        "slip_rate": "Less than 0.2 mm/yr"
      }
    },
    {
      "type": "Feature",
      "geometry": {
        "type": "LineString",
        "coordinates": [
          [
            -106.93226388365112,
            34.029354218045754
          ],
          [
            -106.93241262579754,
            34.02984811335279
          ]
        ]
      },
      "properties": {
        "fault_name": "Socorro Canyon fault zone",
        "age": "late Quaternary",
        "slip_rate": "Less than 0.2 mm/yr"
      }
    },
    {
      "type": "Feature",
      "geometry": {
        "type": "LineString",
        "coordinates": [
          [
            -106.93189463115358,
            34.02823395263909
          ],
          [
            -106.93226388365112,
            34.029354218045754
          ]
        ]
      },
      "properties": {
        "fault_name": "Socorro Canyon fault zone",
        "age": "late Quaternary",
        "slip_rate": "Less than 0.2 mm/yr"
      }
    },
    {
      "type": "Feature",
      "geometry": {
        "type": "LineString",
        "coordinates": [
          [
            -106.92901919489601,
            34.020701994140566
          ],
          [
            -106.92919513174104,
            34.021386328044144
          ],
          [
            -106.92953449100087,
            34.02220169599674
          ],
          [
            -106.92984878187438,
            34.022922028793715
          ],
          [
            -106.93047911084462,
            34.0244390060463
          ],
          [
            -106.93111162721257,
            34.02605137469863
          ]
        ]
      },
      "properties": {
        "fault_name": "Socorro Canyon fault zone",
        "age": "late Quaternary",
        "slip_rate": "Less than 0.2 mm/yr"
      }
    },
    {
      "type": "Feature",
      "geometry": {
        "type": "LineString",
        "coordinates": [
          [
            -106.92855406071664,
            34.01889677017623
          ],
          [
            -106.92901919489601,
            34.020701994140566
          ]
        ]
      },
      "properties": {
        "fault_name": "Socorro Canyon fault zone",
        "age": "late Quaternary",
        "slip_rate": "Less than 0.2 mm/yr"
      }
    },
    {
      "type": "Feature",
      "geometry": {
        "type": "LineString",
        "coordinates": [
          [
            -106.92753299873378,
            34.0274530979394
          ],
          [
            -106.92795539736014,
            34.02788545192369
          ],
          [
            -106.9282221422023,
            34.0285301889592
          ],
          [
            -106.92840068236501,
            34.029328997304354
          ],
          [
            -106.92848929218464,
            34.03020555903044
          ],
          [
            -106.92857919917154,
            34.031139358768655
          ],
          [
            -106.92851215071536,
            34.03222830831208
          ],
          [
            -106.92850002974723,
            34.03270564520582
          ]
        ]
      },
      "properties": {
        "fault_name": "Socorro Canyon fault zone",
        "age": "late Quaternary",
        "slip_rate": "Less than 0.2 mm/yr"
      }
    },
    {
      "type": "Feature",
      "geometry": {
        "type": "LineString",
        "coordinates": [
          [
            -106.92787593239012,
            34.01646399119916
          ],
          [
            -106.92791411797623,
            34.0168364632237
          ],
          [
            -106.92795775004787,
            34.01705004919173
          ]
        ]
      },
      "properties": {
        "fault_name": "Socorro Canyon fault zone",
        "age": "late Quaternary",
        "slip_rate": "Less than 0.2 mm/yr"
      }
    },
    {
      "type": "Feature",
      "geometry": {
        "type": "LineString",
        "coordinates": [
          [
            -106.92524156981882,
            34.020389033775245
          ],
          [
            -106.92560631816353,
            34.022330090005774
          ],
          [
            -106.92578568118304,
            34.023167061970554
          ]
        ]
      },
      "properties": {
        "fault_name": "Socorro Canyon fault zone",
        "age": "late Quaternary",
        "slip_rate": "Less than 0.2 mm/yr"
      }
    },
    {
      "type": "Feature",
      "geometry": {
        "type": "LineString",
        "coordinates": [
          [
            -106.9246884528439,
            34.017210337903514
          ],
          [
            -106.92495893467762,
            34.01903835626788
          ]
        ]
      },
      "properties": {
        "fault_name": "Socorro Canyon fault zone",
        "age": "late Quaternary",
        "slip_rate": "Less than 0.2 mm/yr"
      }
    },
    {
      "type": "Feature",
      "geometry": {
        "type": "LineString",
        "coordinates": [
          [
            -106.92250995922815,
            34.004456803832156
          ],
          [
            -106.92327326580991,
            34.00476932919667
          ]
        ]
      },
      "properties": {
        "fault_name": "Socorro Canyon fault zone",
        "age": "late Quaternary",
        "slip_rate": "Less than 0.2 mm/yr"
      }
    },
    {
      "type": "Feature",
      "geometry": {
        "type": "LineString",
        "coordinates": [
          [
            -106.92040909262938,
            34.01038721114455
          ],
          [
            -106.92086244360719,
            34.01118174177551
          ]
        ]
      },
      "properties": {
        "fault_name": "Socorro Canyon fault zone",
        "age": "late Quaternary",
        "slip_rate": "Less than 0.2 mm/yr"
      }
    },
    {
      "type": "Feature",
      "geometry": {
        "type": "LineString",
        "coordinates": [
          [
            -106.91959811425212,
            33.94335550404486
          ],
          [
            -106.91887904430821,
            33.94396793165257
          ],
          [
            -106.91786941787893,
            33.9448998081059
          ],
          [
            -106.91658889908582,
            33.946007669332644
          ],
          [
            -106.91539693172184,
            33.94698053787336
          ]
        ]
      },
      "properties": {
        "fault_name": "Socorro Canyon fault zone",
        "age": "late Quaternary",
        "slip_rate": "Less than 0.2 mm/yr"
      }
    },
    {
      "type": "Feature",
      "geometry": {
        "type": "LineString",
        "coordinates": [
          [
            -106.91708881333807,
            34.00541939879477
          ],
          [
            -106.91744489204197,
            34.00596734112824
          ]
        ]
      },
      "properties": {
        "fault_name": "Socorro Canyon fault zone",
        "age": "late Quaternary",
        "slip_rate": "Less than 0.2 mm/yr"
      }
    },
    {
      "type": "Feature",
      "geometry": {
        "type": "LineString",
        "coordinates": [
          [
            -106.91704670480912,
            33.96621136479064
          ],
          [
            -106.91710791870754,
            33.96689751229607
          ],
          [
            -106.91710086603422,
            33.96760381006745
          ],
          [
            -106.9170644887568,
            33.96802427133272
          ]
        ]
      },
      "properties": {
        "fault_name": "Socorro Canyon fault zone",
        "age": "late Quaternary",
        "slip_rate": "Less than 0.2 mm/yr"
      }
    },
    {
      "type": "Feature",
      "geometry": {
        "type": "LineString",
        "coordinates": [
          [
            -106.916419157023,
            33.9714221143369
          ],
          [
            -106.91656726226388,
            33.97189696064594
          ],
          [
            -106.91668198790546,
            33.97292582420599
          ],
          [
            -106.91666402159979,
            33.97416670188841
          ],
          [
            -106.91653069634026,
            33.97537120627412
          ],
          [
            -106.91638751656207,
            33.976136879656174
          ],
          [
            -106.91619453777778,
            33.976523906672575
          ]
        ]
      },
      "properties": {
        "fault_name": "Socorro Canyon fault zone",
        "age": "late Quaternary",
        "slip_rate": "Less than 0.2 mm/yr"
      }
    },
    {
      "type": "Feature",
      "geometry": {
        "type": "LineString",
        "coordinates": [
          [
            -106.91619453777778,
            33.976523906672575
          ],
          [
            -106.91615732866039,
            33.97659853278301
          ]
        ]
      },
      "properties": {
        "fault_name": "Socorro Canyon fault zone",
        "age": "late Quaternary",
        "slip_rate": "Less than 0.2 mm/yr"
      }
    },
    {
      "type": "Feature",
      "geometry": {
        "type": "LineString",
        "coordinates": [
          [
            -106.91555658839897,
            33.99066480431296
          ],
          [
            -106.9156122489123,
            33.99110291835629
          ],
          [
            -106.91578372382531,
            33.99159648430142
          ],
          [
            -106.9160204900898,
            33.991936345254516
          ],
          [
            -106.91616349289988,
            33.992182235749766
          ]
        ]
      },
      "properties": {
        "fault_name": "Socorro Canyon fault zone",
        "age": "late Quaternary",
        "slip_rate": "Less than 0.2 mm/yr"
      }
    },
    {
      "type": "Feature",
      "geometry": {
        "type": "LineString",
        "coordinates": [
          [
            -106.91551396693202,
            33.96241943811658
          ],
          [
            -106.91566060612236,
            33.96262567076806
          ]
        ]
      },
      "properties": {
        "fault_name": "Socorro Canyon fault zone",
        "age": "late Quaternary",
        "slip_rate": "Less than 0.2 mm/yr"
      }
    },
    {
      "type": "Feature",
      "geometry": {
        "type": "LineString",
        "coordinates": [
          [
            -106.91479923944419,
            33.961189962309795
          ],
          [
            -106.91508256089827,
            33.96156727602413
          ]
        ]
      },
      "properties": {
        "fault_name": "Socorro Canyon fault zone",
        "age": "late Quaternary",
        "slip_rate": "Less than 0.2 mm/yr"
      }
    },
    {
      "type": "Feature",
      "geometry": {
        "type": "LineString",
        "coordinates": [
          [
            -106.91504048740364,
            33.97991782403
          ],
          [
            -106.91483200369754,
            33.98083720203443
          ],
          [
            -106.9146083178019,
            33.98210036768609
          ]
        ]
      },
      "properties": {
        "fault_name": "Socorro Canyon fault zone",
        "age": "late Quaternary",
        "slip_rate": "Less than 0.2 mm/yr"
      }
    },
    {
      "type": "Feature",
      "geometry": {
        "type": "LineString",
        "coordinates": [
          [
            -106.91408129329271,
            33.98516234688459
          ],
          [
            -106.9141106152019,
            33.98544818322699
          ]
        ]
      },
      "properties": {
        "fault_name": "Socorro Canyon fault zone",
        "age": "late Quaternary",
        "slip_rate": "Less than 0.2 mm/yr"
      }
    },
    {
      "type": "Feature",
      "geometry": {
        "type": "LineString",
        "coordinates": [
          [
            -106.91287107216215,
            33.95793712920271
          ],
          [
            -106.91329688169168,
            33.958541267701555
          ],
          [
            -106.9136073592168,
            33.959109024123634
          ],
          [
            -106.91410443569106,
            33.959826568121954
          ]
        ]
      },
      "properties": {
        "fault_name": "Socorro Canyon fault zone",
        "age": "late Quaternary",
        "slip_rate": "Less than 0.2 mm/yr"
      }
    },
    {
      "type": "Feature",
      "geometry": {
        "type": "LineString",
        "coordinates": [
          [
            -106.9134222137418,
            33.98540163587557
          ],
          [
            -106.91356819267043,
            33.98578108718069
          ]
        ]
      },
      "properties": {
        "fault_name": "Socorro Canyon fault zone",
        "age": "late Quaternary",
        "slip_rate": "Less than 0.2 mm/yr"
      }
    },
    {
      "type": "Feature",
      "geometry": {
        "type": "LineString",
        "coordinates": [
          [
            -106.91232832713548,
            33.955178069076425
          ],
          [
            -106.91238863732872,
            33.95582606208879
          ],
          [
            -106.91247227137998,
            33.95649277871801
          ],
          [
            -106.91262374170994,
            33.957120268881454
          ],
          [
            -106.91277307943939,
            33.9576523612488
          ],
          [
            -106.91287107216215,
            33.95793712920271
          ]
        ]
      },
      "properties": {
        "fault_name": "Socorro Canyon fault zone",
        "age": "late Quaternary",
        "slip_rate": "Less than 0.2 mm/yr"
      }
    },
    {
      "type": "Feature",
      "geometry": {
        "type": "LineString",
        "coordinates": [
          [
            -106.91225649065886,
            33.95401492682174
          ],
          [
            -106.91229091410054,
            33.9545297186801
          ],
          [
            -106.9122985991878,
            33.95487315095807
          ],
          [
            -106.91232832713548,
            33.955178069076425
          ]
        ]
      },
      "properties": {
        "fault_name": "Socorro Canyon fault zone",
        "age": "late Quaternary",
        "slip_rate": "Less than 0.2 mm/yr"
      }
    },
    {
      "type": "Feature",
      "geometry": {
        "type": "LineString",
        "coordinates": [
          [
            -106.90649552557151,
            33.9758420577177
          ],
          [
            -106.90725053261835,
            33.976822836082185
          ],
          [
            -106.9080967402261,
            33.97778310707999
          ],
          [
            -106.90894083230135,
            33.978647973772645
          ],
          [
            -106.90959724205925,
            33.9793153428484
          ],
          [
            -106.91027848574316,
            33.98006821217686
          ],
          [
            -106.91089060676092,
            33.98080306302738
          ]
        ]
      },
      "properties": {
        "fault_name": "Socorro Canyon fault zone",
        "age": "late Quaternary",
        "slip_rate": "Less than 0.2 mm/yr"
      }
    },
    {
      "type": "Feature",
      "geometry": {
        "type": "LineString",
        "coordinates": [
          [
            -106.90913896741537,
            33.9900679460142
          ],
          [
            -106.90969509733978,
            33.990345604845864
          ],
          [
            -106.91016088908596,
            33.99068192174054
          ],
          [
            -106.91053335485726,
            33.99094334231237
          ]
        ]
      },
      "properties": {
        "fault_name": "Socorro Canyon fault zone",
        "age": "late Quaternary",
        "slip_rate": "Less than 0.2 mm/yr"
      }
    },
    {
      "type": "Feature",
      "geometry": {
        "type": "LineString",
        "coordinates": [
          [
            -106.90261019159345,
            33.98448144393204
          ],
          [
            -106.90360317583378,
            33.98534404288751
          ],
          [
            -106.9046050803449,
            33.9860919792487
          ],
          [
            -106.90567528556367,
            33.98681976225552
          ],
          [
            -106.90653595964076,
            33.987398093685876
          ],
          [
            -106.907210850439,
            33.98786478411022
          ],
          [
            -106.90772626781641,
            33.98837211635895
          ],
          [
            -106.90824467658373,
            33.98901300325689
          ],
          [
            -106.90857729398735,
            33.98954225268928
          ],
          [
            -106.90913896741537,
            33.9900679460142
          ]
        ]
      },
      "properties": {
        "fault_name": "Socorro Canyon fault zone",
        "age": "late Quaternary",
        "slip_rate": "Less than 0.2 mm/yr"
      }
    },
    {
      "type": "Feature",
      "geometry": {
        "type": "LineString",
        "coordinates": [
          [
            -106.90262730809287,
            33.95440133396489
          ],
          [
            -106.90300723616924,
            33.955006218112175
          ],
          [
            -106.90348682873312,
            33.95597219869977
          ],
          [
            -106.90411061617147,
            33.95724132430046
          ],
          [
            -106.9047594450467,
            33.95860549011698
          ],
          [
            -106.90543034193516,
            33.95993113834001
          ],
          [
            -106.90591212099847,
            33.96099250395297
          ],
          [
            -106.90650712282184,
            33.961994854238334
          ],
          [
            -106.90708137356215,
            33.96309295390852
          ],
          [
            -106.90765436037287,
            33.96413381202225
          ],
          [
            -106.90793936616812,
            33.96458746219608
          ],
          [
            -106.90867095862708,
            33.96554950971101
          ]
        ]
      },
      "properties": {
        "fault_name": "Socorro Canyon fault zone",
        "age": "late Quaternary",
        "slip_rate": "Less than 0.2 mm/yr"
      }
    },
    {
      "type": "Feature",
      "geometry": {
        "type": "LineString",
        "coordinates": [
          [
            -106.90588092430525,
            33.97499270525046
          ],
          [
            -106.90649552557151,
            33.9758420577177
          ]
        ]
      },
      "properties": {
        "fault_name": "Socorro Canyon fault zone",
        "age": "late Quaternary",
        "slip_rate": "Less than 0.2 mm/yr"
      }
    },
    {
      "type": "Feature",
      "geometry": {
        "type": "LineString",
        "coordinates": [
          [
            -106.90436992925127,
            33.97298342709767
          ],
          [
            -106.90448868743015,
            33.973172449860975
          ]
        ]
      },
      "properties": {
        "fault_name": "Socorro Canyon fault zone",
        "age": "late Quaternary",
        "slip_rate": "Less than 0.2 mm/yr"
      }
    },
    {
      "type": "Feature",
      "geometry": {
        "type": "LineString",
        "coordinates": [
          [
            -106.90199702044514,
            33.970177517054914
          ],
          [
            -106.90220462739549,
            33.97039257624078
          ],
          [
            -106.90314571326692,
            33.97150410614068
          ]
        ]
      },
      "properties": {
        "fault_name": "Socorro Canyon fault zone",
        "age": "late Quaternary",
        "slip_rate": "Less than 0.2 mm/yr"
      }
    },
    {
      "type": "Feature",
      "geometry": {
        "type": "LineString",
        "coordinates": [
          [
            -106.89890508032263,
            33.96623503672813
          ],
          [
            -106.89935522161993,
            33.96690565022804
          ],
          [
            -106.89987979821996,
            33.96783277409291
          ],
          [
            -106.90046544408969,
            33.968415402306306
          ],
          [
            -106.90110071828555,
            33.96916903568045
          ],
          [
            -106.9016418562262,
            33.96980960397199
          ],
          [
            -106.90199702044514,
            33.970177517054914
          ]
        ]
      },
      "properties": {
        "fault_name": "Socorro Canyon fault zone",
        "age": "late Quaternary",
        "slip_rate": "Less than 0.2 mm/yr"
      }
    },
    {
      "type": "Feature",
      "geometry": {
        "type": "LineString",
        "coordinates": [
          [
            -106.90081133410162,
            33.9829251028932
          ],
          [
            -106.9013245577931,
            33.983337068238534
          ]
        ]
      },
      "properties": {
        "fault_name": "Socorro Canyon fault zone",
        "age": "late Quaternary",
        "slip_rate": "Less than 0.2 mm/yr"
      }
    },
    {
      "type": "Feature",
      "geometry": {
        "type": "LineString",
        "coordinates": [
          [
            -106.89134347818087,
            33.97492123336814
          ],
          [
            -106.89218272564182,
            33.97557634521938
          ],
          [
            -106.89364964216142,
            33.97664168727537
          ],
          [
            -106.89490454818916,
            33.977443070338325
          ],
          [
            -106.89562848879854,
            33.9780617610455
          ],
          [
            -106.89616625626023,
            33.9785497152248
          ],
          [
            -106.89620738921876,
            33.97885445908067
          ]
        ]
      },
      "properties": {
        "fault_name": "Socorro Canyon fault zone",
        "age": "late Quaternary",
        "slip_rate": "Less than 0.2 mm/yr"
      }
    },
    {
      "type": "Feature",
      "geometry": {
        "type": "LineString",
        "coordinates": [
          [
            -106.89308926500236,
            33.95807939807615
          ],
          [
            -106.89328301094788,
            33.95855357526924
          ]
        ]
      },
      "properties": {
        "fault_name": "Socorro Canyon fault zone",
        "age": "late Quaternary",
        "slip_rate": "Less than 0.2 mm/yr"
      }
    },
    {
      "type": "Feature",
      "geometry": {
        "type": "LineString",
        "coordinates": [
          [
            -106.8910142483242,
            33.95228998836409
          ],
          [
            -106.89120669800079,
            33.952706927731825
          ],
          [
            -106.89142416036813,
            33.95321891606367
          ],
          [
            -106.89170946530237,
            33.95369168818007
          ],
          [
            -106.89192481932373,
            33.9541082756805
          ],
          [
            -106.89215842531507,
            33.95431463279885
          ]
        ]
      },
      "properties": {
        "fault_name": "Socorro Canyon fault zone",
        "age": "late Quaternary",
        "slip_rate": "Less than 0.2 mm/yr"
      }
    },
    {
      "type": "Feature",
      "geometry": {
        "type": "LineString",
        "coordinates": [
          [
            -106.8899004909838,
            33.94850640429678
          ],
          [
            -106.88999726918432,
            33.94876510272291
          ],
          [
            -106.89017482928506,
            33.949544913963045
          ],
          [
            -106.89046982165132,
            33.95045652478862
          ],
          [
            -106.890750791316,
            33.95176916281073
          ]
        ]
      },
      "properties": {
        "fault_name": "Socorro Canyon fault zone",
        "age": "late Quaternary",
        "slip_rate": "Less than 0.2 mm/yr"
      }
    },
    {
      "type": "Feature",
      "geometry": {
        "type": "LineString",
        "coordinates": [
          [
            -106.88908601097357,
            33.946596840134426
          ],
          [
            -106.8893424278849,
            33.94711464872664
          ],
          [
            -106.88965650136612,
            33.94785419289199
          ],
          [
            -106.8899004909838,
            33.94850640429678
          ]
        ]
      },
      "properties": {
        "fault_name": "Socorro Canyon fault zone",
        "age": "late Quaternary",
        "slip_rate": "Less than 0.2 mm/yr"
      }
    },
    {
      "type": "Feature",
      "geometry": {
        "type": "LineString",
        "coordinates": [
          [
            -106.88855678738855,
            33.94576203578578
          ],
          [
            -106.88891094190112,
            33.94624330222372
          ],
          [
            -106.88908601097357,
            33.946596840134426
          ]
        ]
      },
      "properties": {
        "fault_name": "Socorro Canyon fault zone",
        "age": "late Quaternary",
        "slip_rate": "Less than 0.2 mm/yr"
      }
    },
    {
      "type": "Feature",
      "geometry": {
        "type": "LineString",
        "coordinates": [
          [
            -106.96098941389934,
            33.9939806981903
          ],
          [
            -106.9603871842312,
            33.99469647624541
          ],
          [
            -106.95978844900948,
            33.99556488280181
          ],
          [
            -106.95905576958903,
            33.99658810800744
          ],
          [
            -106.95872400199167,
            33.99710871197516
          ]
        ]
      },
      "properties": {
        "fault_name": "Socorro Canyon fault zone",
        "age": "late Quaternary",
        "slip_rate": "Less than 0.2 mm/yr"
      }
    },
    {
      "type": "Feature",
      "geometry": {
        "type": "LineString",
        "coordinates": [
          [
            -106.95689895591435,
            34.00005899630861
          ],
          [
            -106.9565217856659,
            34.00059940228094
          ],
          [
            -106.95623449006501,
            34.00106203367022
          ],
          [
            -106.95585993571065,
            34.00171691201483
          ],
          [
            -106.9555994790755,
            34.00235088782296
          ],
          [
            -106.95527160477657,
            34.003043194322046
          ],
          [
            -106.9551429031458,
            34.003426957639434
          ],
          [
            -106.95505564259575,
            34.003619204298204
          ]
        ]
      },
      "properties": {
        "fault_name": "Socorro Canyon fault zone",
        "age": "late Quaternary",
        "slip_rate": "Less than 0.2 mm/yr"
      }
    },
    {
      "type": "Feature",
      "geometry": {
        "type": "LineString",
        "coordinates": [
          [
            -106.95388791087981,
            33.99055806200668
          ],
          [
            -106.95391849132874,
            33.99189358880653
          ],
          [
            -106.95408563187048,
            33.99318877579321
          ],
          [
            -106.9542484092949,
            33.99429317272513
          ],
          [
            -106.95434422090817,
            33.99547497562931
          ]
        ]
      },
      "properties": {
        "fault_name": "Socorro Canyon fault zone",
        "age": "late Quaternary",
        "slip_rate": "Less than 0.2 mm/yr"
      }
    },
    {
      "type": "Feature",
      "geometry": {
        "type": "LineString",
        "coordinates": [
          [
            -106.95432226608264,
            33.9975175170697
          ],
          [
            -106.95427102797545,
            33.998281767327214
          ],
          [
            -106.95423395630031,
            33.998664073830604
          ]
        ]
      },
      "properties": {
        "fault_name": "Socorro Canyon fault zone",
        "age": "late Quaternary",
        "slip_rate": "Less than 0.2 mm/yr"
      }
    },
    {
      "type": "Feature",
      "geometry": {
        "type": "LineString",
        "coordinates": [
          [
            -106.95201731213278,
            33.9819036610604
          ],
          [
            -106.95223259698386,
            33.98230104934671
          ],
          [
            -106.9526847666771,
            33.98303822505041
          ],
          [
            -106.95309070187923,
            33.98375704574606
          ],
          [
            -106.95343055521248,
            33.98459142885092
          ],
          [
            -106.9536308121472,
            33.98533260100639
          ],
          [
            -106.95368078991802,
            33.98651513410385
          ],
          [
            -106.9537146132851,
            33.98699174483604
          ]
        ]
      },
      "properties": {
        "fault_name": "Socorro Canyon fault zone",
        "age": "late Quaternary",
        "slip_rate": "Less than 0.2 mm/yr"
      }
    },
    {
      "type": "Feature",
      "geometry": {
        "type": "LineString",
        "coordinates": [
          [
            -106.9498325509713,
            33.97652744068152
          ],
          [
            -106.949958386078,
            33.977021682009244
          ],
          [
            -106.95015902569502,
            33.97778193902684
          ],
          [
            -106.95065279906396,
            33.979339158631966
          ]
        ]
      },
      "properties": {
        "fault_name": "Socorro Canyon fault zone",
        "age": "late Quaternary",
        "slip_rate": "Less than 0.2 mm/yr"
      }
    },
    {
      "type": "Feature",
      "geometry": {
        "type": "LineString",
        "coordinates": [
          [
            -106.94764155280683,
            33.97086498099856
          ],
          [
            -106.94797911992765,
            33.97160399019573
          ],
          [
            -106.9484109041521,
            33.972456021932274
          ],
          [
            -106.94877421519236,
            33.97331867884772
          ]
        ]
      },
      "properties": {
        "fault_name": "Socorro Canyon fault zone",
        "age": "late Quaternary",
        "slip_rate": "Less than 0.2 mm/yr"
      }
    },
    {
      "type": "Feature",
      "geometry": {
        "type": "LineString",
        "coordinates": [
          [
            -106.94701136756703,
            33.96934807490614
          ],
          [
            -106.94764155280683,
            33.97086498099856
          ]
        ]
      },
      "properties": {
        "fault_name": "Socorro Canyon fault zone",
        "age": "late Quaternary",
        "slip_rate": "Less than 0.2 mm/yr"
      }
    },
    {
      "type": "Feature",
      "geometry": {
        "type": "LineString",
        "coordinates": [
          [
            -106.94274003110462,
            34.00018806502218
          ],
          [
            -106.94268173583258,
            34.00064704872298
          ],
          [
            -106.94269390171647,
            34.00118126301962
          ],
          [
            -106.94284264835447,
            34.00167514799088
          ],
          [
            -106.94317726720455,
            34.002280609641446
          ],
          [
            -106.94367268089722,
            34.00290261670522
          ],
          [
            -106.94407299174739,
            34.00337343701442
          ],
          [
            -106.94437775868225,
            34.00367399300077
          ],
          [
            -106.94468252741375,
            34.00397454792357
          ],
          [
            -106.94501194681496,
            34.00435105589906
          ],
          [
            -106.94520174286819,
            34.004634342639505
          ],
          [
            -106.94532063759098,
            34.00482332182324
          ],
          [
            -106.94546418208517,
            34.005088253298844
          ]
        ]
      },
      "properties": {
        "fault_name": "Socorro Canyon fault zone",
        "age": "late Quaternary",
        "slip_rate": "Less than 0.2 mm/yr"
      }
    },
    {
      "type": "Feature",
      "geometry": {
        "type": "LineString",
        "coordinates": [
          [
            -106.94420244706465,
            33.99220076874691
          ],
          [
            -106.94455534483414,
            33.99276725325567
          ],
          [
            -106.94478410621112,
            33.9937561057568
          ],
          [
            -106.9449208136277,
            33.99472732666679
          ],
          [
            -106.94495807305076,
            33.995356573911394
          ]
        ]
      },
      "properties": {
        "fault_name": "Socorro Canyon fault zone",
        "age": "late Quaternary",
        "slip_rate": "Less than 0.2 mm/yr"
      }
    },
    {
      "type": "Feature",
      "geometry": {
        "type": "LineString",
        "coordinates": [
          [
            -106.94426004704069,
            33.99187488220204
          ],
          [
            -106.94420244706465,
            33.99220076874691
          ]
        ]
      },
      "properties": {
        "fault_name": "Socorro Canyon fault zone",
        "age": "late Quaternary",
        "slip_rate": "Less than 0.2 mm/yr"
      }
    },
    {
      "type": "Feature",
      "geometry": {
        "type": "LineString",
        "coordinates": [
          [
            -106.94420244706465,
            33.99220076874691
          ],
          [
            -106.94415856076976,
            33.992449064936515
          ]
        ]
      },
      "properties": {
        "fault_name": "Socorro Canyon fault zone",
        "age": "late Quaternary",
        "slip_rate": "Less than 0.2 mm/yr"
      }
    },
    {
      "type": "Feature",
      "geometry": {
        "type": "LineString",
        "coordinates": [
          [
            -106.9439510706004,
            33.99541066710799
          ],
          [
            -106.94391699660336,
            33.99592652664045
          ]
        ]
      },
      "properties": {
        "fault_name": "Socorro Canyon fault zone",
        "age": "late Quaternary",
        "slip_rate": "Less than 0.2 mm/yr"
      }
    },
    {
      "type": "Feature",
      "geometry": {
        "type": "LineString",
        "coordinates": [
          [
            -106.94325018794773,
            33.98576424510971
          ],
          [
            -106.9428716845994,
            33.98624737383349
          ],
          [
            -106.94244910720826,
            33.98680754220191
          ]
        ]
      },
      "properties": {
        "fault_name": "Socorro Canyon fault zone",
        "age": "late Quaternary",
        "slip_rate": "Less than 0.2 mm/yr"
      }
    },
    {
      "type": "Feature",
      "geometry": {
        "type": "LineString",
        "coordinates": [
          [
            -106.9417389422638,
            33.97875492322794
          ],
          [
            -106.94198401614803,
            33.97945723628108
          ],
          [
            -106.9421789523613,
            33.97996948225099
          ],
          [
            -106.94232938693374,
            33.98053968567683
          ],
          [
            -106.94245344876605,
            33.980957618091246
          ],
          [
            -106.94255113695993,
            33.981223278760446
          ],
          [
            -106.94260345304546,
            33.98150874323678
          ]
        ]
      },
      "properties": {
        "fault_name": "Socorro Canyon fault zone",
        "age": "late Quaternary",
        "slip_rate": "Less than 0.2 mm/yr"
      }
    },
    {
      "type": "Feature",
      "geometry": {
        "type": "LineString",
        "coordinates": [
          [
            -106.94198201739651,
            33.98742566868397
          ],
          [
            -106.94153695607216,
            33.98800527563012
          ],
          [
            -106.94091299615727,
            33.98877856214064
          ],
          [
            -106.940244080054,
            33.98959072836803
          ]
        ]
      },
      "properties": {
        "fault_name": "Socorro Canyon fault zone",
        "age": "late Quaternary",
        "slip_rate": "Less than 0.2 mm/yr"
      }
    },
    {
      "type": "Feature",
      "geometry": {
        "type": "LineString",
        "coordinates": [
          [
            -106.94003444830098,
            33.97532724807713
          ],
          [
            -106.94022979414603,
            33.97585857621206
          ],
          [
            -106.94068269237293,
            33.9766339577584
          ],
          [
            -106.94113742316303,
            33.977522291885684
          ],
          [
            -106.94113820200236,
            33.977523813786114
          ]
        ]
      },
      "properties": {
        "fault_name": "Socorro Canyon fault zone",
        "age": "late Quaternary",
        "slip_rate": "Less than 0.2 mm/yr"
      }
    },
    {
      "type": "Feature",
      "geometry": {
        "type": "LineString",
        "coordinates": [
          [
            -106.93879576584729,
            34.0024016633242
          ],
          [
            -106.93920817969929,
            34.00308761926708
          ],
          [
            -106.93961627714633,
            34.00390187686572
          ],
          [
            -106.9400970141639,
            34.00488676309701
          ],
          [
            -106.9404143620043,
            34.00574062228265
          ],
          [
            -106.94066255394091,
            34.006576485897796
          ]
        ]
      },
      "properties": {
        "fault_name": "Socorro Canyon fault zone",
        "age": "late Quaternary",
        "slip_rate": "Less than 0.2 mm/yr"
      }
    },
    {
      "type": "Feature",
      "geometry": {
        "type": "LineString",
        "coordinates": [
          [
            -106.93783435559256,
            34.00011278116924
          ],
          [
            -106.93798523842432,
            34.0007020679752
          ],
          [
            -106.9382761713038,
            34.00140366197201
          ],
          [
            -106.93870802380022,
            34.00225572268087
          ],
          [
            -106.93879576584729,
            34.0024016633242
          ]
        ]
      },
      "properties": {
        "fault_name": "Socorro Canyon fault zone",
        "age": "late Quaternary",
        "slip_rate": "Less than 0.2 mm/yr"
      }
    },
    {
      "type": "Feature",
      "geometry": {
        "type": "LineString",
        "coordinates": [
          [
            -106.9376333144286,
            33.97046952317997
          ],
          [
            -106.93852737079997,
            33.97251673021048
          ]
        ]
      },
      "properties": {
        "fault_name": "Socorro Canyon fault zone",
        "age": "late Quaternary",
        "slip_rate": "Less than 0.2 mm/yr"
      }
    },
    {
      "type": "Feature",
      "geometry": {
        "type": "LineString",
        "coordinates": [
          [
            -106.93785814208297,
            33.993999034915426
          ],
          [
            -106.93752841815288,
            33.99461498123812
          ],
          [
            -106.93739964735185,
            33.994998729008756
          ],
          [
            -106.93729118027287,
            33.99526764217841
          ],
          [
            -106.93718531201999,
            33.995651028764215
          ]
        ]
      },
      "properties": {
        "fault_name": "Socorro Canyon fault zone",
        "age": "late Quaternary",
        "slip_rate": "Less than 0.2 mm/yr"
      }
    },
    {
      "type": "Feature",
      "geometry": {
        "type": "LineString",
        "coordinates": [
          [
            -106.93662091130676,
            33.968252395338894
          ],
          [
            -106.93732003775304,
            33.969787358218056
          ]
        ]
      },
      "properties": {
        "fault_name": "Socorro Canyon fault zone",
        "age": "late Quaternary",
        "slip_rate": "Less than 0.2 mm/yr"
      }
    },
    {
      "type": "Feature",
      "geometry": {
        "type": "LineString",
        "coordinates": [
          [
            -106.93710722686225,
            33.96292927065488
          ],
          [
            -106.93709860662878,
            33.963559247282156
          ]
        ]
      },
      "properties": {
        "fault_name": "Socorro Canyon fault zone",
        "age": "late Quaternary",
        "slip_rate": "Less than 0.2 mm/yr"
      }
    },
    {
      "type": "Feature",
      "geometry": {
        "type": "LineString",
        "coordinates": [
          [
            -106.93591709385807,
            33.956401477082174
          ],
          [
            -106.93625968705292,
            33.95736947672668
          ]
        ]
      },
      "properties": {
        "fault_name": "Socorro Canyon fault zone",
        "age": "late Quaternary",
        "slip_rate": "Less than 0.2 mm/yr"
      }
    },
    {
      "type": "Feature",
      "geometry": {
        "type": "LineString",
        "coordinates": [
          [
            -106.93600045392319,
            34.00008440820729
          ],
          [
            -106.93551607423716,
            34.00116516798327
          ]
        ]
      },
      "properties": {
        "fault_name": "Socorro Canyon fault zone",
        "age": "late Quaternary",
        "slip_rate": "Less than 0.2 mm/yr"
      }
    },
    {
      "type": "Feature",
      "geometry": {
        "type": "LineString",
        "coordinates": [
          [
            -106.93551607423716,
            34.00116516798327
          ],
          [
            -106.93554883399892,
            34.00138936325433
          ],
          [
            -106.93557047980401,
            34.00234332001345
          ],
          [
            -106.93547412291338,
            34.0031464483619
          ],
          [
            -106.93521913432335,
            34.004028415945484
          ]
        ]
      },
      "properties": {
        "fault_name": "Socorro Canyon fault zone",
        "age": "late Quaternary",
        "slip_rate": "Less than 0.2 mm/yr"
      }
    },
    {
      "type": "Feature",
      "geometry": {
        "type": "LineString",
        "coordinates": [
          [
            -106.9352894553421,
            34.0000574271486
          ],
          [
            -106.93544031930924,
            34.00064671731747
          ],
          [
            -106.93551607423716,
            34.00116516798327
          ]
        ]
      },
      "properties": {
        "fault_name": "Socorro Canyon fault zone",
        "age": "late Quaternary",
        "slip_rate": "Less than 0.2 mm/yr"
      }
    },
    {
      "type": "Feature",
      "geometry": {
        "type": "LineString",
        "coordinates": [
          [
            -106.93078970515074,
            33.99453010110459
          ],
          [
            -106.93157931081075,
            33.99499485167895
          ],
          [
            -106.9325379129319,
            33.995838662019914
          ],
          [
            -106.93321560108393,
            33.996419677286056
          ],
          [
            -106.93373468179108,
            33.99707952621843
          ],
          [
            -106.93430088182981,
            33.997795888866435
          ],
          [
            -106.93475471879619,
            33.998609447230756
          ],
          [
            -106.93504734859326,
            33.999387367840725
          ],
          [
            -106.9350753400975,
            33.99947028891897
          ],
          [
            -106.93519474686,
            33.999824026371556
          ],
          [
            -106.9352894553421,
            34.0000574271486
          ]
        ]
      },
      "properties": {
        "fault_name": "Socorro Canyon fault zone",
        "age": "late Quaternary",
        "slip_rate": "Less than 0.2 mm/yr"
      }
    },
    {
      "type": "Feature",
      "geometry": {
        "type": "LineString",
        "coordinates": [
          [
            -106.93419461562328,
            33.94455700031813
          ],
          [
            -106.93436997485159,
            33.945222258912096
          ],
          [
            -106.93459932821834,
            33.94624930412952
          ],
          [
            -106.93473452287198,
            33.94716331328416
          ],
          [
            -106.93491766690052,
            33.948171998162046
          ],
          [
            -106.9350524357527,
            33.94906692637116
          ],
          [
            -106.93518505044484,
            33.9498664581764
          ],
          [
            -106.93522263236308,
            33.950514794176485
          ],
          [
            -106.9352319209431,
            33.95092499997004
          ]
        ]
      },
      "properties": {
        "fault_name": "Socorro Canyon fault zone",
        "age": "late Quaternary",
        "slip_rate": "Less than 0.2 mm/yr"
      }
    },
    {
      "type": "Feature",
      "geometry": {
        "type": "LineString",
        "coordinates": [
          [
            -106.93416509967801,
            34.00276584806216
          ],
          [
            -106.9339902695574,
            34.00339882483552
          ],
          [
            -106.93360905958511,
            34.004779010235076
          ],
          [
            -106.93318937207427,
            34.006484261020105
          ],
          [
            -106.93272039041051,
            34.00803759623594
          ],
          [
            -106.9324065756441,
            34.00935945935041
          ],
          [
            -106.93204649943719,
            34.01066296280658
          ],
          [
            -106.93187618424922,
            34.01123821667341
          ]
        ]
      },
      "properties": {
        "fault_name": "Socorro Canyon fault zone",
        "age": "late Quaternary",
        "slip_rate": "Less than 0.2 mm/yr"
      }
    },
    {
      "type": "Feature",
      "geometry": {
        "type": "LineString",
        "coordinates": [
          [
            -106.93162285035594,
            34.02747639173786
          ],
          [
            -106.93189463115358,
            34.02823395263909
          ]
        ]
      },
      "properties": {
        "fault_name": "Socorro Canyon fault zone",
        "age": "late Quaternary",
        "slip_rate": "Less than 0.2 mm/yr"
      }
    },
    {
      "type": "Feature",
      "geometry": {
        "type": "LineString",
        "coordinates": [
          [
            -106.92697550965833,
            34.00801505219486
          ],
          [
            -106.92711396609475,
            34.00841188125051
          ],
          [
            -106.92757814895826,
            34.009683365809835
          ],
          [
            -106.92787981401047,
            34.010861967092545
          ],
          [
            -106.92801507513943,
            34.01177597210237
          ],
          [
            -106.92817583674434,
            34.01280409376618
          ],
          [
            -106.9282220478792,
            34.01383401165213
          ],
          [
            -106.92816017461736,
            34.01515191407729
          ],
          [
            -106.92787593239012,
            34.01646399119916
          ]
        ]
      },
      "properties": {
        "fault_name": "Socorro Canyon fault zone",
        "age": "late Quaternary",
        "slip_rate": "Less than 0.2 mm/yr"
      }
    },
    {
      "type": "Feature",
      "geometry": {
        "type": "LineString",
        "coordinates": [
          [
            -106.9260310793591,
            34.02591159308555
          ],
          [
            -106.92753299873378,
            34.0274530979394
          ]
        ]
      },
      "properties": {
        "fault_name": "Socorro Canyon fault zone",
        "age": "late Quaternary",
        "slip_rate": "Less than 0.2 mm/yr"
      }
    },
    {
      "type": "Feature",
      "geometry": {
        "type": "LineString",
        "coordinates": [
          [
            -106.92327326580991,
            34.00476932919667
          ],
          [
            -106.92424448207429,
            34.00515494123155
          ],
          [
            -106.9252157064235,
            34.005540546302726
          ],
          [
            -106.92591461278252,
            34.00604492310003
          ],
          [
            -106.92662387132691,
            34.00700719772405
          ],
          [
            -106.92697550965833,
            34.00801505219486
          ]
        ]
      },
      "properties": {
        "fault_name": "Socorro Canyon fault zone",
        "age": "late Quaternary",
        "slip_rate": "Less than 0.2 mm/yr"
      }
    },
    {
      "type": "Feature",
      "geometry": {
        "type": "LineString",
        "coordinates": [
          [
            -106.92322555089528,
            34.01469852780371
          ],
          [
            -106.92394458580488,
            34.01573327526128
          ],
          [
            -106.92439886294574,
            34.01656594822267
          ],
          [
            -106.9246884528439,
            34.017210337903514
          ]
        ]
      },
      "properties": {
        "fault_name": "Socorro Canyon fault zone",
        "age": "late Quaternary",
        "slip_rate": "Less than 0.2 mm/yr"
      }
    },
    {
      "type": "Feature",
      "geometry": {
        "type": "LineString",
        "coordinates": [
          [
            -106.92086244360719,
            34.01118174177551
          ],
          [
            -106.92183661532884,
            34.01271248401118
          ],
          [
            -106.92309178456296,
            34.01450602774249
          ],
          [
            -106.92322555089528,
            34.01469852780371
          ]
        ]
      },
      "properties": {
        "fault_name": "Socorro Canyon fault zone",
        "age": "late Quaternary",
        "slip_rate": "Less than 0.2 mm/yr"
      }
    },
    {
      "type": "Feature",
      "geometry": {
        "type": "LineString",
        "coordinates": [
          [
            -106.91920523157104,
            34.000074605986434
          ],
          [
            -106.91953842030317,
            34.00072419095044
          ],
          [
            -106.92002363272749,
            34.00191903604649
          ],
          [
            -106.92064416467123,
            34.00301633708048
          ],
          [
            -106.92143981689144,
            34.003748260899556
          ],
          [
            -106.92250995922815,
            34.004456803832156
          ]
        ]
      },
      "properties": {
        "fault_name": "Socorro Canyon fault zone",
        "age": "late Quaternary",
        "slip_rate": "Less than 0.2 mm/yr"
      }
    },
    {
      "type": "Feature",
      "geometry": {
        "type": "LineString",
        "coordinates": [
          [
            -106.91744489204197,
            34.00596734112824
          ],
          [
            -106.91813329170543,
            34.00702542217009
          ],
          [
            -106.91898637501838,
            34.00827178910544
          ],
          [
            -106.92012127870055,
            34.009819124735856
          ],
          [
            -106.92040909262938,
            34.01038721114455
          ]
        ]
      },
      "properties": {
        "fault_name": "Socorro Canyon fault zone",
        "age": "late Quaternary",
        "slip_rate": "Less than 0.2 mm/yr"
      }
    },
    {
      "type": "Feature",
      "geometry": {
        "type": "LineString",
        "coordinates": [
          [
            -106.91712068556436,
            33.99501114525133
          ],
          [
            -106.91804431627149,
            33.997363413655364
          ]
        ]
      },
      "properties": {
        "fault_name": "Socorro Canyon fault zone",
        "age": "late Quaternary",
        "slip_rate": "Less than 0.2 mm/yr"
      }
    },
    {
      "type": "Feature",
      "geometry": {
        "type": "LineString",
        "coordinates": [
          [
            -106.91453923555994,
            34.00005776823796
          ],
          [
            -106.91468952999516,
            34.00062800891663
          ],
          [
            -106.91519886937138,
            34.001879757254756
          ],
          [
            -106.91598955839962,
            34.00341341067193
          ],
          [
            -106.91708881333807,
            34.00541939879477
          ]
        ]
      },
      "properties": {
        "fault_name": "Socorro Canyon fault zone",
        "age": "late Quaternary",
        "slip_rate": "Less than 0.2 mm/yr"
      }
    },
    {
      "type": "Feature",
      "geometry": {
        "type": "LineString",
        "coordinates": [
          [
            -106.9170644887568,
            33.96802427133272
          ],
          [
            -106.91696326838722,
            33.96861751763808
          ],
          [
            -106.91663690415629,
            33.9693860493309
          ],
          [
            -106.9164250346999,
            33.97015279502162
          ],
          [
            -106.91632209495486,
            33.970669724209856
          ],
          [
            -106.91635614559571,
            33.97130860497321
          ]
        ]
      },
      "properties": {
        "fault_name": "Socorro Canyon fault zone",
        "age": "late Quaternary",
        "slip_rate": "Less than 0.2 mm/yr"
      }
    },
    {
      "type": "Feature",
      "geometry": {
        "type": "LineString",
        "coordinates": [
          [
            -106.91566060612236,
            33.96262567076806
          ],
          [
            -106.91594821793024,
            33.96319377693173
          ],
          [
            -106.91643185830279,
            33.964331415077375
          ],
          [
            -106.91684981386177,
            33.965603674776055
          ],
          [
            -106.91704670480912,
            33.96621136479064
          ]
        ]
      },
      "properties": {
        "fault_name": "Socorro Canyon fault zone",
        "age": "late Quaternary",
        "slip_rate": "Less than 0.2 mm/yr"
      }
    },
    {
      "type": "Feature",
      "geometry": {
        "type": "LineString",
        "coordinates": [
          [
            -106.91615732866039,
            33.97659853278301
          ],
          [
            -106.91504048740364,
            33.97991782403
          ]
        ]
      },
      "properties": {
        "fault_name": "Socorro Canyon fault zone",
        "age": "late Quaternary",
        "slip_rate": "Less than 0.2 mm/yr"
      }
    },
    {
      "type": "Feature",
      "geometry": {
        "type": "LineString",
        "coordinates": [
          [
            -106.91508256089827,
            33.96156727602413
          ],
          [
            -106.91551396693202,
            33.96241943811658
          ]
        ]
      },
      "properties": {
        "fault_name": "Socorro Canyon fault zone",
        "age": "late Quaternary",
        "slip_rate": "Less than 0.2 mm/yr"
      }
    },
    {
      "type": "Feature",
      "geometry": {
        "type": "LineString",
        "coordinates": [
          [
            -106.91539693172184,
            33.94698053787336
          ],
          [
            -106.91467865409204,
            33.94763110312842
          ],
          [
            -106.9140953797747,
            33.948174589937
          ],
          [
            -106.91355959489483,
            33.94879367985678
          ],
          [
            -106.91315646872455,
            33.9492007582195
          ],
          [
            -106.91288857134391,
            33.94951030187297
          ],
          [
            -106.91268850125876,
            33.94978061828575
          ]
        ]
      },
      "properties": {
        "fault_name": "Socorro Canyon fault zone",
        "age": "late Quaternary",
        "slip_rate": "Less than 0.2 mm/yr"
      }
    },
    {
      "type": "Feature",
      "geometry": {
        "type": "LineString",
        "coordinates": [
          [
            -106.91410443569106,
            33.959826568121954
          ],
          [
            -106.91479923944419,
            33.961189962309795
          ]
        ]
      },
      "properties": {
        "fault_name": "Socorro Canyon fault zone",
        "age": "late Quaternary",
        "slip_rate": "Less than 0.2 mm/yr"
      }
    },
    {
      "type": "Feature",
      "geometry": {
        "type": "LineString",
        "coordinates": [
          [
            -106.91053335485726,
            33.99094334231237
          ],
          [
            -106.91154918684852,
            33.99179597493428
          ],
          [
            -106.9123226030705,
            33.992566480863985
          ],
          [
            -106.91298406944512,
            33.99345324007568
          ],
          [
            -106.91342205024843,
            33.99459159202776
          ],
          [
            -106.91376114091199,
            33.99540701695412
          ],
          [
            -106.91408632116335,
            33.996623465815
          ],
          [
            -106.91433508173351,
            33.99749755231585
          ],
          [
            -106.91447402326018,
            33.998583296099326
          ],
          [
            -106.91454210298231,
            33.99957471207689
          ],
          [
            -106.91453923555994,
            34.00005776823796
          ]
        ]
      },
      "properties": {
        "fault_name": "Socorro Canyon fault zone",
        "age": "late Quaternary",
        "slip_rate": "Less than 0.2 mm/yr"
      }
    },
    {
      "type": "Feature",
      "geometry": {
        "type": "LineString",
        "coordinates": [
          [
            -106.9141106152019,
            33.98544818322699
          ],
          [
            -106.91392929385506,
            33.98655799828265
          ]
        ]
      },
      "properties": {
        "fault_name": "Socorro Canyon fault zone",
        "age": "late Quaternary",
        "slip_rate": "Less than 0.2 mm/yr"
      }
    },
    {
      "type": "Feature",
      "geometry": {
        "type": "LineString",
        "coordinates": [
          [
            -106.91356819267043,
            33.98578108718069
          ],
          [
            -106.91392929385506,
            33.98655799828265
          ]
        ]
      },
      "properties": {
        "fault_name": "Socorro Canyon fault zone",
        "age": "late Quaternary",
        "slip_rate": "Less than 0.2 mm/yr"
      }
    },
    {
      "type": "Feature",
      "geometry": {
        "type": "LineString",
        "coordinates": [
          [
            -106.91186251921964,
            33.98225759232113
          ],
          [
            -106.91238989586843,
            33.98329913132965
          ],
          [
            -106.91315786919809,
            33.98485224991654
          ],
          [
            -106.9134222137418,
            33.98540163587557
          ]
        ]
      },
      "properties": {
        "fault_name": "Socorro Canyon fault zone",
        "age": "late Quaternary",
        "slip_rate": "Less than 0.2 mm/yr"
      }
    },
    {
      "type": "Feature",
      "geometry": {
        "type": "LineString",
        "coordinates": [
          [
            -106.91217462359374,
            33.95240341506092
          ],
          [
            -106.91216197621286,
            33.95286168065528
          ],
          [
            -106.91225649065886,
            33.95401492682174
          ]
        ]
      },
      "properties": {
        "fault_name": "Socorro Canyon fault zone",
        "age": "late Quaternary",
        "slip_rate": "Less than 0.2 mm/yr"
      }
    },
    {
      "type": "Feature",
      "geometry": {
        "type": "LineString",
        "coordinates": [
          [
            -106.90448868743015,
            33.973172449860975
          ],
          [
            -106.90493614456138,
            33.97371902232245
          ],
          [
            -106.90588092430525,
            33.97499270525046
          ]
        ]
      },
      "properties": {
        "fault_name": "Socorro Canyon fault zone",
        "age": "late Quaternary",
        "slip_rate": "Less than 0.2 mm/yr"
      }
    },
    {
      "type": "Feature",
      "geometry": {
        "type": "LineString",
        "coordinates": [
          [
            -106.90314571326692,
            33.97150410614068
          ],
          [
            -106.90418289372093,
            33.97281454730587
          ],
          [
            -106.90436992925127,
            33.97298342709767
          ]
        ]
      },
      "properties": {
        "fault_name": "Socorro Canyon fault zone",
        "age": "late Quaternary",
        "slip_rate": "Less than 0.2 mm/yr"
      }
    },
    {
      "type": "Feature",
      "geometry": {
        "type": "LineString",
        "coordinates": [
          [
            -106.89443790843335,
            33.961055185186055
          ],
          [
            -106.89482034999588,
            33.96177457321447
          ],
          [
            -106.89543813039994,
            33.9627766289254
          ],
          [
            -106.89581593216403,
            33.96328613820257
          ],
          [
            -106.89621451914716,
            33.96369989296401
          ]
        ]
      },
      "properties": {
        "fault_name": "Socorro Canyon fault zone",
        "age": "late Quaternary",
        "slip_rate": "Less than 0.2 mm/yr"
      }
    },
    {
      "type": "Feature",
      "geometry": {
        "type": "LineString",
        "coordinates": [
          [
            -106.89277350538336,
            33.95623288774654
          ],
          [
            -106.89281203861746,
            33.95693848722957
          ],
          [
            -106.89293962633728,
            33.95752819781875
          ],
          [
            -106.89308926500236,
            33.95807939807615
          ]
        ]
      },
      "properties": {
        "fault_name": "Socorro Canyon fault zone",
        "age": "late Quaternary",
        "slip_rate": "Less than 0.2 mm/yr"
      }
    },
    {
      "type": "Feature",
      "geometry": {
        "type": "LineString",
        "coordinates": [
          [
            -106.89215842531507,
            33.95431463279885
          ],
          [
            -106.89232841441458,
            33.95475100427465
          ],
          [
            -106.8925713179691,
            33.955377114639
          ],
          [
            -106.89277350538336,
            33.95623288774654
          ]
        ]
      },
      "properties": {
        "fault_name": "Socorro Canyon fault zone",
        "age": "late Quaternary",
        "slip_rate": "Less than 0.2 mm/yr"
      }
    },
    {
      "type": "Feature",
      "geometry": {
        "type": "LineString",
        "coordinates": [
          [
            -106.95872400199167,
            33.99710871197516
          ],
          [
            -106.95689895591435,
            34.00005899630861
          ]
        ]
      },
      "properties": {
        "fault_name": "Socorro Canyon fault zone",
        "age": "late Quaternary",
        "slip_rate": "Less than 0.2 mm/yr"
      }
    },
    {
      "type": "Feature",
      "geometry": {
        "type": "LineString",
        "coordinates": [
          [
            -106.94377939536308,
            33.987874426853644
          ],
          [
            -106.94389404374954,
            33.98888417080954
          ],
          [
            -106.94411378873602,
            33.99048391887809
          ],
          [
            -106.9442319252807,
            33.991646294998056
          ],
          [
            -106.94426004704069,
            33.99187488220204
          ]
        ]
      },
      "properties": {
        "fault_name": "Socorro Canyon fault zone",
        "age": "late Quaternary",
        "slip_rate": "Less than 0.2 mm/yr"
      }
    },
    {
      "type": "Feature",
      "geometry": {
        "type": "LineString",
        "coordinates": [
          [
            -106.94415856076976,
            33.992449064936515
          ],
          [
            -106.94405112226181,
            33.993767693972565
          ],
          [
            -106.9439510706004,
            33.99541066710799
          ]
        ]
      },
      "properties": {
        "fault_name": "Socorro Canyon fault zone",
        "age": "late Quaternary",
        "slip_rate": "Less than 0.2 mm/yr"
      }
    },
    {
      "type": "Feature",
      "geometry": {
        "type": "LineString",
        "coordinates": [
          [
            -106.94391699660336,
            33.99592652664045
          ],
          [
            -106.94375591429987,
            33.996902455716665
          ],
          [
            -106.94341157388179,
            33.997881281852905
          ],
          [
            -106.94274003110462,
            34.00018806502218
          ]
        ]
      },
      "properties": {
        "fault_name": "Socorro Canyon fault zone",
        "age": "late Quaternary",
        "slip_rate": "Less than 0.2 mm/yr"
      }
    },
    {
      "type": "Feature",
      "geometry": {
        "type": "LineString",
        "coordinates": [
          [
            -106.94325018794773,
            33.98576424510971
          ],
          [
            -106.943506160193,
            33.9869435320971
          ]
        ]
      },
      "properties": {
        "fault_name": "Socorro Canyon fault zone",
        "age": "late Quaternary",
        "slip_rate": "Less than 0.2 mm/yr"
      }
    },
    {
      "type": "Feature",
      "geometry": {
        "type": "LineString",
        "coordinates": [
          [
            -106.94260345304546,
            33.98150874323678
          ],
          [
            -106.94287969757173,
            33.98257319604301
          ],
          [
            -106.94308593908288,
            33.98358149534373
          ],
          [
            -106.94324116526901,
            33.984361567686804
          ],
          [
            -106.94321142923648,
            33.98506822020096
          ],
          [
            -106.94322228896995,
            33.98554519732688
          ],
          [
            -106.94325018794773,
            33.98576424510971
          ]
        ]
      },
      "properties": {
        "fault_name": "Socorro Canyon fault zone",
        "age": "late Quaternary",
        "slip_rate": "Less than 0.2 mm/yr"
      }
    },
    {
      "type": "Feature",
      "geometry": {
        "type": "LineString",
        "coordinates": [
          [
            -106.940244080054,
            33.98959072836803
          ],
          [
            -106.93951554456194,
            33.990804635019344
          ],
          [
            -106.93865562506969,
            33.992287814120424
          ],
          [
            -106.93799662906211,
            33.993538789365076
          ],
          [
            -106.93785814208297,
            33.993999034915426
          ]
        ]
      },
      "properties": {
        "fault_name": "Socorro Canyon fault zone",
        "age": "late Quaternary",
        "slip_rate": "Less than 0.2 mm/yr"
      }
    },
    {
      "type": "Feature",
      "geometry": {
        "type": "LineString",
        "coordinates": [
          [
            -106.93727011567776,
            33.99736743089201
          ],
          [
            -106.93748066820395,
            33.99856653104068
          ],
          [
            -106.93763371058564,
            33.99925121316418
          ],
          [
            -106.93778285607564,
            33.999764185109235
          ],
          [
            -106.93783435559256,
            34.00011278116924
          ]
        ]
      },
      "properties": {
        "fault_name": "Socorro Canyon fault zone",
        "age": "late Quaternary",
        "slip_rate": "Less than 0.2 mm/yr"
      }
    },
    {
      "type": "Feature",
      "geometry": {
        "type": "LineString",
        "coordinates": [
          [
            -106.93718531201999,
            33.995651028764215
          ],
          [
            -106.93717670166801,
            33.996281002765656
          ],
          [
            -106.93727011567776,
            33.99736743089201
          ]
        ]
      },
      "properties": {
        "fault_name": "Socorro Canyon fault zone",
        "age": "late Quaternary",
        "slip_rate": "Less than 0.2 mm/yr"
      }
    },
    {
      "type": "Feature",
      "geometry": {
        "type": "LineString",
        "coordinates": [
          [
            -106.93727011567776,
            33.99736743089201
          ],
          [
            -106.93600045392319,
            34.00008440820729
          ]
        ]
      },
      "properties": {
        "fault_name": "Socorro Canyon fault zone",
        "age": "late Quaternary",
        "slip_rate": "Less than 0.2 mm/yr"
      }
    },
    {
      "type": "Feature",
      "geometry": {
        "type": "LineString",
        "coordinates": [
          [
            -106.93625968705292,
            33.95736947672668
          ],
          [
            -106.93656059033376,
            33.958013668661216
          ],
          [
            -106.93687943476745,
            33.958943866853666
          ],
          [
            -106.93710496939595,
            33.95979919130678
          ],
          [
            -106.93719788573904,
            33.96086654826466
          ],
          [
            -106.93710722686225,
            33.96292927065488
          ]
        ]
      },
      "properties": {
        "fault_name": "Socorro Canyon fault zone",
        "age": "late Quaternary",
        "slip_rate": "Less than 0.2 mm/yr"
      }
    },
    {
      "type": "Feature",
      "geometry": {
        "type": "LineString",
        "coordinates": [
          [
            -106.93709860662878,
            33.963559247282156
          ],
          [
            -106.9367616602438,
            33.964862403633454
          ],
          [
            -106.93653703111711,
            33.96606836224733
          ],
          [
            -106.93640938680345,
            33.96700558885592
          ]
        ]
      },
      "properties": {
        "fault_name": "Socorro Canyon fault zone",
        "age": "late Quaternary",
        "slip_rate": "Less than 0.2 mm/yr"
      }
    },
    {
      "type": "Feature",
      "geometry": {
        "type": "LineString",
        "coordinates": [
          [
            -106.93640938680345,
            33.96700558885592
          ],
          [
            -106.93640745273063,
            33.96742551219223
          ],
          [
            -106.9364489387271,
            33.96773977927716
          ]
        ]
      },
      "properties": {
        "fault_name": "Socorro Canyon fault zone",
        "age": "late Quaternary",
        "slip_rate": "Less than 0.2 mm/yr"
      }
    },
    {
      "type": "Feature",
      "geometry": {
        "type": "LineString",
        "coordinates": [
          [
            -106.93257769302764,
            34.02398614289498
          ],
          [
            -106.93250507322007,
            34.024827065327564
          ]
        ]
      },
      "properties": {
        "fault_name": "Socorro Canyon fault zone",
        "age": "late Quaternary",
        "slip_rate": "Less than 0.2 mm/yr"
      }
    },
    {
      "type": "Feature",
      "geometry": {
        "type": "LineString",
        "coordinates": [
          [
            -106.93111162721257,
            34.02605137469863
          ],
          [
            -106.93162285035594,
            34.02747639173786
          ]
        ]
      },
      "properties": {
        "fault_name": "Socorro Canyon fault zone",
        "age": "late Quaternary",
        "slip_rate": "Less than 0.2 mm/yr"
      }
    },
    {
      "type": "Feature",
      "geometry": {
        "type": "LineString",
        "coordinates": [
          [
            -106.92795775004787,
            34.01705004919173
          ],
          [
            -106.92810372268829,
            34.01769801291408
          ],
          [
            -106.9283603390256,
            34.018407982210725
          ],
          [
            -106.92842287344749,
            34.01856576509962
          ],
          [
            -106.92855406071664,
            34.01889677017623
          ]
        ]
      },
      "properties": {
        "fault_name": "Socorro Canyon fault zone",
        "age": "late Quaternary",
        "slip_rate": "Less than 0.2 mm/yr"
      }
    },
    {
      "type": "Feature",
      "geometry": {
        "type": "LineString",
        "coordinates": [
          [
            -106.92495893467762,
            34.01903835626788
          ],
          [
            -106.92524156981882,
            34.020389033775245
          ]
        ]
      },
      "properties": {
        "fault_name": "Socorro Canyon fault zone",
        "age": "late Quaternary",
        "slip_rate": "Less than 0.2 mm/yr"
      }
    },
    {
      "type": "Feature",
      "geometry": {
        "type": "LineString",
        "coordinates": [
          [
            -106.91804431627149,
            33.997363413655364
          ],
          [
            -106.91843614163548,
            33.99848337820763
          ],
          [
            -106.91879477155479,
            33.99914579611933
          ],
          [
            -106.91898747455626,
            33.99956268227707
          ],
          [
            -106.91920523157104,
            34.000074605986434
          ]
        ]
      },
      "properties": {
        "fault_name": "Socorro Canyon fault zone",
        "age": "late Quaternary",
        "slip_rate": "Less than 0.2 mm/yr"
      }
    },
    {
      "type": "Feature",
      "geometry": {
        "type": "LineString",
        "coordinates": [
          [
            -106.91616349289988,
            33.992182235749766
          ],
          [
            -106.9165747452302,
            33.993149218134576
          ],
          [
            -106.91677642240138,
            33.9939667758317
          ],
          [
            -106.91712068556436,
            33.99501114525133
          ]
        ]
      },
      "properties": {
        "fault_name": "Socorro Canyon fault zone",
        "age": "late Quaternary",
        "slip_rate": "Less than 0.2 mm/yr"
      }
    },
    {
      "type": "Feature",
      "geometry": {
        "type": "LineString",
        "coordinates": [
          [
            -106.91392929385506,
            33.98655799828265
          ],
          [
            -106.91446335935946,
            33.98789525714202
          ],
          [
            -106.91499637114003,
            33.98918481306696
          ],
          [
            -106.91555658839897,
            33.99066480431296
          ]
        ]
      },
      "properties": {
        "fault_name": "Socorro Canyon fault zone",
        "age": "late Quaternary",
        "slip_rate": "Less than 0.2 mm/yr"
      }
    },
    {
      "type": "Feature",
      "geometry": {
        "type": "LineString",
        "coordinates": [
          [
            -106.9146083178019,
            33.98210036768609
          ],
          [
            -106.9144646843745,
            33.98284696125335
          ],
          [
            -106.91414723592277,
            33.98401615615454
          ],
          [
            -106.91406717267476,
            33.98453272619844
          ],
          [
            -106.91408129329271,
            33.98516234688459
          ]
        ]
      },
      "properties": {
        "fault_name": "Socorro Canyon fault zone",
        "age": "late Quaternary",
        "slip_rate": "Less than 0.2 mm/yr"
      }
    },
    {
      "type": "Feature",
      "geometry": {
        "type": "LineString",
        "coordinates": [
          [
            -106.91268850125876,
            33.94978061828575
          ],
          [
            -106.91233713332024,
            33.95045409627564
          ],
          [
            -106.9122091566299,
            33.9508759828637
          ],
          [
            -106.91212995756119,
            33.951430712085596
          ],
          [
            -106.91214148474293,
            33.95194586235048
          ],
          [
            -106.91217462359374,
            33.95240341506092
          ]
        ]
      },
      "properties": {
        "fault_name": "Socorro Canyon fault zone",
        "age": "late Quaternary",
        "slip_rate": "Less than 0.2 mm/yr"
      }
    },
    {
      "type": "Feature",
      "geometry": {
        "type": "LineString",
        "coordinates": [
          [
            -106.91089060676092,
            33.98080306302738
          ],
          [
            -106.91186251921964,
            33.98225759232113
          ]
        ]
      },
      "properties": {
        "fault_name": "Socorro Canyon fault zone",
        "age": "late Quaternary",
        "slip_rate": "Less than 0.2 mm/yr"
      }
    },
    {
      "type": "Feature",
      "geometry": {
        "type": "LineString",
        "coordinates": [
          [
            -106.90867095862708,
            33.96554950971101
          ],
          [
            -106.90914300444425,
            33.96617203075219
          ]
        ]
      },
      "properties": {
        "fault_name": "Socorro Canyon fault zone",
        "age": "late Quaternary",
        "slip_rate": "Less than 0.2 mm/yr"
      }
    },
    {
      "type": "Feature",
      "geometry": {
        "type": "LineString",
        "coordinates": [
          [
            -106.9013245577931,
            33.983337068238534
          ],
          [
            -106.90261019159345,
            33.98448144393204
          ]
        ]
      },
      "properties": {
        "fault_name": "Socorro Canyon fault zone",
        "age": "late Quaternary",
        "slip_rate": "Less than 0.2 mm/yr"
      }
    },
    {
      "type": "Feature",
      "geometry": {
        "type": "LineString",
        "coordinates": [
          [
            -106.89620738921876,
            33.97885445908067
          ],
          [
            -106.89794033911483,
            33.98054549074234
          ],
          [
            -106.90081133410162,
            33.9829251028932
          ]
        ]
      },
      "properties": {
        "fault_name": "Socorro Canyon fault zone",
        "age": "late Quaternary",
        "slip_rate": "Less than 0.2 mm/yr"
      }
    },
    {
      "type": "Feature",
      "geometry": {
        "type": "LineString",
        "coordinates": [
          [
            -106.89621451914716,
            33.96369989296401
          ],
          [
            -106.89668731236267,
            33.964360623255665
          ],
          [
            -106.8970146701303,
            33.96466095588031
          ],
          [
            -106.89752310041143,
            33.96486306374338
          ],
          [
            -106.89786996958705,
            33.965010403722864
          ],
          [
            -106.8981735893733,
            33.96527292767824
          ],
          [
            -106.89852597510306,
            33.96566830088561
          ],
          [
            -106.89890508032263,
            33.96623503672813
          ]
        ]
      },
      "properties": {
        "fault_name": "Socorro Canyon fault zone",
        "age": "late Quaternary",
        "slip_rate": "Less than 0.2 mm/yr"
      }
    },
    {
      "type": "Feature",
      "geometry": {
        "type": "LineString",
        "coordinates": [
          [
            -106.89328301094788,
            33.95855357526924
          ],
          [
            -106.89359589416135,
            33.959235863860755
          ],
          [
            -106.89415044484748,
            33.960487023015155
          ],
          [
            -106.89443790843335,
            33.961055185186055
          ]
        ]
      },
      "properties": {
        "fault_name": "Socorro Canyon fault zone",
        "age": "late Quaternary",
        "slip_rate": "Less than 0.2 mm/yr"
      }
    },
    {
      "type": "Feature",
      "geometry": {
        "type": "LineString",
        "coordinates": [
          [
            -106.890750791316,
            33.95176916281073
          ],
          [
            -106.8910142483242,
            33.95228998836409
          ]
        ]
      },
      "properties": {
        "fault_name": "Socorro Canyon fault zone",
        "age": "late Quaternary",
        "slip_rate": "Less than 0.2 mm/yr"
      }
    },
    {
      "type": "Feature",
      "geometry": {
        "type": "LineString",
        "coordinates": [
          [
            -106.88744413587428,
            33.94411859426774
          ],
          [
            -106.88777517403962,
            33.94459067618735
          ],
          [
            -106.8881312159126,
            33.94515780283048
          ],
          [
            -106.88855678738855,
            33.94576203578578
          ]
        ]
      },
      "properties": {
        "fault_name": "Socorro Canyon fault zone",
        "age": "late Quaternary",
        "slip_rate": "Less than 0.2 mm/yr"
      }
    },
    {
      "type": "Feature",
      "geometry": {
        "type": "LineString",
        "coordinates": [
          [
            -106.92850002974723,
            34.03270564520582
          ],
          [
            -106.92998568961526,
            34.03402788427519
          ],
          [
            -106.93120547241368,
            34.03524930874246
          ],
          [
            -106.9319111538666,
            34.036039827231654
          ],
          [
            -106.93272047125888,
            34.037084594830084
          ],
          [
            -106.93311283740869,
            34.03747146031124
          ],
          [
            -106.93388904379792,
            34.03833719918493
          ],
          [
            -106.93468861716434,
            34.039221652943624
          ]
        ]
      },
      "properties": {
        "fault_name": "Socorro Canyon fault zone",
        "age": "late Quaternary",
        "slip_rate": "Less than 0.2 mm/yr"
      }
    },
    {
      "type": "Feature",
      "geometry": {
        "type": "LineString",
        "coordinates": [
          [
            -106.92760912286926,
            34.02676481199821
          ],
          [
            -106.92845003041683,
            34.02745780166715
          ],
          [
            -106.92921616040351,
            34.027884757312144
          ],
          [
            -106.93032991325234,
            34.028478022001835
          ],
          [
            -106.93179649559866,
            34.02946653612974
          ],
          [
            -106.93241262579754,
            34.02984811335279
          ]
        ]
      },
      "properties": {
        "fault_name": "Socorro Canyon fault zone",
        "age": "late Quaternary",
        "slip_rate": "Less than 0.2 mm/yr"
      }
    },
    {
      "type": "Feature",
      "geometry": {
        "type": "LineString",
        "coordinates": [
          [
            -106.91672462913537,
            34.02388124868818
          ],
          [
            -106.91821260665682,
            34.0248123402219
          ],
          [
            -106.92037072917685,
            34.02598106103958
          ],
          [
            -106.92158122159861,
            34.026801927667485
          ],
          [
            -106.92246705299524,
            34.02745608634768
          ],
          [
            -106.9235383730233,
            34.02820276522394
          ],
          [
            -106.9244242322677,
            34.0288569086381
          ],
          [
            -106.92564820211366,
            34.029763407651615
          ],
          [
            -106.92709960832158,
            34.03109576294544
          ],
          [
            -106.92806463519365,
            34.03220669903006
          ],
          [
            -106.92850002974723,
            34.03270564520582
          ]
        ]
      },
      "properties": {
        "fault_name": "Socorro Canyon fault zone",
        "age": "late Quaternary",
        "slip_rate": "Less than 0.2 mm/yr"
      }
    },
    {
      "type": "Feature",
      "geometry": {
        "type": "LineString",
        "coordinates": [
          [
            -106.92015642977762,
            34.02155646266214
          ],
          [
            -106.92119828865762,
            34.022017335925966
          ],
          [
            -106.92240614991391,
            34.022723720627866
          ],
          [
            -106.92359455994938,
            34.02358308492966
          ],
          [
            -106.92471252769349,
            34.02436719679287
          ],
          [
            -106.92560309680493,
            34.02523120363346
          ],
          [
            -106.92581450003567,
            34.025456922667566
          ]
        ]
      },
      "properties": {
        "fault_name": "Socorro Canyon fault zone",
        "age": "late Quaternary",
        "slip_rate": "Less than 0.2 mm/yr"
      }
    },
    {
      "type": "Feature",
      "geometry": {
        "type": "LineString",
        "coordinates": [
          [
            -106.91088933474647,
            33.96731596995969
          ],
          [
            -106.91132836388371,
            33.96760773409313
          ]
        ]
      },
      "properties": {
        "fault_name": "Socorro Canyon fault zone",
        "age": "late Quaternary",
        "slip_rate": "Less than 0.2 mm/yr"
      }
    },
    {
      "type": "Feature",
      "geometry": {
        "type": "LineString",
        "coordinates": [
          [
            -106.90914300444425,
            33.96617203075219
          ],
          [
            -106.9097464791774,
            33.96652530109824
          ],
          [
            -106.91051451718575,
            33.96706687693008
          ],
          [
            -106.91088933474647,
            33.96731596995969
          ]
        ]
      },
      "properties": {
        "fault_name": "Socorro Canyon fault zone",
        "age": "late Quaternary",
        "slip_rate": "Less than 0.2 mm/yr"
      }
    },
    {
      "type": "Feature",
      "geometry": {
        "type": "LineString",
        "coordinates": [
          [
            -106.90821471597238,
            34.01952842125685
          ],
          [
            -106.90939054959384,
            34.01983462714017
          ],
          [
            -106.9098984875982,
            34.019998512039166
          ]
        ]
      },
      "properties": {
        "fault_name": "Socorro Canyon fault zone",
        "age": "late Quaternary",
        "slip_rate": "Less than 0.2 mm/yr"
      }
    },
    {
      "type": "Feature",
      "geometry": {
        "type": "LineString",
        "coordinates": [
          [
            -106.8899004909838,
            33.94850640429678
          ],
          [
            -106.89089036076504,
            33.9487609267004
          ],
          [
            -106.8923873663551,
            33.949138727739886
          ],
          [
            -106.89337943521217,
            33.94946702183699
          ],
          [
            -106.8948086242865,
            33.949884010804084
          ],
          [
            -106.89596224257099,
            33.950267052875176
          ],
          [
            -106.89697977417477,
            33.950709442972666
          ],
          [
            -106.89797611541931,
            33.95122849630419
          ],
          [
            -106.89901741015733,
            33.95170867519456
          ],
          [
            -106.8997347912685,
            33.95204115386873
          ],
          [
            -106.90047422332496,
            33.95233511718373
          ]
        ]
      },
      "properties": {
        "fault_name": "Socorro Canyon fault zone",
        "age": "late Quaternary",
        "slip_rate": "Less than 0.2 mm/yr"
      }
    },
    {
      "type": "Feature",
      "geometry": {
        "type": "LineString",
        "coordinates": [
          [
            -106.91853444697198,
            34.020780174673334
          ],
          [
            -106.92015642977762,
            34.02155646266214
          ]
        ]
      },
      "properties": {
        "fault_name": "Socorro Canyon fault zone",
        "age": "late Quaternary",
        "slip_rate": "Less than 0.2 mm/yr"
      }
    },
    {
      "type": "Feature",
      "geometry": {
        "type": "LineString",
        "coordinates": [
          [
            -106.9098984875982,
            34.019998512039166
          ],
          [
            -106.91131373392099,
            34.020759044203025
          ],
          [
            -106.91305407785016,
            34.021705360978686
          ],
          [
            -106.9145627489625,
            34.022540745045326
          ],
          [
            -106.91672462913537,
            34.02388124868818
          ]
        ]
      },
      "properties": {
        "fault_name": "Socorro Canyon fault zone",
        "age": "late Quaternary",
        "slip_rate": "Less than 0.2 mm/yr"
      }
    },
    {
      "type": "Feature",
      "geometry": {
        "type": "LineString",
        "coordinates": [
          [
            -106.90873468780828,
            34.015111473865964
          ],
          [
            -106.90963509077712,
            34.01540286916747
          ],
          [
            -106.91100101240428,
            34.01601148534471
          ],
          [
            -106.91234746304767,
            34.016773077042224
          ],
          [
            -106.91346395485978,
            34.01750005887793
          ]
        ]
      },
      "properties": {
        "fault_name": "Socorro Canyon fault zone",
        "age": "late Quaternary",
        "slip_rate": "Less than 0.2 mm/yr"
      }
    },
    {
      "type": "Feature",
      "geometry": {
        "type": "LineString",
        "coordinates": [
          [
            -106.91132836388371,
            33.96760773409313
          ],
          [
            -106.91281719660131,
            33.968624791936435
          ]
        ]
      },
      "properties": {
        "fault_name": "Socorro Canyon fault zone",
        "age": "late Quaternary",
        "slip_rate": "Less than 0.2 mm/yr"
      }
    },
    {
      "type": "Feature",
      "geometry": {
        "type": "LineString",
        "coordinates": [
          [
            -106.90047422332496,
            33.95233511718373
          ],
          [
            -106.90093679640746,
            33.95253792198703
          ],
          [
            -106.90151936464899,
            33.95298699097316
          ],
          [
            -106.90205827476773,
            33.95353216337193
          ],
          [
            -106.90241105126464,
            33.9539466071386
          ],
          [
            -106.90262730809287,
            33.95440133396489
          ]
        ]
      },
      "properties": {
        "fault_name": "Socorro Canyon fault zone",
        "age": "late Quaternary",
        "slip_rate": "Less than 0.2 mm/yr"
      }
    },
    {
      "type": "Feature",
      "geometry": {
        "type": "LineString",
        "coordinates": [
          [
            -106.92581450003567,
            34.025456922667566
          ],
          [
            -106.92760912286926,
            34.02676481199821
          ]
        ]
      },
      "properties": {
        "fault_name": "Socorro Canyon fault zone",
        "age": "late Quaternary",
        "slip_rate": "Less than 0.2 mm/yr"
      }
    },
    {
      "type": "Feature",
      "geometry": {
        "type": "LineString",
        "coordinates": [
          [
            -106.91346395485978,
            34.01750005887793
          ],
          [
            -106.91428345824909,
            34.01826982905638
          ],
          [
            -106.91488990281255,
            34.01873753524105
          ],
          [
            -106.91542547209674,
            34.01911091236579
          ],
          [
            -106.91640025287616,
            34.01964921581432
          ],
          [
            -106.91742130228259,
            34.02020587595423
          ],
          [
            -106.91853444697198,
            34.020780174673334
          ]
        ]
      },
      "properties": {
        "fault_name": "Socorro Canyon fault zone",
        "age": "late Quaternary",
        "slip_rate": "Less than 0.2 mm/yr"
      }
    },
    {
      "type": "Feature",
      "geometry": {
        "type": "LineString",
        "coordinates": [
          [
            -106.91635614559571,
            33.97130860497321
          ],
          [
            -106.916419157023,
            33.9714221143369
          ]
        ]
      },
      "properties": {
        "fault_name": "Socorro Canyon fault zone",
        "age": "late Quaternary",
        "slip_rate": "Less than 0.2 mm/yr"
      }
    },
    {
      "type": "Feature",
      "geometry": {
        "type": "LineString",
        "coordinates": [
          [
            -106.91281719660131,
            33.968624791936435
          ],
          [
            -106.9138410173104,
            33.969334143297466
          ],
          [
            -106.91509641920817,
            33.970154398258806
          ],
          [
            -106.91579539743242,
            33.9706779273403
          ],
          [
            -106.91612327262966,
            33.97099728485213
          ],
          [
            -106.9162878547695,
            33.97118558268569
          ],
          [
            -106.91635614559571,
            33.97130860497321
          ]
        ]
      },
      "properties": {
        "fault_name": "Socorro Canyon fault zone",
        "age": "late Quaternary",
        "slip_rate": "Less than 0.2 mm/yr"
      }
    },
    {
      "type": "Feature",
      "geometry": {
        "type": "LineString",
        "coordinates": [
          [
            -106.91414919335178,
            34.03901644883305
          ],
          [
            -106.91334362462918,
            34.038876305215254
          ],
          [
            -106.91200751269638,
            34.03859172210527
          ],
          [
            -106.91007510895948,
            34.038297305990056
          ],
          [
            -106.90892449823455,
            34.038105234633
          ],
          [
            -106.90747467395984,
            34.037860540121734
          ]
        ]
      },
      "properties": {
        "fault_name": "Socorro Canyon fault zone",
        "age": "late Quaternary",
        "slip_rate": "Less than 0.2 mm/yr"
      }
    },
    {
      "type": "Feature",
      "geometry": {
        "type": "LineString",
        "coordinates": [
          [
            -106.90641275569955,
            34.037533468767045
          ],
          [
            -106.90472737069946,
            34.03700610401007
          ]
        ]
      },
      "properties": {
        "fault_name": "Socorro Canyon fault zone",
        "age": "late Quaternary",
        "slip_rate": "Less than 0.2 mm/yr"
      }
    },
    {
      "type": "Feature",
      "geometry": {
        "type": "LineString",
        "coordinates": [
          [
            -106.90434596669108,
            34.035921563962376
          ],
          [
            -106.90311620091488,
            34.03569503975538
          ],
          [
            -106.90097039160244,
            34.0350793206856
          ],
          [
            -106.90023277863445,
            34.03489986610391
          ]
        ]
      },
      "properties": {
        "fault_name": "Socorro Canyon fault zone",
        "age": "late Quaternary",
        "slip_rate": "Less than 0.2 mm/yr"
      }
    },
    {
      "type": "Feature",
      "geometry": {
        "type": "LineString",
        "coordinates": [
          [
            -106.89538489264292,
            34.0333905746469
          ],
          [
            -106.89414016183244,
            34.033085299844245
          ],
          [
            -106.89261789381995,
            34.03266976865131
          ],
          [
            -106.8913464534011,
            34.032193102309435
          ],
          [
            -106.88998420678176,
            34.031755987872685
          ],
          [
            -106.88944228101863,
            34.0316116312731
          ]
        ]
      },
      "properties": {
        "fault_name": "Socorro Canyon fault zone",
        "age": "late Quaternary",
        "slip_rate": "Less than 0.2 mm/yr"
      }
    },
    {
      "type": "Feature",
      "geometry": {
        "type": "LineString",
        "coordinates": [
          [
            -106.8840194516857,
            34.02896555335646
          ],
          [
            -106.88297600638091,
            34.028428043062036
          ]
        ]
      },
      "properties": {
        "fault_name": "Socorro Canyon fault zone",
        "age": "late Quaternary",
        "slip_rate": "Less than 0.2 mm/yr"
      }
    },
    {
      "type": "Feature",
      "geometry": {
        "type": "LineString",
        "coordinates": [
          [
            -106.88297600638091,
            34.028428043062036
          ],
          [
            -106.8819796678313,
            34.02794706312706
          ]
        ]
      },
      "properties": {
        "fault_name": "Socorro Canyon fault zone",
        "age": "late Quaternary",
        "slip_rate": "Less than 0.2 mm/yr"
      }
    },
    {
      "type": "Feature",
      "geometry": {
        "type": "LineString",
        "coordinates": [
          [
            -106.8819796678313,
            34.02794706312706
          ],
          [
            -106.8809150159976,
            34.02748620419647
          ],
          [
            -106.88007910757459,
            34.027002750904394
          ]
        ]
      },
      "properties": {
        "fault_name": "Socorro Canyon fault zone",
        "age": "late Quaternary",
        "slip_rate": "Less than 0.2 mm/yr"
      }
    },
    {
      "type": "Feature",
      "geometry": {
        "type": "LineString",
        "coordinates": [
          [
            -106.90023277863445,
            34.03489986610391
          ],
          [
            -106.8978790542495,
            34.03421096164333
          ],
          [
            -106.89607664931061,
            34.03357076793061
          ],
          [
            -106.89538489264292,
            34.0333905746469
          ]
        ]
      },
      "properties": {
        "fault_name": "Socorro Canyon fault zone",
        "age": "late Quaternary",
        "slip_rate": "Less than 0.2 mm/yr"
      }
    },
    {
      "type": "Feature",
      "geometry": {
        "type": "LineString",
        "coordinates": [
          [
            -106.88944228101863,
            34.0316116312731
          ],
          [
            -106.88721692678611,
            34.030500650917666
          ],
          [
            -106.88492414770327,
            34.029447921927265
          ],
          [
            -106.8840194516857,
            34.02896555335646
          ]
        ]
      },
      "properties": {
        "fault_name": "Socorro Canyon fault zone",
        "age": "late Quaternary",
        "slip_rate": "Less than 0.2 mm/yr"
      }
    },
    {
      "type": "Feature",
      "geometry": {
        "type": "LineString",
        "coordinates": [
          [
            -106.90747467395984,
            34.037860540121734
          ],
          [
            -106.90641275569955,
            34.037533468767045
          ]
        ]
      },
      "properties": {
        "fault_name": "Socorro Canyon fault zone",
        "age": "late Quaternary",
        "slip_rate": "Less than 0.2 mm/yr"
      }
    },
    {
      "type": "Feature",
      "geometry": {
        "type": "LineString",
        "coordinates": [
          [
            -106.94960291463524,
            34.00007359388958
          ],
          [
            -106.94974800333338,
            33.99940328671006
          ],
          [
            -106.9497737589309,
            33.99852492633379
          ],
          [
            -106.94983791391357,
            33.997321497049356
          ],
          [
            -106.94976637477927,
            33.996196562221655
          ],
          [
            -106.94962524944813,
            33.99503455668962
          ],
          [
            -106.94948761497018,
            33.99402518522366
          ],
          [
            -106.94943986412295,
            33.99293804403805
          ],
          [
            -106.94927932979179,
            33.99192903273112
          ],
          [
            -106.94912751810202,
            33.991301604259846
          ],
          [
            -106.94914388630481,
            33.99101505470591
          ]
        ]
      },
      "properties": {
        "fault_name": "Socorro Canyon fault zone",
        "age": "late Quaternary",
        "slip_rate": "Less than 0.2 mm/yr"
      }
    },
    {
      "type": "Feature",
      "geometry": {
        "type": "LineString",
        "coordinates": [
          [
            -106.94877746889033,
            33.98901683765932
          ],
          [
            -106.94847996393621,
            33.98802908227535
          ]
        ]
      },
      "properties": {
        "fault_name": "Socorro Canyon fault zone",
        "age": "late Quaternary",
        "slip_rate": "Less than 0.2 mm/yr"
      }
    },
    {
      "type": "Feature",
      "geometry": {
        "type": "LineString",
        "coordinates": [
          [
            -106.94554688368518,
            33.97406334781948
          ],
          [
            -106.94561449089346,
            33.97389355833425
          ],
          [
            -106.94587799102081,
            33.97339315430751
          ],
          [
            -106.94616308395264,
            33.97283515108758
          ],
          [
            -106.94663137301531,
            33.97227424623318
          ],
          [
            -106.94709834963933,
            33.971656104929636
          ]
        ]
      },
      "properties": {
        "fault_name": "Socorro Canyon fault zone",
        "age": "late Quaternary",
        "slip_rate": "Less than 0.2 mm/yr"
      }
    },
    {
      "type": "Feature",
      "geometry": {
        "type": "LineString",
        "coordinates": [
          [
            -106.9463314587796,
            33.979216751348034
          ],
          [
            -106.94607808625878,
            33.97815194364167
          ],
          [
            -106.94590864333493,
            33.97775381933438
          ]
        ]
      },
      "properties": {
        "fault_name": "Socorro Canyon fault zone",
        "age": "late Quaternary",
        "slip_rate": "Less than 0.2 mm/yr"
      }
    },
    {
      "type": "Feature",
      "geometry": {
        "type": "LineString",
        "coordinates": [
          [
            -106.94556788360158,
            33.97586969531582
          ],
          [
            -106.94554636356062,
            33.974925279229105
          ],
          [
            -106.94548447772239,
            33.97422007627408
          ],
          [
            -106.94554688368518,
            33.97406334781948
          ]
        ]
      },
      "properties": {
        "fault_name": "Socorro Canyon fault zone",
        "age": "late Quaternary",
        "slip_rate": "Less than 0.2 mm/yr"
      }
    },
    {
      "type": "Feature",
      "geometry": {
        "type": "LineString",
        "coordinates": [
          [
            -106.94554688368518,
            33.97406334781948
          ],
          [
            -106.9455328969162,
            33.97282603184562
          ],
          [
            -106.94539405600085,
            33.97175940977565
          ],
          [
            -106.94515536374838,
            33.970331733836574
          ],
          [
            -106.94484103334901,
            33.96859987723854
          ],
          [
            -106.94453019110787,
            33.96702065030571
          ],
          [
            -106.944158051425,
            33.965766853708324
          ]
        ]
      },
      "properties": {
        "fault_name": "Socorro Canyon fault zone",
        "age": "late Quaternary",
        "slip_rate": "Less than 0.2 mm/yr"
      }
    },
    {
      "type": "Feature",
      "geometry": {
        "type": "LineString",
        "coordinates": [
          [
            -106.9387747488629,
            34.01527127777842
          ],
          [
            -106.9386177565889,
            34.01441488669485
          ],
          [
            -106.93850182001832,
            34.01334790495296
          ],
          [
            -106.93843083963617,
            34.01224204013647
          ],
          [
            -106.93834085629247,
            34.011308247669
          ],
          [
            -106.93825304058355,
            34.01046985192206
          ],
          [
            -106.93809433162905,
            34.00953714279648
          ],
          [
            -106.93789761136162,
            34.008948579291946
          ],
          [
            -106.93774844521036,
            34.008435609945295
          ]
        ]
      },
      "properties": {
        "fault_name": "Socorro Canyon fault zone",
        "age": "late Quaternary",
        "slip_rate": "Less than 0.2 mm/yr"
      }
    },
    {
      "type": "Feature",
      "geometry": {
        "type": "LineString",
        "coordinates": [
          [
            -106.93422365815643,
            33.95798362378573
          ],
          [
            -106.93421674831525,
            33.957678355834446
          ],
          [
            -106.93413855805458,
            33.957259691304195
          ],
          [
            -106.93396619291116,
            33.956727989157436
          ],
          [
            -106.93378994524903,
            33.95602457262779
          ],
          [
            -106.93349749601335,
            33.95524663813427
          ],
          [
            -106.93322578977588,
            33.95437294574348
          ],
          [
            -106.93292687716172,
            33.95330882023959
          ],
          [
            -106.93270356227029,
            33.95254888318671
          ],
          [
            -106.93262107087607,
            33.951939422693336
          ],
          [
            -106.93251654919781,
            33.951368479801786
          ]
        ]
      },
      "properties": {
        "fault_name": "Socorro Canyon fault zone",
        "age": "late Quaternary",
        "slip_rate": "Less than 0.2 mm/yr"
      }
    },
    {
      "type": "Feature",
      "geometry": {
        "type": "LineString",
        "coordinates": [
          [
            -106.9299081218871,
            33.99408218096594
          ],
          [
            -106.93037092134507,
            33.994250384692464
          ],
          [
            -106.93078970515074,
            33.99453010110459
          ]
        ]
      },
      "properties": {
        "fault_name": "Socorro Canyon fault zone",
        "age": "late Quaternary",
        "slip_rate": "Less than 0.2 mm/yr"
      }
    },
    {
      "type": "Feature",
      "geometry": {
        "type": "LineString",
        "coordinates": [
          [
            -106.93019198861856,
            33.99444405306213
          ],
          [
            -106.92995559066335,
            33.994123300756776
          ],
          [
            -106.9299081218871,
            33.99408218096594
          ]
        ]
      },
      "properties": {
        "fault_name": "Socorro Canyon fault zone",
        "age": "late Quaternary",
        "slip_rate": "Less than 0.2 mm/yr"
      }
    },
    {
      "type": "Feature",
      "geometry": {
        "type": "LineString",
        "coordinates": [
          [
            -106.9299081218871,
            33.99408218096594
          ],
          [
            -106.92937129316489,
            33.993617146846624
          ],
          [
            -106.9289205526913,
            33.99293712123202
          ],
          [
            -106.92830862031974,
            33.99222144826897
          ]
        ]
      },
      "properties": {
        "fault_name": "Socorro Canyon fault zone",
        "age": "late Quaternary",
        "slip_rate": "Less than 0.2 mm/yr"
      }
    },
    {
      "type": "Feature",
      "geometry": {
        "type": "LineString",
        "coordinates": [
          [
            -106.92695677259813,
            34.02528633575803
          ],
          [
            -106.92667360385765,
            34.02492814196363
          ]
        ]
      },
      "properties": {
        "fault_name": "Socorro Canyon fault zone",
        "age": "late Quaternary",
        "slip_rate": "Less than 0.2 mm/yr"
      }
    },
    {
      "type": "Feature",
      "geometry": {
        "type": "LineString",
        "coordinates": [
          [
            -106.92639086990175,
            34.024589025766815
          ],
          [
            -106.92605584231823,
            34.02396443919254
          ]
        ]
      },
      "properties": {
        "fault_name": "Socorro Canyon fault zone",
        "age": "late Quaternary",
        "slip_rate": "Less than 0.2 mm/yr"
      }
    },
    {
      "type": "Feature",
      "geometry": {
        "type": "LineString",
        "coordinates": [
          [
            -106.92438590384947,
            34.00431294368647
          ],
          [
            -106.92437643380974,
            34.003893200331646
          ]
        ]
      },
      "properties": {
        "fault_name": "Socorro Canyon fault zone",
        "age": "late Quaternary",
        "slip_rate": "Less than 0.2 mm/yr"
      }
    },
    {
      "type": "Feature",
      "geometry": {
        "type": "LineString",
        "coordinates": [
          [
            -106.92346701804365,
            33.98175221468234
          ],
          [
            -106.9232925131132,
            33.98112510214889
          ],
          [
            -106.92309833238303,
            33.980641442986695
          ]
        ]
      },
      "properties": {
        "fault_name": "Socorro Canyon fault zone",
        "age": "late Quaternary",
        "slip_rate": "Less than 0.2 mm/yr"
      }
    },
    {
      "type": "Feature",
      "geometry": {
        "type": "LineString",
        "coordinates": [
          [
            -106.92322555089528,
            34.01469852780371
          ],
          [
            -106.9219851472695,
            34.01421795629118
          ],
          [
            -106.92105664859183,
            34.0136980603327
          ],
          [
            -106.92024142926812,
            34.01311912906158
          ],
          [
            -106.91951442899689,
            34.01238612587575
          ],
          [
            -106.91895125268739,
            34.011803251014875
          ],
          [
            -106.91820479760204,
            34.011223232309966
          ],
          [
            -106.91710396971355,
            34.01017158297167
          ]
        ]
      },
      "properties": {
        "fault_name": "Socorro Canyon fault zone",
        "age": "late Quaternary",
        "slip_rate": "Less than 0.2 mm/yr"
      }
    },
    {
      "type": "Feature",
      "geometry": {
        "type": "LineString",
        "coordinates": [
          [
            -106.92243640517269,
            33.97668188432818
          ],
          [
            -106.9224331020674,
            33.97551768401805
          ],
          [
            -106.9224764601529,
            33.974390926677536
          ],
          [
            -106.92250465018482,
            33.9736079557965
          ],
          [
            -106.92260197006944,
            33.97284299120624
          ],
          [
            -106.92269885966104,
            33.97205894596198
          ],
          [
            -106.92281993639166,
            33.971331782309676
          ],
          [
            -106.92303003167535,
            33.970488709057925
          ],
          [
            -106.92308369343718,
            33.96981985668493
          ],
          [
            -106.92314422910755,
            33.96945627500267
          ]
        ]
      },
      "properties": {
        "fault_name": "Socorro Canyon fault zone",
        "age": "late Quaternary",
        "slip_rate": "Less than 0.2 mm/yr"
      }
    },
    {
      "type": "Feature",
      "geometry": {
        "type": "LineString",
        "coordinates": [
          [
            -106.92264681396843,
            33.981955899092966
          ],
          [
            -106.92283532004092,
            33.981170422753756
          ],
          [
            -106.92309833238303,
            33.980641442986695
          ]
        ]
      },
      "properties": {
        "fault_name": "Socorro Canyon fault zone",
        "age": "late Quaternary",
        "slip_rate": "Less than 0.2 mm/yr"
      }
    },
    {
      "type": "Feature",
      "geometry": {
        "type": "LineString",
        "coordinates": [
          [
            -106.922844788284,
            33.96633083302019
          ],
          [
            -106.9227182695594,
            33.965798397829246
          ]
        ]
      },
      "properties": {
        "fault_name": "Socorro Canyon fault zone",
        "age": "late Quaternary",
        "slip_rate": "Less than 0.2 mm/yr"
      }
    },
    {
      "type": "Feature",
      "geometry": {
        "type": "LineString",
        "coordinates": [
          [
            -106.92241488603005,
            33.993019896667384
          ],
          [
            -106.92242489595728,
            33.99244715898478
          ]
        ]
      },
      "properties": {
        "fault_name": "Socorro Canyon fault zone",
        "age": "late Quaternary",
        "slip_rate": "Less than 0.2 mm/yr"
      }
    },
    {
      "type": "Feature",
      "geometry": {
        "type": "LineString",
        "coordinates": [
          [
            -106.92158846381645,
            33.95854566230366
          ],
          [
            -106.92141102498826,
            33.957784986678604
          ],
          [
            -106.92132474539848,
            33.957003803191824
          ],
          [
            -106.92125750290622,
            33.95605054386686
          ],
          [
            -106.92116436378093,
            33.95496408688389
          ],
          [
            -106.92105133505693,
            33.95401154388582
          ],
          [
            -106.92091236298752,
            33.95190469309689
          ],
          [
            -106.92060118028489,
            33.95028722470232
          ],
          [
            -106.92040833804455,
            33.9488396846329
          ],
          [
            -106.92008774818426,
            33.94680246579286
          ],
          [
            -106.91987546101126,
            33.94550791800832
          ],
          [
            -106.91975689327523,
            33.94430733687943
          ],
          [
            -106.91959811425212,
            33.94335550404486
          ]
        ]
      },
      "properties": {
        "fault_name": "Socorro Canyon fault zone",
        "age": "late Quaternary",
        "slip_rate": "Less than 0.2 mm/yr"
      }
    },
    {
      "type": "Feature",
      "geometry": {
        "type": "LineString",
        "coordinates": [
          [
            -106.91926725035995,
            34.04943389076017
          ],
          [
            -106.91897456756227,
            34.04865593900101
          ],
          [
            -106.91851156059347,
            34.0474416699735
          ],
          [
            -106.91805673188703,
            34.04658990278343
          ],
          [
            -106.91755650322446,
            34.04575793009118
          ],
          [
            -106.91710255307035,
            34.044944315898064
          ],
          [
            -106.91662784015509,
            34.04422645521563
          ],
          [
            -106.91605458923966,
            34.04320475392581
          ],
          [
            -106.91571697989802,
            34.04246566487373
          ],
          [
            -106.91540358284821,
            34.04178345568929
          ],
          [
            -106.91480186971134,
            34.04051407324771
          ],
          [
            -106.91414919335178,
            34.03901644883305
          ]
        ]
      },
      "properties": {
        "fault_name": "Socorro Canyon fault zone",
        "age": "late Quaternary",
        "slip_rate": "Less than 0.2 mm/yr"
      }
    },
    {
      "type": "Feature",
      "geometry": {
        "type": "LineString",
        "coordinates": [
          [
            -106.91619453777778,
            33.976523906672575
          ],
          [
            -106.91615368868688,
            33.976436357215206
          ],
          [
            -106.91572048692089,
            33.97550788492286
          ],
          [
            -106.91472184239595,
            33.97388202477097
          ],
          [
            -106.91422210601011,
            33.97305001209409
          ]
        ]
      },
      "properties": {
        "fault_name": "Socorro Canyon fault zone",
        "age": "late Quaternary",
        "slip_rate": "Less than 0.2 mm/yr"
      }
    },
    {
      "type": "Feature",
      "geometry": {
        "type": "LineString",
        "coordinates": [
          [
            -106.91523619077817,
            34.00762407737212
          ],
          [
            -106.91489703184266,
            34.00680865876358
          ]
        ]
      },
      "properties": {
        "fault_name": "Socorro Canyon fault zone",
        "age": "late Quaternary",
        "slip_rate": "Less than 0.2 mm/yr"
      }
    },
    {
      "type": "Feature",
      "geometry": {
        "type": "LineString",
        "coordinates": [
          [
            -106.91414919335178,
            34.03901644883305
          ],
          [
            -106.91327078922592,
            34.037675023020896
          ],
          [
            -106.91262887198853,
            34.0366543720862
          ],
          [
            -106.91191479398266,
            34.03548215133807
          ],
          [
            -106.9115556205826,
            34.03480064232603
          ],
          [
            -106.9113382381653,
            34.034307788281964
          ],
          [
            -106.91102961655956,
            34.03383543624191
          ],
          [
            -106.91072142614513,
            34.03338216391536
          ],
          [
            -106.91040682355623,
            34.03264269967964
          ],
          [
            -106.91020424178156,
            34.031786978189324
          ],
          [
            -106.9099592550339,
            34.031084604168
          ],
          [
            -106.90976224011906,
            34.03047691201199
          ],
          [
            -106.90962435590947,
            34.029438868319545
          ],
          [
            -106.90940357875873,
            34.028793374347245
          ],
          [
            -106.90913911114582,
            34.028243986867935
          ],
          [
            -106.90882454179456,
            34.02750451805297
          ],
          [
            -106.9086703846036,
            34.02676255690045
          ],
          [
            -106.90847296365025,
            34.026135783324186
          ],
          [
            -106.90820167512939,
            34.02528112489489
          ]
        ]
      },
      "properties": {
        "fault_name": "Socorro Canyon fault zone",
        "age": "late Quaternary",
        "slip_rate": "Less than 0.2 mm/yr"
      }
    },
    {
      "type": "Feature",
      "geometry": {
        "type": "LineString",
        "coordinates": [
          [
            -106.91226256686343,
            34.00072302991514
          ],
          [
            -106.91214075710754,
            34.000400461079515
          ]
        ]
      },
      "properties": {
        "fault_name": "Socorro Canyon fault zone",
        "age": "late Quaternary",
        "slip_rate": "Less than 0.2 mm/yr"
      }
    },
    {
      "type": "Feature",
      "geometry": {
        "type": "LineString",
        "coordinates": [
          [
            -106.91103131617209,
            33.9676409776686
          ],
          [
            -106.91088933474647,
            33.96731596995969
          ]
        ]
      },
      "properties": {
        "fault_name": "Socorro Canyon fault zone",
        "age": "late Quaternary",
        "slip_rate": "Less than 0.2 mm/yr"
      }
    },
    {
      "type": "Feature",
      "geometry": {
        "type": "LineString",
        "coordinates": [
          [
            -106.91075436736661,
            34.046092907295055
          ],
          [
            -106.91028611872812,
            34.04566120882088
          ],
          [
            -106.90965187220495,
            34.04498397075422
          ],
          [
            -106.90894930431281,
            34.044326876789015
          ],
          [
            -106.90885548695948,
            34.04423290425647
          ]
        ]
      },
      "properties": {
        "fault_name": "Socorro Canyon fault zone",
        "age": "late Quaternary",
        "slip_rate": "Less than 0.2 mm/yr"
      }
    },
    {
      "type": "Feature",
      "geometry": {
        "type": "LineString",
        "coordinates": [
          [
            -106.90993000319331,
            33.993522242280335
          ],
          [
            -106.90986329070705,
            33.99325362373922
          ],
          [
            -106.90979072928998,
            33.99308297584758
          ],
          [
            -106.90964133586496,
            33.99255088470265
          ]
        ]
      },
      "properties": {
        "fault_name": "Socorro Canyon fault zone",
        "age": "late Quaternary",
        "slip_rate": "Less than 0.2 mm/yr"
      }
    },
    {
      "type": "Feature",
      "geometry": {
        "type": "LineString",
        "coordinates": [
          [
            -106.90938466832367,
            33.99080849019584
          ],
          [
            -106.90928536226397,
            33.99046648188258
          ],
          [
            -106.90913896741537,
            33.9900679460142
          ]
        ]
      },
      "properties": {
        "fault_name": "Socorro Canyon fault zone",
        "age": "late Quaternary",
        "slip_rate": "Less than 0.2 mm/yr"
      }
    },
    {
      "type": "Feature",
      "geometry": {
        "type": "LineString",
        "coordinates": [
          [
            -106.90680379863093,
            34.041688147169126
          ],
          [
            -106.90637246536075,
            34.04085505522586
          ]
        ]
      },
      "properties": {
        "fault_name": "Socorro Canyon fault zone",
        "age": "late Quaternary",
        "slip_rate": "Less than 0.2 mm/yr"
      }
    },
    {
      "type": "Feature",
      "geometry": {
        "type": "LineString",
        "coordinates": [
          [
            -106.90649552557151,
            33.9758420577177
          ],
          [
            -106.90559321458102,
            33.97544568664068
          ],
          [
            -106.90475897702441,
            33.97501962498703
          ],
          [
            -106.90457364020826,
            33.97492706265587
          ]
        ]
      },
      "properties": {
        "fault_name": "Socorro Canyon fault zone",
        "age": "late Quaternary",
        "slip_rate": "Less than 0.2 mm/yr"
      }
    },
    {
      "type": "Feature",
      "geometry": {
        "type": "LineString",
        "coordinates": [
          [
            -106.90610754769187,
            34.0402865846735
          ],
          [
            -106.9059407125773,
            34.04000288169341
          ],
          [
            -106.90577174396395,
            34.039623782808526
          ],
          [
            -106.9055807127272,
            34.03928319710786
          ]
        ]
      },
      "properties": {
        "fault_name": "Socorro Canyon fault zone",
        "age": "late Quaternary",
        "slip_rate": "Less than 0.2 mm/yr"
      }
    },
    {
      "type": "Feature",
      "geometry": {
        "type": "LineString",
        "coordinates": [
          [
            -106.90440853794388,
            34.03607582965693
          ],
          [
            -106.90434596669108,
            34.035921563962376
          ]
        ]
      },
      "properties": {
        "fault_name": "Socorro Canyon fault zone",
        "age": "late Quaternary",
        "slip_rate": "Less than 0.2 mm/yr"
      }
    },
    {
      "type": "Feature",
      "geometry": {
        "type": "LineString",
        "coordinates": [
          [
            -106.90434596669108,
            34.035921563962376
          ],
          [
            -106.90409312507458,
            34.035298190100164
          ]
        ]
      },
      "properties": {
        "fault_name": "Socorro Canyon fault zone",
        "age": "late Quaternary",
        "slip_rate": "Less than 0.2 mm/yr"
      }
    },
    {
      "type": "Feature",
      "geometry": {
        "type": "LineString",
        "coordinates": [
          [
            -106.90309620621329,
            33.973394405112685
          ],
          [
            -106.90260593717227,
            33.97298209210441
          ]
        ]
      },
      "properties": {
        "fault_name": "Socorro Canyon fault zone",
        "age": "late Quaternary",
        "slip_rate": "Less than 0.2 mm/yr"
      }
    },
    {
      "type": "Feature",
      "geometry": {
        "type": "LineString",
        "coordinates": [
          [
            -106.90201344524179,
            33.97209420297296
          ],
          [
            -106.90193836944022,
            33.971809069691396
          ],
          [
            -106.90185819569942,
            33.97129498285603
          ],
          [
            -106.90189209901659,
            33.970760045020505
          ],
          [
            -106.90199702044514,
            33.970177517054914
          ]
        ]
      },
      "properties": {
        "fault_name": "Socorro Canyon fault zone",
        "age": "late Quaternary",
        "slip_rate": "Less than 0.2 mm/yr"
      }
    },
    {
      "type": "Feature",
      "geometry": {
        "type": "LineString",
        "coordinates": [
          [
            -106.88908601097357,
            33.946596840134426
          ],
          [
            -106.88809224609727,
            33.946503986795285
          ],
          [
            -106.88751779413431,
            33.9464173677532
          ]
        ]
      },
      "properties": {
        "fault_name": "Socorro Canyon fault zone",
        "age": "late Quaternary",
        "slip_rate": "Less than 0.2 mm/yr"
      }
    },
    {
      "type": "Feature",
      "geometry": {
        "type": "LineString",
        "coordinates": [
          [
            -106.88281761363338,
            33.94513423383016
          ],
          [
            -106.88251621717748,
            33.94496706789781
          ]
        ]
      },
      "properties": {
        "fault_name": "Socorro Canyon fault zone",
        "age": "late Quaternary",
        "slip_rate": "Less than 0.2 mm/yr"
      }
    },
    {
      "type": "Feature",
      "geometry": {
        "type": "LineString",
        "coordinates": [
          [
            -106.94914388630481,
            33.99101505470591
          ],
          [
            -106.94898597595258,
            33.99012051866847
          ],
          [
            -106.94885445990006,
            33.989378250167945
          ],
          [
            -106.94877746889033,
            33.98901683765932
          ]
        ]
      },
      "properties": {
        "fault_name": "Socorro Canyon fault zone",
        "age": "late Quaternary",
        "slip_rate": "Less than 0.2 mm/yr"
      }
    },
    {
      "type": "Feature",
      "geometry": {
        "type": "LineString",
        "coordinates": [
          [
            -106.94847996393621,
            33.98802908227535
          ],
          [
            -106.94810765896334,
            33.98677530571295
          ]
        ]
      },
      "properties": {
        "fault_name": "Socorro Canyon fault zone",
        "age": "late Quaternary",
        "slip_rate": "Less than 0.2 mm/yr"
      }
    },
    {
      "type": "Feature",
      "geometry": {
        "type": "LineString",
        "coordinates": [
          [
            -106.94703226777042,
            33.982822452962075
          ],
          [
            -106.94693021286594,
            33.98236600467178
          ]
        ]
      },
      "properties": {
        "fault_name": "Socorro Canyon fault zone",
        "age": "late Quaternary",
        "slip_rate": "Less than 0.2 mm/yr"
      }
    },
    {
      "type": "Feature",
      "geometry": {
        "type": "LineString",
        "coordinates": [
          [
            -106.93674788996881,
            34.006379561143945
          ],
          [
            -106.93701646018762,
            34.00546973532901
          ],
          [
            -106.93742616022914,
            34.00433720896525
          ],
          [
            -106.93775288378617,
            34.003587709211956
          ],
          [
            -106.9381513638698,
            34.002970678111936
          ],
          [
            -106.93879576584729,
            34.0024016633242
          ]
        ]
      },
      "properties": {
        "fault_name": "Socorro Canyon fault zone",
        "age": "late Quaternary",
        "slip_rate": "Less than 0.2 mm/yr"
      }
    },
    {
      "type": "Feature",
      "geometry": {
        "type": "LineString",
        "coordinates": [
          [
            -106.93694779476394,
            34.006773968703406
          ],
          [
            -106.93674788996881,
            34.006379561143945
          ]
        ]
      },
      "properties": {
        "fault_name": "Socorro Canyon fault zone",
        "age": "late Quaternary",
        "slip_rate": "Less than 0.2 mm/yr"
      }
    },
    {
      "type": "Feature",
      "geometry": {
        "type": "LineString",
        "coordinates": [
          [
            -106.93674788996881,
            34.006379561143945
          ],
          [
            -106.93666681342114,
            34.00621959379362
          ],
          [
            -106.93583467792233,
            34.004896680190086
          ],
          [
            -106.93521913432335,
            34.004028415945484
          ]
        ]
      },
      "properties": {
        "fault_name": "Socorro Canyon fault zone",
        "age": "late Quaternary",
        "slip_rate": "Less than 0.2 mm/yr"
      }
    },
    {
      "type": "Feature",
      "geometry": {
        "type": "LineString",
        "coordinates": [
          [
            -106.93640938680345,
            33.96700558885592
          ],
          [
            -106.93601189217169,
            33.966649207772036
          ],
          [
            -106.93530418501783,
            33.9657442112821
          ],
          [
            -106.93498749025261,
            33.964909406277286
          ],
          [
            -106.93487212680719,
            33.96386148634888
          ],
          [
            -106.93496241467977,
            33.962791246321345
          ],
          [
            -106.9349593900522,
            33.96265768991483
          ]
        ]
      },
      "properties": {
        "fault_name": "Socorro Canyon fault zone",
        "age": "late Quaternary",
        "slip_rate": "Less than 0.2 mm/yr"
      }
    },
    {
      "type": "Feature",
      "geometry": {
        "type": "LineString",
        "coordinates": [
          [
            -106.93521913432335,
            34.004028415945484
          ],
          [
            -106.93418260065634,
            34.002785049736694
          ],
          [
            -106.93416509967801,
            34.00276584806216
          ],
          [
            -106.9335480747571,
            34.002088847743615
          ],
          [
            -106.9330047584019,
            34.00137212212547
          ],
          [
            -106.93246188401783,
            34.000674471964736
          ],
          [
            -106.93215155112146,
            34.000125855011035
          ]
        ]
      },
      "properties": {
        "fault_name": "Socorro Canyon fault zone",
        "age": "late Quaternary",
        "slip_rate": "Less than 0.2 mm/yr"
      }
    },
    {
      "type": "Feature",
      "geometry": {
        "type": "LineString",
        "coordinates": [
          [
            -106.93251654919781,
            33.951368479801786
          ],
          [
            -106.93231549006754,
            33.95057956364377
          ],
          [
            -106.93226930318721,
            33.949549639144195
          ],
          [
            -106.93246847765202,
            33.948229567889584
          ],
          [
            -106.93270523672997,
            33.94654626976272
          ],
          [
            -106.93287589866766,
            33.94497852713375
          ]
        ]
      },
      "properties": {
        "fault_name": "Socorro Canyon fault zone",
        "age": "late Quaternary",
        "slip_rate": "Less than 0.2 mm/yr"
      }
    },
    {
      "type": "Feature",
      "geometry": {
        "type": "LineString",
        "coordinates": [
          [
            -106.92817489800488,
            33.9920001700464
          ],
          [
            -106.92838687615743,
            33.99162855435839
          ],
          [
            -106.92848458680918,
            33.99088266581323
          ],
          [
            -106.92841420111174,
            33.98979586577131
          ],
          [
            -106.92809316029718,
            33.98877025275552
          ],
          [
            -106.92759018638307,
            33.98780474895816
          ],
          [
            -106.92676225859304,
            33.986653472991954
          ],
          [
            -106.92577790177269,
            33.9856764146723
          ],
          [
            -106.9247550746003,
            33.98502441226748
          ]
        ]
      },
      "properties": {
        "fault_name": "Socorro Canyon fault zone",
        "age": "late Quaternary",
        "slip_rate": "Less than 0.2 mm/yr"
      }
    },
    {
      "type": "Feature",
      "geometry": {
        "type": "LineString",
        "coordinates": [
          [
            -106.92787593239012,
            34.01646399119916
          ],
          [
            -106.9270647258408,
            34.015359948060485
          ],
          [
            -106.92654256031896,
            34.01456651983082
          ],
          [
            -106.92618250656993,
            34.01384689424938
          ],
          [
            -106.92584451005438,
            34.01308875070902
          ],
          [
            -106.92566603457037,
            34.01228993471014
          ],
          [
            -106.92553252066463,
            34.01145224265798
          ],
          [
            -106.92565318237361,
            34.010706000218505
          ],
          [
            -106.92593205896365,
            34.00986184833298
          ],
          [
            -106.9263038626766,
            34.0090734986686
          ],
          [
            -106.92681225702513,
            34.00824483522156
          ],
          [
            -106.92697550965833,
            34.00801505219486
          ]
        ]
      },
      "properties": {
        "fault_name": "Socorro Canyon fault zone",
        "age": "late Quaternary",
        "slip_rate": "Less than 0.2 mm/yr"
      }
    },
    {
      "type": "Feature",
      "geometry": {
        "type": "LineString",
        "coordinates": [
          [
            -106.9247550746003,
            33.98502441226748
          ],
          [
            -106.92408087191158,
            33.98357487707546
          ],
          [
            -106.92371367475941,
            33.98253088628759
          ],
          [
            -106.92346701804365,
            33.98175221468234
          ]
        ]
      },
      "properties": {
        "fault_name": "Socorro Canyon fault zone",
        "age": "late Quaternary",
        "slip_rate": "Less than 0.2 mm/yr"
      }
    },
    {
      "type": "Feature",
      "geometry": {
        "type": "LineString",
        "coordinates": [
          [
            -106.92437643380974,
            34.003893200331646
          ],
          [
            -106.92443750487601,
            34.0025371367498
          ],
          [
            -106.9244808324188,
            34.00141038534739
          ],
          [
            -106.92426955764714,
            34.000071810245686
          ]
        ]
      },
      "properties": {
        "fault_name": "Socorro Canyon fault zone",
        "age": "late Quaternary",
        "slip_rate": "Less than 0.2 mm/yr"
      }
    },
    {
      "type": "Feature",
      "geometry": {
        "type": "LineString",
        "coordinates": [
          [
            -106.92426955764714,
            34.000071810245686
          ],
          [
            -106.92418792504232,
            33.99950050681082
          ],
          [
            -106.92408510567151,
            33.999005877854955
          ]
        ]
      },
      "properties": {
        "fault_name": "Socorro Canyon fault zone",
        "age": "late Quaternary",
        "slip_rate": "Less than 0.2 mm/yr"
      }
    },
    {
      "type": "Feature",
      "geometry": {
        "type": "LineString",
        "coordinates": [
          [
            -106.923327660597,
            33.99691826408175
          ],
          [
            -106.92299019408746,
            33.996179185235334
          ],
          [
            -106.92257971340995,
            33.995250387890636
          ],
          [
            -106.92240217307216,
            33.994489721082545
          ],
          [
            -106.92239056683869,
            33.99397457899629
          ],
          [
            -106.92241488603005,
            33.993019896667384
          ]
        ]
      },
      "properties": {
        "fault_name": "Socorro Canyon fault zone",
        "age": "late Quaternary",
        "slip_rate": "Less than 0.2 mm/yr"
      }
    },
    {
      "type": "Feature",
      "geometry": {
        "type": "LineString",
        "coordinates": [
          [
            -106.92314422910755,
            33.96945627500267
          ],
          [
            -106.92316335423995,
            33.96847447220464
          ],
          [
            -106.92297900287565,
            33.96740853089057
          ],
          [
            -106.922844788284,
            33.96633083302019
          ]
        ]
      },
      "properties": {
        "fault_name": "Socorro Canyon fault zone",
        "age": "late Quaternary",
        "slip_rate": "Less than 0.2 mm/yr"
      }
    },
    {
      "type": "Feature",
      "geometry": {
        "type": "LineString",
        "coordinates": [
          [
            -106.92309833238303,
            33.980641442986695
          ],
          [
            -106.92297221520538,
            33.98012808965824
          ],
          [
            -106.92269536701123,
            33.979025425318035
          ],
          [
            -106.9225351821247,
            33.978016367270065
          ],
          [
            -106.92243640517269,
            33.97668188432818
          ]
        ]
      },
      "properties": {
        "fault_name": "Socorro Canyon fault zone",
        "age": "late Quaternary",
        "slip_rate": "Less than 0.2 mm/yr"
      }
    },
    {
      "type": "Feature",
      "geometry": {
        "type": "LineString",
        "coordinates": [
          [
            -106.9227182695594,
            33.965798397829246
          ],
          [
            -106.9225914220514,
            33.964437153954755
          ],
          [
            -106.92240408468709,
            33.963237654974016
          ],
          [
            -106.92226641158159,
            33.96220915477391
          ],
          [
            -106.92212874206935,
            33.96118065405964
          ],
          [
            -106.9217391481205,
            33.95913497877417
          ],
          [
            -106.92158846381645,
            33.95854566230366
          ]
        ]
      },
      "properties": {
        "fault_name": "Socorro Canyon fault zone",
        "age": "late Quaternary",
        "slip_rate": "Less than 0.2 mm/yr"
      }
    },
    {
      "type": "Feature",
      "geometry": {
        "type": "LineString",
        "coordinates": [
          [
            -106.92242489595728,
            33.99244715898478
          ],
          [
            -106.9223442703639,
            33.99090244889652
          ],
          [
            -106.92238861210463,
            33.98880229036159
          ],
          [
            -106.92241091098494,
            33.98674064694871
          ],
          [
            -106.9224262083959,
            33.98538529576859
          ],
          [
            -106.92253732819991,
            33.983198204023005
          ],
          [
            -106.92261046274214,
            33.98237636015547
          ],
          [
            -106.92264681396843,
            33.981955899092966
          ]
        ]
      },
      "properties": {
        "fault_name": "Socorro Canyon fault zone",
        "age": "late Quaternary",
        "slip_rate": "Less than 0.2 mm/yr"
      }
    },
    {
      "type": "Feature",
      "geometry": {
        "type": "LineString",
        "coordinates": [
          [
            -106.91710396971355,
            34.01017158297167
          ],
          [
            -106.91639864668844,
            34.00938096498565
          ],
          [
            -106.91583251132839,
            34.00866451909111
          ],
          [
            -106.91547728871896,
            34.00815472924007
          ],
          [
            -106.91523619077817,
            34.00762407737212
          ]
        ]
      },
      "properties": {
        "fault_name": "Socorro Canyon fault zone",
        "age": "late Quaternary",
        "slip_rate": "Less than 0.2 mm/yr"
      }
    },
    {
      "type": "Feature",
      "geometry": {
        "type": "LineString",
        "coordinates": [
          [
            -106.91425256338985,
            34.00464288430781
          ],
          [
            -106.91374878368693,
            34.003639164634414
          ],
          [
            -106.91312662399586,
            34.00246551004264
          ],
          [
            -106.9125991072099,
            34.001423983275664
          ],
          [
            -106.91226256686343,
            34.00072302991514
          ]
        ]
      },
      "properties": {
        "fault_name": "Socorro Canyon fault zone",
        "age": "late Quaternary",
        "slip_rate": "Less than 0.2 mm/yr"
      }
    },
    {
      "type": "Feature",
      "geometry": {
        "type": "LineString",
        "coordinates": [
          [
            -106.91214075710754,
            34.000400461079515
          ],
          [
            -106.91201894735164,
            34.000077893253135
          ]
        ]
      },
      "properties": {
        "fault_name": "Socorro Canyon fault zone",
        "age": "late Quaternary",
        "slip_rate": "Less than 0.2 mm/yr"
      }
    },
    {
      "type": "Feature",
      "geometry": {
        "type": "LineString",
        "coordinates": [
          [
            -106.91193437186595,
            33.96909658294266
          ],
          [
            -106.91103131617209,
            33.9676409776686
          ]
        ]
      },
      "properties": {
        "fault_name": "Socorro Canyon fault zone",
        "age": "late Quaternary",
        "slip_rate": "Less than 0.2 mm/yr"
      }
    },
    {
      "type": "Feature",
      "geometry": {
        "type": "LineString",
        "coordinates": [
          [
            -106.91043455634568,
            33.9952297046371
          ],
          [
            -106.91002122711042,
            33.99416730285833
          ],
          [
            -106.90993000319331,
            33.993522242280335
          ]
        ]
      },
      "properties": {
        "fault_name": "Socorro Canyon fault zone",
        "age": "late Quaternary",
        "slip_rate": "Less than 0.2 mm/yr"
      }
    },
    {
      "type": "Feature",
      "geometry": {
        "type": "LineString",
        "coordinates": [
          [
            -106.90964133586496,
            33.99255088470265
          ],
          [
            -106.90956407985222,
            33.99217036205715
          ],
          [
            -106.90945879370767,
            33.99156124133707
          ],
          [
            -106.90938466832367,
            33.99080849019584
          ]
        ]
      },
      "properties": {
        "fault_name": "Socorro Canyon fault zone",
        "age": "late Quaternary",
        "slip_rate": "Less than 0.2 mm/yr"
      }
    },
    {
      "type": "Feature",
      "geometry": {
        "type": "LineString",
        "coordinates": [
          [
            -106.90885548695948,
            34.04423290425647
          ],
          [
            -106.90826795822095,
            34.04359310625424
          ],
          [
            -106.90779546055116,
            34.04297060384618
          ],
          [
            -106.90718203877289,
            34.042197598657204
          ],
          [
            -106.90680379863093,
            34.041688147169126
          ]
        ]
      },
      "properties": {
        "fault_name": "Socorro Canyon fault zone",
        "age": "late Quaternary",
        "slip_rate": "Less than 0.2 mm/yr"
      }
    },
    {
      "type": "Feature",
      "geometry": {
        "type": "LineString",
        "coordinates": [
          [
            -106.90637246536075,
            34.04085505522586
          ],
          [
            -106.90610754769187,
            34.0402865846735
          ]
        ]
      },
      "properties": {
        "fault_name": "Socorro Canyon fault zone",
        "age": "late Quaternary",
        "slip_rate": "Less than 0.2 mm/yr"
      }
    },
    {
      "type": "Feature",
      "geometry": {
        "type": "LineString",
        "coordinates": [
          [
            -106.9055807127272,
            34.03928319710786
          ],
          [
            -106.9051412973144,
            34.03808759079418
          ],
          [
            -106.90472737069946,
            34.03700610401007
          ]
        ]
      },
      "properties": {
        "fault_name": "Socorro Canyon fault zone",
        "age": "late Quaternary",
        "slip_rate": "Less than 0.2 mm/yr"
      }
    },
    {
      "type": "Feature",
      "geometry": {
        "type": "LineString",
        "coordinates": [
          [
            -106.90457364020826,
            33.97492706265587
          ],
          [
            -106.90377798439481,
            33.97417593198612
          ],
          [
            -106.90309620621329,
            33.973394405112685
          ]
        ]
      },
      "properties": {
        "fault_name": "Socorro Canyon fault zone",
        "age": "late Quaternary",
        "slip_rate": "Less than 0.2 mm/yr"
      }
    },
    {
      "type": "Feature",
      "geometry": {
        "type": "LineString",
        "coordinates": [
          [
            -106.90260593717227,
            33.97298209210441
          ],
          [
            -106.90201344524179,
            33.97209420297296
          ]
        ]
      },
      "properties": {
        "fault_name": "Socorro Canyon fault zone",
        "age": "late Quaternary",
        "slip_rate": "Less than 0.2 mm/yr"
      }
    },
    {
      "type": "Feature",
      "geometry": {
        "type": "LineString",
        "coordinates": [
          [
            -106.88751779413431,
            33.9464173677532
          ],
          [
            -106.88592886034799,
            33.94602182683407
          ],
          [
            -106.88381212590804,
            33.945577087302986
          ],
          [
            -106.88307238483111,
            33.94526393963596
          ],
          [
            -106.88281761363338,
            33.94513423383016
          ]
        ]
      },
      "properties": {
        "fault_name": "Socorro Canyon fault zone",
        "age": "late Quaternary",
        "slip_rate": "Less than 0.2 mm/yr"
      }
    },
    {
      "type": "Feature",
      "geometry": {
        "type": "LineString",
        "coordinates": [
          [
            -106.94810765896334,
            33.98677530571295
          ],
          [
            -106.94769043014144,
            33.98556041191406
          ],
          [
            -106.94741150234739,
            33.98438149977323
          ],
          [
            -106.94716201504015,
            33.98348840825424
          ],
          [
            -106.94703226777042,
            33.982822452962075
          ]
        ]
      },
      "properties": {
        "fault_name": "Socorro Canyon fault zone",
        "age": "late Quaternary",
        "slip_rate": "Less than 0.2 mm/yr"
      }
    },
    {
      "type": "Feature",
      "geometry": {
        "type": "LineString",
        "coordinates": [
          [
            -106.94693021286594,
            33.98236600467178
          ],
          [
            -106.9463314587796,
            33.979216751348034
          ]
        ]
      },
      "properties": {
        "fault_name": "Socorro Canyon fault zone",
        "age": "late Quaternary",
        "slip_rate": "Less than 0.2 mm/yr"
      }
    },
    {
      "type": "Feature",
      "geometry": {
        "type": "LineString",
        "coordinates": [
          [
            -106.94590864333493,
            33.97775381933438
          ],
          [
            -106.94556788360158,
            33.97586969531582
          ]
        ]
      },
      "properties": {
        "fault_name": "Socorro Canyon fault zone",
        "age": "late Quaternary",
        "slip_rate": "Less than 0.2 mm/yr"
      }
    },
    {
      "type": "Feature",
      "geometry": {
        "type": "LineString",
        "coordinates": [
          [
            -106.93774844521036,
            34.008435609945295
          ],
          [
            -106.93743458103661,
            34.00773437488265
          ],
          [
            -106.93694779476394,
            34.006773968703406
          ]
        ]
      },
      "properties": {
        "fault_name": "Socorro Canyon fault zone",
        "age": "late Quaternary",
        "slip_rate": "Less than 0.2 mm/yr"
      }
    },
    {
      "type": "Feature",
      "geometry": {
        "type": "LineString",
        "coordinates": [
          [
            -106.9349593900522,
            33.96265768991483
          ],
          [
            -106.93500107457635,
            33.96196993685323
          ],
          [
            -106.93489738743297,
            33.96143715696245
          ],
          [
            -106.93462866719553,
            33.960697023758456
          ],
          [
            -106.93445067500512,
            33.95991729310926
          ],
          [
            -106.9342700956667,
            33.95902308700774
          ],
          [
            -106.93425843283939,
            33.958507946059605
          ],
          [
            -106.93422365815643,
            33.95798362378573
          ]
        ]
      },
      "properties": {
        "fault_name": "Socorro Canyon fault zone",
        "age": "late Quaternary",
        "slip_rate": "Less than 0.2 mm/yr"
      }
    },
    {
      "type": "Feature",
      "geometry": {
        "type": "LineString",
        "coordinates": [
          [
            -106.93215155112146,
            34.000125855011035
          ],
          [
            -106.93165662431566,
            33.9994215887514
          ],
          [
            -106.93115008498822,
            33.99830347089266
          ],
          [
            -106.9308065000533,
            33.99729730796622
          ],
          [
            -106.93057961525693,
            33.99638474167759
          ],
          [
            -106.93035273405383,
            33.99547217601329
          ],
          [
            -106.93019198861856,
            33.99444405306213
          ]
        ]
      },
      "properties": {
        "fault_name": "Socorro Canyon fault zone",
        "age": "late Quaternary",
        "slip_rate": "Less than 0.2 mm/yr"
      }
    },
    {
      "type": "Feature",
      "geometry": {
        "type": "LineString",
        "coordinates": [
          [
            -106.92830862031974,
            33.99222144826897
          ],
          [
            -106.92817489800488,
            33.9920001700464
          ]
        ]
      },
      "properties": {
        "fault_name": "Socorro Canyon fault zone",
        "age": "late Quaternary",
        "slip_rate": "Less than 0.2 mm/yr"
      }
    },
    {
      "type": "Feature",
      "geometry": {
        "type": "LineString",
        "coordinates": [
          [
            -106.92817489800488,
            33.9920001700464
          ],
          [
            -106.92716606568628,
            33.99033075235397
          ],
          [
            -106.92675901836981,
            33.98955460194984
          ]
        ]
      },
      "properties": {
        "fault_name": "Socorro Canyon fault zone",
        "age": "late Quaternary",
        "slip_rate": "Less than 0.2 mm/yr"
      }
    },
    {
      "type": "Feature",
      "geometry": {
        "type": "LineString",
        "coordinates": [
          [
            -106.92794939212247,
            34.026606788241835
          ],
          [
            -106.92695677259813,
            34.02528633575803
          ]
        ]
      },
      "properties": {
        "fault_name": "Socorro Canyon fault zone",
        "age": "late Quaternary",
        "slip_rate": "Less than 0.2 mm/yr"
      }
    },
    {
      "type": "Feature",
      "geometry": {
        "type": "LineString",
        "coordinates": [
          [
            -106.92667360385765,
            34.02492814196363
          ],
          [
            -106.92639086990175,
            34.024589025766815
          ]
        ]
      },
      "properties": {
        "fault_name": "Socorro Canyon fault zone",
        "age": "late Quaternary",
        "slip_rate": "Less than 0.2 mm/yr"
      }
    },
    {
      "type": "Feature",
      "geometry": {
        "type": "LineString",
        "coordinates": [
          [
            -106.92615582211442,
            33.98820894133166
          ],
          [
            -106.9247550746003,
            33.98502441226748
          ]
        ]
      },
      "properties": {
        "fault_name": "Socorro Canyon fault zone",
        "age": "late Quaternary",
        "slip_rate": "Less than 0.2 mm/yr"
      }
    },
    {
      "type": "Feature",
      "geometry": {
        "type": "LineString",
        "coordinates": [
          [
            -106.92408510567151,
            33.999005877854955
          ],
          [
            -106.9238366711898,
            33.99815089415891
          ],
          [
            -106.923327660597,
            33.99691826408175
          ]
        ]
      },
      "properties": {
        "fault_name": "Socorro Canyon fault zone",
        "age": "late Quaternary",
        "slip_rate": "Less than 0.2 mm/yr"
      }
    },
    {
      "type": "Feature",
      "geometry": {
        "type": "LineString",
        "coordinates": [
          [
            -106.91489703184266,
            34.00680865876358
          ],
          [
            -106.91425256338985,
            34.00464288430781
          ]
        ]
      },
      "properties": {
        "fault_name": "Socorro Canyon fault zone",
        "age": "late Quaternary",
        "slip_rate": "Less than 0.2 mm/yr"
      }
    },
    {
      "type": "Feature",
      "geometry": {
        "type": "LineString",
        "coordinates": [
          [
            -106.91422210601011,
            33.97305001209409
          ],
          [
            -106.91288496820128,
            33.97062778400751
          ],
          [
            -106.91193437186595,
            33.96909658294266
          ]
        ]
      },
      "properties": {
        "fault_name": "Socorro Canyon fault zone",
        "age": "late Quaternary",
        "slip_rate": "Less than 0.2 mm/yr"
      }
    },
    {
      "type": "Feature",
      "geometry": {
        "type": "LineString",
        "coordinates": [
          [
            -106.91201894735164,
            34.000077893253135
          ],
          [
            -106.91130723820316,
            33.99838443582259
          ],
          [
            -106.91126851542454,
            33.997678851799805
          ],
          [
            -106.91113987577754,
            33.997051010738375
          ],
          [
            -106.91078045893404,
            33.99635041006247
          ],
          [
            -106.91056105261242,
            33.99576214990354
          ],
          [
            -106.91043455634568,
            33.9952297046371
          ]
        ]
      },
      "properties": {
        "fault_name": "Socorro Canyon fault zone",
        "age": "late Quaternary",
        "slip_rate": "Less than 0.2 mm/yr"
      }
    },
    {
      "type": "Feature",
      "geometry": {
        "type": "LineString",
        "coordinates": [
          [
            -106.90472737069946,
            34.03700610401007
          ],
          [
            -106.90440853794388,
            34.03607582965693
          ]
        ]
      },
      "properties": {
        "fault_name": "Socorro Canyon fault zone",
        "age": "late Quaternary",
        "slip_rate": "Less than 0.2 mm/yr"
      }
    },
    {
      "type": "Feature",
      "geometry": {
        "type": "LineString",
        "coordinates": [
          [
            -107.14611420339617,
            34.30175188280507
          ],
          [
            -107.1463634724128,
            34.30251088972024
          ]
        ]
      },
      "properties": {
        "fault_name": "La Jencia fault",
        "age": "late Quaternary",
        "slip_rate": "Less than 0.2 mm/yr"
      }
    },
    {
      "type": "Feature",
      "geometry": {
        "type": "LineString",
        "coordinates": [
          [
            -107.14593031286763,
            34.30071862626979
          ],
          [
            -107.14611420339617,
            34.30175188280507
          ]
        ]
      },
      "properties": {
        "fault_name": "La Jencia fault",
        "age": "late Quaternary",
        "slip_rate": "Less than 0.2 mm/yr"
      }
    },
    {
      "type": "Feature",
      "geometry": {
        "type": "LineString",
        "coordinates": [
          [
            -107.1458403519818,
            34.30015527834599
          ],
          [
            -107.14593031286763,
            34.30071862626979
          ]
        ]
      },
      "properties": {
        "fault_name": "La Jencia fault",
        "age": "late Quaternary",
        "slip_rate": "Less than 0.2 mm/yr"
      }
    },
    {
      "type": "Feature",
      "geometry": {
        "type": "LineString",
        "coordinates": [
          [
            -107.14539236304795,
            34.298233907683326
          ],
          [
            -107.1458403519818,
            34.30015527834599
          ]
        ]
      },
      "properties": {
        "fault_name": "La Jencia fault",
        "age": "late Quaternary",
        "slip_rate": "Less than 0.2 mm/yr"
      }
    },
    {
      "type": "Feature",
      "geometry": {
        "type": "LineString",
        "coordinates": [
          [
            -107.13983134767149,
            34.30835895401448
          ],
          [
            -107.1399732060279,
            34.30941804769709
          ]
        ]
      },
      "properties": {
        "fault_name": "La Jencia fault",
        "age": "late Quaternary",
        "slip_rate": "Less than 0.2 mm/yr"
      }
    },
    {
      "type": "Feature",
      "geometry": {
        "type": "LineString",
        "coordinates": [
          [
            -107.1394126096799,
            34.30559771985147
          ],
          [
            -107.13965637921035,
            34.306560914678556
          ],
          [
            -107.13975573288076,
            34.307644607792085
          ],
          [
            -107.13983134767149,
            34.30835895401448
          ]
        ]
      },
      "properties": {
        "fault_name": "La Jencia fault",
        "age": "late Quaternary",
        "slip_rate": "Less than 0.2 mm/yr"
      }
    },
    {
      "type": "Feature",
      "geometry": {
        "type": "LineString",
        "coordinates": [
          [
            -107.13916524958327,
            34.297507941324895
          ],
          [
            -107.1393548471088,
            34.29931765630344
          ],
          [
            -107.13922225936614,
            34.3006860217808
          ]
        ]
      },
      "properties": {
        "fault_name": "La Jencia fault",
        "age": "late Quaternary",
        "slip_rate": "Less than 0.2 mm/yr"
      }
    },
    {
      "type": "Feature",
      "geometry": {
        "type": "LineString",
        "coordinates": [
          [
            -107.13922225936614,
            34.3006860217808
          ],
          [
            -107.13896272709741,
            34.30205379727503
          ],
          [
            -107.13889647634521,
            34.30284218898685
          ],
          [
            -107.13908252372876,
            34.3034867818241
          ],
          [
            -107.13921161612666,
            34.30393404008621
          ],
          [
            -107.13944743826177,
            34.3046522721113
          ],
          [
            -107.13949198481839,
            34.30478794203026
          ],
          [
            -107.1394126096799,
            34.30559771985147
          ]
        ]
      },
      "properties": {
        "fault_name": "La Jencia fault",
        "age": "late Quaternary",
        "slip_rate": "Less than 0.2 mm/yr"
      }
    },
    {
      "type": "Feature",
      "geometry": {
        "type": "LineString",
        "coordinates": [
          [
            -107.16632657576662,
            34.127991631942855
          ],
          [
            -107.16691465607073,
            34.128335761265326
          ],
          [
            -107.16762521537562,
            34.12874056601444
          ]
        ]
      },
      "properties": {
        "fault_name": "La Jencia fault",
        "age": "latest Quaternary",
        "slip_rate": "Less than 0.2 mm/yr"
      }
    },
    {
      "type": "Feature",
      "geometry": {
        "type": "LineString",
        "coordinates": [
          [
            -107.16375422839097,
            34.12057995604721
          ],
          [
            -107.16373306408288,
            34.12102402974072
          ],
          [
            -107.16375866606846,
            34.12132896395582
          ]
        ]
      },
      "properties": {
        "fault_name": "La Jencia fault",
        "age": "latest Quaternary",
        "slip_rate": "Less than 0.2 mm/yr"
      }
    },
    {
      "type": "Feature",
      "geometry": {
        "type": "LineString",
        "coordinates": [
          [
            -107.15478181580731,
            34.11060777463541
          ],
          [
            -107.15538202157113,
            34.11120166523868
          ],
          [
            -107.15626195732455,
            34.11195364792442
          ],
          [
            -107.15656894579311,
            34.11237331389022
          ],
          [
            -107.1566455280694,
            34.112473154895184
          ]
        ]
      },
      "properties": {
        "fault_name": "La Jencia fault",
        "age": "latest Quaternary",
        "slip_rate": "Less than 0.2 mm/yr"
      }
    },
    {
      "type": "Feature",
      "geometry": {
        "type": "LineString",
        "coordinates": [
          [
            -107.14674963389893,
            34.1020474918936
          ],
          [
            -107.14703732026699,
            34.102433633885795
          ],
          [
            -107.14722346107531,
            34.1028967170621
          ],
          [
            -107.1473086240592,
            34.10326050827939
          ]
        ]
      },
      "properties": {
        "fault_name": "La Jencia fault",
        "age": "latest Quaternary",
        "slip_rate": "Less than 0.2 mm/yr"
      }
    },
    {
      "type": "Feature",
      "geometry": {
        "type": "LineString",
        "coordinates": [
          [
            -107.14058830136756,
            34.09140310276632
          ],
          [
            -107.14063152380746,
            34.091896914096
          ]
        ]
      },
      "properties": {
        "fault_name": "La Jencia fault",
        "age": "latest Quaternary",
        "slip_rate": "Less than 0.2 mm/yr"
      }
    },
    {
      "type": "Feature",
      "geometry": {
        "type": "LineString",
        "coordinates": [
          [
            -107.1354268745958,
            34.075093615767905
          ],
          [
            -107.1356488249463,
            34.075364570634946
          ],
          [
            -107.13590259362418,
            34.07608343626263
          ],
          [
            -107.13599709279882,
            34.076524773190776
          ]
        ]
      },
      "properties": {
        "fault_name": "La Jencia fault",
        "age": "latest Quaternary",
        "slip_rate": "Less than 0.2 mm/yr"
      }
    },
    {
      "type": "Feature",
      "geometry": {
        "type": "LineString",
        "coordinates": [
          [
            -107.13297369772573,
            34.074645855163546
          ],
          [
            -107.13341469866502,
            34.07481308818222
          ]
        ]
      },
      "properties": {
        "fault_name": "La Jencia fault",
        "age": "latest Quaternary",
        "slip_rate": "Less than 0.2 mm/yr"
      }
    },
    {
      "type": "Feature",
      "geometry": {
        "type": "LineString",
        "coordinates": [
          [
            -107.13185799373612,
            34.065055301660614
          ],
          [
            -107.13188179998947,
            34.06615733703685
          ]
        ]
      },
      "properties": {
        "fault_name": "La Jencia fault",
        "age": "latest Quaternary",
        "slip_rate": "Less than 0.2 mm/yr"
      }
    },
    {
      "type": "Feature",
      "geometry": {
        "type": "LineString",
        "coordinates": [
          [
            -107.12560001864986,
            34.05652662275889
          ],
          [
            -107.12600878534181,
            34.05697325708292
          ],
          [
            -107.12648155969268,
            34.05732001585881
          ],
          [
            -107.12699463695878,
            34.05748511810274
          ],
          [
            -107.1273822016134,
            34.05753367332232
          ],
          [
            -107.12769671886235,
            34.05756436322535
          ],
          [
            -107.12789180509428,
            34.057618675030994
          ]
        ]
      },
      "properties": {
        "fault_name": "La Jencia fault",
        "age": "latest Quaternary",
        "slip_rate": "Less than 0.2 mm/yr"
      }
    },
    {
      "type": "Feature",
      "geometry": {
        "type": "LineString",
        "coordinates": [
          [
            -107.16375866606846,
            34.12132896395582
          ],
          [
            -107.16383431858843,
            34.12193877033746
          ],
          [
            -107.16427628431833,
            34.122445959683894
          ],
          [
            -107.16520904819697,
            34.12343987209773
          ],
          [
            -107.16602045327397,
            34.12465776120339
          ],
          [
            -107.16624452005529,
            34.12571451066862
          ],
          [
            -107.16622349498607,
            34.12660923269728
          ],
          [
            -107.16612842538125,
            34.127321149027786
          ],
          [
            -107.1661541953518,
            34.127666748233985
          ],
          [
            -107.16632657576662,
            34.127991631942855
          ]
        ]
      },
      "properties": {
        "fault_name": "La Jencia fault",
        "age": "latest Quaternary",
        "slip_rate": "Less than 0.2 mm/yr"
      }
    },
    {
      "type": "Feature",
      "geometry": {
        "type": "LineString",
        "coordinates": [
          [
            -107.15913245194973,
            34.11528114976665
          ],
          [
            -107.16005465792882,
            34.11582895195971
          ],
          [
            -107.16072733887145,
            34.116219914295186
          ],
          [
            -107.16159473414349,
            34.11658609429537
          ],
          [
            -107.16229850308316,
            34.117179519009646
          ],
          [
            -107.16267947320526,
            34.11761779330476
          ],
          [
            -107.16319587064466,
            34.11845932778516
          ],
          [
            -107.16354331923361,
            34.11936568872225
          ],
          [
            -107.16363922516997,
            34.12005431514813
          ],
          [
            -107.16375422839097,
            34.12057995604721
          ]
        ]
      },
      "properties": {
        "fault_name": "La Jencia fault",
        "age": "latest Quaternary",
        "slip_rate": "Less than 0.2 mm/yr"
      }
    },
    {
      "type": "Feature",
      "geometry": {
        "type": "LineString",
        "coordinates": [
          [
            -107.15098694307666,
            34.106651073836986
          ],
          [
            -107.15138559833177,
            34.10688579621326
          ],
          [
            -107.15169386869624,
            34.10734608364401
          ],
          [
            -107.15247472925698,
            34.10805971964305
          ],
          [
            -107.15333549136896,
            34.10897470979936
          ],
          [
            -107.15372367226784,
            34.10963635116109
          ],
          [
            -107.1541798134129,
            34.110133890239105
          ],
          [
            -107.15463131386123,
            34.11048930378524
          ],
          [
            -107.15478181580731,
            34.11060777463541
          ]
        ]
      },
      "properties": {
        "fault_name": "La Jencia fault",
        "age": "latest Quaternary",
        "slip_rate": "Less than 0.2 mm/yr"
      }
    },
    {
      "type": "Feature",
      "geometry": {
        "type": "LineString",
        "coordinates": [
          [
            -107.15098694307666,
            34.106651073836986
          ],
          [
            -107.15062737531622,
            34.10761424797648
          ],
          [
            -107.15054171286904,
            34.10873371792616
          ],
          [
            -107.15066125527716,
            34.109401498817476
          ],
          [
            -107.15090289759699,
            34.11006649273489
          ],
          [
            -107.15150885886686,
            34.11066221531401
          ],
          [
            -107.1525861077758,
            34.11147067564664
          ],
          [
            -107.1531610394391,
            34.11186391319297
          ]
        ]
      },
      "properties": {
        "fault_name": "La Jencia fault",
        "age": "latest Quaternary",
        "slip_rate": "Less than 0.2 mm/yr"
      }
    },
    {
      "type": "Feature",
      "geometry": {
        "type": "LineString",
        "coordinates": [
          [
            -107.1494379510828,
            34.10636132128154
          ],
          [
            -107.14997847816905,
            34.1064505828412
          ],
          [
            -107.15098694307666,
            34.106651073836986
          ]
        ]
      },
      "properties": {
        "fault_name": "La Jencia fault",
        "age": "latest Quaternary",
        "slip_rate": "Less than 0.2 mm/yr"
      }
    },
    {
      "type": "Feature",
      "geometry": {
        "type": "LineString",
        "coordinates": [
          [
            -107.14063152380746,
            34.091896914096
          ],
          [
            -107.1407568333997,
            34.092963560096244
          ],
          [
            -107.14089248978739,
            34.09374699093959
          ],
          [
            -107.14108556019983,
            34.09471033725516
          ],
          [
            -107.14129535095464,
            34.095026570253864
          ],
          [
            -107.14162534527762,
            34.09531856207998
          ],
          [
            -107.14207554316879,
            34.09558631224043
          ],
          [
            -107.14271171298503,
            34.09568617677511
          ],
          [
            -107.14327913922412,
            34.09586916709853
          ],
          [
            -107.14410584261041,
            34.09638692426565
          ],
          [
            -107.14440962589006,
            34.096639378925865
          ],
          [
            -107.14459618800826,
            34.09697659197077
          ]
        ]
      },
      "properties": {
        "fault_name": "La Jencia fault",
        "age": "latest Quaternary",
        "slip_rate": "Less than 0.2 mm/yr"
      }
    },
    {
      "type": "Feature",
      "geometry": {
        "type": "LineString",
        "coordinates": [
          [
            -107.13599709279882,
            34.076524773190776
          ],
          [
            -107.13612078093196,
            34.07706615577958
          ],
          [
            -107.13657338630809,
            34.07787937608551
          ],
          [
            -107.13713185814044,
            34.07887088723359
          ],
          [
            -107.13762204812971,
            34.079460589894026
          ]
        ]
      },
      "properties": {
        "fault_name": "La Jencia fault",
        "age": "latest Quaternary",
        "slip_rate": "Less than 0.2 mm/yr"
      }
    },
    {
      "type": "Feature",
      "geometry": {
        "type": "LineString",
        "coordinates": [
          [
            -107.16762521537562,
            34.12874056601444
          ],
          [
            -107.16901771815206,
            34.12960285369902
          ],
          [
            -107.17100412680722,
            34.13116326829988
          ],
          [
            -107.17240041418594,
            34.13185088924221
          ],
          [
            -107.17362597494827,
            34.13264061719494
          ],
          [
            -107.17470677938911,
            34.13391871672267
          ],
          [
            -107.17554103311538,
            34.13466880581228
          ],
          [
            -107.17647318164802,
            34.13543895808409
          ],
          [
            -107.17708628721932,
            34.13590496708083
          ]
        ]
      },
      "properties": {
        "fault_name": "La Jencia fault",
        "age": "latest Quaternary",
        "slip_rate": "Less than 0.2 mm/yr"
      }
    },
    {
      "type": "Feature",
      "geometry": {
        "type": "LineString",
        "coordinates": [
          [
            -107.1571483142356,
            34.11349850270116
          ],
          [
            -107.15760156370378,
            34.11405644165835
          ],
          [
            -107.15840230577838,
            34.114627354292296
          ],
          [
            -107.15877659782464,
            34.114862607871274
          ],
          [
            -107.15913245194973,
            34.11528114976665
          ]
        ]
      },
      "properties": {
        "fault_name": "La Jencia fault",
        "age": "latest Quaternary",
        "slip_rate": "Less than 0.2 mm/yr"
      }
    },
    {
      "type": "Feature",
      "geometry": {
        "type": "LineString",
        "coordinates": [
          [
            -107.1571483142356,
            34.11349850270116
          ],
          [
            -107.15620483076067,
            34.11492125903106
          ],
          [
            -107.15538858466259,
            34.11611839021779
          ],
          [
            -107.15507522174879,
            34.11699924469034
          ],
          [
            -107.15497767009882,
            34.11775325671415
          ],
          [
            -107.15492896074917,
            34.11850615093273
          ],
          [
            -107.15523331356067,
            34.118844607297525
          ],
          [
            -107.15595617080182,
            34.119275085788
          ],
          [
            -107.15678602637645,
            34.11998757106602
          ],
          [
            -107.15721715483076,
            34.120465349936424
          ],
          [
            -107.15765094768821,
            34.121024341340245
          ],
          [
            -107.1580108118927,
            34.121564703844534
          ],
          [
            -107.15829408843103,
            34.122005225824445
          ]
        ]
      },
      "properties": {
        "fault_name": "La Jencia fault",
        "age": "latest Quaternary",
        "slip_rate": "Less than 0.2 mm/yr"
      }
    },
    {
      "type": "Feature",
      "geometry": {
        "type": "LineString",
        "coordinates": [
          [
            -107.1566455280694,
            34.112473154895184
          ],
          [
            -107.15706680559829,
            34.11339816683095
          ],
          [
            -107.1571483142356,
            34.11349850270116
          ]
        ]
      },
      "properties": {
        "fault_name": "La Jencia fault",
        "age": "latest Quaternary",
        "slip_rate": "Less than 0.2 mm/yr"
      }
    },
    {
      "type": "Feature",
      "geometry": {
        "type": "LineString",
        "coordinates": [
          [
            -107.1473086240592,
            34.10326050827939
          ],
          [
            -107.14759244138334,
            34.103721363632914
          ],
          [
            -107.14768554637264,
            34.10432879698484
          ],
          [
            -107.14772981624814,
            34.1049373416997
          ],
          [
            -107.14781961543721,
            34.10544325695281
          ],
          [
            -107.14816875735048,
            34.105658799834835
          ],
          [
            -107.14889146457297,
            34.10608932684115
          ],
          [
            -107.1494379510828,
            34.10636132128154
          ]
        ]
      },
      "properties": {
        "fault_name": "La Jencia fault",
        "age": "latest Quaternary",
        "slip_rate": "Less than 0.2 mm/yr"
      }
    },
    {
      "type": "Feature",
      "geometry": {
        "type": "LineString",
        "coordinates": [
          [
            -107.14459618800826,
            34.09697659197077
          ],
          [
            -107.14444240002487,
            34.09759917376764
          ],
          [
            -107.14442074074505,
            34.09814543013082
          ],
          [
            -107.14470386906137,
            34.09896431116078
          ],
          [
            -107.14525225730465,
            34.100238986197326
          ],
          [
            -107.14588867864916,
            34.10132885710933
          ],
          [
            -107.14674963389893,
            34.1020474918936
          ]
        ]
      },
      "properties": {
        "fault_name": "La Jencia fault",
        "age": "latest Quaternary",
        "slip_rate": "Less than 0.2 mm/yr"
      }
    },
    {
      "type": "Feature",
      "geometry": {
        "type": "LineString",
        "coordinates": [
          [
            -107.13762204812971,
            34.079460589894026
          ],
          [
            -107.13809098487769,
            34.08011161770758
          ],
          [
            -107.13844712466704,
            34.08044315192569
          ],
          [
            -107.13858118924003,
            34.080701316192936
          ],
          [
            -107.13872120335517,
            34.08108050964652
          ],
          [
            -107.13856500429355,
            34.08185353226168
          ],
          [
            -107.13843061722538,
            34.08307032671156
          ],
          [
            -107.13834315275776,
            34.08376022395119
          ],
          [
            -107.13837785827043,
            34.084466226055916
          ],
          [
            -107.13834921908085,
            34.084871283167836
          ],
          [
            -107.13815885888562,
            34.0854434023169
          ],
          [
            -107.13790966892076,
            34.08630036184939
          ],
          [
            -107.13774651510224,
            34.08693218198075
          ],
          [
            -107.13801069525424,
            34.08736782605485
          ],
          [
            -107.13851284361661,
            34.08819957999115
          ],
          [
            -107.13855394064254,
            34.0885416817418
          ],
          [
            -107.1384887283428,
            34.089190422011654
          ],
          [
            -107.13865696303256,
            34.08964948666924
          ],
          [
            -107.13937131771955,
            34.09035289017149
          ],
          [
            -107.14003026611643,
            34.09091671381237
          ],
          [
            -107.14058830136756,
            34.09140310276632
          ]
        ]
      },
      "properties": {
        "fault_name": "La Jencia fault",
        "age": "latest Quaternary",
        "slip_rate": "Less than 0.2 mm/yr"
      }
    },
    {
      "type": "Feature",
      "geometry": {
        "type": "LineString",
        "coordinates": [
          [
            -107.13341469866502,
            34.07481308818222
          ],
          [
            -107.13441180168094,
            34.07502380112216
          ],
          [
            -107.13501690416136,
            34.07508585875326
          ],
          [
            -107.1354268745958,
            34.075093615767905
          ]
        ]
      },
      "properties": {
        "fault_name": "La Jencia fault",
        "age": "latest Quaternary",
        "slip_rate": "Less than 0.2 mm/yr"
      }
    },
    {
      "type": "Feature",
      "geometry": {
        "type": "LineString",
        "coordinates": [
          [
            -107.13188179998947,
            34.06615733703685
          ],
          [
            -107.13197226483017,
            34.06657567703303
          ],
          [
            -107.13233873344863,
            34.067246397272356
          ],
          [
            -107.13257706008676,
            34.0677405049998
          ],
          [
            -107.13262201627515,
            34.06822035736261
          ],
          [
            -107.1323930168446,
            34.06904926702422
          ],
          [
            -107.13226635977945,
            34.070015460072845
          ],
          [
            -107.13232437477713,
            34.0707956698935
          ],
          [
            -107.13238674390898,
            34.07167599977839
          ],
          [
            -107.13240969406786,
            34.0727580086886
          ],
          [
            -107.13243177286091,
            34.073819995219814
          ],
          [
            -107.13267708659535,
            34.074474292736724
          ],
          [
            -107.13297369772573,
            34.074645855163546
          ]
        ]
      },
      "properties": {
        "fault_name": "La Jencia fault",
        "age": "latest Quaternary",
        "slip_rate": "Less than 0.2 mm/yr"
      }
    },
    {
      "type": "Feature",
      "geometry": {
        "type": "LineString",
        "coordinates": [
          [
            -107.12789180509428,
            34.057618675030994
          ],
          [
            -107.12810154374682,
            34.05788962773484
          ],
          [
            -107.12865607556834,
            34.058454481678496
          ],
          [
            -107.12962079880982,
            34.05958850364639
          ],
          [
            -107.13023738984444,
            34.06047229294784
          ],
          [
            -107.13053337395075,
            34.061185228638635
          ],
          [
            -107.13050004106383,
            34.061527077085756
          ],
          [
            -107.13060759365786,
            34.06178450569152
          ],
          [
            -107.13113636718693,
            34.06231002034096
          ],
          [
            -107.13153787908462,
            34.062678943737275
          ],
          [
            -107.13167036801262,
            34.06295567523046
          ],
          [
            -107.13167154390732,
            34.063537089129255
          ],
          [
            -107.13185799373612,
            34.065055301660614
          ]
        ]
      },
      "properties": {
        "fault_name": "La Jencia fault",
        "age": "latest Quaternary",
        "slip_rate": "Less than 0.2 mm/yr"
      }
    },
    {
      "type": "Feature",
      "geometry": {
        "type": "LineString",
        "coordinates": [
          [
            -107.1223317230674,
            34.05304597200708
          ],
          [
            -107.12241974988042,
            34.05312794977729
          ],
          [
            -107.12251493896117,
            34.05320980466361
          ],
          [
            -107.12258132985058,
            34.05328619281076
          ],
          [
            -107.12264712695355,
            34.0533387352527
          ],
          [
            -107.12270620825147,
            34.05340928375287
          ],
          [
            -107.12278692457468,
            34.05348542536759
          ],
          [
            -107.1228679382403,
            34.053573489329416
          ],
          [
            -107.12297118341252,
            34.05369098818358
          ],
          [
            -107.12307398032542,
            34.053790605161254
          ],
          [
            -107.12315484487067,
            34.05387270575934
          ],
          [
            -107.12323615677693,
            34.0539726916782
          ],
          [
            -107.12335357916098,
            34.054083982829056
          ],
          [
            -107.12347831023818,
            34.0542011110777
          ],
          [
            -107.12360304221369,
            34.054318239908746
          ],
          [
            -107.12372822065191,
            34.054453253876886
          ],
          [
            -107.1238313167038,
            34.054564792234935
          ],
          [
            -107.12391307686939,
            34.05468266184381
          ],
          [
            -107.12400916157048,
            34.054800285684216
          ],
          [
            -107.12411181295633,
            34.054893939127666
          ],
          [
            -107.12420745209306,
            34.0549936767495
          ],
          [
            -107.12429622630437,
            34.0551054622329
          ],
          [
            -107.1243997706156,
            34.05523488412255
          ],
          [
            -107.12451062811155,
            34.05537014521069
          ],
          [
            -107.12462820141258,
            34.05548739597202
          ],
          [
            -107.1247390580102,
            34.05562265591301
          ],
          [
            -107.12485678043154,
            34.05574586700767
          ],
          [
            -107.12494525819884,
            34.05584572866065
          ],
          [
            -107.12504179115926,
            34.05598123735228
          ],
          [
            -107.12515877157219,
            34.0560746409131
          ],
          [
            -107.12529126589008,
            34.05621548993318
          ],
          [
            -107.12540899010807,
            34.056338701654624
          ],
          [
            -107.12560001864986,
            34.05652662275889
          ]
        ]
      },
      "properties": {
        "fault_name": "La Jencia fault",
        "age": "latest Quaternary",
        "slip_rate": "Less than 0.2 mm/yr"
      }
    },
    {
      "type": "Feature",
      "geometry": {
        "type": "LineString",
        "coordinates": [
          [
            -107.10923942907995,
            34.04150749324095
          ],
          [
            -107.10944477497075,
            34.04161019134641
          ],
          [
            -107.10977056068664,
            34.04180499702719
          ],
          [
            -107.11029515165974,
            34.04215861615053
          ],
          [
            -107.11070422108392,
            34.04247604503756
          ],
          [
            -107.11125268119243,
            34.04286742132026
          ],
          [
            -107.11143294881543,
            34.043001957779694
          ],
          [
            -107.11196510989143,
            34.04339911602925
          ],
          [
            -107.11260785088396,
            34.04389383618979
          ],
          [
            -107.11333128214858,
            34.04440625032977
          ],
          [
            -107.11367473323452,
            34.04468058662798
          ],
          [
            -107.11429028312172,
            34.045172260913496
          ],
          [
            -107.11484817464239,
            34.045658340892054
          ],
          [
            -107.11493471025202,
            34.04573373768846
          ],
          [
            -107.11534428632604,
            34.046070228216834
          ],
          [
            -107.11625796369982,
            34.04685608834617
          ],
          [
            -107.1170577823063,
            34.04767253121613
          ],
          [
            -107.11758008796532,
            34.048211428298934
          ],
          [
            -107.11794020010485,
            34.04858297423374
          ],
          [
            -107.11882216066091,
            34.04947433173373
          ],
          [
            -107.11977717221588,
            34.050536191781624
          ],
          [
            -107.12037868772339,
            34.051212891296366
          ],
          [
            -107.1210489701642,
            34.05188840125737
          ],
          [
            -107.12162378684314,
            34.052412869780206
          ],
          [
            -107.1223317230674,
            34.05304597200708
          ]
        ]
      },
      "properties": {
        "fault_name": "La Jencia fault",
        "age": "latest Quaternary",
        "slip_rate": "Less than 0.2 mm/yr"
      }
    },
    {
      "type": "Feature",
      "geometry": {
        "type": "LineString",
        "coordinates": [
          [
            -107.0938500207401,
            34.03585180265548
          ],
          [
            -107.09410706198057,
            34.03603072594001
          ],
          [
            -107.0944676340575,
            34.03624406707631
          ],
          [
            -107.09482750365191,
            34.03642879003547
          ],
          [
            -107.09528044230301,
            34.036669180744646
          ],
          [
            -107.09570952978497,
            34.036871808162694
          ],
          [
            -107.0963572483425,
            34.03710887381856
          ],
          [
            -107.0970955503183,
            34.037320075042906
          ]
        ]
      },
      "properties": {
        "fault_name": "La Jencia fault",
        "age": "latest Quaternary",
        "slip_rate": "Less than 0.2 mm/yr"
      }
    },
    {
      "type": "Feature",
      "geometry": {
        "type": "LineString",
        "coordinates": [
          [
            -107.08081963504877,
            34.02027803792688
          ],
          [
            -107.08121935211253,
            34.02080805973838
          ],
          [
            -107.08175144222163,
            34.021478981975676
          ],
          [
            -107.08230048174349,
            34.022256972296844
          ],
          [
            -107.08286443509571,
            34.023058563202525
          ],
          [
            -107.0835195620594,
            34.024073323211475
          ],
          [
            -107.08396927126704,
            34.02488877404986
          ],
          [
            -107.08451190759756,
            34.025988934224685
          ],
          [
            -107.08496513640448,
            34.02694746280527
          ],
          [
            -107.0855037159432,
            34.027880687171205
          ],
          [
            -107.08608410038026,
            34.02876548297205
          ],
          [
            -107.08641021308291,
            34.029124801115024
          ],
          [
            -107.08670249702858,
            34.02944684392189
          ],
          [
            -107.08672529537218,
            34.029471739291075
          ],
          [
            -107.08726186897286,
            34.03005763302046
          ],
          [
            -107.08796854665741,
            34.030832916731015
          ],
          [
            -107.08830786100148,
            34.03123272418131
          ]
        ]
      },
      "properties": {
        "fault_name": "La Jencia fault",
        "age": "latest Quaternary",
        "slip_rate": "Less than 0.2 mm/yr"
      }
    },
    {
      "type": "Feature",
      "geometry": {
        "type": "LineString",
        "coordinates": [
          [
            -107.07254742868636,
            34.01057663920594
          ],
          [
            -107.07331640812914,
            34.01098117672723
          ],
          [
            -107.07407194697862,
            34.01142172222798
          ],
          [
            -107.07497241282954,
            34.01193138821682
          ],
          [
            -107.07596111839419,
            34.01253498666495
          ],
          [
            -107.07640689118425,
            34.01289588213206
          ]
        ]
      },
      "properties": {
        "fault_name": "La Jencia fault",
        "age": "latest Quaternary",
        "slip_rate": "Less than 0.2 mm/yr"
      }
    },
    {
      "type": "Feature",
      "geometry": {
        "type": "LineString",
        "coordinates": [
          [
            -107.06764962780609,
            34.029913787963324
          ],
          [
            -107.06924678297392,
            34.03170138702853
          ],
          [
            -107.06966129439209,
            34.032165308086554
          ]
        ]
      },
      "properties": {
        "fault_name": "La Jencia fault",
        "age": "latest Quaternary",
        "slip_rate": "Less than 0.2 mm/yr"
      }
    },
    {
      "type": "Feature",
      "geometry": {
        "type": "LineString",
        "coordinates": [
          [
            -107.05840128330986,
            34.01672413735886
          ],
          [
            -107.05866253495405,
            34.016951774739674
          ]
        ]
      },
      "properties": {
        "fault_name": "La Jencia fault",
        "age": "latest Quaternary",
        "slip_rate": "Less than 0.2 mm/yr"
      }
    },
    {
      "type": "Feature",
      "geometry": {
        "type": "LineString",
        "coordinates": [
          [
            -107.05268158592837,
            34.008829876150905
          ],
          [
            -107.05287124543767,
            34.0092313331603
          ]
        ]
      },
      "properties": {
        "fault_name": "La Jencia fault",
        "age": "latest Quaternary",
        "slip_rate": "Less than 0.2 mm/yr"
      }
    },
    {
      "type": "Feature",
      "geometry": {
        "type": "LineString",
        "coordinates": [
          [
            -107.05193042007768,
            34.0042322368607
          ],
          [
            -107.05201520217588,
            34.00477803393964
          ],
          [
            -107.05208177991483,
            34.005029035329876
          ],
          [
            -107.05212545869891,
            34.00519370020329
          ],
          [
            -107.05238175703262,
            34.005726217060186
          ],
          [
            -107.05250060773797,
            34.006141740172
          ],
          [
            -107.05255525315502,
            34.006343549098816
          ],
          [
            -107.05255753128256,
            34.006351963254694
          ],
          [
            -107.05258549583738,
            34.006455240825105
          ],
          [
            -107.0526775974085,
            34.006711365113105
          ],
          [
            -107.05269375091395,
            34.00684763889435
          ]
        ]
      },
      "properties": {
        "fault_name": "La Jencia fault",
        "age": "latest Quaternary",
        "slip_rate": "Less than 0.2 mm/yr"
      }
    },
    {
      "type": "Feature",
      "geometry": {
        "type": "LineString",
        "coordinates": [
          [
            -107.05087086977647,
            34.00007340398179
          ],
          [
            -107.05123454193945,
            34.00149872231794
          ],
          [
            -107.05151460071244,
            34.00242449408158
          ],
          [
            -107.05171191835954,
            34.00329541992674
          ]
        ]
      },
      "properties": {
        "fault_name": "La Jencia fault",
        "age": "latest Quaternary",
        "slip_rate": "Less than 0.2 mm/yr"
      }
    },
    {
      "type": "Feature",
      "geometry": {
        "type": "LineString",
        "coordinates": [
          [
            -107.04798807092685,
            34.00433241086886
          ],
          [
            -107.04813762335367,
            34.00493812315628
          ],
          [
            -107.04825444835805,
            34.00562804492744
          ],
          [
            -107.04836698031369,
            34.006139107716585
          ],
          [
            -107.04856369788618,
            34.00657719408797
          ],
          [
            -107.04882042291963,
            34.0069212807237
          ]
        ]
      },
      "properties": {
        "fault_name": "La Jencia fault",
        "age": "latest Quaternary",
        "slip_rate": "Less than 0.2 mm/yr"
      }
    },
    {
      "type": "Feature",
      "geometry": {
        "type": "LineString",
        "coordinates": [
          [
            -107.0970955503183,
            34.037320075042906
          ],
          [
            -107.09793533137852,
            34.037547890924394
          ],
          [
            -107.0982815241227,
            34.037642179793046
          ],
          [
            -107.09861029673692,
            34.037727222288055
          ],
          [
            -107.09886424328121,
            34.03779922792419
          ],
          [
            -107.0992047101638,
            34.03789361179728
          ],
          [
            -107.09949314662511,
            34.03796979786556
          ],
          [
            -107.09983945974356,
            34.03806885119017
          ],
          [
            -107.10005295425229,
            34.038127231735125
          ],
          [
            -107.10027217641927,
            34.03818551397881
          ],
          [
            -107.10064748895174,
            34.03829838388297
          ],
          [
            -107.10104524678987,
            34.0383917838478
          ],
          [
            -107.10141997272244,
            34.03848080366272
          ],
          [
            -107.10172513042444,
            34.03853761324207
          ],
          [
            -107.10188074917437,
            34.03857312330404
          ],
          [
            -107.10215761533483,
            34.03864472996908
          ],
          [
            -107.10245178664091,
            34.03872081114703
          ],
          [
            -107.1026651661653,
            34.038774416680994
          ],
          [
            -107.10293045843164,
            34.03884144811588
          ],
          [
            -107.10317330718891,
            34.03892794767962
          ],
          [
            -107.1034335778728,
            34.039023693283724
          ],
          [
            -107.10366496861865,
            34.03911038918164
          ],
          [
            -107.10397750687903,
            34.03923386694437
          ],
          [
            -107.1042382509751,
            34.039348687993716
          ],
          [
            -107.10442346023046,
            34.03942185797025
          ],
          [
            -107.1046031762879,
            34.03950466625357
          ],
          [
            -107.10474231903719,
            34.039569082069214
          ],
          [
            -107.10489303837556,
            34.03963807136473
          ],
          [
            -107.10509555187828,
            34.0397157163568
          ],
          [
            -107.105333501224,
            34.039835696849465
          ],
          [
            -107.10557086127488,
            34.03993182999878
          ],
          [
            -107.10576227339733,
            34.04002397685198
          ],
          [
            -107.10595356784043,
            34.04011135581753
          ],
          [
            -107.1061559663588,
            34.04018422887103
          ],
          [
            -107.10641659816544,
            34.040294274901505
          ],
          [
            -107.10664273825842,
            34.040400141824605
          ],
          [
            -107.10684596412514,
            34.040506398671695
          ],
          [
            -107.10712460984817,
            34.04064953498346
          ],
          [
            -107.10735028012228,
            34.04073632226698
          ],
          [
            -107.10772608403319,
            34.040868247104946
          ],
          [
            -107.10812551273776,
            34.041028394060405
          ],
          [
            -107.10849033294768,
            34.04117959182692
          ],
          [
            -107.10877400474472,
            34.04129400902414
          ],
          [
            -107.10910433503763,
            34.041441022937605
          ],
          [
            -107.10923942907995,
            34.04150749324095
          ]
        ]
      },
      "properties": {
        "fault_name": "La Jencia fault",
        "age": "latest Quaternary",
        "slip_rate": "Less than 0.2 mm/yr"
      }
    },
    {
      "type": "Feature",
      "geometry": {
        "type": "LineString",
        "coordinates": [
          [
            -107.09097260998556,
            34.033616472975915
          ],
          [
            -107.09111188119394,
            34.03374531871238
          ],
          [
            -107.09130946294574,
            34.033914920844815
          ],
          [
            -107.0916013049203,
            34.03413063163645
          ],
          [
            -107.09192939211995,
            34.034363618745324
          ],
          [
            -107.09226507996522,
            34.0346143681442
          ],
          [
            -107.09257227324966,
            34.034871568043414
          ],
          [
            -107.09287157573267,
            34.03509907709593
          ],
          [
            -107.09316430524272,
            34.03535055683716
          ],
          [
            -107.0938500207401,
            34.03585180265548
          ]
        ]
      },
      "properties": {
        "fault_name": "La Jencia fault",
        "age": "latest Quaternary",
        "slip_rate": "Less than 0.2 mm/yr"
      }
    },
    {
      "type": "Feature",
      "geometry": {
        "type": "LineString",
        "coordinates": [
          [
            -107.08830786100148,
            34.03123272418131
          ],
          [
            -107.08846068239761,
            34.03138082606893
          ],
          [
            -107.08867301179143,
            34.03156807514889
          ],
          [
            -107.08897273199102,
            34.03181348090135
          ],
          [
            -107.08928721061244,
            34.03207652880338
          ],
          [
            -107.09097260998556,
            34.033616472975915
          ]
        ]
      },
      "properties": {
        "fault_name": "La Jencia fault",
        "age": "latest Quaternary",
        "slip_rate": "Less than 0.2 mm/yr"
      }
    },
    {
      "type": "Feature",
      "geometry": {
        "type": "LineString",
        "coordinates": [
          [
            -107.07640689118425,
            34.01289588213206
          ],
          [
            -107.07658716240053,
            34.01306377532714
          ],
          [
            -107.07675509166312,
            34.01325418180603
          ],
          [
            -107.07690636436371,
            34.01346634265051
          ],
          [
            -107.07707551443674,
            34.01370682968677
          ],
          [
            -107.07719085542428,
            34.013855181821704
          ],
          [
            -107.0773324909985,
            34.01402456085879
          ],
          [
            -107.07745729573756,
            34.0142085391771
          ],
          [
            -107.07759997964568,
            34.014420844325
          ],
          [
            -107.07773355104361,
            34.01461183078925
          ],
          [
            -107.07785853185246,
            34.01480296276692
          ],
          [
            -107.07815924109721,
            34.015275026110864
          ],
          [
            -107.07832857532489,
            34.01552266363971
          ],
          [
            -107.07843585213611,
            34.015692623860666
          ],
          [
            -107.07856995084508,
            34.015905071983035
          ],
          [
            -107.07870335156308,
            34.01608890400828
          ],
          [
            -107.07884639030578,
            34.01631551480813
          ],
          [
            -107.07908423095536,
            34.01671134082618
          ],
          [
            -107.07941349764297,
            34.01724810032888
          ],
          [
            -107.0796717480158,
            34.017852092089775
          ],
          [
            -107.07988037096075,
            34.018364312834954
          ],
          [
            -107.0799612597605,
            34.018562912635375
          ],
          [
            -107.08032382519909,
            34.0193321393206
          ],
          [
            -107.08043429821608,
            34.01954226720258
          ],
          [
            -107.08050409192376,
            34.01967501870383
          ]
        ]
      },
      "properties": {
        "fault_name": "La Jencia fault",
        "age": "latest Quaternary",
        "slip_rate": "Less than 0.2 mm/yr"
      }
    },
    {
      "type": "Feature",
      "geometry": {
        "type": "LineString",
        "coordinates": [
          [
            -107.0577888146441,
            34.01628090681428
          ],
          [
            -107.05840128330986,
            34.01672413735886
          ]
        ]
      },
      "properties": {
        "fault_name": "La Jencia fault",
        "age": "latest Quaternary",
        "slip_rate": "Less than 0.2 mm/yr"
      }
    },
    {
      "type": "Feature",
      "geometry": {
        "type": "LineString",
        "coordinates": [
          [
            -107.05615275164467,
            34.01330224483758
          ],
          [
            -107.0564618242047,
            34.01471420776236
          ]
        ]
      },
      "properties": {
        "fault_name": "La Jencia fault",
        "age": "latest Quaternary",
        "slip_rate": "Less than 0.2 mm/yr"
      }
    },
    {
      "type": "Feature",
      "geometry": {
        "type": "LineString",
        "coordinates": [
          [
            -107.05417633944201,
            34.011084730886175
          ],
          [
            -107.05427507866479,
            34.01114033908827
          ],
          [
            -107.05438584722752,
            34.0112196029408
          ],
          [
            -107.05448527725474,
            34.01130382898719
          ],
          [
            -107.05462571717132,
            34.01142553998162
          ],
          [
            -107.05480075031117,
            34.011556216217
          ],
          [
            -107.05496421404847,
            34.01168231498196
          ],
          [
            -107.05514497484657,
            34.01181289476442
          ],
          [
            -107.05529079926495,
            34.011920200857375
          ],
          [
            -107.05541909575551,
            34.01201348614411
          ],
          [
            -107.05554258625932,
            34.012145023012245
          ],
          [
            -107.05567856693882,
            34.01231929469587
          ],
          [
            -107.05579117704788,
            34.0124748706554
          ],
          [
            -107.05589176141025,
            34.01260679103608
          ],
          [
            -107.05593907298132,
            34.01266802910364
          ]
        ]
      },
      "properties": {
        "fault_name": "La Jencia fault",
        "age": "latest Quaternary",
        "slip_rate": "Less than 0.2 mm/yr"
      }
    },
    {
      "type": "Feature",
      "geometry": {
        "type": "LineString",
        "coordinates": [
          [
            -107.05448013439974,
            34.013082092295726
          ],
          [
            -107.0548760246404,
            34.01334267920908
          ],
          [
            -107.05514934604875,
            34.01350988423757
          ],
          [
            -107.05538853417124,
            34.01368720232683
          ]
        ]
      },
      "properties": {
        "fault_name": "La Jencia fault",
        "age": "latest Quaternary",
        "slip_rate": "Less than 0.2 mm/yr"
      }
    },
    {
      "type": "Feature",
      "geometry": {
        "type": "LineString",
        "coordinates": [
          [
            -107.0512099999659,
            34.010999068955236
          ],
          [
            -107.05133290836139,
            34.011106763289376
          ],
          [
            -107.05153645762162,
            34.01123219701494
          ],
          [
            -107.05174000688183,
            34.011357629810504
          ],
          [
            -107.05192076318836,
            34.01148821530478
          ],
          [
            -107.05211915971212,
            34.011637590721776
          ],
          [
            -107.05229968694826,
            34.01175863702426
          ],
          [
            -107.05245730534801,
            34.01188006366162
          ],
          [
            -107.05269018280565,
            34.01203363513304
          ],
          [
            -107.05291687356589,
            34.012168222720845
          ],
          [
            -107.05313760939414,
            34.012293366706785
          ],
          [
            -107.05335284573623,
            34.012428145996914
          ],
          [
            -107.05360394192611,
            34.01262435379668
          ],
          [
            -107.05383109621707,
            34.012778019233934
          ],
          [
            -107.05401781464215,
            34.012918043629874
          ],
          [
            -107.05448013439974,
            34.013082092295726
          ]
        ]
      },
      "properties": {
        "fault_name": "La Jencia fault",
        "age": "latest Quaternary",
        "slip_rate": "Less than 0.2 mm/yr"
      }
    },
    {
      "type": "Feature",
      "geometry": {
        "type": "LineString",
        "coordinates": [
          [
            -107.05269375091395,
            34.00684763889435
          ],
          [
            -107.052679231444,
            34.00706565325563
          ],
          [
            -107.05266532193015,
            34.00720187285187
          ],
          [
            -107.05264247867079,
            34.007323927062735
          ],
          [
            -107.05262805172732,
            34.00743868480322
          ]
        ]
      },
      "properties": {
        "fault_name": "La Jencia fault",
        "age": "latest Quaternary",
        "slip_rate": "Less than 0.2 mm/yr"
      }
    },
    {
      "type": "Feature",
      "geometry": {
        "type": "LineString",
        "coordinates": [
          [
            -107.05171191835954,
            34.00329541992674
          ],
          [
            -107.05193042007768,
            34.0042322368607
          ]
        ]
      },
      "properties": {
        "fault_name": "La Jencia fault",
        "age": "latest Quaternary",
        "slip_rate": "Less than 0.2 mm/yr"
      }
    },
    {
      "type": "Feature",
      "geometry": {
        "type": "LineString",
        "coordinates": [
          [
            -107.05032782291586,
            34.009374166286484
          ],
          [
            -107.0505259122158,
            34.00971263287081
          ],
          [
            -107.05068857106261,
            34.01004392490196
          ],
          [
            -107.05083313065307,
            34.01033734590766
          ]
        ]
      },
      "properties": {
        "fault_name": "La Jencia fault",
        "age": "latest Quaternary",
        "slip_rate": "Less than 0.2 mm/yr"
      }
    },
    {
      "type": "Feature",
      "geometry": {
        "type": "LineString",
        "coordinates": [
          [
            -107.04757648172827,
            34.00309238466656
          ],
          [
            -107.04781612799158,
            34.003718710284744
          ]
        ]
      },
      "properties": {
        "fault_name": "La Jencia fault",
        "age": "latest Quaternary",
        "slip_rate": "Less than 0.2 mm/yr"
      }
    },
    {
      "type": "Feature",
      "geometry": {
        "type": "LineString",
        "coordinates": [
          [
            -107.08050409192376,
            34.01967501870383
          ],
          [
            -107.0806256276935,
            34.01995924905566
          ],
          [
            -107.08081963504877,
            34.02027803792688
          ]
        ]
      },
      "properties": {
        "fault_name": "La Jencia fault",
        "age": "latest Quaternary",
        "slip_rate": "Less than 0.2 mm/yr"
      }
    },
    {
      "type": "Feature",
      "geometry": {
        "type": "LineString",
        "coordinates": [
          [
            -107.06966129439209,
            34.032165308086554
          ],
          [
            -107.06983051094048,
            34.032326985691775
          ],
          [
            -107.06999461787152,
            34.03247690808844
          ],
          [
            -107.07016995015037,
            34.032617100245716
          ],
          [
            -107.07030102692673,
            34.03264272499101
          ],
          [
            -107.07045627826571,
            34.03266396714782
          ],
          [
            -107.07066285395013,
            34.032674801137034
          ],
          [
            -107.0708292120593,
            34.032681539903
          ],
          [
            -107.07096236035069,
            34.03273655477495
          ],
          [
            -107.07114880209464,
            34.032862240917886
          ],
          [
            -107.07141776577555,
            34.03308196695528
          ]
        ]
      },
      "properties": {
        "fault_name": "La Jencia fault",
        "age": "latest Quaternary",
        "slip_rate": "Less than 0.2 mm/yr"
      }
    },
    {
      "type": "Feature",
      "geometry": {
        "type": "LineString",
        "coordinates": [
          [
            -107.05866253495405,
            34.016951774739674
          ],
          [
            -107.05890059299593,
            34.01709249812057
          ],
          [
            -107.05894114564279,
            34.01711090505956
          ],
          [
            -107.05897597242804,
            34.01712940581254
          ],
          [
            -107.05901652597323,
            34.01714781423273
          ],
          [
            -107.05905135186016,
            34.01716631572221
          ],
          [
            -107.05909202218633,
            34.017189491721105
          ],
          [
            -107.05913257393489,
            34.01720789863912
          ],
          [
            -107.05917301339404,
            34.017221535734684
          ],
          [
            -107.05920783838265,
            34.01724003869729
          ],
          [
            -107.05924839282616,
            34.017258444859685
          ],
          [
            -107.059288831387,
            34.01727208194713
          ],
          [
            -107.05932365727392,
            34.017290584898724
          ],
          [
            -107.05935848226254,
            34.01730908710168
          ],
          [
            -107.05939892082338,
            34.01732272492559
          ],
          [
            -107.05943936028252,
            34.0173363612581
          ],
          [
            -107.05947991292939,
            34.017354766655075
          ],
          [
            -107.05952035238853,
            34.01736840521618
          ],
          [
            -107.0595609050354,
            34.0173868098616
          ],
          [
            -107.05960134359623,
            34.01740044767301
          ],
          [
            -107.0596361703815,
            34.017418949852036
          ],
          [
            -107.0596766089423,
            34.017432586913685
          ],
          [
            -107.05971143393093,
            34.0174510898303
          ],
          [
            -107.0597518742884,
            34.017464726142194
          ],
          [
            -107.05979242783359,
            34.01748313225592
          ],
          [
            -107.05982725372053,
            34.017501633672325
          ],
          [
            -107.05986769228136,
            34.01751527220989
          ],
          [
            -107.05990251816827,
            34.01753377436388
          ],
          [
            -107.05993745993788,
            34.01755704631371
          ],
          [
            -107.05996667404925,
            34.017580414308384
          ],
          [
            -107.06000161581885,
            34.01760368475624
          ],
          [
            -107.06002521815462,
            34.01763191932939
          ],
          [
            -107.06005454635202,
            34.017660056352945
          ],
          [
            -107.06008375956506,
            34.017683425063794
          ],
          [
            -107.06010736279914,
            34.017711658121286
          ],
          [
            -107.06013669099654,
            34.01773979586294
          ],
          [
            -107.06016029423064,
            34.01776802815715
          ],
          [
            -107.06018962332634,
            34.01779616588013
          ],
          [
            -107.06021322386549,
            34.017824398900125
          ],
          [
            -107.06023694208395,
            34.01785740169367
          ],
          [
            -107.06025493084749,
            34.01789049978072
          ],
          [
            -107.06027864906595,
            34.01792350329316
          ],
          [
            -107.0603022496051,
            34.0179517370154
          ],
          [
            -107.06031451160872,
            34.01798493186096
          ],
          [
            -107.06033822982718,
            34.0180179353367
          ],
          [
            -107.06035049183079,
            34.018051128667246
          ],
          [
            -107.06038062671533,
            34.01811265319325
          ],
          [
            -107.06039288961726,
            34.01814584797588
          ],
          [
            -107.06040515162088,
            34.01817904274554
          ],
          [
            -107.06041741362453,
            34.01821223824681
          ],
          [
            -107.06044113094465,
            34.01824524088956
          ],
          [
            -107.0604648491631,
            34.01827824426415
          ],
          [
            -107.06048845060057,
            34.01830647712381
          ],
          [
            -107.060512052038,
            34.01833470997408
          ],
          [
            -107.0605356552721,
            34.01836294430408
          ],
          [
            -107.06055376081666,
            34.01840081194642
          ],
          [
            -107.06057174958022,
            34.01843390982159
          ],
          [
            -107.06060107867592,
            34.01846204806843
          ],
          [
            -107.06063029368559,
            34.01848541581391
          ],
          [
            -107.06065401100572,
            34.01851841835052
          ],
          [
            -107.06067761423982,
            34.01854665187489
          ],
          [
            -107.06070694423386,
            34.01857479008436
          ],
          [
            -107.06073054477301,
            34.018603022100805
          ],
          [
            -107.06075987566533,
            34.018631158802414
          ],
          [
            -107.0607834771028,
            34.018659393033865
          ],
          [
            -107.06080719532123,
            34.018692396247374
          ],
          [
            -107.06083652441696,
            34.01872053291941
          ],
          [
            -107.06086012675273,
            34.01874876563196
          ],
          [
            -107.06088372998681,
            34.018776999079655
          ],
          [
            -107.06091317406687,
            34.01880990470855
          ],
          [
            -107.06094250585753,
            34.018838042830694
          ],
          [
            -107.06096610819331,
            34.01886627699333
          ],
          [
            -107.06098970873245,
            34.01889450891284
          ],
          [
            -107.06101342784922,
            34.01892751129039
          ],
          [
            -107.06103141840943,
            34.01896060970472
          ],
          [
            -107.06104940807128,
            34.01899371033989
          ],
          [
            -107.06107885304968,
            34.01902661662929
          ],
          [
            -107.06109684271156,
            34.01905971500498
          ],
          [
            -107.0611091056135,
            34.01909291016185
          ],
          [
            -107.06112136761713,
            34.01912610530569
          ],
          [
            -107.06113363141739,
            34.01915929969201
          ],
          [
            -107.06114016576277,
            34.019192590114734
          ],
          [
            -107.06115242686809,
            34.019225785219646
          ],
          [
            -107.06115907799443,
            34.01926384383106
          ],
          [
            -107.06116561323813,
            34.01929713495738
          ],
          [
            -107.0611721475835,
            34.01933042607058
          ],
          [
            -107.06117307015332,
            34.01936858217342
          ],
          [
            -107.06118533305525,
            34.01940177795409
          ],
          [
            -107.06120424618524,
            34.01947303298397
          ],
          [
            -107.06121650818888,
            34.019506227979136
          ],
          [
            -107.06122304343255,
            34.019539519010394
          ],
          [
            -107.06122396600237,
            34.01957767427467
          ],
          [
            -107.06123050034773,
            34.019610965277856
          ],
          [
            -107.06123703469312,
            34.01964425626803
          ],
          [
            -107.06124368581949,
            34.01968231692554
          ],
          [
            -107.06125022106318,
            34.019715607887676
          ],
          [
            -107.06126832570942,
            34.01975347567115
          ],
          [
            -107.06128631716791,
            34.01978657376341
          ],
          [
            -107.06129858006986,
            34.01981976863603
          ],
          [
            -107.06131656883343,
            34.01985286670244
          ],
          [
            -107.06133456029194,
            34.0198859662451
          ],
          [
            -107.06135839439307,
            34.019923738648586
          ],
          [
            -107.06138222579924,
            34.01996151029069
          ],
          [
            -107.06140582993163,
            34.019989744079645
          ],
          [
            -107.06143515992567,
            34.02001788106616
          ],
          [
            -107.06146437583367,
            34.02004124912791
          ],
          [
            -107.06148236729216,
            34.020074347108014
          ],
          [
            -107.06150035695403,
            34.02010744581974
          ],
          [
            -107.06152396018813,
            34.02013567881551
          ],
          [
            -107.06154195074832,
            34.02016877824788
          ],
          [
            -107.06156555308411,
            34.02019701122331
          ],
          [
            -107.06158354274599,
            34.0202301098872
          ],
          [
            -107.06160153420448,
            34.02026320704908
          ],
          [
            -107.06161952476468,
            34.020296305687154
          ],
          [
            -107.06163751532488,
            34.02032940505682
          ],
          [
            -107.06166123444163,
            34.02036240836565
          ],
          [
            -107.06167922500181,
            34.02039550622046
          ],
          [
            -107.06170294322028,
            34.02042850801437
          ],
          [
            -107.06172093378048,
            34.02046160733255
          ],
          [
            -107.06173892523898,
            34.020494705893256
          ],
          [
            -107.06176252667645,
            34.02052293876028
          ],
          [
            -107.06178624489489,
            34.02055594124927
          ],
          [
            -107.0618454842963,
            34.02063606222991
          ],
          [
            -107.06186908842872,
            34.02066429504991
          ],
          [
            -107.06189841842273,
            34.02069243181282
          ],
          [
            -107.06192798108043,
            34.02073010780977
          ],
          [
            -107.0619515843145,
            34.02075834134301
          ],
          [
            -107.06197518665027,
            34.0207865748669
          ],
          [
            -107.0619987907827,
            34.02081480763683
          ],
          [
            -107.06202812077673,
            34.02084294509442
          ],
          [
            -107.06205733668472,
            34.020866310695375
          ],
          [
            -107.06208666757703,
            34.02089444813589
          ],
          [
            -107.06211599757106,
            34.02092258482251
          ],
          [
            -107.06214521527569,
            34.02094595263519
          ],
          [
            -107.06217443118366,
            34.02096931895235
          ],
          [
            -107.06220364619334,
            34.0209926860076
          ],
          [
            -107.062232977984,
            34.021020822661704
          ],
          [
            -107.0622565812181,
            34.021049056098235
          ],
          [
            -107.06228030033486,
            34.021082059127174
          ],
          [
            -107.06230390356893,
            34.02111029179882
          ],
          [
            -107.06232189412913,
            34.021143390106566
          ],
          [
            -107.06233988468932,
            34.021176489145965
          ],
          [
            -107.06235787704615,
            34.02120958817247
          ],
          [
            -107.06237013994811,
            34.02124278099944
          ],
          [
            -107.06238251873272,
            34.0212807456377
          ],
          [
            -107.06238355718519,
            34.02132367119656
          ],
          [
            -107.06238448065331,
            34.02136182789252
          ],
          [
            -107.06238540412143,
            34.02139998531583
          ],
          [
            -107.06238632669121,
            34.02143814123292
          ],
          [
            -107.0623928610366,
            34.02147143076183
          ],
          [
            -107.06239939717858,
            34.0215047210223
          ],
          [
            -107.06240020476403,
            34.021538108060966
          ],
          [
            -107.06240674090604,
            34.02157139903979
          ],
          [
            -107.06241900380799,
            34.0216045939589
          ],
          [
            -107.06242553905167,
            34.021637884911705
          ],
          [
            -107.062432076092,
            34.021671175851395
          ],
          [
            -107.0624386113357,
            34.02170446677802
          ],
          [
            -107.06245087513594,
            34.02173766090058
          ],
          [
            -107.06245741037964,
            34.02177095105658
          ],
          [
            -107.06249373824973,
            34.0218514573094
          ],
          [
            -107.06251745826481,
            34.02188445928183
          ],
          [
            -107.062535448825,
            34.02191755728768
          ],
          [
            -107.06254782760962,
            34.02195552311318
          ],
          [
            -107.06256581906811,
            34.021988621091374
          ],
          [
            -107.06258380962831,
            34.02202171905661
          ],
          [
            -107.06260180288346,
            34.02205481775343
          ],
          [
            -107.06261406578541,
            34.02208801173898
          ],
          [
            -107.06262632958565,
            34.022121207200584
          ],
          [
            -107.06263859338593,
            34.02215440116016
          ],
          [
            -107.0626621957217,
            34.022182634219654
          ],
          [
            -107.06268018807853,
            34.02221573210924
          ],
          [
            -107.06268672332223,
            34.022249022822265
          ],
          [
            -107.06269898712247,
            34.02228221822091
          ],
          [
            -107.06270552326448,
            34.022315508163366
          ],
          [
            -107.06272924327955,
            34.0223485099553
          ],
          [
            -107.0627415061815,
            34.022381705315034
          ],
          [
            -107.06275376908344,
            34.02241489991728
          ],
          [
            -107.06276603378203,
            34.02244809376198
          ],
          [
            -107.06277829668396,
            34.022481288338206
          ],
          [
            -107.06279056138256,
            34.0225144829015
          ],
          [
            -107.06280855284105,
            34.022547580661666
          ],
          [
            -107.062820815743,
            34.02258077594353
          ],
          [
            -107.06284442077373,
            34.02260900811666
          ],
          [
            -107.06286825487483,
            34.02264678005284
          ],
          [
            -107.06290469862759,
            34.022732055728525
          ],
          [
            -107.06291696422448,
            34.02276525019375
          ],
          [
            -107.062934955683,
            34.02279834785612
          ],
          [
            -107.0629585598154,
            34.02282658070136
          ],
          [
            -107.06297655217222,
            34.022859679084355
          ],
          [
            -107.06298881597249,
            34.02289287424416
          ],
          [
            -107.0630068083293,
            34.022925971856765
          ],
          [
            -107.06303064243042,
            34.02296374365193
          ],
          [
            -107.06304863388893,
            34.022996841981445
          ],
          [
            -107.0630608976892,
            34.02303003708759
          ],
          [
            -107.0630788891477,
            34.023063134646705
          ],
          [
            -107.06309115294798,
            34.02309632898243
          ],
          [
            -107.0631091453048,
            34.02312942800472
          ],
          [
            -107.06312141000336,
            34.02316262305908
          ],
          [
            -107.06312794434874,
            34.02319591265615
          ],
          [
            -107.06312886781684,
            34.023234069999454
          ],
          [
            -107.06312979218328,
            34.02327222583655
          ],
          [
            -107.06313071475309,
            34.023310381656444
          ],
          [
            -107.06313163911949,
            34.02334853894827
          ],
          [
            -107.06313817615984,
            34.02338182996152
          ],
          [
            -107.06314471140352,
            34.02341512021716
          ],
          [
            -107.06314551898896,
            34.02344850724887
          ],
          [
            -107.0631464433554,
            34.02348666298951
          ],
          [
            -107.0631473668235,
            34.02352481871306
          ],
          [
            -107.06315974560812,
            34.02356278233054
          ],
          [
            -107.06316628175013,
            34.02359607325974
          ],
          [
            -107.0631785464487,
            34.023629268876064
          ],
          [
            -107.06318508169238,
            34.02366255977919
          ],
          [
            -107.06320307404921,
            34.02369565709163
          ],
          [
            -107.06322106640604,
            34.02372875588025
          ],
          [
            -107.06325120578212,
            34.023790279269
          ],
          [
            -107.06327481171117,
            34.02381851103979
          ],
          [
            -107.06329853082792,
            34.02385151299183
          ],
          [
            -107.0633107946282,
            34.02388470776369
          ],
          [
            -107.06333463232258,
            34.02392247987672
          ],
          [
            -107.06335262288277,
            34.02395557932135
          ],
          [
            -107.0633706152396,
            34.02398867577498
          ],
          [
            -107.063394336153,
            34.02402167914993
          ],
          [
            -107.06341232761149,
            34.024054777066866
          ],
          [
            -107.06343031996832,
            34.024087875715416
          ],
          [
            -107.06345392410073,
            34.024116108131686
          ],
          [
            -107.06347752913145,
            34.0241443412831
          ],
          [
            -107.0635013650292,
            34.02418211179149
          ],
          [
            -107.06352508504426,
            34.02421511434669
          ],
          [
            -107.06354307560446,
            34.02424821293271
          ],
          [
            -107.06356106975792,
            34.02428131001676
          ],
          [
            -107.0635733335582,
            34.02431450536505
          ],
          [
            -107.063591325915,
            34.02434760316777
          ],
          [
            -107.06360931827183,
            34.02438070170208
          ],
          [
            -107.06363865096081,
            34.02440883797749
          ],
          [
            -107.06366237097588,
            34.024441839699975
          ],
          [
            -107.06368597690492,
            34.02447007199854
          ],
          [
            -107.06370396926174,
            34.024503171229625
          ],
          [
            -107.06372196072026,
            34.02453626895877
          ],
          [
            -107.06373422541884,
            34.02456946420733
          ],
          [
            -107.06375794633223,
            34.024602465122875
          ],
          [
            -107.06377593779072,
            34.024635562813245
          ],
          [
            -107.063788201591,
            34.02466875802297
          ],
          [
            -107.06380619484614,
            34.02470185568754
          ],
          [
            -107.06382418810126,
            34.02473495408373
          ],
          [
            -107.06384217955978,
            34.02476805172249
          ],
          [
            -107.06386590137149,
            34.0248010547943
          ],
          [
            -107.06388950730053,
            34.02482928697337
          ],
          [
            -107.0639131096363,
            34.024857519887526
          ],
          [
            -107.06394828766283,
            34.02489033009422
          ],
          [
            -107.0639720076779,
            34.024923330884945
          ],
          [
            -107.06400134216351,
            34.02495146772499
          ],
          [
            -107.06402494719423,
            34.024979701343035
          ],
          [
            -107.06405416400052,
            34.02500306580515
          ],
          [
            -107.06407776903124,
            34.02503129866149
          ],
          [
            -107.06410137496027,
            34.02505953076397
          ],
          [
            -107.06412509497538,
            34.02509253297795
          ],
          [
            -107.06415442856266,
            34.02512066976183
          ],
          [
            -107.06417814857772,
            34.02515367195203
          ],
          [
            -107.06420175540507,
            34.025181904013806
          ],
          [
            -107.06423774101704,
            34.02524809967425
          ],
          [
            -107.06426134514946,
            34.02527633319366
          ],
          [
            -107.0642793384046,
            34.02530943136575
          ],
          [
            -107.06430305931798,
            34.02534243273802
          ],
          [
            -107.06432666434871,
            34.025370666225996
          ],
          [
            -107.06435027117607,
            34.025398896726514
          ],
          [
            -107.06437387441014,
            34.02542713019576
          ],
          [
            -107.0643974812375,
            34.02545536216649
          ],
          [
            -107.06442108716654,
            34.0254835941279
          ],
          [
            -107.06445041895718,
            34.02551173078212
          ],
          [
            -107.06447963666182,
            34.02553509807581
          ],
          [
            -107.06450885616306,
            34.02555846387406
          ],
          [
            -107.06453807296937,
            34.025581829665875
          ],
          [
            -107.06456167889839,
            34.025610063074204
          ],
          [
            -107.06458528572574,
            34.025638294984084
          ],
          [
            -107.06461450343036,
            34.02566166075392
          ],
          [
            -107.06463810935941,
            34.02568989413568
          ],
          [
            -107.06466171439011,
            34.02571812601901
          ],
          [
            -107.06468531942082,
            34.02574635863752
          ],
          [
            -107.06470331267599,
            34.02577945737081
          ],
          [
            -107.06471557827287,
            34.02581264989958
          ],
          [
            -107.06472784207313,
            34.02584584464888
          ],
          [
            -107.06474595121094,
            34.025883712675316
          ],
          [
            -107.06475821590952,
            34.025916905907785
          ],
          [
            -107.06477048240473,
            34.02595010136083
          ],
          [
            -107.06478847386323,
            34.02598319927018
          ],
          [
            -107.0648007385618,
            34.026016393208245
          ],
          [
            -107.06481873271525,
            34.026049491091754
          ],
          [
            -107.06482538473993,
            34.02608755185498
          ],
          [
            -107.06483765033683,
            34.02612074575222
          ],
          [
            -107.06485575857633,
            34.026158613655994
          ],
          [
            -107.06486229561665,
            34.026191904311446
          ],
          [
            -107.06488028887179,
            34.02622500212644
          ],
          [
            -107.06489839800959,
            34.026262869239225
          ],
          [
            -107.06491066270817,
            34.026296063812424
          ],
          [
            -107.06492865596333,
            34.026329160842266
          ],
          [
            -107.06494664921844,
            34.026362259348296
          ],
          [
            -107.06496464157527,
            34.02639535784137
          ],
          [
            -107.06497118041224,
            34.02642864765942
          ],
          [
            -107.06499536305968,
            34.02648072802511
          ],
          [
            -107.0650245816626,
            34.02650409430747
          ],
          [
            -107.0650595279238,
            34.02652736528685
          ],
          [
            -107.06508313475115,
            34.02655559689157
          ],
          [
            -107.06510674068018,
            34.02658382923145
          ],
          [
            -107.06513595928313,
            34.02660719474089
          ],
          [
            -107.06516517698772,
            34.02663056173293
          ],
          [
            -107.0651943973873,
            34.02665392797402
          ],
          [
            -107.06522934275017,
            34.0266771981678
          ],
          [
            -107.06526428990965,
            34.02670046909973
          ],
          [
            -107.06529923617083,
            34.02672373779171
          ],
          [
            -107.06532845477378,
            34.026747106240634
          ],
          [
            -107.06535767517335,
            34.02677047170517
          ],
          [
            -107.0653870078623,
            34.026798607188276
          ],
          [
            -107.06541634234792,
            34.02682674266205
          ],
          [
            -107.0654456768335,
            34.02685487887095
          ],
          [
            -107.06547489633476,
            34.026878245794784
          ],
          [
            -107.0655099575803,
            34.02690628594599
          ],
          [
            -107.06553917708155,
            34.026929651366714
          ],
          [
            -107.06556839568448,
            34.02695301678092
          ],
          [
            -107.06559772927177,
            34.026981152948025
          ],
          [
            -107.06562694877302,
            34.02700451983708
          ],
          [
            -107.06565628415693,
            34.027032655242586
          ],
          [
            -107.06568561774422,
            34.02706079063875
          ],
          [
            -107.06571483724545,
            34.027084156761376
          ],
          [
            -107.0657384440728,
            34.02711238892542
          ],
          [
            -107.06576204910354,
            34.027140621824515
          ],
          [
            -107.0657856559309,
            34.027168854714226
          ],
          [
            -107.06581499131482,
            34.02719698932073
          ],
          [
            -107.06583859724384,
            34.02722522219169
          ],
          [
            -107.06586793172946,
            34.027253356779504
          ],
          [
            -107.06589153676018,
            34.0272815896317
          ],
          [
            -107.06591514358752,
            34.027309821730064
          ],
          [
            -107.0659387522115,
            34.027338053818966
          ],
          [
            -107.06596247222659,
            34.02737105514684
          ],
          [
            -107.0659861949366,
            34.027404055717376
          ],
          [
            -107.06600430497272,
            34.02744192379299
          ],
          [
            -107.06602791090175,
            34.02747015583795
          ],
          [
            -107.06605163361179,
            34.02750315785896
          ],
          [
            -107.06606962776524,
            34.02753625516253
          ],
          [
            -107.06608189336212,
            34.027569449237596
          ],
          [
            -107.06608281772857,
            34.02760760610347
          ],
          [
            -107.06608935566719,
            34.027640894701456
          ],
          [
            -107.06609028093193,
            34.027679052279716
          ],
          [
            -107.06609120619669,
            34.02771720835175
          ],
          [
            -107.06609774323701,
            34.027750499140254
          ],
          [
            -107.06609866760343,
            34.02778865518021
          ],
          [
            -107.06610532142474,
            34.027826715163386
          ],
          [
            -107.06610613080682,
            34.027860101203956
          ],
          [
            -107.06611839730202,
            34.027893295152346
          ],
          [
            -107.06612493524065,
            34.027926585871775
          ],
          [
            -107.0661485411697,
            34.027954817755486
          ],
          [
            -107.06617880092003,
            34.02802110878133
          ],
          [
            -107.06620802131958,
            34.02804447612853
          ],
          [
            -107.06623723992253,
            34.02806784198028
          ],
          [
            -107.06626657530646,
            34.028095977033225
          ],
          [
            -107.06629579390939,
            34.028119344359816
          ],
          [
            -107.06631940073673,
            34.02814757617938
          ],
          [
            -107.06634896698769,
            34.02818525035581
          ],
          [
            -107.06638380006113,
            34.02820375092836
          ],
          [
            -107.06641874811893,
            34.02822701995265
          ],
          [
            -107.06645357939577,
            34.02824552126061
          ],
          [
            -107.06647718712144,
            34.02827375303819
          ],
          [
            -107.06650652070873,
            34.02830188802287
          ],
          [
            -107.06653012933272,
            34.02833011903721
          ],
          [
            -107.06655373616006,
            34.02835835078671
          ],
          [
            -107.06657734208909,
            34.02838658327126
          ],
          [
            -107.06660094981477,
            34.02841481500192
          ],
          [
            -107.06661905985088,
            34.02845268337098
          ],
          [
            -107.06663132544779,
            34.02848587634306
          ],
          [
            -107.06663786338643,
            34.028519166829994
          ],
          [
            -107.06664440222337,
            34.02855245730382
          ],
          [
            -107.0666509392637,
            34.02858574776464
          ],
          [
            -107.06665747810065,
            34.02861903821235
          ],
          [
            -107.06666401514096,
            34.028652328647034
          ],
          [
            -107.0666649404057,
            34.02869048502592
          ],
          [
            -107.06666586567044,
            34.0287286406432
          ],
          [
            -107.06667251859345,
            34.028766700204756
          ],
          [
            -107.06668478598696,
            34.02879989379851
          ],
          [
            -107.06670289512476,
            34.02883776199571
          ],
          [
            -107.06671527660434,
            34.02887572621438
          ],
          [
            -107.06673327165612,
            34.02890882372708
          ],
          [
            -107.0667456549323,
            34.028946787169474
          ],
          [
            -107.06676364908577,
            34.028979884654504
          ],
          [
            -107.06677591468265,
            34.029013078909344
          ],
          [
            -107.06679402561709,
            34.02905094477793
          ],
          [
            -107.06681201887224,
            34.029084042966765
          ],
          [
            -107.066830013924,
            34.0291171411427
          ],
          [
            -107.06685362164967,
            34.0291453726303
          ],
          [
            -107.06687722757873,
            34.02917360485304
          ],
          [
            -107.06689522263048,
            34.02920670224955
          ],
          [
            -107.06691883125445,
            34.02923493370734
          ],
          [
            -107.06694255396447,
            34.02926793504199
          ],
          [
            -107.06696616169017,
            34.029296167223904
          ],
          [
            -107.06699549797237,
            34.02932430335856
          ],
          [
            -107.06702471657532,
            34.02934766885789
          ],
          [
            -107.06705978141412,
            34.0293757081931
          ],
          [
            -107.0671004580285,
            34.029398880858146
          ],
          [
            -107.06712967932637,
            34.02942224708145
          ],
          [
            -107.06715889882761,
            34.02944561180937
          ],
          [
            -107.06719384688543,
            34.02946888198203
          ],
          [
            -107.06721745461111,
            34.029497114097076
          ],
          [
            -107.06724667411235,
            34.02952047880439
          ],
          [
            -107.06728735162503,
            34.0295436521744
          ],
          [
            -107.06732229878455,
            34.02956692306466
          ],
          [
            -107.06735736362334,
            34.02959496083843
          ],
          [
            -107.0675219242036,
            34.02976396600865
          ],
          [
            -107.06764962780609,
            34.029913787963324
          ]
        ]
      },
      "properties": {
        "fault_name": "La Jencia fault",
        "age": "latest Quaternary",
        "slip_rate": "Less than 0.2 mm/yr"
      }
    },
    {
      "type": "Feature",
      "geometry": {
        "type": "LineString",
        "coordinates": [
          [
            -107.0564618242047,
            34.01471420776236
          ],
          [
            -107.05650364078119,
            34.01478508102036
          ],
          [
            -107.05652162774813,
            34.01481818104984
          ],
          [
            -107.05653961561336,
            34.01485127883261
          ],
          [
            -107.0565576025803,
            34.014884378836285
          ],
          [
            -107.0565757054299,
            34.014922248774965
          ],
          [
            -107.05658223887696,
            34.0149555393701
          ],
          [
            -107.05660022584392,
            34.01498863933318
          ],
          [
            -107.05662382458644,
            34.0150168732869
          ],
          [
            -107.0566418142483,
            34.01504997322602
          ],
          [
            -107.05666541299082,
            34.015078207159355
          ],
          [
            -107.05668901263162,
            34.01510644108329
          ],
          [
            -107.05671261317079,
            34.01513467499783
          ],
          [
            -107.05673621281163,
            34.01516290815837
          ],
          [
            -107.0567655401107,
            34.015191046744846
          ],
          [
            -107.05678913975152,
            34.01521928063126
          ],
          [
            -107.05681273939236,
            34.015247515252895
          ],
          [
            -107.05683633993151,
            34.01527574912053
          ],
          [
            -107.05685994136896,
            34.015303982978764
          ],
          [
            -107.05688353921317,
            34.01533221831685
          ],
          [
            -107.05690725473666,
            34.015365221334726
          ],
          [
            -107.05692524260192,
            34.01539832113802
          ],
          [
            -107.05694884314106,
            34.015426554955496
          ],
          [
            -107.05697244188356,
            34.01545478801898
          ],
          [
            -107.05704278266528,
            34.01552041196624
          ],
          [
            -107.05707211086265,
            34.01554854968966
          ],
          [
            -107.05710132227905,
            34.01557191898177
          ],
          [
            -107.05713626315035,
            34.01559519221403
          ],
          [
            -107.05717131810769,
            34.01562323534841
          ],
          [
            -107.0571949177485,
            34.01565146834647
          ],
          [
            -107.0572298577215,
            34.01567474081231
          ],
          [
            -107.05725918591888,
            34.01570287922913
          ],
          [
            -107.05728839913192,
            34.015726246989594
          ],
          [
            -107.057317726431,
            34.01575438464473
          ],
          [
            -107.05734693874575,
            34.015777753880236
          ],
          [
            -107.05737615195878,
            34.015801122364635
          ],
          [
            -107.05740536427349,
            34.01582449233183
          ],
          [
            -107.057429079797,
            34.015857495158336
          ],
          [
            -107.0574584079944,
            34.015885632769965
          ],
          [
            -107.057493232983,
            34.01590413527921
          ],
          [
            -107.0575281738543,
            34.015927409164945
          ],
          [
            -107.05755177169851,
            34.01595564280646
          ],
          [
            -107.05758671436642,
            34.01597891518894
          ],
          [
            -107.05761031400725,
            34.01600714806871
          ],
          [
            -107.05763964220466,
            34.01603528711997
          ],
          [
            -107.05766324184547,
            34.01606352072559
          ],
          [
            -107.05768684328295,
            34.01609175432185
          ],
          [
            -107.05770483114819,
            34.01612485384187
          ],
          [
            -107.05771709135517,
            34.01615804865727
          ],
          [
            -107.05772935335882,
            34.01619124420423
          ],
          [
            -107.05777655264046,
            34.01624771279154
          ],
          [
            -107.0577888146441,
            34.01628090681428
          ]
        ]
      },
      "properties": {
        "fault_name": "La Jencia fault",
        "age": "latest Quaternary",
        "slip_rate": "Less than 0.2 mm/yr"
      }
    },
    {
      "type": "Feature",
      "geometry": {
        "type": "LineString",
        "coordinates": [
          [
            -107.05538853417124,
            34.01368720232683
          ],
          [
            -107.05558121471485,
            34.01383666695209
          ],
          [
            -107.05569829124751,
            34.01393968299495
          ],
          [
            -107.05572188999002,
            34.013967915808266
          ],
          [
            -107.05575671497864,
            34.01398642022465
          ],
          [
            -107.055791653155,
            34.01400969314694
          ],
          [
            -107.05581525279581,
            34.01403792817086
          ],
          [
            -107.05583885243665,
            34.0140661609515
          ],
          [
            -107.05585683760694,
            34.014099261261286
          ],
          [
            -107.05587482457389,
            34.014132360813576
          ],
          [
            -107.0558870856792,
            34.01416555715262
          ],
          [
            -107.05589361912627,
            34.01419884804449
          ],
          [
            -107.0559058766383,
            34.01423204286829
          ],
          [
            -107.05592386540187,
            34.01426514311344
          ],
          [
            -107.0559474650427,
            34.01429337805235
          ],
          [
            -107.0559710628869,
            34.0143216107481
          ],
          [
            -107.05599466342603,
            34.01434984492365
          ],
          [
            -107.05601826306686,
            34.01437807983445
          ],
          [
            -107.05604747358498,
            34.014401447959514
          ],
          [
            -107.05607668679801,
            34.01442481831205
          ],
          [
            -107.05611162587266,
            34.01444809036954
          ],
          [
            -107.05614656494734,
            34.01447136390985
          ],
          [
            -107.05617577726206,
            34.0144947327539
          ],
          [
            -107.05620498688184,
            34.014518100846914
          ],
          [
            -107.05623420099317,
            34.01454146967805
          ],
          [
            -107.0562690250835,
            34.014559973969426
          ],
          [
            -107.05629823560157,
            34.014583342044475
          ],
          [
            -107.05632744881463,
            34.014606710857656
          ],
          [
            -107.05635666023103,
            34.01463008115364
          ],
          [
            -107.0564618242047,
            34.01471420776236
          ]
        ]
      },
      "properties": {
        "fault_name": "La Jencia fault",
        "age": "latest Quaternary",
        "slip_rate": "Less than 0.2 mm/yr"
      }
    },
    {
      "type": "Feature",
      "geometry": {
        "type": "LineString",
        "coordinates": [
          [
            -107.05593907298132,
            34.01266802910364
          ],
          [
            -107.05600929428707,
            34.01281795197803
          ],
          [
            -107.05606543989066,
            34.01300787202476
          ],
          [
            -107.05615275164467,
            34.01330224483758
          ]
        ]
      },
      "properties": {
        "fault_name": "La Jencia fault",
        "age": "latest Quaternary",
        "slip_rate": "Less than 0.2 mm/yr"
      }
    },
    {
      "type": "Feature",
      "geometry": {
        "type": "LineString",
        "coordinates": [
          [
            -107.05287124543767,
            34.0092313331603
          ],
          [
            -107.05297995685841,
            34.00946332005067
          ],
          [
            -107.05307664163414,
            34.00967165168504
          ],
          [
            -107.05313861999885,
            34.00986624772887
          ],
          [
            -107.05319314863489,
            34.009989395723665
          ],
          [
            -107.05329464299065,
            34.01015947499545
          ],
          [
            -107.05341904618277,
            34.01032917192287
          ],
          [
            -107.05356062965468,
            34.01049858033357
          ],
          [
            -107.05371951288237,
            34.01067247190509
          ],
          [
            -107.05390222302464,
            34.01088413731232
          ],
          [
            -107.05397267070585,
            34.010954531984716
          ],
          [
            -107.05406602902006,
            34.01102454385364
          ],
          [
            -107.05417633944201,
            34.011084730886175
          ]
        ]
      },
      "properties": {
        "fault_name": "La Jencia fault",
        "age": "latest Quaternary",
        "slip_rate": "Less than 0.2 mm/yr"
      }
    },
    {
      "type": "Feature",
      "geometry": {
        "type": "LineString",
        "coordinates": [
          [
            -107.05262805172732,
            34.00743868480322
          ],
          [
            -107.05260584267856,
            34.00764661630427
          ],
          [
            -107.05259553900224,
            34.00775414585043
          ],
          [
            -107.05258575275555,
            34.00788314031824
          ],
          [
            -107.05258026225252,
            34.008012063102086
          ],
          [
            -107.05258361925674,
            34.008151573347064
          ],
          [
            -107.05257847280846,
            34.008294803706235
          ],
          [
            -107.05258096922665,
            34.00839854209456
          ],
          [
            -107.05259265810514,
            34.008527178145634
          ],
          [
            -107.05261285313104,
            34.0086520929296
          ],
          [
            -107.05268158592837,
            34.008829876150905
          ]
        ]
      },
      "properties": {
        "fault_name": "La Jencia fault",
        "age": "latest Quaternary",
        "slip_rate": "Less than 0.2 mm/yr"
      }
    },
    {
      "type": "Feature",
      "geometry": {
        "type": "LineString",
        "coordinates": [
          [
            -107.05083313065307,
            34.01033734590766
          ],
          [
            -107.05091744113575,
            34.010507714149426
          ],
          [
            -107.05102546085371,
            34.01071108687638
          ],
          [
            -107.05111492497117,
            34.01085750966613
          ],
          [
            -107.0512099999659,
            34.010999068955236
          ]
        ]
      },
      "properties": {
        "fault_name": "La Jencia fault",
        "age": "latest Quaternary",
        "slip_rate": "Less than 0.2 mm/yr"
      }
    },
    {
      "type": "Feature",
      "geometry": {
        "type": "LineString",
        "coordinates": [
          [
            -107.04882042291963,
            34.0069212807237
          ],
          [
            -107.04887267522477,
            34.00699358803017
          ],
          [
            -107.04893212123869,
            34.007083255885505
          ],
          [
            -107.04899133818223,
            34.00716338436868
          ],
          [
            -107.049033488932,
            34.00724856836532
          ],
          [
            -107.0490637280211,
            34.0073148658823
          ],
          [
            -107.04907120380089,
            34.00734644522374
          ],
          [
            -107.04908285584844,
            34.00739566211807
          ],
          [
            -107.04908995792908,
            34.00745280303659
          ],
          [
            -107.04910885668602,
            34.00752405990415
          ],
          [
            -107.04916315086179,
            34.00763767132684
          ],
          [
            -107.04920575975234,
            34.007741934020466
          ],
          [
            -107.04925421128553,
            34.00785087012429
          ],
          [
            -107.04932614298357,
            34.00798327427601
          ],
          [
            -107.04939166071051,
            34.00808715527618
          ],
          [
            -107.04950860698744,
            34.00818540796868
          ],
          [
            -107.04960276031069,
            34.00828880990234
          ],
          [
            -107.04970298534695,
            34.00840642733585
          ],
          [
            -107.0498088221588,
            34.008519178982276
          ],
          [
            -107.04986792501626,
            34.008594537296744
          ],
          [
            -107.049950739804,
            34.008702901152034
          ],
          [
            -107.05002198518916,
            34.00880668595541
          ],
          [
            -107.05007593710681,
            34.00890598703998
          ],
          [
            -107.05013618711294,
            34.0090290418558
          ],
          [
            -107.05022576172318,
            34.00918023632727
          ],
          [
            -107.0502797127425,
            34.009279537719664
          ],
          [
            -107.05032782291586,
            34.009374166286484
          ]
        ]
      },
      "properties": {
        "fault_name": "La Jencia fault",
        "age": "latest Quaternary",
        "slip_rate": "Less than 0.2 mm/yr"
      }
    },
    {
      "type": "Feature",
      "geometry": {
        "type": "LineString",
        "coordinates": [
          [
            -107.04781612799158,
            34.003718710284744
          ],
          [
            -107.04798807092685,
            34.00433241086886
          ]
        ]
      },
      "properties": {
        "fault_name": "La Jencia fault",
        "age": "latest Quaternary",
        "slip_rate": "Less than 0.2 mm/yr"
      }
    },
    {
      "type": "Feature",
      "geometry": {
        "type": "LineString",
        "coordinates": [
          [
            -107.0464959386972,
            34.000074030305164
          ],
          [
            -107.04654403809077,
            34.00017509396344
          ],
          [
            -107.0465620187695,
            34.000208195964355
          ],
          [
            -107.0465856112238,
            34.00023643185372
          ],
          [
            -107.04660359100421,
            34.00026953383079
          ],
          [
            -107.04662157168295,
            34.00030263430547
          ],
          [
            -107.04663955056505,
            34.00033573625668
          ],
          [
            -107.04665180628045,
            34.00036893277626
          ],
          [
            -107.04666406019928,
            34.0004021292828
          ],
          [
            -107.04667631411803,
            34.00043532503167
          ],
          [
            -107.04668856713852,
            34.000468522256995
          ],
          [
            -107.04670082105733,
            34.00050171872467
          ],
          [
            -107.0467130749761,
            34.0005349166688
          ],
          [
            -107.04673105565483,
            34.00056801704007
          ],
          [
            -107.04674903543524,
            34.00060111888787
          ],
          [
            -107.04676129025235,
            34.00063431530373
          ],
          [
            -107.04677354417115,
            34.000667511706546
          ],
          [
            -107.04678579808993,
            34.000700708096446
          ],
          [
            -107.04679232524879,
            34.00073399979886
          ],
          [
            -107.04679885330596,
            34.000767292233014
          ],
          [
            -107.04681110722474,
            34.00080048932861
          ],
          [
            -107.04681763528193,
            34.000833780247234
          ],
          [
            -107.04682416244076,
            34.00086707189748
          ],
          [
            -107.0468306887013,
            34.00090036427944
          ],
          [
            -107.04684866938004,
            34.00093346599777
          ],
          [
            -107.04686092419713,
            34.00096666228369
          ],
          [
            -107.04687890397754,
            34.00099976397619
          ],
          [
            -107.04689699874233,
            34.0010376341494
          ],
          [
            -107.04691498031934,
            34.001070735814245
          ],
          [
            -107.0469215065799,
            34.00110402811636
          ],
          [
            -107.04692230697881,
            34.00113741498578
          ],
          [
            -107.04694715976947,
            34.001218117305115
          ],
          [
            -107.04695380191268,
            34.0012561787756
          ],
          [
            -107.04696032817323,
            34.00128947026036
          ],
          [
            -107.04697258388865,
            34.001322667151875
          ],
          [
            -107.04698483780743,
            34.00135586403041
          ],
          [
            -107.04699709172623,
            34.001389060151304
          ],
          [
            -107.04700373297112,
            34.001427120800464
          ],
          [
            -107.04701598778823,
            34.00146031763824
          ],
          [
            -107.04702251494709,
            34.001493609787666
          ],
          [
            -107.04703477066249,
            34.001526807344135
          ],
          [
            -107.04704129782137,
            34.00156009872282
          ],
          [
            -107.04705939168781,
            34.001597968646216
          ],
          [
            -107.04707164740323,
            34.0016311661619
          ],
          [
            -107.04707817366376,
            34.00166445824442
          ],
          [
            -107.04708470261926,
            34.00169775031383
          ],
          [
            -107.047102683298,
            34.001730850976635
          ],
          [
            -107.0471206639767,
            34.001763952371334
          ],
          [
            -107.04714425732934,
            34.00179218774355
          ],
          [
            -107.04716784888532,
            34.0018204238511
          ],
          [
            -107.04718582956404,
            34.00185352595557
          ],
          [
            -107.04719808527948,
            34.00188672337137
          ],
          [
            -107.04721606505987,
            34.00191982321585
          ],
          [
            -107.04722831897867,
            34.00195301986101
          ],
          [
            -107.04724630055571,
            34.00198612116907
          ],
          [
            -107.04726428213276,
            34.00201922171954
          ],
          [
            -107.0472708092916,
            34.00205251364992
          ],
          [
            -107.0472830632104,
            34.00208571098794
          ],
          [
            -107.04729531892582,
            34.002118908313044
          ],
          [
            -107.04731329960454,
            34.00215200881173
          ],
          [
            -107.04732555262501,
            34.002185205366196
          ],
          [
            -107.04733780744212,
            34.00221840190763
          ],
          [
            -107.04734433639763,
            34.00225169375993
          ],
          [
            -107.04736231707635,
            34.00228479495164
          ],
          [
            -107.04737457009682,
            34.00231799070942
          ],
          [
            -107.04738109905232,
            34.00235128326741
          ],
          [
            -107.04738762710949,
            34.00238457506763
          ],
          [
            -107.04739988102826,
            34.00241777227586
          ],
          [
            -107.04741786170699,
            34.0024508719134
          ],
          [
            -107.04742438976416,
            34.00248416367464
          ],
          [
            -107.04743664458127,
            34.00251736084395
          ],
          [
            -107.04744317263844,
            34.002550653323794
          ],
          [
            -107.04745542565892,
            34.0025838497224
          ],
          [
            -107.04747340813427,
            34.00261695078461
          ],
          [
            -107.04748566295137,
            34.002650147902095
          ],
          [
            -107.04749219100854,
            34.00268343884043
          ],
          [
            -107.0474987181674,
            34.00271673125518
          ],
          [
            -107.04750524712288,
            34.002750022912146
          ],
          [
            -107.04751177428174,
            34.00278331530079
          ],
          [
            -107.04751830323721,
            34.00281660618698
          ],
          [
            -107.04752483129438,
            34.0028498978048
          ],
          [
            -107.04753708431488,
            34.00288309483118
          ],
          [
            -107.04753799969815,
            34.00292125236812
          ],
          [
            -107.04754464363798,
            34.00295931382014
          ],
          [
            -107.04754544493522,
            34.00299269996031
          ],
          [
            -107.04756342741058,
            34.003025800863234
          ],
          [
            -107.04757568043105,
            34.00305899782086
          ],
          [
            -107.04757648172827,
            34.00309238466656
          ]
        ]
      },
      "properties": {
        "fault_name": "La Jencia fault",
        "age": "latest Quaternary",
        "slip_rate": "Less than 0.2 mm/yr"
      }
    },
    {
      "type": "Feature",
      "geometry": {
        "type": "LineString",
        "coordinates": [
          [
            -107.09118311490104,
            34.0295293373501
          ],
          [
            -107.09135859091032,
            34.02967426478388
          ],
          [
            -107.09151641502427,
            34.02980040736005
          ],
          [
            -107.09180236764384,
            34.03001025471403
          ],
          [
            -107.09207651460392,
            34.03020598933539
          ],
          [
            -107.0924616088915,
            34.03048571983391
          ],
          [
            -107.09277656002673,
            34.03070938504948
          ],
          [
            -107.09314423867589,
            34.03097986613963
          ],
          [
            -107.09338892987782,
            34.03114269992302
          ],
          [
            -107.09365712190589,
            34.0313289876832
          ],
          [
            -107.09395407439611,
            34.03151955717215
          ],
          [
            -107.0943094829568,
            34.03175684400003
          ],
          [
            -107.09476941229744,
            34.03204960481137
          ],
          [
            -107.09521695027703,
            34.03230440492274
          ],
          [
            -107.09548800523592,
            34.03246728678683
          ],
          [
            -107.09576947795715,
            34.03263375510267
          ]
        ]
      },
      "properties": {
        "fault_name": "La Jencia fault",
        "age": "latest Quaternary",
        "slip_rate": "Less than 0.2 mm/yr"
      }
    },
    {
      "type": "Feature",
      "geometry": {
        "type": "LineString",
        "coordinates": [
          [
            -107.08062955063635,
            34.03054282734383
          ],
          [
            -107.08067537819058,
            34.030542050862415
          ],
          [
            -107.08071582573454,
            34.03055568134876
          ],
          [
            -107.08075604061487,
            34.03055977071756
          ],
          [
            -107.08079648905718,
            34.03057339971204
          ],
          [
            -107.08083681982018,
            34.03058226112574
          ],
          [
            -107.08087703470049,
            34.030586351237744
          ],
          [
            -107.08091724958082,
            34.030590442093974
          ],
          [
            -107.08096330979868,
            34.03059920374705
          ],
          [
            -107.08100352557733,
            34.030603295347156
          ],
          [
            -107.08104385723865,
            34.03061215526882
          ],
          [
            -107.08108407122064,
            34.03061624463489
          ],
          [
            -107.08112428610097,
            34.03062033623417
          ],
          [
            -107.0811646177623,
            34.03062919466504
          ],
          [
            -107.0812049494236,
            34.03063805681739
          ],
          [
            -107.08124516430392,
            34.030642146182224
          ],
          [
            -107.08128549596522,
            34.03065100684425
          ],
          [
            -107.08132582762654,
            34.030659866016414
          ],
          [
            -107.08136604340518,
            34.030663956869155
          ],
          [
            -107.08140625738719,
            34.030668046232734
          ],
          [
            -107.0814465890485,
            34.03067690689202
          ],
          [
            -107.08148680482714,
            34.03068099625497
          ],
          [
            -107.08152713559012,
            34.03068985691295
          ],
          [
            -107.08157307992535,
            34.03069384875001
          ],
          [
            -107.08161352836764,
            34.03070747921191
          ],
          [
            -107.08165385913063,
            34.03071633912265
          ],
          [
            -107.08169407311263,
            34.03072042922819
          ],
          [
            -107.08173452155494,
            34.030734058196906
          ],
          [
            -107.08178069765549,
            34.03074758963817
          ],
          [
            -107.08182103021512,
            34.03075645028919
          ],
          [
            -107.0818614786574,
            34.030770079252136
          ],
          [
            -107.08190192709971,
            34.0307837089573
          ],
          [
            -107.0819422578627,
            34.0307925681156
          ],
          [
            -107.081982706305,
            34.030806197072735
          ],
          [
            -107.0820231547473,
            34.03081982602768
          ],
          [
            -107.08207506030273,
            34.030833260674626
          ],
          [
            -107.08211550784672,
            34.03084689036965
          ],
          [
            -107.08215583860972,
            34.03085575026582
          ],
          [
            -107.08219605528667,
            34.030859838875685
          ],
          [
            -107.08223650372896,
            34.030873469310976
          ],
          [
            -107.08227133859907,
            34.03089196408612
          ],
          [
            -107.08231167205702,
            34.03090082397758
          ],
          [
            -107.08235773137655,
            34.03090958708757
          ],
          [
            -107.08240390837541,
            34.03092311924531
          ],
          [
            -107.08244423913843,
            34.030931977644634
          ],
          [
            -107.08248480526002,
            34.0309503771154
          ],
          [
            -107.08252513602301,
            34.03095923625636
          ],
          [
            -107.08256558356699,
            34.03097286518666
          ],
          [
            -107.08260591702494,
            34.03098172432526
          ],
          [
            -107.08264624778792,
            34.03099058420736
          ],
          [
            -107.08269242478679,
            34.03100411635218
          ],
          [
            -107.0827328732291,
            34.031017743786386
          ],
          [
            -107.08277332167141,
            34.031031374196246
          ],
          [
            -107.08281949777194,
            34.031044904845665
          ],
          [
            -107.08285994711255,
            34.03105853301779
          ],
          [
            -107.08290039555486,
            34.03107216267664
          ],
          [
            -107.08294084399715,
            34.03108579084439
          ],
          [
            -107.08298117476014,
            34.031094650715616
          ],
          [
            -107.08302162499908,
            34.03110827887975
          ],
          [
            -107.08306207433968,
            34.03112190927508
          ],
          [
            -107.08315442833744,
            34.0311489712873
          ],
          [
            -107.08320060443798,
            34.03116250415135
          ],
          [
            -107.08324116966125,
            34.03118090133881
          ],
          [
            -107.08328161720524,
            34.03119453097799
          ],
          [
            -107.08332206564754,
            34.03120815912608
          ],
          [
            -107.08336251408984,
            34.03122178727199
          ],
          [
            -107.08339735165488,
            34.03124028197126
          ],
          [
            -107.08344341097445,
            34.031249045046124
          ],
          [
            -107.08348386031506,
            34.03126267318546
          ],
          [
            -107.08352407609367,
            34.03126676177571
          ],
          [
            -107.08356452543431,
            34.03128039065668
          ],
          [
            -107.08360474031463,
            34.03128448073503
          ],
          [
            -107.08364507107763,
            34.03129333984104
          ],
          [
            -107.08368540363725,
            34.03130219894612
          ],
          [
            -107.08372573619687,
            34.03131105805032
          ],
          [
            -107.08376595107718,
            34.031315148127135
          ],
          [
            -107.08380640131612,
            34.03132877700033
          ],
          [
            -107.08384673207914,
            34.031337635357296
          ],
          [
            -107.08388706463876,
            34.03134649520222
          ],
          [
            -107.08392739630007,
            34.03135535281282
          ],
          [
            -107.0839676120787,
            34.03135944288754
          ],
          [
            -107.08400794374002,
            34.0313683012413
          ],
          [
            -107.08405412073888,
            34.03138183332588
          ],
          [
            -107.08409445419683,
            34.031390691677316
          ],
          [
            -107.08413466907713,
            34.03139478100586
          ],
          [
            -107.08417500073845,
            34.03140364010035
          ],
          [
            -107.08421544918075,
            34.03141726895933
          ],
          [
            -107.08425589941967,
            34.031430897071594
          ],
          [
            -107.084296231081,
            34.03143975616237
          ],
          [
            -107.084336561844,
            34.03144861376321
          ],
          [
            -107.08438273974116,
            34.031462145835036
          ],
          [
            -107.08442879995906,
            34.03147090814258
          ],
          [
            -107.08446925019797,
            34.031484536246225
          ],
          [
            -107.08450958185927,
            34.031493393842446
          ],
          [
            -107.08454991441893,
            34.03150225292663
          ],
          [
            -107.08459024608023,
            34.03151111275444
          ],
          [
            -107.08463630809473,
            34.03151987431244
          ],
          [
            -107.08467663795939,
            34.03152873190492
          ],
          [
            -107.08471697141734,
            34.03153759098548
          ],
          [
            -107.08476303073692,
            34.03154635179628
          ],
          [
            -107.08480336419487,
            34.03155521087494
          ],
          [
            -107.08484381443378,
            34.0315688389651
          ],
          [
            -107.08488414609508,
            34.031577698041474
          ],
          [
            -107.08492459363907,
            34.031591326127966
          ]
        ]
      },
      "properties": {
        "fault_name": "La Jencia fault",
        "age": "latest Quaternary",
        "slip_rate": "Less than 0.2 mm/yr"
      }
    },
    {
      "type": "Feature",
      "geometry": {
        "type": "LineString",
        "coordinates": [
          [
            -107.07510123124128,
            34.03063788707861
          ],
          [
            -107.07514179376962,
            34.030656288102115
          ],
          [
            -107.07518762312047,
            34.03065551385514
          ],
          [
            -107.07522795208685,
            34.03066437674916
          ],
          [
            -107.07526816786549,
            34.03066846909059
          ],
          [
            -107.07530826686313,
            34.03066779088012
          ],
          [
            -107.07535409262073,
            34.030667018122195
          ],
          [
            -107.07539419341501,
            34.03066634065619
          ],
          [
            -107.07543429061603,
            34.03066566393466
          ],
          [
            -107.07548000228758,
            34.030660119880096
          ],
          [
            -107.07551986862158,
            34.03064990428669
          ],
          [
            -107.07556546261382,
            34.03063959116677
          ],
          [
            -107.07561117518368,
            34.030634047110496
          ],
          [
            -107.07565115560371,
            34.03062860132371
          ],
          [
            -107.07569675229091,
            34.03061828671217
          ],
          [
            -107.0757367354059,
            34.030612840924384
          ],
          [
            -107.07577671582591,
            34.030607393647315
          ],
          [
            -107.07581646717556,
            34.03059240823611
          ],
          [
            -107.07585645029054,
            34.03058696095768
          ],
          [
            -107.0758964316089,
            34.030581515167874
          ],
          [
            -107.07593629794289,
            34.03057129807614
          ],
          [
            -107.07597628105786,
            34.030565850796364
          ],
          [
            -107.07601626327452,
            34.0305604050052
          ],
          [
            -107.07605624459289,
            34.03055495772472
          ],
          [
            -107.07609622680954,
            34.03054950969947
          ],
          [
            -107.0761418225984,
            34.030539198056246
          ],
          [
            -107.07618180481509,
            34.0305337507744
          ],
          [
            -107.07622178703174,
            34.03052830423675
          ],
          [
            -107.07626177014674,
            34.03052285695421
          ],
          [
            -107.07630163737903,
            34.03051264134433
          ],
          [
            -107.07634161779909,
            34.03050719331631
          ],
          [
            -107.07638148413308,
            34.030496977704544
          ],
          [
            -107.07642146634974,
            34.03049153116448
          ],
          [
            -107.0764614485664,
            34.03048608313515
          ],
          [
            -107.07650143078307,
            34.03048063584989
          ],
          [
            -107.07654141299973,
            34.03047518930878
          ],
          [
            -107.07664417487835,
            34.030459137793244
          ],
          [
            -107.07668404211064,
            34.03044892292013
          ],
          [
            -107.07672390934296,
            34.03043870506796
          ],
          [
            -107.076763889763,
            34.03043325777967
          ],
          [
            -107.07680364021432,
            34.03041827233775
          ],
          [
            -107.0768436233293,
            34.03041282504815
          ],
          [
            -107.07688360464763,
            34.03040737775819
          ],
          [
            -107.07692347098165,
            34.03039716213441
          ],
          [
            -107.07696333731565,
            34.03038694427595
          ],
          [
            -107.077003318634,
            34.030381497728825
          ],
          [
            -107.07704330174897,
            34.0303760511814
          ],
          [
            -107.07708316808296,
            34.03036583406488
          ],
          [
            -107.0771232661823,
            34.03036515585199
          ],
          [
            -107.07716313341462,
            34.03035493873416
          ],
          [
            -107.07720311473298,
            34.030349492184975
          ],
          [
            -107.07724870872521,
            34.03033917828405
          ],
          [
            -107.0772886918402,
            34.03033373173385
          ],
          [
            -107.07732867405684,
            34.03032828369439
          ],
          [
            -107.07736853859421,
            34.03031806731655
          ],
          [
            -107.07741436704676,
            34.030317293066524
          ],
          [
            -107.07745996014067,
            34.03030697767272
          ],
          [
            -107.0775057876949,
            34.030306204167026
          ],
          [
            -107.07754588489591,
            34.030305525953665
          ],
          [
            -107.07758586801091,
            34.03030007865681
          ],
          [
            -107.07763169466682,
            34.03029930515106
          ],
          [
            -107.07767740633835,
            34.03029376107255
          ],
          [
            -107.07772323299424,
            34.03029298533334
          ],
          [
            -107.0777632143126,
            34.030287538035694
          ],
          [
            -107.07781477042339,
            34.03028666625959
          ],
          [
            -107.07785486762444,
            34.03028598804607
          ],
          [
            -107.07789485073941,
            34.03028054223694
          ],
          [
            -107.07794067829363,
            34.030279767242085
          ],
          [
            -107.0779865040512,
            34.03027899075826
          ],
          [
            -107.07803233070712,
            34.030278215763346
          ],
          [
            -107.07807242970476,
            34.030277539038714
          ],
          [
            -107.07811825636065,
            34.03027676404378
          ],
          [
            -107.0781583535617,
            34.03027608583019
          ],
          [
            -107.07819845255933,
            34.03027540836106
          ],
          [
            -107.07824428011355,
            34.03027463336617
          ],
          [
            -107.07828426233023,
            34.03026918383394
          ],
          [
            -107.07833008898614,
            34.0302684103279
          ],
          [
            -107.07837018708548,
            34.03026773211423
          ],
          [
            -107.07841028608311,
            34.03026705390056
          ],
          [
            -107.07845050096344,
            34.03027114477218
          ],
          [
            -107.07849059906277,
            34.03027046730301
          ],
          [
            -107.0785308139431,
            34.03027455817454
          ],
          [
            -107.07857102792511,
            34.030278649045805
          ],
          [
            -107.07861112692278,
            34.030277970832216
          ],
          [
            -107.07865134180311,
            34.03028206319228
          ],
          [
            -107.07869155668342,
            34.030286153318755
          ],
          [
            -107.07873177066543,
            34.03029024493395
          ],
          [
            -107.07877198644405,
            34.03029433580451
          ],
          [
            -107.07881231720707,
            34.0303031972473
          ],
          [
            -107.07885264886836,
            34.030312057200305
          ],
          [
            -107.07889297873305,
            34.03032091864124
          ],
          [
            -107.07893319541,
            34.03032500876584
          ],
          [
            -107.0789735252747,
            34.03033387020549
          ],
          [
            -107.079013856936,
            34.030342730155226
          ],
          [
            -107.07905407181633,
            34.03034682176769
          ],
          [
            -107.07909440257933,
            34.03035568171609
          ],
          [
            -107.07914046279721,
            34.03036444488237
          ],
          [
            -107.07918091034118,
            34.03037807614168
          ],
          [
            -107.0792212420025,
            34.030386936831285
          ],
          [
            -107.07926157186718,
            34.030395796775494
          ],
          [
            -107.07930202030946,
            34.03040942728528
          ],
          [
            -107.07934235107247,
            34.03041828797163
          ],
          [
            -107.07938256595277,
            34.03042237883595
          ],
          [
            -107.07942289761411,
            34.03043124026542
          ],
          [
            -107.07946895693368,
            34.030440002679434
          ]
        ]
      },
      "properties": {
        "fault_name": "La Jencia fault",
        "age": "latest Quaternary",
        "slip_rate": "Less than 0.2 mm/yr"
      }
    },
    {
      "type": "Feature",
      "geometry": {
        "type": "LineString",
        "coordinates": [
          [
            -106.82771112368911,
            34.13595362529727
          ],
          [
            -106.82884960536109,
            34.13950076287994
          ]
        ]
      },
      "properties": {
        "fault_name": "West Joyita fault zone",
        "age": "undifferentiated Quaternary",
        "slip_rate": "Less than 0.2 mm/yr"
      }
    },
    {
      "type": "Feature",
      "geometry": {
        "type": "LineString",
        "coordinates": [
          [
            -106.8544271477996,
            34.174194093169426
          ],
          [
            -106.85459018573546,
            34.17525577178941
          ],
          [
            -106.85467621828855,
            34.17581598522579
          ],
          [
            -106.85495015414453,
            34.17759971530237
          ]
        ]
      },
      "properties": {
        "fault_name": "West Joyita fault zone",
        "age": "undifferentiated Quaternary",
        "slip_rate": "Less than 0.2 mm/yr"
      }
    },
    {
      "type": "Feature",
      "geometry": {
        "type": "LineString",
        "coordinates": [
          [
            -106.83324020126227,
            34.18502327499456
          ],
          [
            -106.8334813836447,
            34.185985813111266
          ],
          [
            -106.8339684169541,
            34.187929428331955
          ]
        ]
      },
      "properties": {
        "fault_name": "West Joyita fault zone",
        "age": "undifferentiated Quaternary",
        "slip_rate": "Less than 0.2 mm/yr"
      }
    },
    {
      "type": "Feature",
      "geometry": {
        "type": "LineString",
        "coordinates": [
          [
            -106.83024863709298,
            34.14314995333014
          ],
          [
            -106.83083764984839,
            34.14446858319466
          ]
        ]
      },
      "properties": {
        "fault_name": "West Joyita fault zone",
        "age": "undifferentiated Quaternary",
        "slip_rate": "Less than 0.2 mm/yr"
      }
    },
    {
      "type": "Feature",
      "geometry": {
        "type": "LineString",
        "coordinates": [
          [
            -106.82351691927198,
            34.12508924673214
          ],
          [
            -106.82363678327695,
            34.12538503889815
          ],
          [
            -106.8238944641179,
            34.1260552583071
          ],
          [
            -106.82447352803152,
            34.12771035312001
          ],
          [
            -106.82490399083419,
            34.128756729044426
          ],
          [
            -106.82548797931219,
            34.13030804504879
          ],
          [
            -106.82594895968172,
            34.13144864392791
          ],
          [
            -106.82607842577876,
            34.131827700722596
          ],
          [
            -106.82611922725897,
            34.131960098644356
          ]
        ]
      },
      "properties": {
        "fault_name": "West Joyita fault zone",
        "age": "undifferentiated Quaternary",
        "slip_rate": "Less than 0.2 mm/yr"
      }
    },
    {
      "type": "Feature",
      "geometry": {
        "type": "LineString",
        "coordinates": [
          [
            -106.84881167385568,
            34.14863427082554
          ],
          [
            -106.848734098941,
            34.148026942358335
          ],
          [
            -106.84867589439881,
            34.14757125969841
          ],
          [
            -106.8486644094379,
            34.14750836383592
          ],
          [
            -106.84861195680845,
            34.14722110502497
          ]
        ]
      },
      "properties": {
        "fault_name": "West Joyita fault zone",
        "age": "undifferentiated Quaternary",
        "slip_rate": "Less than 0.2 mm/yr"
      }
    },
    {
      "type": "Feature",
      "geometry": {
        "type": "LineString",
        "coordinates": [
          [
            -106.82884960536109,
            34.13950076287994
          ],
          [
            -106.82911143013042,
            34.14002888216898
          ],
          [
            -106.82954434174057,
            34.14107294721778
          ],
          [
            -106.82981433309416,
            34.14190076874128
          ],
          [
            -106.83024863709298,
            34.14314995333014
          ]
        ]
      },
      "properties": {
        "fault_name": "West Joyita fault zone",
        "age": "undifferentiated Quaternary",
        "slip_rate": "Less than 0.2 mm/yr"
      }
    },
    {
      "type": "Feature",
      "geometry": {
        "type": "LineString",
        "coordinates": [
          [
            -106.82611922725897,
            34.131960098644356
          ],
          [
            -106.8261862613421,
            34.13217777196195
          ],
          [
            -106.82659912255511,
            34.133183043211524
          ],
          [
            -106.82666937979349,
            34.13335410816609
          ],
          [
            -106.8270651083374,
            34.134452840910406
          ],
          [
            -106.82726756704287,
            34.13488491292434
          ],
          [
            -106.82752705170087,
            34.13555735011191
          ],
          [
            -106.82771112368911,
            34.13595362529727
          ]
        ]
      },
      "properties": {
        "fault_name": "West Joyita fault zone",
        "age": "undifferentiated Quaternary",
        "slip_rate": "Less than 0.2 mm/yr"
      }
    },
    {
      "type": "Feature",
      "geometry": {
        "type": "LineString",
        "coordinates": [
          [
            -106.76494505415171,
            33.9535753049792
          ],
          [
            -106.76621020636357,
            33.95171434884447
          ],
          [
            -106.7674478862974,
            33.94988170224813
          ],
          [
            -106.76840346019773,
            33.9479493876455
          ],
          [
            -106.76917614608938,
            33.9462011852872
          ],
          [
            -106.7705235929644,
            33.943666902969326
          ],
          [
            -106.77201571261763,
            33.94061198822598
          ],
          [
            -106.77279058770362,
            33.93963096598002
          ]
        ]
      },
      "properties": {
        "fault_name": "West Joyita fault zone",
        "age": "undifferentiated Quaternary",
        "slip_rate": "Less than 0.2 mm/yr"
      }
    },
    {
      "type": "Feature",
      "geometry": {
        "type": "LineString",
        "coordinates": [
          [
            -106.86475997533775,
            34.209869376013096
          ],
          [
            -106.86403168239082,
            34.20904615984612
          ]
        ]
      },
      "properties": {
        "fault_name": "West Joyita fault zone",
        "age": "undifferentiated Quaternary",
        "slip_rate": "Less than 0.2 mm/yr"
      }
    },
    {
      "type": "Feature",
      "geometry": {
        "type": "LineString",
        "coordinates": [
          [
            -106.86126348072368,
            34.20945584334889
          ],
          [
            -106.85973865071601,
            34.2079934306609
          ]
        ]
      },
      "properties": {
        "fault_name": "West Joyita fault zone",
        "age": "undifferentiated Quaternary",
        "slip_rate": "Less than 0.2 mm/yr"
      }
    },
    {
      "type": "Feature",
      "geometry": {
        "type": "LineString",
        "coordinates": [
          [
            -106.86078419897689,
            34.25203697063561
          ],
          [
            -106.85804619597462,
            34.250074449702275
          ],
          [
            -106.85631494838604,
            34.24881119376103
          ]
        ]
      },
      "properties": {
        "fault_name": "West Joyita fault zone",
        "age": "undifferentiated Quaternary",
        "slip_rate": "Less than 0.2 mm/yr"
      }
    },
    {
      "type": "Feature",
      "geometry": {
        "type": "LineString",
        "coordinates": [
          [
            -106.85462574195272,
            34.247659787649944
          ],
          [
            -106.85318767213353,
            34.24655041968609
          ]
        ]
      },
      "properties": {
        "fault_name": "West Joyita fault zone",
        "age": "undifferentiated Quaternary",
        "slip_rate": "Less than 0.2 mm/yr"
      }
    },
    {
      "type": "Feature",
      "geometry": {
        "type": "LineString",
        "coordinates": [
          [
            -106.83020738106525,
            34.246690511084545
          ],
          [
            -106.83061604714588,
            34.24684720677029
          ]
        ]
      },
      "properties": {
        "fault_name": "West Joyita fault zone",
        "age": "undifferentiated Quaternary",
        "slip_rate": "Less than 0.2 mm/yr"
      }
    },
    {
      "type": "Feature",
      "geometry": {
        "type": "LineString",
        "coordinates": [
          [
            -106.80694802206577,
            33.97733486178114
          ],
          [
            -106.8060593726541,
            33.976518257770515
          ]
        ]
      },
      "properties": {
        "fault_name": "West Joyita fault zone",
        "age": "undifferentiated Quaternary",
        "slip_rate": "Less than 0.2 mm/yr"
      }
    },
    {
      "type": "Feature",
      "geometry": {
        "type": "LineString",
        "coordinates": [
          [
            -106.79901856520509,
            34.020309433752736
          ],
          [
            -106.79883317269336,
            34.02000450129365
          ],
          [
            -106.79859892530493,
            34.01965375393674
          ],
          [
            -106.79824870271838,
            34.0191819219321
          ],
          [
            -106.79790892664025,
            34.01866743517175
          ],
          [
            -106.79760575960492,
            34.01827519224364
          ],
          [
            -106.79721755534985,
            34.01788419095215
          ],
          [
            -106.79690275602987,
            34.01747794995246
          ],
          [
            -106.7965835837111,
            34.01713316076424
          ],
          [
            -106.79625397207042,
            34.01683102474194
          ],
          [
            -106.79591740028293,
            34.016467600240084
          ],
          [
            -106.79565144595823,
            34.01622592297111
          ],
          [
            -106.79537157044156,
            34.015861667885815
          ],
          [
            -106.79500825041816,
            34.015574187035085
          ],
          [
            -106.79471544634794,
            34.01540373513967
          ],
          [
            -106.79442841215678,
            34.01523792029275
          ]
        ]
      },
      "properties": {
        "fault_name": "West Joyita fault zone",
        "age": "undifferentiated Quaternary",
        "slip_rate": "Less than 0.2 mm/yr"
      }
    },
    {
      "type": "Feature",
      "geometry": {
        "type": "LineString",
        "coordinates": [
          [
            -106.79069192542804,
            34.011452766882215
          ],
          [
            -106.79009193166661,
            34.01074471867995
          ],
          [
            -106.78921933874236,
            34.009751470184774
          ],
          [
            -106.78796818677418,
            34.00842840235029
          ],
          [
            -106.78685775409868,
            34.00716776007483
          ],
          [
            -106.78581494569941,
            34.00617695698133
          ],
          [
            -106.78470673276094,
            34.005019436236175
          ],
          [
            -106.7835833391925,
            34.003875020640336
          ],
          [
            -106.78255151090096,
            34.00266478376281
          ]
        ]
      },
      "properties": {
        "fault_name": "West Joyita fault zone",
        "age": "undifferentiated Quaternary",
        "slip_rate": "Less than 0.2 mm/yr"
      }
    },
    {
      "type": "Feature",
      "geometry": {
        "type": "LineString",
        "coordinates": [
          [
            -106.78480744558239,
            34.015012970065115
          ],
          [
            -106.78472652534158,
            34.014846487287116
          ],
          [
            -106.78431895879888,
            34.013872246920954
          ],
          [
            -106.7840401163448,
            34.01312827972187
          ],
          [
            -106.78386010294501,
            34.012666608357115
          ],
          [
            -106.78355111213168,
            34.011961766983426
          ],
          [
            -106.783274439109,
            34.01132094002214
          ],
          [
            -106.78304960606475,
            34.01093729726551
          ],
          [
            -106.78260935521874,
            34.01061010575176
          ]
        ]
      },
      "properties": {
        "fault_name": "West Joyita fault zone",
        "age": "undifferentiated Quaternary",
        "slip_rate": "Less than 0.2 mm/yr"
      }
    },
    {
      "type": "Feature",
      "geometry": {
        "type": "LineString",
        "coordinates": [
          [
            -106.78020129533552,
            34.009012249817346
          ],
          [
            -106.7797023818065,
            34.008443761027806
          ]
        ]
      },
      "properties": {
        "fault_name": "West Joyita fault zone",
        "age": "undifferentiated Quaternary",
        "slip_rate": "Less than 0.2 mm/yr"
      }
    },
    {
      "type": "Feature",
      "geometry": {
        "type": "LineString",
        "coordinates": [
          [
            -106.77556873821254,
            34.00389358608777
          ],
          [
            -106.77412656219416,
            34.002740466009556
          ]
        ]
      },
      "properties": {
        "fault_name": "West Joyita fault zone",
        "age": "undifferentiated Quaternary",
        "slip_rate": "Less than 0.2 mm/yr"
      }
    },
    {
      "type": "Feature",
      "geometry": {
        "type": "LineString",
        "coordinates": [
          [
            -106.76226720773079,
            33.949061503671594
          ],
          [
            -106.76124628498681,
            33.94792398922325
          ],
          [
            -106.76010172980521,
            33.94672989787405
          ],
          [
            -106.7592374103647,
            33.94554637330529
          ]
        ]
      },
      "properties": {
        "fault_name": "West Joyita fault zone",
        "age": "undifferentiated Quaternary",
        "slip_rate": "Less than 0.2 mm/yr"
      }
    },
    {
      "type": "Feature",
      "geometry": {
        "type": "LineString",
        "coordinates": [
          [
            -106.8668280453438,
            34.20304573880555
          ],
          [
            -106.86557856873365,
            34.20207582314173
          ],
          [
            -106.86415341938317,
            34.2011749159164
          ],
          [
            -106.86314961403693,
            34.200498235822145
          ],
          [
            -106.86208524068095,
            34.19943325283225
          ],
          [
            -106.86042101190415,
            34.19762573736407
          ],
          [
            -106.86014797616004,
            34.197329183977985
          ],
          [
            -106.85795108864055,
            34.1945240808732
          ],
          [
            -106.85750131475422,
            34.19394703195089
          ],
          [
            -106.85728212762153,
            34.193616716224035
          ],
          [
            -106.85583540882276,
            34.19132565219563
          ],
          [
            -106.85507834283727,
            34.190025305349735
          ],
          [
            -106.85466937312609,
            34.18798450506653
          ],
          [
            -106.85431587528198,
            34.186774918246456
          ],
          [
            -106.85371309404826,
            34.184712249737174
          ],
          [
            -106.85305102310745,
            34.18299240599255
          ],
          [
            -106.85236973810102,
            34.18197920226426
          ],
          [
            -106.85124634902415,
            34.18073898517757
          ],
          [
            -106.85071890500171,
            34.180217183106436
          ],
          [
            -106.8501603235749,
            34.179526775152034
          ],
          [
            -106.8486586736948,
            34.17822170563863
          ],
          [
            -106.84857102058095,
            34.178145526118506
          ],
          [
            -106.84813778288236,
            34.177766327870756
          ],
          [
            -106.84812906922411,
            34.17775813436595
          ],
          [
            -106.84783113667193,
            34.17747796730199
          ]
        ]
      },
      "properties": {
        "fault_name": "West Joyita fault zone",
        "age": "undifferentiated Quaternary",
        "slip_rate": "Less than 0.2 mm/yr"
      }
    },
    {
      "type": "Feature",
      "geometry": {
        "type": "LineString",
        "coordinates": [
          [
            -106.86464337760712,
            34.212936978102924
          ],
          [
            -106.86404697890347,
            34.21236218724837
          ],
          [
            -106.86360170378006,
            34.21194965929573
          ],
          [
            -106.86126348072368,
            34.20945584334889
          ]
        ]
      },
      "properties": {
        "fault_name": "West Joyita fault zone",
        "age": "undifferentiated Quaternary",
        "slip_rate": "Less than 0.2 mm/yr"
      }
    },
    {
      "type": "Feature",
      "geometry": {
        "type": "LineString",
        "coordinates": [
          [
            -106.86403168239082,
            34.20904615984612
          ],
          [
            -106.86096186957039,
            34.20479012367294
          ],
          [
            -106.85851619992118,
            34.20157255334855
          ],
          [
            -106.8582967441922,
            34.2013086858508
          ],
          [
            -106.85538006358502,
            34.19780157631414
          ],
          [
            -106.85277785890428,
            34.19445810967582
          ],
          [
            -106.85037091383032,
            34.19157293031958
          ],
          [
            -106.84848598875111,
            34.18857732281527
          ]
        ]
      },
      "properties": {
        "fault_name": "West Joyita fault zone",
        "age": "undifferentiated Quaternary",
        "slip_rate": "Less than 0.2 mm/yr"
      }
    },
    {
      "type": "Feature",
      "geometry": {
        "type": "LineString",
        "coordinates": [
          [
            -106.85973865071601,
            34.2079934306609
          ],
          [
            -106.8591767850485,
            34.20747444792403
          ],
          [
            -106.85864688682872,
            34.20694370680206
          ],
          [
            -106.85814384374433,
            34.20644637007491
          ],
          [
            -106.85760946023632,
            34.20571055135125
          ],
          [
            -106.85695563672813,
            34.20484804375711
          ],
          [
            -106.85660364805373,
            34.20415454395533
          ],
          [
            -106.85616232821252,
            34.20351649805835
          ],
          [
            -106.85577274594179,
            34.20288668371685
          ],
          [
            -106.85534713673658,
            34.20237689113415
          ],
          [
            -106.85484024796449,
            34.20171728880117
          ],
          [
            -106.85433794958345,
            34.201251484013866
          ],
          [
            -106.85382144883783,
            34.20074080632099
          ],
          [
            -106.8533024399959,
            34.20011519507279
          ],
          [
            -106.85296831611755,
            34.19964684192028
          ],
          [
            -106.85231418808047,
            34.19875049818843
          ],
          [
            -106.85173020409404,
            34.19811458911085
          ],
          [
            -106.85119829544465,
            34.197486907691534
          ],
          [
            -106.8507751054025,
            34.19708526699782
          ],
          [
            -106.85037719215583,
            34.19666070109432
          ],
          [
            -106.84942390177297,
            34.195728276679915
          ],
          [
            -106.84886557187443,
            34.19506942330872
          ],
          [
            -106.84879319640862,
            34.19500063127905
          ],
          [
            -106.84823079983677,
            34.19446582230568
          ],
          [
            -106.84780371110631,
            34.19389966510437
          ],
          [
            -106.84748055386093,
            34.193325179105294
          ],
          [
            -106.84697589560568,
            34.19276244190285
          ],
          [
            -106.84622126135969,
            34.192008691361146
          ],
          [
            -106.84350079706505,
            34.189291253003255
          ],
          [
            -106.8425395152694,
            34.18829577016341
          ],
          [
            -106.84247116784933,
            34.18822465864821
          ],
          [
            -106.840852553726,
            34.18641129178066
          ]
        ]
      },
      "properties": {
        "fault_name": "West Joyita fault zone",
        "age": "undifferentiated Quaternary",
        "slip_rate": "Less than 0.2 mm/yr"
      }
    },
    {
      "type": "Feature",
      "geometry": {
        "type": "LineString",
        "coordinates": [
          [
            -106.84990579671893,
            34.17746597092921
          ],
          [
            -106.84977914504366,
            34.17734322910592
          ],
          [
            -106.84891264179868,
            34.17650345897426
          ],
          [
            -106.84802075665537,
            34.17563906591218
          ],
          [
            -106.84790186193256,
            34.175506026696176
          ],
          [
            -106.84759218300971,
            34.175159503925926
          ],
          [
            -106.84619562344147,
            34.17359673885956
          ]
        ]
      },
      "properties": {
        "fault_name": "West Joyita fault zone",
        "age": "undifferentiated Quaternary",
        "slip_rate": "Less than 0.2 mm/yr"
      }
    },
    {
      "type": "Feature",
      "geometry": {
        "type": "LineString",
        "coordinates": [
          [
            -106.84453974001363,
            34.182280523334896
          ],
          [
            -106.84251782275192,
            34.179283376688765
          ],
          [
            -106.8419796124208,
            34.178637710925614
          ],
          [
            -106.84159244482156,
            34.178046132795394
          ],
          [
            -106.84100644411731,
            34.17733805881136
          ],
          [
            -106.84031629184072,
            34.1765796949726
          ],
          [
            -106.83850444381157,
            34.17483725787668
          ],
          [
            -106.83673666802858,
            34.172941673961965
          ],
          [
            -106.8350625200544,
            34.17124660303069
          ]
        ]
      },
      "properties": {
        "fault_name": "West Joyita fault zone",
        "age": "undifferentiated Quaternary",
        "slip_rate": "Less than 0.2 mm/yr"
      }
    },
    {
      "type": "Feature",
      "geometry": {
        "type": "LineString",
        "coordinates": [
          [
            -106.80883298128096,
            33.97964055722176
          ],
          [
            -106.80797155980555,
            33.97864208216638
          ]
        ]
      },
      "properties": {
        "fault_name": "West Joyita fault zone",
        "age": "undifferentiated Quaternary",
        "slip_rate": "Less than 0.2 mm/yr"
      }
    },
    {
      "type": "Feature",
      "geometry": {
        "type": "LineString",
        "coordinates": [
          [
            -106.8060593726541,
            33.976518257770515
          ],
          [
            -106.80461239603886,
            33.97578761832773
          ]
        ]
      },
      "properties": {
        "fault_name": "West Joyita fault zone",
        "age": "undifferentiated Quaternary",
        "slip_rate": "Less than 0.2 mm/yr"
      }
    },
    {
      "type": "Feature",
      "geometry": {
        "type": "LineString",
        "coordinates": [
          [
            -106.79442841215678,
            34.01523792029275
          ],
          [
            -106.7936328138355,
            34.014575724691575
          ],
          [
            -106.79356636186068,
            34.01451719093368
          ],
          [
            -106.79274193839858,
            34.0137909862503
          ],
          [
            -106.79209124372251,
            34.01304695504626
          ],
          [
            -106.79173405739587,
            34.01263852701486
          ],
          [
            -106.79100987244475,
            34.01182993123345
          ],
          [
            -106.79069192542804,
            34.011452766882215
          ]
        ]
      },
      "properties": {
        "fault_name": "West Joyita fault zone",
        "age": "undifferentiated Quaternary",
        "slip_rate": "Less than 0.2 mm/yr"
      }
    },
    {
      "type": "Feature",
      "geometry": {
        "type": "LineString",
        "coordinates": [
          [
            -106.78260935521874,
            34.01061010575176
          ],
          [
            -106.78252968094125,
            34.01047885691743
          ],
          [
            -106.78194813228755,
            34.0100800150553
          ],
          [
            -106.78188405815328,
            34.01005949029969
          ],
          [
            -106.78168764960125,
            34.00999657414479
          ],
          [
            -106.78083584099771,
            34.009550229336014
          ],
          [
            -106.7802318685979,
            34.00904708715009
          ],
          [
            -106.78020129533552,
            34.009012249817346
          ]
        ]
      },
      "properties": {
        "fault_name": "West Joyita fault zone",
        "age": "undifferentiated Quaternary",
        "slip_rate": "Less than 0.2 mm/yr"
      }
    },
    {
      "type": "Feature",
      "geometry": {
        "type": "LineString",
        "coordinates": [
          [
            -106.7797023818065,
            34.008443761027806
          ],
          [
            -106.77955881575274,
            34.00828017179438
          ],
          [
            -106.77881558561926,
            34.00719654768807
          ],
          [
            -106.77807752529026,
            34.006359959643476
          ],
          [
            -106.77757380128288,
            34.005837973641405
          ],
          [
            -106.7772543576729,
            34.00550694594905
          ],
          [
            -106.77668876938688,
            34.004809066873555
          ],
          [
            -106.77597671438704,
            34.00420155595922
          ],
          [
            -106.77556873821254,
            34.00389358608777
          ]
        ]
      },
      "properties": {
        "fault_name": "West Joyita fault zone",
        "age": "undifferentiated Quaternary",
        "slip_rate": "Less than 0.2 mm/yr"
      }
    },
    {
      "type": "Feature",
      "geometry": {
        "type": "LineString",
        "coordinates": [
          [
            -106.77412656219416,
            34.002740466009556
          ],
          [
            -106.77364845364711,
            34.00231116314554
          ],
          [
            -106.77323229741366,
            34.00192573108168
          ],
          [
            -106.77293534133018,
            34.001650695026186
          ],
          [
            -106.77287487033851,
            34.0016145819278
          ]
        ]
      },
      "properties": {
        "fault_name": "West Joyita fault zone",
        "age": "undifferentiated Quaternary",
        "slip_rate": "Less than 0.2 mm/yr"
      }
    },
    {
      "type": "Feature",
      "geometry": {
        "type": "LineString",
        "coordinates": [
          [
            -106.7592374103647,
            33.94554637330529
          ],
          [
            -106.7589437088775,
            33.94487971101433
          ],
          [
            -106.75872998440005,
            33.94384730821483
          ]
        ]
      },
      "properties": {
        "fault_name": "West Joyita fault zone",
        "age": "undifferentiated Quaternary",
        "slip_rate": "Less than 0.2 mm/yr"
      }
    },
    {
      "type": "Feature",
      "geometry": {
        "type": "LineString",
        "coordinates": [
          [
            -106.85631494838604,
            34.24881119376103
          ],
          [
            -106.85532804484187,
            34.24813850284366
          ],
          [
            -106.85462574195272,
            34.247659787649944
          ]
        ]
      },
      "properties": {
        "fault_name": "West Joyita fault zone",
        "age": "undifferentiated Quaternary",
        "slip_rate": "Less than 0.2 mm/yr"
      }
    },
    {
      "type": "Feature",
      "geometry": {
        "type": "LineString",
        "coordinates": [
          [
            -106.84848598875111,
            34.18857732281527
          ],
          [
            -106.84775848811827,
            34.18774258002453
          ],
          [
            -106.84664096324357,
            34.18599112034986
          ],
          [
            -106.84637279187676,
            34.18552791724739
          ],
          [
            -106.84574373941253,
            34.184441352360786
          ],
          [
            -106.84535206766044,
            34.1834292718049
          ],
          [
            -106.8450955672058,
            34.18307920489793
          ],
          [
            -106.84492867010745,
            34.1827954193645
          ],
          [
            -106.84476971231963,
            34.182502495310025
          ],
          [
            -106.84453974001363,
            34.182280523334896
          ]
        ]
      },
      "properties": {
        "fault_name": "West Joyita fault zone",
        "age": "undifferentiated Quaternary",
        "slip_rate": "Less than 0.2 mm/yr"
      }
    },
    {
      "type": "Feature",
      "geometry": {
        "type": "LineString",
        "coordinates": [
          [
            -106.83842272586682,
            34.25559198586965
          ],
          [
            -106.83509805381378,
            34.25404173578253
          ],
          [
            -106.83440711191804,
            34.253804199974866
          ]
        ]
      },
      "properties": {
        "fault_name": "West Joyita fault zone",
        "age": "undifferentiated Quaternary",
        "slip_rate": "Less than 0.2 mm/yr"
      }
    },
    {
      "type": "Feature",
      "geometry": {
        "type": "LineString",
        "coordinates": [
          [
            -106.83426369228967,
            34.24846731133223
          ],
          [
            -106.83319297772609,
            34.24800921730011
          ],
          [
            -106.83318107684522,
            34.24800814282191
          ],
          [
            -106.83298014437742,
            34.2479119602592
          ],
          [
            -106.83276907531994,
            34.247770841708764
          ],
          [
            -106.83146735089625,
            34.247235749832825
          ],
          [
            -106.83104185038718,
            34.24707979966216
          ],
          [
            -106.83093644027514,
            34.24702276404669
          ],
          [
            -106.83084542566547,
            34.24697227484518
          ],
          [
            -106.83077161469184,
            34.24693280008473
          ],
          [
            -106.83061604714588,
            34.24684720677029
          ]
        ]
      },
      "properties": {
        "fault_name": "West Joyita fault zone",
        "age": "undifferentiated Quaternary",
        "slip_rate": "Less than 0.2 mm/yr"
      }
    },
    {
      "type": "Feature",
      "geometry": {
        "type": "LineString",
        "coordinates": [
          [
            -106.83020738106525,
            34.246690511084545
          ],
          [
            -106.82951967310454,
            34.24638015223687
          ]
        ]
      },
      "properties": {
        "fault_name": "West Joyita fault zone",
        "age": "undifferentiated Quaternary",
        "slip_rate": "Less than 0.2 mm/yr"
      }
    },
    {
      "type": "Feature",
      "geometry": {
        "type": "LineString",
        "coordinates": [
          [
            -106.82488436713682,
            34.22772026235646
          ],
          [
            -106.82335693560806,
            34.22791555828935
          ],
          [
            -106.82290123284086,
            34.227839001048274
          ],
          [
            -106.82259246391139,
            34.22774214926108
          ],
          [
            -106.82248999398524,
            34.227709858127525
          ],
          [
            -106.82192463566794,
            34.22748156118314
          ],
          [
            -106.82141160511424,
            34.22724121193827
          ],
          [
            -106.82077740440509,
            34.22680879117104
          ],
          [
            -106.82077762628897,
            34.22680718684662
          ],
          [
            -106.82011365990292,
            34.22646497706323
          ]
        ]
      },
      "properties": {
        "fault_name": "West Joyita fault zone",
        "age": "undifferentiated Quaternary",
        "slip_rate": "Less than 0.2 mm/yr"
      }
    },
    {
      "type": "Feature",
      "geometry": {
        "type": "LineString",
        "coordinates": [
          [
            -106.80797155980555,
            33.97864208216638
          ],
          [
            -106.80694802206577,
            33.97733486178114
          ]
        ]
      },
      "properties": {
        "fault_name": "West Joyita fault zone",
        "age": "undifferentiated Quaternary",
        "slip_rate": "Less than 0.2 mm/yr"
      }
    },
    {
      "type": "Feature",
      "geometry": {
        "type": "LineString",
        "coordinates": [
          [
            -106.77287487033851,
            34.0016145819278
          ],
          [
            -106.77209841601427,
            34.001150866991274
          ],
          [
            -106.77163806266883,
            34.00061194430941
          ]
        ]
      },
      "properties": {
        "fault_name": "West Joyita fault zone",
        "age": "undifferentiated Quaternary",
        "slip_rate": "Less than 0.2 mm/yr"
      }
    },
    {
      "type": "Feature",
      "geometry": {
        "type": "LineString",
        "coordinates": [
          [
            -106.85344548862005,
            34.164626621240835
          ],
          [
            -106.85529052760232,
            34.166994260328934
          ],
          [
            -106.85561417442952,
            34.16736132632725
          ],
          [
            -106.85590489530661,
            34.167710854170885
          ],
          [
            -106.85626280118379,
            34.168140520360474
          ],
          [
            -106.85669088794255,
            34.16863224324226
          ],
          [
            -106.85701474497552,
            34.169008319253045
          ],
          [
            -106.85725011076647,
            34.16929105263351
          ],
          [
            -106.85770515057702,
            34.16983646678294
          ],
          [
            -106.85784666128541,
            34.17004397528424
          ],
          [
            -106.85797872531028,
            34.170238098986964
          ],
          [
            -106.8583780408271,
            34.17076181194042
          ],
          [
            -106.85868100574152,
            34.17115848832174
          ],
          [
            -106.85936182272566,
            34.172011569303905
          ],
          [
            -106.85991936839497,
            34.17282368215659
          ],
          [
            -106.8603985109029,
            34.173476927098704
          ]
        ]
      },
      "properties": {
        "fault_name": "West Joyita fault zone",
        "age": "undifferentiated Quaternary",
        "slip_rate": "Less than 0.2 mm/yr"
      }
    },
    {
      "type": "Feature",
      "geometry": {
        "type": "LineString",
        "coordinates": [
          [
            -106.85758268235601,
            34.1768774888586
          ],
          [
            -106.85755741005212,
            34.1772983790009
          ],
          [
            -106.85750705678551,
            34.178136960321496
          ],
          [
            -106.85750671093412,
            34.17815778919323
          ],
          [
            -106.85748436264649,
            34.17950174776591
          ],
          [
            -106.85749674412605,
            34.17980363728213
          ],
          [
            -106.85749900877887,
            34.18012466417119
          ]
        ]
      },
      "properties": {
        "fault_name": "West Joyita fault zone",
        "age": "undifferentiated Quaternary",
        "slip_rate": "Less than 0.2 mm/yr"
      }
    },
    {
      "type": "Feature",
      "geometry": {
        "type": "LineString",
        "coordinates": [
          [
            -106.78260935521874,
            34.01061010575176
          ],
          [
            -106.78285895301873,
            34.011021272648044
          ],
          [
            -106.78282800965046,
            34.01156890778843
          ],
          [
            -106.78270597082417,
            34.01180669122218
          ],
          [
            -106.78303187781263,
            34.01235068825288
          ]
        ]
      },
      "properties": {
        "fault_name": "West Joyita fault zone",
        "age": "undifferentiated Quaternary",
        "slip_rate": "Less than 0.2 mm/yr"
      }
    },
    {
      "type": "Feature",
      "geometry": {
        "type": "LineString",
        "coordinates": [
          [
            -106.85511238988487,
            34.18420082313654
          ],
          [
            -106.85494641535632,
            34.182906877006594
          ]
        ]
      },
      "properties": {
        "fault_name": "West Joyita fault zone",
        "age": "undifferentiated Quaternary",
        "slip_rate": "Less than 0.2 mm/yr"
      }
    },
    {
      "type": "Feature",
      "geometry": {
        "type": "LineString",
        "coordinates": [
          [
            -106.86475997533775,
            34.209869376013096
          ],
          [
            -106.8665121500792,
            34.20513125509245
          ]
        ]
      },
      "properties": {
        "fault_name": "West Joyita fault zone",
        "age": "undifferentiated Quaternary",
        "slip_rate": "Less than 0.2 mm/yr"
      }
    },
    {
      "type": "Feature",
      "geometry": {
        "type": "LineString",
        "coordinates": [
          [
            -106.86463770294947,
            34.22830809994706
          ],
          [
            -106.86447238688606,
            34.22314246615252
          ]
        ]
      },
      "properties": {
        "fault_name": "West Joyita fault zone",
        "age": "undifferentiated Quaternary",
        "slip_rate": "Less than 0.2 mm/yr"
      }
    },
    {
      "type": "Feature",
      "geometry": {
        "type": "LineString",
        "coordinates": [
          [
            -106.8427047702474,
            34.108405399059585
          ],
          [
            -106.84283359135406,
            34.10749478517641
          ],
          [
            -106.84291950892279,
            34.1070380196916
          ]
        ]
      },
      "properties": {
        "fault_name": "West Joyita fault zone",
        "age": "undifferentiated Quaternary",
        "slip_rate": "Less than 0.2 mm/yr"
      }
    },
    {
      "type": "Feature",
      "geometry": {
        "type": "LineString",
        "coordinates": [
          [
            -106.8422424810325,
            34.137262489651825
          ],
          [
            -106.84227107081473,
            34.136559684341414
          ],
          [
            -106.84227209489416,
            34.13653450294494
          ]
        ]
      },
      "properties": {
        "fault_name": "West Joyita fault zone",
        "age": "undifferentiated Quaternary",
        "slip_rate": "Less than 0.2 mm/yr"
      }
    },
    {
      "type": "Feature",
      "geometry": {
        "type": "LineString",
        "coordinates": [
          [
            -106.84175340315754,
            34.13273849801134
          ],
          [
            -106.8417365381864,
            34.13270072309058
          ],
          [
            -106.84148566657532,
            34.132138821195916
          ],
          [
            -106.84145753583218,
            34.132075811231786
          ]
        ]
      },
      "properties": {
        "fault_name": "West Joyita fault zone",
        "age": "undifferentiated Quaternary",
        "slip_rate": "Less than 0.2 mm/yr"
      }
    },
    {
      "type": "Feature",
      "geometry": {
        "type": "LineString",
        "coordinates": [
          [
            -106.84087241098534,
            34.21123804113812
          ],
          [
            -106.84113943610187,
            34.209736650799776
          ],
          [
            -106.84123640833849,
            34.20781314213479
          ],
          [
            -106.84116822261514,
            34.20634940974303
          ],
          [
            -106.84114962120057,
            34.205950052680365
          ],
          [
            -106.84110587594115,
            34.2054958171684
          ],
          [
            -106.84097033633446,
            34.20408835295261
          ],
          [
            -106.84059796937785,
            34.20292149034666
          ],
          [
            -106.83957393127646,
            34.201572198211174
          ],
          [
            -106.83899187597294,
            34.20101732689292
          ]
        ]
      },
      "properties": {
        "fault_name": "West Joyita fault zone",
        "age": "undifferentiated Quaternary",
        "slip_rate": "Less than 0.2 mm/yr"
      }
    },
    {
      "type": "Feature",
      "geometry": {
        "type": "LineString",
        "coordinates": [
          [
            -106.8409349507971,
            34.293187545157195
          ],
          [
            -106.8397187477851,
            34.291537893755525
          ],
          [
            -106.83866661038161,
            34.29013488626895
          ],
          [
            -106.83801245539509,
            34.28930090866541
          ]
        ]
      },
      "properties": {
        "fault_name": "West Joyita fault zone",
        "age": "undifferentiated Quaternary",
        "slip_rate": "Less than 0.2 mm/yr"
      }
    },
    {
      "type": "Feature",
      "geometry": {
        "type": "LineString",
        "coordinates": [
          [
            -106.83921748516161,
            34.21709480733256
          ],
          [
            -106.83944738739899,
            34.216133222318504
          ]
        ]
      },
      "properties": {
        "fault_name": "West Joyita fault zone",
        "age": "undifferentiated Quaternary",
        "slip_rate": "Less than 0.2 mm/yr"
      }
    },
    {
      "type": "Feature",
      "geometry": {
        "type": "LineString",
        "coordinates": [
          [
            -106.83903813292187,
            34.22645727478878
          ],
          [
            -106.8388727961972,
            34.22201109321244
          ]
        ]
      },
      "properties": {
        "fault_name": "West Joyita fault zone",
        "age": "undifferentiated Quaternary",
        "slip_rate": "Less than 0.2 mm/yr"
      }
    },
    {
      "type": "Feature",
      "geometry": {
        "type": "LineString",
        "coordinates": [
          [
            -106.8389329446937,
            34.14041639724285
          ],
          [
            -106.83891681993433,
            34.139609590641676
          ]
        ]
      },
      "properties": {
        "fault_name": "West Joyita fault zone",
        "age": "undifferentiated Quaternary",
        "slip_rate": "Less than 0.2 mm/yr"
      }
    },
    {
      "type": "Feature",
      "geometry": {
        "type": "LineString",
        "coordinates": [
          [
            -106.83857750918354,
            34.23348405512681
          ],
          [
            -106.83856877216907,
            34.23117804496706
          ]
        ]
      },
      "properties": {
        "fault_name": "West Joyita fault zone",
        "age": "undifferentiated Quaternary",
        "slip_rate": "Less than 0.2 mm/yr"
      }
    },
    {
      "type": "Feature",
      "geometry": {
        "type": "LineString",
        "coordinates": [
          [
            -106.83685464557148,
            34.271067827041065
          ],
          [
            -106.83719149224346,
            34.27043514010589
          ],
          [
            -106.83747830904231,
            34.26947846776722
          ],
          [
            -106.83751567356823,
            34.268791134740084
          ],
          [
            -106.83741969127507,
            34.26846754885629
          ]
        ]
      },
      "properties": {
        "fault_name": "West Joyita fault zone",
        "age": "undifferentiated Quaternary",
        "slip_rate": "Less than 0.2 mm/yr"
      }
    },
    {
      "type": "Feature",
      "geometry": {
        "type": "LineString",
        "coordinates": [
          [
            -106.83688560061785,
            34.00477171073221
          ],
          [
            -106.83691989560045,
            34.00337940733457
          ]
        ]
      },
      "properties": {
        "fault_name": "West Joyita fault zone",
        "age": "undifferentiated Quaternary",
        "slip_rate": "Less than 0.2 mm/yr"
      }
    },
    {
      "type": "Feature",
      "geometry": {
        "type": "LineString",
        "coordinates": [
          [
            -106.8362370574069,
            34.28704541265218
          ],
          [
            -106.83619928684246,
            34.286664782155235
          ],
          [
            -106.83635206871273,
            34.28601461307661
          ],
          [
            -106.83650628159924,
            34.285478934673925
          ],
          [
            -106.83650150615517,
            34.285097304722434
          ],
          [
            -106.83642681932415,
            34.284639949779624
          ]
        ]
      },
      "properties": {
        "fault_name": "West Joyita fault zone",
        "age": "undifferentiated Quaternary",
        "slip_rate": "Less than 0.2 mm/yr"
      }
    },
    {
      "type": "Feature",
      "geometry": {
        "type": "LineString",
        "coordinates": [
          [
            -106.82499685238007,
            34.102995545737315
          ],
          [
            -106.82487404908747,
            34.10210109902831
          ],
          [
            -106.82479563334968,
            34.101343879853616
          ],
          [
            -106.82464250562803,
            34.10096696333306
          ],
          [
            -106.82448900959713,
            34.10057281598408
          ],
          [
            -106.82411768019465,
            34.0997326433493
          ]
        ]
      },
      "properties": {
        "fault_name": "West Joyita fault zone",
        "age": "undifferentiated Quaternary",
        "slip_rate": "Less than 0.2 mm/yr"
      }
    },
    {
      "type": "Feature",
      "geometry": {
        "type": "LineString",
        "coordinates": [
          [
            -106.82253869974164,
            34.103113710209094
          ],
          [
            -106.82257675237709,
            34.10283193208942
          ],
          [
            -106.82267909833571,
            34.10256047004769
          ],
          [
            -106.8229114628553,
            34.102187100368575
          ],
          [
            -106.82322557137083,
            34.10170253927071
          ],
          [
            -106.82344355835428,
            34.10121940433112
          ],
          [
            -106.82366175734018,
            34.100746263270096
          ],
          [
            -106.8237988546256,
            34.1004142967821
          ],
          [
            -106.82400632323541,
            34.10000130267483
          ],
          [
            -106.82411768019465,
            34.0997326433493
          ]
        ]
      },
      "properties": {
        "fault_name": "West Joyita fault zone",
        "age": "undifferentiated Quaternary",
        "slip_rate": "Less than 0.2 mm/yr"
      }
    },
    {
      "type": "Feature",
      "geometry": {
        "type": "LineString",
        "coordinates": [
          [
            -106.82251977942515,
            34.103655328918194
          ],
          [
            -106.82251452068746,
            34.10329275928012
          ],
          [
            -106.82253869974164,
            34.103113710209094
          ]
        ]
      },
      "properties": {
        "fault_name": "West Joyita fault zone",
        "age": "undifferentiated Quaternary",
        "slip_rate": "Less than 0.2 mm/yr"
      }
    },
    {
      "type": "Feature",
      "geometry": {
        "type": "LineString",
        "coordinates": [
          [
            -106.82170372915978,
            34.10592691372992
          ],
          [
            -106.82178175502874,
            34.10555315501654
          ],
          [
            -106.82180794541085,
            34.10509286378199
          ],
          [
            -106.8219047263063,
            34.10456153980658
          ],
          [
            -106.82198068874503,
            34.10418049378351
          ],
          [
            -106.82208132520968,
            34.10382907411066
          ],
          [
            -106.82253869974164,
            34.103113710209094
          ]
        ]
      },
      "properties": {
        "fault_name": "West Joyita fault zone",
        "age": "undifferentiated Quaternary",
        "slip_rate": "Less than 0.2 mm/yr"
      }
    },
    {
      "type": "Feature",
      "geometry": {
        "type": "LineString",
        "coordinates": [
          [
            -106.82008130078977,
            34.076756567890875
          ],
          [
            -106.82001876457126,
            34.076482536299885
          ],
          [
            -106.81980167141148,
            34.07606903107745
          ],
          [
            -106.81942111181948,
            34.07543102029211
          ],
          [
            -106.81912358800075,
            34.07473401470245
          ],
          [
            -106.81887149108762,
            34.073842416859726
          ],
          [
            -106.81853042592705,
            34.07319556582764
          ],
          [
            -106.81816883516059,
            34.07251601035483
          ],
          [
            -106.8178875241361,
            34.07188065084666
          ],
          [
            -106.81758736016876,
            34.0712909549416
          ],
          [
            -106.81720829717,
            34.0702568218854
          ],
          [
            -106.81697574759744,
            34.06981465906369
          ],
          [
            -106.81671533677635,
            34.069228498276345
          ],
          [
            -106.81615464610526,
            34.06851061924312
          ],
          [
            -106.81572362005889,
            34.06782795511628
          ],
          [
            -106.81528878785068,
            34.06719898318642
          ],
          [
            -106.81487593023093,
            34.06643765366789
          ],
          [
            -106.81460950159575,
            34.0660331193491
          ],
          [
            -106.81413639037665,
            34.065235543007056
          ],
          [
            -106.81380965244655,
            34.06455958426106
          ],
          [
            -106.81353107230052,
            34.06381689722528
          ],
          [
            -106.813079565564,
            34.063101516705316
          ],
          [
            -106.81287319200054,
            34.06248979422258
          ],
          [
            -106.81251410483875,
            34.06169052869432
          ],
          [
            -106.81232958279455,
            34.06117337873698
          ],
          [
            -106.81199835777961,
            34.06051811001026
          ],
          [
            -106.8117841949243,
            34.060005522352036
          ],
          [
            -106.81145749741843,
            34.05932955388954
          ],
          [
            -106.81090411005057,
            34.058483635914065
          ],
          [
            -106.81050712386525,
            34.05799849500137
          ],
          [
            -106.81016662913491,
            34.057372238012725
          ],
          [
            -106.8097434301096,
            34.05658628631999
          ],
          [
            -106.80910000999073,
            34.055234189734946
          ],
          [
            -106.80891289630695,
            34.05459329286121
          ],
          [
            -106.80857058787805,
            34.053880411873315
          ],
          [
            -106.8083337892742,
            34.053467173684545
          ],
          [
            -106.80821490802612,
            34.05323786811463
          ],
          [
            -106.80801428907036,
            34.05289423793768
          ],
          [
            -106.8077935523438,
            34.05230334632917
          ],
          [
            -106.80767889497419,
            34.05180578964829
          ],
          [
            -106.80760725972017,
            34.05123333315898
          ],
          [
            -106.8075811349151,
            34.050936646931696
          ],
          [
            -106.80746073820913,
            34.05040204165588
          ],
          [
            -106.8073503936512,
            34.04964036028347
          ],
          [
            -106.80722938698918,
            34.04907688114118
          ],
          [
            -106.80714298073694,
            34.04850876714772
          ],
          [
            -106.80704334140225,
            34.04778405988733
          ],
          [
            -106.80693886733471,
            34.047298731205906
          ],
          [
            -106.80675458873397,
            34.046789818737246
          ],
          [
            -106.80656049064885,
            34.04628517716339
          ],
          [
            -106.80645895227563,
            34.04592984690279
          ]
        ]
      },
      "properties": {
        "fault_name": "West Joyita fault zone",
        "age": "undifferentiated Quaternary",
        "slip_rate": "Less than 0.2 mm/yr"
      }
    },
    {
      "type": "Feature",
      "geometry": {
        "type": "LineString",
        "coordinates": [
          [
            -106.81690716841202,
            34.13208033887316
          ],
          [
            -106.8171273176404,
            34.130709657047845
          ],
          [
            -106.81714121367952,
            34.13062313816823
          ],
          [
            -106.81727362625072,
            34.12979870999854
          ]
        ]
      },
      "properties": {
        "fault_name": "West Joyita fault zone",
        "age": "undifferentiated Quaternary",
        "slip_rate": "Less than 0.2 mm/yr"
      }
    },
    {
      "type": "Feature",
      "geometry": {
        "type": "LineString",
        "coordinates": [
          [
            -106.78611403258672,
            33.96569575702105
          ],
          [
            -106.78600739537599,
            33.96171106995126
          ]
        ]
      },
      "properties": {
        "fault_name": "West Joyita fault zone",
        "age": "undifferentiated Quaternary",
        "slip_rate": "Less than 0.2 mm/yr"
      }
    },
    {
      "type": "Feature",
      "geometry": {
        "type": "LineString",
        "coordinates": [
          [
            -106.78591302825372,
            33.9605457363095
          ],
          [
            -106.78577925922643,
            33.95749480275928
          ],
          [
            -106.7856765485518,
            33.95481287269523
          ],
          [
            -106.78565723117991,
            33.95277141982483
          ],
          [
            -106.78558557885792,
            33.95045849427612
          ],
          [
            -106.78534519328113,
            33.949003599919166
          ],
          [
            -106.78483383988207,
            33.94798042493497
          ],
          [
            -106.78401845886162,
            33.94692276535116
          ],
          [
            -106.78249848604467,
            33.945641961876994
          ],
          [
            -106.78048024109586,
            33.94396000093565
          ],
          [
            -106.77883583903565,
            33.942459446362655
          ]
        ]
      },
      "properties": {
        "fault_name": "West Joyita fault zone",
        "age": "undifferentiated Quaternary",
        "slip_rate": "Less than 0.2 mm/yr"
      }
    },
    {
      "type": "Feature",
      "geometry": {
        "type": "LineString",
        "coordinates": [
          [
            -106.77114999539856,
            33.98162452805534
          ],
          [
            -106.7717567615589,
            33.98095964497511
          ],
          [
            -106.77245896024344,
            33.98029338382547
          ],
          [
            -106.77295812979231,
            33.97962010407237
          ],
          [
            -106.77362038937933,
            33.97875558025029
          ],
          [
            -106.77406051086795,
            33.978112971202215
          ],
          [
            -106.77461310861665,
            33.97714066425159
          ],
          [
            -106.77487323916338,
            33.97645094097579
          ],
          [
            -106.77500787236997,
            33.97546477678696
          ],
          [
            -106.77483461070784,
            33.97459241321521
          ],
          [
            -106.77453813881631,
            33.973532935207466
          ],
          [
            -106.77393502879917,
            33.97264688372593
          ],
          [
            -106.77319476669939,
            33.972051113220864
          ],
          [
            -106.77268467094173,
            33.97162103100353
          ]
        ]
      },
      "properties": {
        "fault_name": "West Joyita fault zone",
        "age": "undifferentiated Quaternary",
        "slip_rate": "Less than 0.2 mm/yr"
      }
    },
    {
      "type": "Feature",
      "geometry": {
        "type": "LineString",
        "coordinates": [
          [
            -106.77163806266883,
            34.00061194430941
          ],
          [
            -106.77136535301318,
            34.00007038928848
          ],
          [
            -106.77111346810246,
            33.9988439252706
          ]
        ]
      },
      "properties": {
        "fault_name": "West Joyita fault zone",
        "age": "undifferentiated Quaternary",
        "slip_rate": "Less than 0.2 mm/yr"
      }
    },
    {
      "type": "Feature",
      "geometry": {
        "type": "LineString",
        "coordinates": [
          [
            -106.77110979578957,
            33.98927198964096
          ],
          [
            -106.77141566944887,
            33.98815016520395
          ]
        ]
      },
      "properties": {
        "fault_name": "West Joyita fault zone",
        "age": "undifferentiated Quaternary",
        "slip_rate": "Less than 0.2 mm/yr"
      }
    },
    {
      "type": "Feature",
      "geometry": {
        "type": "LineString",
        "coordinates": [
          [
            -106.77131018567496,
            33.984785040278695
          ],
          [
            -106.77108467799594,
            33.983756271816304
          ]
        ]
      },
      "properties": {
        "fault_name": "West Joyita fault zone",
        "age": "undifferentiated Quaternary",
        "slip_rate": "Less than 0.2 mm/yr"
      }
    },
    {
      "type": "Feature",
      "geometry": {
        "type": "LineString",
        "coordinates": [
          [
            -106.77110726433712,
            33.98283163668193
          ],
          [
            -106.77111158074204,
            33.98232246574133
          ]
        ]
      },
      "properties": {
        "fault_name": "West Joyita fault zone",
        "age": "undifferentiated Quaternary",
        "slip_rate": "Less than 0.2 mm/yr"
      }
    },
    {
      "type": "Feature",
      "geometry": {
        "type": "LineString",
        "coordinates": [
          [
            -106.77037367133,
            33.99477046897597
          ],
          [
            -106.77033040487267,
            33.99389433603452
          ],
          [
            -106.77062287566793,
            33.99245853585498
          ],
          [
            -106.77084192266344,
            33.99151093007722
          ],
          [
            -106.77098574833032,
            33.9900130762881
          ]
        ]
      },
      "properties": {
        "fault_name": "West Joyita fault zone",
        "age": "undifferentiated Quaternary",
        "slip_rate": "Less than 0.2 mm/yr"
      }
    },
    {
      "type": "Feature",
      "geometry": {
        "type": "LineString",
        "coordinates": [
          [
            -106.77098833278338,
            33.99799074895382
          ],
          [
            -106.7705802389296,
            33.995580815048555
          ]
        ]
      },
      "properties": {
        "fault_name": "West Joyita fault zone",
        "age": "undifferentiated Quaternary",
        "slip_rate": "Less than 0.2 mm/yr"
      }
    },
    {
      "type": "Feature",
      "geometry": {
        "type": "LineString",
        "coordinates": [
          [
            -106.76818020279849,
            33.96501646465351
          ],
          [
            -106.76773663716907,
            33.96318528697647
          ],
          [
            -106.76745531626314,
            33.961121462118534
          ],
          [
            -106.76736812937492,
            33.959982737175
          ],
          [
            -106.76694287410592,
            33.958650032174226
          ],
          [
            -106.76649816941273,
            33.95714528231632
          ],
          [
            -106.76589445482941,
            33.9556428120094
          ],
          [
            -106.76494505415171,
            33.9535753049792
          ]
        ]
      },
      "properties": {
        "fault_name": "West Joyita fault zone",
        "age": "undifferentiated Quaternary",
        "slip_rate": "Less than 0.2 mm/yr"
      }
    },
    {
      "type": "Feature",
      "geometry": {
        "type": "LineString",
        "coordinates": [
          [
            -106.76494505415171,
            33.9535753049792
          ],
          [
            -106.76277675192289,
            33.95004240680468
          ],
          [
            -106.76226720773079,
            33.949061503671594
          ]
        ]
      },
      "properties": {
        "fault_name": "West Joyita fault zone",
        "age": "undifferentiated Quaternary",
        "slip_rate": "Less than 0.2 mm/yr"
      }
    },
    {
      "type": "Feature",
      "geometry": {
        "type": "LineString",
        "coordinates": [
          [
            -106.8668280453438,
            34.20304573880555
          ],
          [
            -106.86689499768025,
            34.202729118695906
          ],
          [
            -106.86691599759665,
            34.202604814048634
          ],
          [
            -106.86694378069176,
            34.202311333222376
          ],
          [
            -106.86695773062982,
            34.20205187825386
          ],
          [
            -106.86691079455451,
            34.20126133799906
          ],
          [
            -106.86683861492145,
            34.20044863778645
          ],
          [
            -106.86677023606033,
            34.20002361925664
          ],
          [
            -106.86668858009932,
            34.19967319326704
          ],
          [
            -106.86666894382552,
            34.199459335285574
          ],
          [
            -106.86661412323699,
            34.19920318005705
          ],
          [
            -106.86656573817918,
            34.19902357411049
          ],
          [
            -106.86639406114521,
            34.19860463498248
          ],
          [
            -106.86626799696812,
            34.19825488367798
          ],
          [
            -106.86616139928326,
            34.197895819676475
          ],
          [
            -106.86614775836567,
            34.19784452904613
          ]
        ]
      },
      "properties": {
        "fault_name": "West Joyita fault zone",
        "age": "undifferentiated Quaternary",
        "slip_rate": "Less than 0.2 mm/yr"
      }
    },
    {
      "type": "Feature",
      "geometry": {
        "type": "LineString",
        "coordinates": [
          [
            -106.8665121500792,
            34.20513125509245
          ],
          [
            -106.86648235026628,
            34.20493333206905
          ],
          [
            -106.8665431365666,
            34.204321494115376
          ],
          [
            -106.86673704600553,
            34.20341006472795
          ],
          [
            -106.8668280453438,
            34.20304573880555
          ]
        ]
      },
      "properties": {
        "fault_name": "West Joyita fault zone",
        "age": "undifferentiated Quaternary",
        "slip_rate": "Less than 0.2 mm/yr"
      }
    },
    {
      "type": "Feature",
      "geometry": {
        "type": "LineString",
        "coordinates": [
          [
            -106.86447238688606,
            34.22314246615252
          ],
          [
            -106.86450215795288,
            34.22283092266764
          ],
          [
            -106.8645201556996,
            34.222339214915806
          ],
          [
            -106.8645895209109,
            34.22151534732847
          ],
          [
            -106.86462773434477,
            34.22104812923327
          ],
          [
            -106.86470127582382,
            34.22042933682567
          ],
          [
            -106.86469633059819,
            34.219974047324776
          ],
          [
            -106.8647598612517,
            34.219562800839604
          ],
          [
            -106.86478872591842,
            34.21910248896929
          ],
          [
            -106.86476664712536,
            34.21831607974359
          ],
          [
            -106.86475785711029,
            34.21791720502395
          ],
          [
            -106.86474827298453,
            34.21748227392557
          ],
          [
            -106.86468660543692,
            34.21666941589728
          ]
        ]
      },
      "properties": {
        "fault_name": "West Joyita fault zone",
        "age": "undifferentiated Quaternary",
        "slip_rate": "Less than 0.2 mm/yr"
      }
    },
    {
      "type": "Feature",
      "geometry": {
        "type": "LineString",
        "coordinates": [
          [
            -106.86464337760712,
            34.212936978102924
          ],
          [
            -106.86466031264686,
            34.21272030933419
          ],
          [
            -106.86460226081826,
            34.212317675199515
          ],
          [
            -106.86459084412931,
            34.21179936316377
          ],
          [
            -106.86458692208478,
            34.211621333695746
          ],
          [
            -106.86468110595075,
            34.21066183018515
          ],
          [
            -106.86475997533775,
            34.209869376013096
          ]
        ]
      },
      "properties": {
        "fault_name": "West Joyita fault zone",
        "age": "undifferentiated Quaternary",
        "slip_rate": "Less than 0.2 mm/yr"
      }
    },
    {
      "type": "Feature",
      "geometry": {
        "type": "LineString",
        "coordinates": [
          [
            -106.86459232185796,
            34.213648062655544
          ],
          [
            -106.86460902872561,
            34.213379339733144
          ],
          [
            -106.86464337760712,
            34.212936978102924
          ]
        ]
      },
      "properties": {
        "fault_name": "West Joyita fault zone",
        "age": "undifferentiated Quaternary",
        "slip_rate": "Less than 0.2 mm/yr"
      }
    },
    {
      "type": "Feature",
      "geometry": {
        "type": "LineString",
        "coordinates": [
          [
            -106.85198776366241,
            34.14193855665005
          ],
          [
            -106.85089846295564,
            34.14039836727358
          ],
          [
            -106.85021943990712,
            34.13930131633005
          ],
          [
            -106.8500084930205,
            34.138960497177635
          ],
          [
            -106.84887807642318,
            34.13746772270138
          ]
        ]
      },
      "properties": {
        "fault_name": "West Joyita fault zone",
        "age": "undifferentiated Quaternary",
        "slip_rate": "Less than 0.2 mm/yr"
      }
    },
    {
      "type": "Feature",
      "geometry": {
        "type": "LineString",
        "coordinates": [
          [
            -106.85182567165255,
            34.16810478219329
          ],
          [
            -106.8514235740533,
            34.165515100942876
          ],
          [
            -106.8513173347962,
            34.1638007996642
          ],
          [
            -106.8513661465538,
            34.162884914069814
          ]
        ]
      },
      "properties": {
        "fault_name": "West Joyita fault zone",
        "age": "undifferentiated Quaternary",
        "slip_rate": "Less than 0.2 mm/yr"
      }
    },
    {
      "type": "Feature",
      "geometry": {
        "type": "LineString",
        "coordinates": [
          [
            -106.8437218688632,
            34.10169760832677
          ],
          [
            -106.84369748768808,
            34.10149042585509
          ],
          [
            -106.84363676606645,
            34.10088790163096
          ],
          [
            -106.84365037823795,
            34.10076999663085
          ]
        ]
      },
      "properties": {
        "fault_name": "West Joyita fault zone",
        "age": "undifferentiated Quaternary",
        "slip_rate": "Less than 0.2 mm/yr"
      }
    },
    {
      "type": "Feature",
      "geometry": {
        "type": "LineString",
        "coordinates": [
          [
            -106.84366657576085,
            34.16847269067526
          ],
          [
            -106.84325415202738,
            34.16699308893561
          ]
        ]
      },
      "properties": {
        "fault_name": "West Joyita fault zone",
        "age": "undifferentiated Quaternary",
        "slip_rate": "Less than 0.2 mm/yr"
      }
    },
    {
      "type": "Feature",
      "geometry": {
        "type": "LineString",
        "coordinates": [
          [
            -106.84291950892279,
            34.1070380196916
          ],
          [
            -106.84294329181995,
            34.10691158222345
          ],
          [
            -106.84312240959939,
            34.10630553006266
          ],
          [
            -106.84319968537508,
            34.10583912510128
          ]
        ]
      },
      "properties": {
        "fault_name": "West Joyita fault zone",
        "age": "undifferentiated Quaternary",
        "slip_rate": "Less than 0.2 mm/yr"
      }
    },
    {
      "type": "Feature",
      "geometry": {
        "type": "LineString",
        "coordinates": [
          [
            -106.84230617428109,
            34.16366418064088
          ],
          [
            -106.84174267906967,
            34.16226712265094
          ]
        ]
      },
      "properties": {
        "fault_name": "West Joyita fault zone",
        "age": "undifferentiated Quaternary",
        "slip_rate": "Less than 0.2 mm/yr"
      }
    },
    {
      "type": "Feature",
      "geometry": {
        "type": "LineString",
        "coordinates": [
          [
            -106.84227209489416,
            34.13653450294494
          ],
          [
            -106.84208390862192,
            34.13434868571329
          ],
          [
            -106.84180533206916,
            34.13299149704487
          ],
          [
            -106.84175340315754,
            34.13273849801134
          ]
        ]
      },
      "properties": {
        "fault_name": "West Joyita fault zone",
        "age": "undifferentiated Quaternary",
        "slip_rate": "Less than 0.2 mm/yr"
      }
    },
    {
      "type": "Feature",
      "geometry": {
        "type": "LineString",
        "coordinates": [
          [
            -106.84145753583218,
            34.132075811231786
          ],
          [
            -106.84108902085148,
            34.130648269274715
          ],
          [
            -106.84069790156332,
            34.12913311201645
          ],
          [
            -106.84058173771898,
            34.12868308967166
          ]
        ]
      },
      "properties": {
        "fault_name": "West Joyita fault zone",
        "age": "undifferentiated Quaternary",
        "slip_rate": "Less than 0.2 mm/yr"
      }
    },
    {
      "type": "Feature",
      "geometry": {
        "type": "LineString",
        "coordinates": [
          [
            -106.83944738739899,
            34.216133222318504
          ],
          [
            -106.8395746580135,
            34.21559028106801
          ],
          [
            -106.83974303284049,
            34.21515943772221
          ],
          [
            -106.83988590000496,
            34.21461626214184
          ],
          [
            -106.83990115429681,
            34.214600252973774
          ],
          [
            -106.8399264867878,
            34.21439247819517
          ],
          [
            -106.84010457060636,
            34.21386229915387
          ],
          [
            -106.84022444988271,
            34.21322929723857
          ],
          [
            -106.84061417408726,
            34.21216843534488
          ],
          [
            -106.84087241098534,
            34.21123804113812
          ]
        ]
      },
      "properties": {
        "fault_name": "West Joyita fault zone",
        "age": "undifferentiated Quaternary",
        "slip_rate": "Less than 0.2 mm/yr"
      }
    },
    {
      "type": "Feature",
      "geometry": {
        "type": "LineString",
        "coordinates": [
          [
            -106.83951753504292,
            34.25008856682492
          ],
          [
            -106.83951731226072,
            34.250086467671586
          ],
          [
            -106.8395159593979,
            34.250073692313926
          ],
          [
            -106.83945987128651,
            34.24954389604097
          ],
          [
            -106.83928856885004,
            34.2486267192163
          ],
          [
            -106.83927706771945,
            34.24856602535868
          ],
          [
            -106.839240094859,
            34.248005263190535
          ],
          [
            -106.83923863599497,
            34.24798499586991
          ],
          [
            -106.83903735138757,
            34.24709306482389
          ],
          [
            -106.83894349181342,
            34.24635055932622
          ],
          [
            -106.83884784908344,
            34.24563513128286
          ],
          [
            -106.83880371934511,
            34.24530666668194
          ],
          [
            -106.83871618840215,
            34.24485486889185
          ],
          [
            -106.83863188869924,
            34.244575356989294
          ]
        ]
      },
      "properties": {
        "fault_name": "West Joyita fault zone",
        "age": "undifferentiated Quaternary",
        "slip_rate": "Less than 0.2 mm/yr"
      }
    },
    {
      "type": "Feature",
      "geometry": {
        "type": "LineString",
        "coordinates": [
          [
            -106.8388433512188,
            34.251407859108106
          ],
          [
            -106.83906678558617,
            34.25113892178023
          ],
          [
            -106.83928946896195,
            34.25083200983047
          ],
          [
            -106.83942180158309,
            34.25058330469041
          ],
          [
            -106.83951753504292,
            34.25008856682492
          ]
        ]
      },
      "properties": {
        "fault_name": "West Joyita fault zone",
        "age": "undifferentiated Quaternary",
        "slip_rate": "Less than 0.2 mm/yr"
      }
    },
    {
      "type": "Feature",
      "geometry": {
        "type": "LineString",
        "coordinates": [
          [
            -106.8388727961972,
            34.22201109321244
          ],
          [
            -106.83884579912795,
            34.21916990793035
          ],
          [
            -106.8390066200217,
            34.218052705898934
          ],
          [
            -106.83921748516161,
            34.21709480733256
          ]
        ]
      },
      "properties": {
        "fault_name": "West Joyita fault zone",
        "age": "undifferentiated Quaternary",
        "slip_rate": "Less than 0.2 mm/yr"
      }
    },
    {
      "type": "Feature",
      "geometry": {
        "type": "LineString",
        "coordinates": [
          [
            -106.83856877216907,
            34.23117804496706
          ],
          [
            -106.83857984839652,
            34.23089158270801
          ],
          [
            -106.83857083380263,
            34.23047692923675
          ],
          [
            -106.83863814905847,
            34.22973425563503
          ],
          [
            -106.8387060006085,
            34.22901637279074
          ],
          [
            -106.83891710110701,
            34.22783420967301
          ],
          [
            -106.83903813292187,
            34.22645727478878
          ]
        ]
      },
      "properties": {
        "fault_name": "West Joyita fault zone",
        "age": "undifferentiated Quaternary",
        "slip_rate": "Less than 0.2 mm/yr"
      }
    },
    {
      "type": "Feature",
      "geometry": {
        "type": "LineString",
        "coordinates": [
          [
            -106.83899187597294,
            34.20101732689292
          ],
          [
            -106.83730830197646,
            34.1993851230505
          ],
          [
            -106.83630831806344,
            34.19807388185065
          ],
          [
            -106.83564295659374,
            34.19735425214094
          ],
          [
            -106.83543189741776,
            34.19712597399237
          ],
          [
            -106.83467400228726,
            34.19608056619749
          ],
          [
            -106.8346675326206,
            34.196071644089024
          ]
        ]
      },
      "properties": {
        "fault_name": "West Joyita fault zone",
        "age": "undifferentiated Quaternary",
        "slip_rate": "Less than 0.2 mm/yr"
      }
    },
    {
      "type": "Feature",
      "geometry": {
        "type": "LineString",
        "coordinates": [
          [
            -106.83711826158147,
            34.161442710369215
          ],
          [
            -106.8371357005761,
            34.16129352319202
          ],
          [
            -106.8372616830065,
            34.16059956119344
          ],
          [
            -106.8373176714049,
            34.15994497076601
          ],
          [
            -106.83738390329245,
            34.15866803504322
          ],
          [
            -106.8376993125685,
            34.156986098810776
          ],
          [
            -106.83786369618066,
            34.15537405366604
          ],
          [
            -106.83797672310803,
            34.15355087136995
          ],
          [
            -106.83801027608222,
            34.15333170016763
          ],
          [
            -106.83825413364754,
            34.15174325971633
          ],
          [
            -106.8385954170987,
            34.1496303583266
          ],
          [
            -106.83878242837454,
            34.148516175907204
          ],
          [
            -106.838778358108,
            34.14799999797277
          ],
          [
            -106.83878419805566,
            34.14765950831108
          ],
          [
            -106.83879996438722,
            34.146088010074344
          ],
          [
            -106.83891970711966,
            34.144575820972705
          ],
          [
            -106.83888197338615,
            34.1439136151095
          ],
          [
            -106.83890148569243,
            34.14345344122117
          ],
          [
            -106.83892070963952,
            34.14299552575256
          ],
          [
            -106.8388977100733,
            34.14193408529861
          ],
          [
            -106.83897866534838,
            34.141337730243976
          ],
          [
            -106.83895179673824,
            34.14080160420129
          ],
          [
            -106.83893464430619,
            34.14044793220756
          ],
          [
            -106.8389329446937,
            34.14041639724285
          ]
        ]
      },
      "properties": {
        "fault_name": "West Joyita fault zone",
        "age": "undifferentiated Quaternary",
        "slip_rate": "Less than 0.2 mm/yr"
      }
    },
    {
      "type": "Feature",
      "geometry": {
        "type": "LineString",
        "coordinates": [
          [
            -106.83891681993433,
            34.139609590641676
          ],
          [
            -106.83889596823997,
            34.13939799683789
          ],
          [
            -106.83884485140534,
            34.13858720714261
          ],
          [
            -106.83881783457316,
            34.13857909310955
          ],
          [
            -106.83862206831657,
            34.137321157989135
          ],
          [
            -106.83816909732613,
            34.135617294814466
          ],
          [
            -106.83790221683837,
            34.13394614370844
          ],
          [
            -106.83778849730992,
            34.133436115270925
          ],
          [
            -106.8377645221733,
            34.133437798702545
          ],
          [
            -106.83758171141973,
            34.13197414632269
          ],
          [
            -106.83734838929603,
            34.13080517177145
          ],
          [
            -106.83674562872352,
            34.12858458324646
          ]
        ]
      },
      "properties": {
        "fault_name": "West Joyita fault zone",
        "age": "undifferentiated Quaternary",
        "slip_rate": "Less than 0.2 mm/yr"
      }
    },
    {
      "type": "Feature",
      "geometry": {
        "type": "LineString",
        "coordinates": [
          [
            -106.83842272586682,
            34.25559198586965
          ],
          [
            -106.83844071822362,
            34.25418627714268
          ],
          [
            -106.83863266304702,
            34.25232237636524
          ],
          [
            -106.8388433512188,
            34.251407859108106
          ]
        ]
      },
      "properties": {
        "fault_name": "West Joyita fault zone",
        "age": "undifferentiated Quaternary",
        "slip_rate": "Less than 0.2 mm/yr"
      }
    },
    {
      "type": "Feature",
      "geometry": {
        "type": "LineString",
        "coordinates": [
          [
            -106.83870677585459,
            34.24134807621374
          ],
          [
            -106.83876900484927,
            34.240715200642526
          ],
          [
            -106.83874548515851,
            34.24024215400725
          ],
          [
            -106.83866805666922,
            34.239661707943675
          ],
          [
            -106.83860582228465,
            34.23918698669074
          ],
          [
            -106.83858073233874,
            34.238626044696716
          ],
          [
            -106.8385732349994,
            34.23828125102011
          ],
          [
            -106.8385535870475,
            34.23737757536925
          ],
          [
            -106.83849420032239,
            34.23644068133743
          ],
          [
            -106.83845367731992,
            34.23576274711982
          ],
          [
            -106.83851915102939,
            34.234607567968276
          ],
          [
            -106.83857750918354,
            34.23348405512681
          ]
        ]
      },
      "properties": {
        "fault_name": "West Joyita fault zone",
        "age": "undifferentiated Quaternary",
        "slip_rate": "Less than 0.2 mm/yr"
      }
    },
    {
      "type": "Feature",
      "geometry": {
        "type": "LineString",
        "coordinates": [
          [
            -106.8380882336792,
            34.26128630699146
          ],
          [
            -106.83775198977676,
            34.259855481256906
          ],
          [
            -106.83786372223182,
            34.25856245463749
          ],
          [
            -106.83845422439393,
            34.25718695116161
          ],
          [
            -106.83853220444881,
            34.25650215126096
          ],
          [
            -106.83842272586682,
            34.25559198586965
          ]
        ]
      },
      "properties": {
        "fault_name": "West Joyita fault zone",
        "age": "undifferentiated Quaternary",
        "slip_rate": "Less than 0.2 mm/yr"
      }
    },
    {
      "type": "Feature",
      "geometry": {
        "type": "LineString",
        "coordinates": [
          [
            -106.8350625200544,
            34.17124660303069
          ],
          [
            -106.83530264781467,
            34.170009091909485
          ],
          [
            -106.83550767390521,
            34.16934776404867
          ],
          [
            -106.83574690694348,
            34.16857546296681
          ],
          [
            -106.83575618115046,
            34.167876487318864
          ],
          [
            -106.83584212207538,
            34.16733641871542
          ],
          [
            -106.83605228832602,
            34.16639377269812
          ]
        ]
      },
      "properties": {
        "fault_name": "West Joyita fault zone",
        "age": "undifferentiated Quaternary",
        "slip_rate": "Less than 0.2 mm/yr"
      }
    },
    {
      "type": "Feature",
      "geometry": {
        "type": "LineString",
        "coordinates": [
          [
            -106.83293691924258,
            34.194068774016344
          ],
          [
            -106.83252968956808,
            34.193421360110335
          ],
          [
            -106.83211332402716,
            34.192351226100065
          ],
          [
            -106.83196233968577,
            34.19193712674361
          ],
          [
            -106.8318390018956,
            34.191282965129204
          ],
          [
            -106.83175724083168,
            34.190450091913384
          ],
          [
            -106.83173158764212,
            34.18982828535943
          ],
          [
            -106.83180846007426,
            34.18816120231888
          ],
          [
            -106.83184420224275,
            34.18710114180735
          ],
          [
            -106.83185439183303,
            34.18689810112231
          ],
          [
            -106.8319554810486,
            34.186006139194234
          ],
          [
            -106.83184065479571,
            34.185196300801096
          ],
          [
            -106.83186839926326,
            34.18480138173411
          ],
          [
            -106.83178998891536,
            34.18398198416633
          ],
          [
            -106.8318010462782,
            34.18336413686279
          ],
          [
            -106.83180793006822,
            34.18323990621938
          ],
          [
            -106.83183592516573,
            34.18273466320551
          ],
          [
            -106.83205381333453,
            34.18153662310036
          ],
          [
            -106.8323270071821,
            34.18007400184577
          ],
          [
            -106.8324730148568,
            34.17950373274548
          ],
          [
            -106.83288894561315,
            34.178433483094544
          ],
          [
            -106.8333069649525,
            34.17747591613193
          ],
          [
            -106.83348586264472,
            34.1767338270359
          ],
          [
            -106.83389509107069,
            34.175370612758925
          ],
          [
            -106.8341658873148,
            34.17436339468897
          ],
          [
            -106.83452823985263,
            34.173091050884246
          ],
          [
            -106.83477442405456,
            34.17207518196631
          ],
          [
            -106.83502845773545,
            34.17142214022461
          ],
          [
            -106.8350625200544,
            34.17124660303069
          ]
        ]
      },
      "properties": {
        "fault_name": "West Joyita fault zone",
        "age": "undifferentiated Quaternary",
        "slip_rate": "Less than 0.2 mm/yr"
      }
    },
    {
      "type": "Feature",
      "geometry": {
        "type": "LineString",
        "coordinates": [
          [
            -106.83349496796843,
            34.14920824928328
          ],
          [
            -106.83350133522717,
            34.14769120784629
          ],
          [
            -106.83352441025187,
            34.147221963702656
          ],
          [
            -106.83356762101366,
            34.1467591819765
          ],
          [
            -106.83375376182201,
            34.14500445698236
          ],
          [
            -106.83389000840282,
            34.14372004499177
          ],
          [
            -106.83392521787039,
            34.143530154638874
          ],
          [
            -106.83397152243002,
            34.14305380126912
          ],
          [
            -106.83402115973935,
            34.14254358170501
          ],
          [
            -106.8341603222516,
            34.14192607121463
          ],
          [
            -106.83427659389378,
            34.14133144621811
          ],
          [
            -106.83449920181108,
            34.14078031778161
          ],
          [
            -106.83467247425295,
            34.140126228026055
          ],
          [
            -106.83471669561945,
            34.1400241222356
          ],
          [
            -106.8348603434199,
            34.1396928437476
          ],
          [
            -106.8348839062298,
            34.13963838830127
          ]
        ]
      },
      "properties": {
        "fault_name": "West Joyita fault zone",
        "age": "undifferentiated Quaternary",
        "slip_rate": "Less than 0.2 mm/yr"
      }
    },
    {
      "type": "Feature",
      "geometry": {
        "type": "LineString",
        "coordinates": [
          [
            -106.81914016101942,
            34.11493733173689
          ],
          [
            -106.81930114271158,
            34.11471436032207
          ],
          [
            -106.81960302785103,
            34.1142962231879
          ],
          [
            -106.82006805423258,
            34.11375501472027
          ],
          [
            -106.82059411305286,
            34.113161191874916
          ],
          [
            -106.82120265787746,
            34.112548907989066
          ],
          [
            -106.8217497857844,
            34.11197200377527
          ],
          [
            -106.82209308056348,
            34.11155324692157
          ],
          [
            -106.82241454717949,
            34.111083105225056
          ],
          [
            -106.82269347227859,
            34.11056188500457
          ],
          [
            -106.82297017494565,
            34.109937281804974
          ],
          [
            -106.8233257919155,
            34.10917921196155
          ],
          [
            -106.82355339716072,
            34.10856762221066
          ],
          [
            -106.82363760972702,
            34.10816626503322
          ],
          [
            -106.82366939930832,
            34.107681451817186
          ],
          [
            -106.82360342344059,
            34.10696645073314
          ],
          [
            -106.82348894214076,
            34.1063504409257
          ],
          [
            -106.82318526126907,
            34.105568774290504
          ],
          [
            -106.82290291358876,
            34.10513495102654
          ],
          [
            -106.82275437715653,
            34.10490606498116
          ],
          [
            -106.82266893838985,
            34.10452319592037
          ],
          [
            -106.82263439906549,
            34.104278356966375
          ],
          [
            -106.82251977942515,
            34.103655328918194
          ]
        ]
      },
      "properties": {
        "fault_name": "West Joyita fault zone",
        "age": "undifferentiated Quaternary",
        "slip_rate": "Less than 0.2 mm/yr"
      }
    },
    {
      "type": "Feature",
      "geometry": {
        "type": "LineString",
        "coordinates": [
          [
            -106.82327268082093,
            34.09804156495487
          ],
          [
            -106.82302247935307,
            34.097560620671565
          ],
          [
            -106.8226252775721,
            34.09659028894626
          ],
          [
            -106.82245573763021,
            34.09591128794265
          ],
          [
            -106.82235041914629,
            34.09563383689788
          ]
        ]
      },
      "properties": {
        "fault_name": "West Joyita fault zone",
        "age": "undifferentiated Quaternary",
        "slip_rate": "Less than 0.2 mm/yr"
      }
    },
    {
      "type": "Feature",
      "geometry": {
        "type": "LineString",
        "coordinates": [
          [
            -106.82153635595436,
            34.084369400903114
          ],
          [
            -106.82167522741244,
            34.084015861899104
          ],
          [
            -106.82184989673459,
            34.08349307920543
          ],
          [
            -106.82203089917954,
            34.08300300809382
          ],
          [
            -106.82212039473802,
            34.08271112407877
          ],
          [
            -106.82214593833312,
            34.08258889783224
          ],
          [
            -106.8221749476286,
            34.082497082948976
          ]
        ]
      },
      "properties": {
        "fault_name": "West Joyita fault zone",
        "age": "undifferentiated Quaternary",
        "slip_rate": "Less than 0.2 mm/yr"
      }
    },
    {
      "type": "Feature",
      "geometry": {
        "type": "LineString",
        "coordinates": [
          [
            -106.82211249495342,
            34.0943679918816
          ],
          [
            -106.82208782272413,
            34.09424058402078
          ],
          [
            -106.82187363202104,
            34.09354382474817
          ],
          [
            -106.82161123412656,
            34.09266358602802
          ],
          [
            -106.82148427612576,
            34.09235778967265
          ]
        ]
      },
      "properties": {
        "fault_name": "West Joyita fault zone",
        "age": "undifferentiated Quaternary",
        "slip_rate": "Less than 0.2 mm/yr"
      }
    },
    {
      "type": "Feature",
      "geometry": {
        "type": "LineString",
        "coordinates": [
          [
            -106.82133080255275,
            34.108285897955994
          ],
          [
            -106.82148926357223,
            34.10789167387483
          ],
          [
            -106.8215607901301,
            34.10761769024723
          ],
          [
            -106.82174979297093,
            34.106971573269945
          ],
          [
            -106.82177290033499,
            34.10627518583641
          ],
          [
            -106.82170372915978,
            34.10592691372992
          ]
        ]
      },
      "properties": {
        "fault_name": "West Joyita fault zone",
        "age": "undifferentiated Quaternary",
        "slip_rate": "Less than 0.2 mm/yr"
      }
    },
    {
      "type": "Feature",
      "geometry": {
        "type": "LineString",
        "coordinates": [
          [
            -106.81933974781093,
            34.11370539322834
          ],
          [
            -106.81952557420892,
            34.113162010736566
          ],
          [
            -106.81978983520929,
            34.11240207322875
          ],
          [
            -106.82018450733445,
            34.11144419709928
          ],
          [
            -106.82053269883014,
            34.11041233873677
          ],
          [
            -106.82059652862266,
            34.11028876535907
          ],
          [
            -106.82083750169761,
            34.10979641798474
          ],
          [
            -106.82098549015751,
            34.109530062737335
          ],
          [
            -106.82100689072253,
            34.10933892635608
          ],
          [
            -106.82103415638804,
            34.10924704305147
          ]
        ]
      },
      "properties": {
        "fault_name": "West Joyita fault zone",
        "age": "undifferentiated Quaternary",
        "slip_rate": "Less than 0.2 mm/yr"
      }
    },
    {
      "type": "Feature",
      "geometry": {
        "type": "LineString",
        "coordinates": [
          [
            -106.81914016101942,
            34.11493733173689
          ],
          [
            -106.8191358401229,
            34.114673890994105
          ]
        ]
      },
      "properties": {
        "fault_name": "West Joyita fault zone",
        "age": "undifferentiated Quaternary",
        "slip_rate": "Less than 0.2 mm/yr"
      }
    },
    {
      "type": "Feature",
      "geometry": {
        "type": "LineString",
        "coordinates": [
          [
            -106.81871722879377,
            34.11742095981783
          ],
          [
            -106.81875602703087,
            34.11703114834722
          ],
          [
            -106.81896565698727,
            34.11647528389633
          ],
          [
            -106.81904503841399,
            34.11604418502352
          ],
          [
            -106.81906746575336,
            34.11571219823717
          ],
          [
            -106.8191051842155,
            34.115404552231745
          ],
          [
            -106.8191423762649,
            34.11507234576639
          ],
          [
            -106.81914016101942,
            34.11493733173689
          ]
        ]
      },
      "properties": {
        "fault_name": "West Joyita fault zone",
        "age": "undifferentiated Quaternary",
        "slip_rate": "Less than 0.2 mm/yr"
      }
    },
    {
      "type": "Feature",
      "geometry": {
        "type": "LineString",
        "coordinates": [
          [
            -106.81761670992572,
            34.125088825832684
          ],
          [
            -106.81780377599878,
            34.12454221321788
          ],
          [
            -106.81789805239121,
            34.12398926713485
          ],
          [
            -106.81806881583853,
            34.123291785340506
          ],
          [
            -106.81822702712637,
            34.12262758105942
          ],
          [
            -106.81824026110714,
            34.12251601706762
          ]
        ]
      },
      "properties": {
        "fault_name": "West Joyita fault zone",
        "age": "undifferentiated Quaternary",
        "slip_rate": "Less than 0.2 mm/yr"
      }
    },
    {
      "type": "Feature",
      "geometry": {
        "type": "LineString",
        "coordinates": [
          [
            -106.81727362625072,
            34.12979870999854
          ],
          [
            -106.81734481234707,
            34.12910332029744
          ],
          [
            -106.81738069285618,
            34.12878492733764
          ],
          [
            -106.81740952877678,
            34.12815328510065
          ],
          [
            -106.81745217809154,
            34.12792947404295
          ],
          [
            -106.8175015072787,
            34.12766949515133
          ],
          [
            -106.81758195500569,
            34.12664708916447
          ],
          [
            -106.81758735477885,
            34.12651619694378
          ],
          [
            -106.81761564272716,
            34.125830518847515
          ],
          [
            -106.81761579005085,
            34.125805718712385
          ],
          [
            -106.81761670992572,
            34.125088825832684
          ]
        ]
      },
      "properties": {
        "fault_name": "West Joyita fault zone",
        "age": "undifferentiated Quaternary",
        "slip_rate": "Less than 0.2 mm/yr"
      }
    },
    {
      "type": "Feature",
      "geometry": {
        "type": "LineString",
        "coordinates": [
          [
            -106.8062395333776,
            34.04405758381094
          ],
          [
            -106.80622695337037,
            34.04368584089094
          ],
          [
            -106.80613352229263,
            34.0430882618
          ],
          [
            -106.80601332501266,
            34.04261331095373
          ],
          [
            -106.80588220601547,
            34.04231576087486
          ],
          [
            -106.80564101285326,
            34.04173885671333
          ],
          [
            -106.80559585364561,
            34.04108413300844
          ],
          [
            -106.8055336462105,
            34.04085500981877
          ],
          [
            -106.80547343303532,
            34.040473947340736
          ],
          [
            -106.80540463466096,
            34.04017981467004
          ],
          [
            -106.8052967793347,
            34.039764729130646
          ],
          [
            -106.80516249557277,
            34.039332668677176
          ],
          [
            -106.80508171367252,
            34.03896492775902
          ],
          [
            -106.80490518573603,
            34.038507447208325
          ],
          [
            -106.80467479481513,
            34.03796828895848
          ],
          [
            -106.80443030842908,
            34.037255725260614
          ],
          [
            -106.80423330698896,
            34.03681590416423
          ],
          [
            -106.80399906678706,
            34.036094507914335
          ],
          [
            -106.80389276195295,
            34.03550578387931
          ],
          [
            -106.80374923991664,
            34.03488288414213
          ],
          [
            -106.80362730259996,
            34.034294389173695
          ],
          [
            -106.80350098330136,
            34.03374502093593
          ],
          [
            -106.8032151007504,
            34.03304608237101
          ],
          [
            -106.80304745984702,
            34.0325146808436
          ],
          [
            -106.80290642883898,
            34.0320089307027
          ],
          [
            -106.80279072403376,
            34.03146808663497
          ],
          [
            -106.80277047960051,
            34.03100396894807
          ],
          [
            -106.80261956173446,
            34.030277008230485
          ],
          [
            -106.80251400879027,
            34.02972299301369
          ],
          [
            -106.80226536410278,
            34.02905822804821
          ],
          [
            -106.80208001111694,
            34.02867465577397
          ],
          [
            -106.80176399188483,
            34.0280282380303
          ],
          [
            -106.80131859818381,
            34.027179719185085
          ],
          [
            -106.80102416906122,
            34.02656770625187
          ],
          [
            -106.80073715642963,
            34.026059749675944
          ],
          [
            -106.80045370831311,
            34.0254736161557
          ],
          [
            -106.80026663056191,
            34.02500759991866
          ],
          [
            -106.80018689430068,
            34.024687581739634
          ],
          [
            -106.80001843503206,
            34.024129395679424
          ],
          [
            -106.79969128567357,
            34.02334131400599
          ],
          [
            -106.79970730712667,
            34.02292901477562
          ],
          [
            -106.79967805169281,
            34.02220651914237
          ],
          [
            -106.7995775113479,
            34.0218468187909
          ],
          [
            -106.7992617696952,
            34.020832422307336
          ],
          [
            -106.79901856520509,
            34.020309433752736
          ]
        ]
      },
      "properties": {
        "fault_name": "West Joyita fault zone",
        "age": "undifferentiated Quaternary",
        "slip_rate": "Less than 0.2 mm/yr"
      }
    },
    {
      "type": "Feature",
      "geometry": {
        "type": "LineString",
        "coordinates": [
          [
            -106.77268467094173,
            33.97162103100353
          ],
          [
            -106.77078542581859,
            33.969799231312614
          ],
          [
            -106.76913717178245,
            33.96799367495477
          ]
        ]
      },
      "properties": {
        "fault_name": "West Joyita fault zone",
        "age": "undifferentiated Quaternary",
        "slip_rate": "Less than 0.2 mm/yr"
      }
    },
    {
      "type": "Feature",
      "geometry": {
        "type": "LineString",
        "coordinates": [
          [
            -106.77141566944887,
            33.98815016520395
          ],
          [
            -106.77180519332912,
            33.98616835706003
          ]
        ]
      },
      "properties": {
        "fault_name": "West Joyita fault zone",
        "age": "undifferentiated Quaternary",
        "slip_rate": "Less than 0.2 mm/yr"
      }
    },
    {
      "type": "Feature",
      "geometry": {
        "type": "LineString",
        "coordinates": [
          [
            -106.77111158074204,
            33.98232246574133
          ],
          [
            -106.77114999539856,
            33.98162452805534
          ]
        ]
      },
      "properties": {
        "fault_name": "West Joyita fault zone",
        "age": "undifferentiated Quaternary",
        "slip_rate": "Less than 0.2 mm/yr"
      }
    },
    {
      "type": "Feature",
      "geometry": {
        "type": "LineString",
        "coordinates": [
          [
            -106.76913717178245,
            33.96799367495477
          ],
          [
            -106.7687906224071,
            33.967413573204325
          ],
          [
            -106.76858803883579,
            33.96684980967991
          ],
          [
            -106.76840664023385,
            33.966156501270966
          ],
          [
            -106.76829969310432,
            33.9656013048084
          ],
          [
            -106.76818020279849,
            33.96501646465351
          ]
        ]
      },
      "properties": {
        "fault_name": "West Joyita fault zone",
        "age": "undifferentiated Quaternary",
        "slip_rate": "Less than 0.2 mm/yr"
      }
    },
    {
      "type": "Feature",
      "geometry": {
        "type": "LineString",
        "coordinates": [
          [
            -106.86614775836567,
            34.19784452904613
          ],
          [
            -106.86608078985957,
            34.197592717692636
          ],
          [
            -106.86599682612658,
            34.1973527861971
          ],
          [
            -106.86595030866623,
            34.19704240229665
          ],
          [
            -106.86585621822505,
            34.19678909881771
          ],
          [
            -106.86579177667983,
            34.19655788796686
          ],
          [
            -106.86573015943785,
            34.19643934815524
          ],
          [
            -106.86561745680231,
            34.196249447832166
          ],
          [
            -106.86556724007961,
            34.19598645974986
          ],
          [
            -106.86547859073411,
            34.19576463396841
          ],
          [
            -106.8654042641275,
            34.19551553808066
          ],
          [
            -106.86534461329768,
            34.195270727944184
          ],
          [
            -106.8652923798572,
            34.19513175619208
          ],
          [
            -106.86519969078786,
            34.194957330849306
          ],
          [
            -106.86509563264029,
            34.19471319598863
          ],
          [
            -106.8649604352917,
            34.194379362793214
          ],
          [
            -106.86488380540472,
            34.194256542297005
          ],
          [
            -106.86452591300227,
            34.19378858310211
          ],
          [
            -106.86413970660037,
            34.1933435960416
          ],
          [
            -106.86384188993084,
            34.19300096130773
          ],
          [
            -106.86325710374888,
            34.192299744849265
          ],
          [
            -106.863172986404,
            34.19220634304984
          ],
          [
            -106.86274886121562,
            34.19173262125594
          ],
          [
            -106.86260829194165,
            34.191570192910895
          ],
          [
            -106.86241519907134,
            34.1913476956789
          ],
          [
            -106.86227952831062,
            34.19109952968383
          ],
          [
            -106.86219843020339,
            34.19074232927473
          ],
          [
            -106.86210291503419,
            34.19060852102764
          ],
          [
            -106.86125290485782,
            34.18965658577488
          ],
          [
            -106.8610638373383,
            34.18943177179674
          ],
          [
            -106.86071290418434,
            34.18904710322556
          ],
          [
            -106.86062143412886,
            34.18895831901625
          ],
          [
            -106.85970179822979,
            34.18796113578334
          ]
        ]
      },
      "properties": {
        "fault_name": "West Joyita fault zone",
        "age": "undifferentiated Quaternary",
        "slip_rate": "Less than 0.2 mm/yr"
      }
    },
    {
      "type": "Feature",
      "geometry": {
        "type": "LineString",
        "coordinates": [
          [
            -106.86468660543692,
            34.21666941589728
          ],
          [
            -106.86477641360914,
            34.216127021115724
          ],
          [
            -106.86474042170896,
            34.21558654085996
          ],
          [
            -106.86465485807646,
            34.21501299971866
          ],
          [
            -106.86455627516055,
            34.21427960171841
          ],
          [
            -106.86455867006909,
            34.21395720278822
          ],
          [
            -106.86457521883325,
            34.21392313688636
          ],
          [
            -106.86459232185796,
            34.213648062655544
          ]
        ]
      },
      "properties": {
        "fault_name": "West Joyita fault zone",
        "age": "undifferentiated Quaternary",
        "slip_rate": "Less than 0.2 mm/yr"
      }
    },
    {
      "type": "Feature",
      "geometry": {
        "type": "LineString",
        "coordinates": [
          [
            -106.84319968537508,
            34.10583912510128
          ],
          [
            -106.84325358788539,
            34.10550392218923
          ],
          [
            -106.8433384948494,
            34.10498651609528
          ],
          [
            -106.8433118813608,
            34.10456528791123
          ],
          [
            -106.84341946000596,
            34.10428743382146
          ],
          [
            -106.84351193168298,
            34.10411884798317
          ],
          [
            -106.84361140482935,
            34.10387019426724
          ],
          [
            -106.84359525940874,
            34.10352877184541
          ],
          [
            -106.84356353360785,
            34.1032748173473
          ],
          [
            -106.84361169408687,
            34.10307781882541
          ],
          [
            -106.84369274817665,
            34.102785824016294
          ],
          [
            -106.8438007966407,
            34.10252977115572
          ],
          [
            -106.84382669686698,
            34.102320963202125
          ],
          [
            -106.84376889297337,
            34.102097193864104
          ],
          [
            -106.8437218688632,
            34.10169760832677
          ]
        ]
      },
      "properties": {
        "fault_name": "West Joyita fault zone",
        "age": "undifferentiated Quaternary",
        "slip_rate": "Less than 0.2 mm/yr"
      }
    },
    {
      "type": "Feature",
      "geometry": {
        "type": "LineString",
        "coordinates": [
          [
            -106.84325415202738,
            34.16699308893561
          ],
          [
            -106.84311944515895,
            34.166722341299895
          ],
          [
            -106.84298395495959,
            34.16641553504854
          ],
          [
            -106.84287545913452,
            34.16602491490787
          ],
          [
            -106.84275444887922,
            34.16572916317067
          ],
          [
            -106.84270288827686,
            34.16533768730669
          ],
          [
            -106.84264022988748,
            34.165157873227095
          ],
          [
            -106.84250440102325,
            34.16476807306146
          ],
          [
            -106.84244955797685,
            34.16420982663427
          ],
          [
            -106.84228115620043,
            34.163714151887135
          ],
          [
            -106.84230617428109,
            34.16366418064088
          ]
        ]
      },
      "properties": {
        "fault_name": "West Joyita fault zone",
        "age": "undifferentiated Quaternary",
        "slip_rate": "Less than 0.2 mm/yr"
      }
    },
    {
      "type": "Feature",
      "geometry": {
        "type": "LineString",
        "coordinates": [
          [
            -106.83863188869924,
            34.244575356989294
          ],
          [
            -106.8385483381913,
            34.24429832366155
          ],
          [
            -106.83843513160089,
            34.243867198687006
          ],
          [
            -106.83846384894389,
            34.24339336701814
          ],
          [
            -106.838499196752,
            34.243286885296506
          ],
          [
            -106.83859763863241,
            34.242992351330294
          ],
          [
            -106.83870623327216,
            34.24260298369595
          ],
          [
            -106.83870976185459,
            34.24217236095155
          ],
          [
            -106.83868549386719,
            34.24161816988737
          ],
          [
            -106.83868398290089,
            34.24157986965654
          ],
          [
            -106.83870677585459,
            34.24134807621374
          ]
        ]
      },
      "properties": {
        "fault_name": "West Joyita fault zone",
        "age": "undifferentiated Quaternary",
        "slip_rate": "Less than 0.2 mm/yr"
      }
    },
    {
      "type": "Feature",
      "geometry": {
        "type": "LineString",
        "coordinates": [
          [
            -106.83741969127507,
            34.26846754885629
          ],
          [
            -106.83721340305154,
            34.266675485744706
          ],
          [
            -106.8380882336792,
            34.26128630699146
          ]
        ]
      },
      "properties": {
        "fault_name": "West Joyita fault zone",
        "age": "undifferentiated Quaternary",
        "slip_rate": "Less than 0.2 mm/yr"
      }
    },
    {
      "type": "Feature",
      "geometry": {
        "type": "LineString",
        "coordinates": [
          [
            -106.83801245539509,
            34.28930090866541
          ],
          [
            -106.83679660542096,
            34.28767030536822
          ],
          [
            -106.8362370574069,
            34.28704541265218
          ]
        ]
      },
      "properties": {
        "fault_name": "West Joyita fault zone",
        "age": "undifferentiated Quaternary",
        "slip_rate": "Less than 0.2 mm/yr"
      }
    },
    {
      "type": "Feature",
      "geometry": {
        "type": "LineString",
        "coordinates": [
          [
            -106.83605228832602,
            34.16639377269812
          ],
          [
            -106.83607510373758,
            34.166291439256256
          ],
          [
            -106.8362047854303,
            34.16506315028817
          ],
          [
            -106.83623128842615,
            34.16490945997897
          ],
          [
            -106.836291517771,
            34.16465382121681
          ],
          [
            -106.83640255672664,
            34.16427117887363
          ],
          [
            -106.8364778921413,
            34.16402433137097
          ],
          [
            -106.83656672384483,
            34.16372768586964
          ],
          [
            -106.83677416460685,
            34.16316325571016
          ],
          [
            -106.83683140795169,
            34.16300459666496
          ],
          [
            -106.83689890466721,
            34.16280295190208
          ],
          [
            -106.83695977181591,
            34.16260816888176
          ],
          [
            -106.83705676830704,
            34.16196874574316
          ],
          [
            -106.83711826158147,
            34.161442710369215
          ]
        ]
      },
      "properties": {
        "fault_name": "West Joyita fault zone",
        "age": "undifferentiated Quaternary",
        "slip_rate": "Less than 0.2 mm/yr"
      }
    },
    {
      "type": "Feature",
      "geometry": {
        "type": "LineString",
        "coordinates": [
          [
            -106.83642681932415,
            34.284639949779624
          ],
          [
            -106.83603375338673,
            34.28262051079665
          ],
          [
            -106.83545898072525,
            34.28077439763555
          ],
          [
            -106.83514540311408,
            34.279593941332834
          ],
          [
            -106.83497831736955,
            34.27909921895682
          ],
          [
            -106.83503487170657,
            34.2781063821115
          ],
          [
            -106.8349623462221,
            34.27782075878546
          ],
          [
            -106.83448885771058,
            34.27671802018148
          ],
          [
            -106.8345269624483,
            34.2760879322724
          ],
          [
            -106.83538181634066,
            34.272759973023284
          ],
          [
            -106.8361268673592,
            34.271684824171444
          ],
          [
            -106.83685464557148,
            34.271067827041065
          ]
        ]
      },
      "properties": {
        "fault_name": "West Joyita fault zone",
        "age": "undifferentiated Quaternary",
        "slip_rate": "Less than 0.2 mm/yr"
      }
    },
    {
      "type": "Feature",
      "geometry": {
        "type": "LineString",
        "coordinates": [
          [
            -106.8346675326206,
            34.196071644089024
          ],
          [
            -106.83433979486557,
            34.19556934895937
          ],
          [
            -106.83373018733401,
            34.194854832916356
          ],
          [
            -106.83346983670005,
            34.19459271725598
          ],
          [
            -106.83293691924258,
            34.194068774016344
          ]
        ]
      },
      "properties": {
        "fault_name": "West Joyita fault zone",
        "age": "undifferentiated Quaternary",
        "slip_rate": "Less than 0.2 mm/yr"
      }
    },
    {
      "type": "Feature",
      "geometry": {
        "type": "LineString",
        "coordinates": [
          [
            -106.82411768019465,
            34.0997326433493
          ],
          [
            -106.82366908938954,
            34.09880353799584
          ],
          [
            -106.82327268082093,
            34.09804156495487
          ]
        ]
      },
      "properties": {
        "fault_name": "West Joyita fault zone",
        "age": "undifferentiated Quaternary",
        "slip_rate": "Less than 0.2 mm/yr"
      }
    },
    {
      "type": "Feature",
      "geometry": {
        "type": "LineString",
        "coordinates": [
          [
            -106.82235041914629,
            34.09563383689788
          ],
          [
            -106.82226801399035,
            34.095416750924905
          ],
          [
            -106.82221230227306,
            34.09488341567729
          ],
          [
            -106.82216059075373,
            34.09461637074848
          ],
          [
            -106.82211249495342,
            34.0943679918816
          ]
        ]
      },
      "properties": {
        "fault_name": "West Joyita fault zone",
        "age": "undifferentiated Quaternary",
        "slip_rate": "Less than 0.2 mm/yr"
      }
    },
    {
      "type": "Feature",
      "geometry": {
        "type": "LineString",
        "coordinates": [
          [
            -106.8221749476286,
            34.082497082948976
          ],
          [
            -106.82221104642828,
            34.08231084808841
          ],
          [
            -106.82227822783513,
            34.08192849509115
          ],
          [
            -106.82228130456497,
            34.08167772715059
          ],
          [
            -106.82221752417979,
            34.081329535364866
          ],
          [
            -106.82211764679158,
            34.08100531021011
          ],
          [
            -106.82205763034743,
            34.08083280384507
          ],
          [
            -106.82193306995012,
            34.08053940717651
          ],
          [
            -106.82175397642519,
            34.08006639233108
          ],
          [
            -106.8215830719424,
            34.07971275872618
          ],
          [
            -106.82143341980259,
            34.079474874711956
          ],
          [
            -106.82108685785083,
            34.07893172702156
          ],
          [
            -106.820791627431,
            34.07834523794904
          ],
          [
            -106.8205930997532,
            34.07782997462969
          ],
          [
            -106.82032058413367,
            34.07729908964016
          ],
          [
            -106.82008130078977,
            34.076756567890875
          ]
        ]
      },
      "properties": {
        "fault_name": "West Joyita fault zone",
        "age": "undifferentiated Quaternary",
        "slip_rate": "Less than 0.2 mm/yr"
      }
    },
    {
      "type": "Feature",
      "geometry": {
        "type": "LineString",
        "coordinates": [
          [
            -106.82148427612576,
            34.09235778967265
          ],
          [
            -106.82128441714471,
            34.091876400210715
          ],
          [
            -106.82088171138601,
            34.09101740367623
          ],
          [
            -106.82081047678061,
            34.09084740693075
          ],
          [
            -106.82073044497362,
            34.090661136872754
          ],
          [
            -106.82059509670808,
            34.09040715789624
          ],
          [
            -106.82056319034582,
            34.09034728380905
          ],
          [
            -106.820408910984,
            34.08998168731854
          ],
          [
            -106.82030963097542,
            34.089685571223214
          ],
          [
            -106.82024203275029,
            34.089290572330626
          ],
          [
            -106.82023299929179,
            34.08900014805686
          ],
          [
            -106.82030838680875,
            34.08857491070683
          ],
          [
            -106.82042405029146,
            34.08805769199961
          ],
          [
            -106.82050129193117,
            34.08771912585734
          ],
          [
            -106.82051799879882,
            34.0874470670356
          ],
          [
            -106.82062676771176,
            34.087002588684584
          ],
          [
            -106.82068143468835,
            34.08666201405047
          ],
          [
            -106.82077662017588,
            34.086372388720946
          ],
          [
            -106.82086836062426,
            34.086123019977684
          ],
          [
            -106.82096557720263,
            34.085858769342565
          ],
          [
            -106.82106729523886,
            34.08561122482752
          ],
          [
            -106.8212245713805,
            34.08519648897843
          ],
          [
            -106.82141070859558,
            34.084682910082535
          ],
          [
            -106.82153635595436,
            34.084369400903114
          ]
        ]
      },
      "properties": {
        "fault_name": "West Joyita fault zone",
        "age": "undifferentiated Quaternary",
        "slip_rate": "Less than 0.2 mm/yr"
      }
    },
    {
      "type": "Feature",
      "geometry": {
        "type": "LineString",
        "coordinates": [
          [
            -106.82103415638804,
            34.10924704305147
          ],
          [
            -106.82110106111375,
            34.10902157613052
          ],
          [
            -106.82126372984204,
            34.1085352348767
          ],
          [
            -106.82133080255275,
            34.108285897955994
          ]
        ]
      },
      "properties": {
        "fault_name": "West Joyita fault zone",
        "age": "undifferentiated Quaternary",
        "slip_rate": "Less than 0.2 mm/yr"
      }
    },
    {
      "type": "Feature",
      "geometry": {
        "type": "LineString",
        "coordinates": [
          [
            -106.8191358401229,
            34.114673890994105
          ],
          [
            -106.81911505580217,
            34.1144583420756
          ],
          [
            -106.81927212802624,
            34.11390311966605
          ],
          [
            -106.81933974781093,
            34.11370539322834
          ]
        ]
      },
      "properties": {
        "fault_name": "West Joyita fault zone",
        "age": "undifferentiated Quaternary",
        "slip_rate": "Less than 0.2 mm/yr"
      }
    },
    {
      "type": "Feature",
      "geometry": {
        "type": "LineString",
        "coordinates": [
          [
            -106.81824026110714,
            34.12251601706762
          ],
          [
            -106.81830567912108,
            34.12196455473347
          ],
          [
            -106.81836729097314,
            34.1211252861558
          ],
          [
            -106.81835336169635,
            34.12047466377569
          ],
          [
            -106.81837897536005,
            34.11981242300445
          ],
          [
            -106.81848366861652,
            34.11912695009009
          ],
          [
            -106.81857954490846,
            34.11824416482588
          ],
          [
            -106.81871722879377,
            34.11742095981783
          ]
        ]
      },
      "properties": {
        "fault_name": "West Joyita fault zone",
        "age": "undifferentiated Quaternary",
        "slip_rate": "Less than 0.2 mm/yr"
      }
    },
    {
      "type": "Feature",
      "geometry": {
        "type": "LineString",
        "coordinates": [
          [
            -106.80645895227563,
            34.04592984690279
          ],
          [
            -106.80647779893029,
            34.044985931352365
          ],
          [
            -106.80635704289823,
            34.04417887268273
          ],
          [
            -106.8062395333776,
            34.04405758381094
          ]
        ]
      },
      "properties": {
        "fault_name": "West Joyita fault zone",
        "age": "undifferentiated Quaternary",
        "slip_rate": "Less than 0.2 mm/yr"
      }
    },
    {
      "type": "Feature",
      "geometry": {
        "type": "LineString",
        "coordinates": [
          [
            -106.78600739537599,
            33.96171106995126
          ],
          [
            -106.78591302825372,
            33.9605457363095
          ]
        ]
      },
      "properties": {
        "fault_name": "West Joyita fault zone",
        "age": "undifferentiated Quaternary",
        "slip_rate": "Less than 0.2 mm/yr"
      }
    },
    {
      "type": "Feature",
      "geometry": {
        "type": "LineString",
        "coordinates": [
          [
            -106.77180519332912,
            33.98616835706003
          ],
          [
            -106.77180024181527,
            33.98592982924056
          ],
          [
            -106.77163874538843,
            33.98562396515056
          ],
          [
            -106.77138692785137,
            33.984991326696765
          ],
          [
            -106.77131018567496,
            33.984785040278695
          ]
        ]
      },
      "properties": {
        "fault_name": "West Joyita fault zone",
        "age": "undifferentiated Quaternary",
        "slip_rate": "Less than 0.2 mm/yr"
      }
    },
    {
      "type": "Feature",
      "geometry": {
        "type": "LineString",
        "coordinates": [
          [
            -106.77111346810246,
            33.9988439252706
          ],
          [
            -106.77098833278338,
            33.99799074895382
          ]
        ]
      },
      "properties": {
        "fault_name": "West Joyita fault zone",
        "age": "undifferentiated Quaternary",
        "slip_rate": "Less than 0.2 mm/yr"
      }
    },
    {
      "type": "Feature",
      "geometry": {
        "type": "LineString",
        "coordinates": [
          [
            -106.77108467799594,
            33.983756271816304
          ],
          [
            -106.77110726433712,
            33.98283163668193
          ]
        ]
      },
      "properties": {
        "fault_name": "West Joyita fault zone",
        "age": "undifferentiated Quaternary",
        "slip_rate": "Less than 0.2 mm/yr"
      }
    },
    {
      "type": "Feature",
      "geometry": {
        "type": "LineString",
        "coordinates": [
          [
            -106.77110979578957,
            33.98927198964096
          ],
          [
            -106.77109895761568,
            33.989535625202414
          ],
          [
            -106.7710062011727,
            33.98975755411817
          ],
          [
            -106.77098574833032,
            33.9900130762881
          ]
        ]
      },
      "properties": {
        "fault_name": "West Joyita fault zone",
        "age": "undifferentiated Quaternary",
        "slip_rate": "Less than 0.2 mm/yr"
      }
    },
    {
      "type": "Feature",
      "geometry": {
        "type": "LineString",
        "coordinates": [
          [
            -106.7705802389296,
            33.995580815048555
          ],
          [
            -106.77037367133,
            33.99477046897597
          ]
        ]
      },
      "properties": {
        "fault_name": "West Joyita fault zone",
        "age": "undifferentiated Quaternary",
        "slip_rate": "Less than 0.2 mm/yr"
      }
    },
    {
      "type": "Feature",
      "geometry": {
        "type": "LineString",
        "coordinates": [
          [
            -106.90477254517847,
            34.40543146694037
          ],
          [
            -106.9039437334462,
            34.40424329783049
          ],
          [
            -106.90353463527592,
            34.40365680663395
          ],
          [
            -106.90296361218242,
            34.40305205890557
          ],
          [
            -106.90257163140987,
            34.40227215518099
          ],
          [
            -106.90125251111068,
            34.39985192170382
          ],
          [
            -106.90112118999257,
            34.39963601782756
          ],
          [
            -106.90049226508911,
            34.39860199535444
          ],
          [
            -106.90021071780771,
            34.398142717341756
          ],
          [
            -106.89908258921939,
            34.396302378648606
          ],
          [
            -106.89856641905378,
            34.39546030918025
          ],
          [
            -106.8978699022134,
            34.394450692287755
          ],
          [
            -106.89670801224175,
            34.39235201685191
          ],
          [
            -106.89613066231371,
            34.39109232836235
          ],
          [
            -106.89531525524211,
            34.388864161178944
          ],
          [
            -106.8951683770999,
            34.38823025214478
          ],
          [
            -106.89501122133252,
            34.387551965733955
          ],
          [
            -106.89465562771889,
            34.38468923989365
          ],
          [
            -106.89461741518332,
            34.38373145623578
          ],
          [
            -106.89439907516193,
            34.38031501727298
          ],
          [
            -106.89399149424617,
            34.37735656419708
          ],
          [
            -106.89398875977443,
            34.376135255261964
          ]
        ]
      },
      "properties": {
        "fault_name": "Cliff fault",
        "age": "late Quaternary",
        "slip_rate": "Less than 0.2 mm/yr"
      }
    },
    {
      "type": "Feature",
      "geometry": {
        "type": "LineString",
        "coordinates": [
          [
            -106.89301232878985,
            34.33762664076137
          ],
          [
            -106.89288063487088,
            34.33701740319683
          ],
          [
            -106.89273500718355,
            34.33589232416431
          ],
          [
            -106.89272364978339,
            34.335472010841166
          ]
        ]
      },
      "properties": {
        "fault_name": "Cliff fault",
        "age": "late Quaternary",
        "slip_rate": "Less than 0.2 mm/yr"
      }
    },
    {
      "type": "Feature",
      "geometry": {
        "type": "LineString",
        "coordinates": [
          [
            -106.89230710907101,
            34.333702032230455
          ],
          [
            -106.89175451581386,
            34.33183652763318
          ],
          [
            -106.89043899865729,
            34.327005389673275
          ],
          [
            -106.8888785270924,
            34.31960832725409
          ],
          [
            -106.88839879708627,
            34.31689269219597
          ],
          [
            -106.88795226971138,
            34.3136203901676
          ],
          [
            -106.88794075869933,
            34.312143919160874
          ],
          [
            -106.88818371525444,
            34.3087073649326
          ],
          [
            -106.88870402934846,
            34.3042884080612
          ],
          [
            -106.88895967460697,
            34.300248837223315
          ],
          [
            -106.88939157022251,
            34.294048861332726
          ],
          [
            -106.88994905390807,
            34.286523801356935
          ],
          [
            -106.8905745499421,
            34.27980259587248
          ],
          [
            -106.89092914462913,
            34.275799969006506
          ],
          [
            -106.89095961189031,
            34.269924607192394
          ],
          [
            -106.89091178917784,
            34.26622634910816
          ],
          [
            -106.89075900910423,
            34.26418523105431
          ],
          [
            -106.89046581157189,
            34.26273781687246
          ]
        ]
      },
      "properties": {
        "fault_name": "Cliff fault",
        "age": "late Quaternary",
        "slip_rate": "Less than 0.2 mm/yr"
      }
    },
    {
      "type": "Feature",
      "geometry": {
        "type": "LineString",
        "coordinates": [
          [
            -106.88908433112401,
            34.250027191629286
          ],
          [
            -106.8886084045848,
            34.248286282966255
          ],
          [
            -106.88828764494292,
            34.246358503344084
          ],
          [
            -106.88775805035368,
            34.24441114580136
          ],
          [
            -106.8873213631244,
            34.242444647120315
          ],
          [
            -106.88702175162094,
            34.241480551860086
          ],
          [
            -106.88660601490072,
            34.240554833901776
          ],
          [
            -106.88600512641727,
            34.2393975646421
          ],
          [
            -106.88582051903313,
            34.238915465296564
          ],
          [
            -106.88582235429125,
            34.23808671805726
          ],
          [
            -106.88566189991016,
            34.23718064006935
          ],
          [
            -106.88547815670532,
            34.2363130748015
          ],
          [
            -106.88534186161547,
            34.23498302077363
          ],
          [
            -106.8855524878035,
            34.23419312514884
          ],
          [
            -106.88611254606064,
            34.23280626866444
          ],
          [
            -106.8863230330098,
            34.232074192345195
          ],
          [
            -106.88653326124417,
            34.23145775434996
          ],
          [
            -106.88692930869,
            34.230764492114
          ],
          [
            -106.88774374917436,
            34.22976346520349
          ],
          [
            -106.88823218385558,
            34.229263065750125
          ],
          [
            -106.88913937718966,
            34.228281436694374
          ],
          [
            -106.88976749181273,
            34.22756922711069
          ],
          [
            -106.88986069202346,
            34.227395902041415
          ],
          [
            -106.88993114778951,
            34.22701053769511
          ],
          [
            -106.88995644614454,
            34.22604691188795
          ],
          [
            -106.89009200910743,
            34.225199752799334
          ],
          [
            -106.89021345594395,
            34.22427360923803
          ],
          [
            -106.89043020055739,
            34.223481072877554
          ],
          [
            -106.89053213778257,
            34.22274780132731
          ],
          [
            -106.89059287737051,
            34.22107121376901
          ],
          [
            -106.89062600274661,
            34.22037735127623
          ]
        ]
      },
      "properties": {
        "fault_name": "Cliff fault",
        "age": "late Quaternary",
        "slip_rate": "Less than 0.2 mm/yr"
      }
    },
    {
      "type": "Feature",
      "geometry": {
        "type": "LineString",
        "coordinates": [
          [
            -106.89046581157189,
            34.26273781687246
          ],
          [
            -106.89016701124714,
            34.261310523107795
          ],
          [
            -106.8899853674051,
            34.259420619765486
          ],
          [
            -106.88987459614744,
            34.256990910861624
          ],
          [
            -106.88991091503436,
            34.25544030416902
          ]
        ]
      },
      "properties": {
        "fault_name": "Cliff fault",
        "age": "late Quaternary",
        "slip_rate": "Less than 0.2 mm/yr"
      }
    },
    {
      "type": "Feature",
      "geometry": {
        "type": "LineString",
        "coordinates": [
          [
            -106.89005527430052,
            34.2531652047416
          ],
          [
            -106.8899609988064,
            34.25265079205091
          ],
          [
            -106.88973042822244,
            34.2518984659954
          ],
          [
            -106.88929175302141,
            34.25074092426263
          ],
          [
            -106.88908433112401,
            34.250027191629286
          ]
        ]
      },
      "properties": {
        "fault_name": "Cliff fault",
        "age": "late Quaternary",
        "slip_rate": "Less than 0.2 mm/yr"
      }
    },
    {
      "type": "Feature",
      "geometry": {
        "type": "LineString",
        "coordinates": [
          [
            -106.89425421194089,
            34.37510240236287
          ],
          [
            -106.89424552163885,
            34.37436889920151
          ],
          [
            -106.8941109602975,
            34.37353259702905
          ],
          [
            -106.89383183667073,
            34.37241280894795
          ],
          [
            -106.89381573886082,
            34.37172701908007
          ],
          [
            -106.89399658140563,
            34.37061874268712
          ],
          [
            -106.89418949640951,
            34.37002480798336
          ],
          [
            -106.89431571779177,
            34.36952725435432
          ],
          [
            -106.89439598944894,
            34.369030453344706
          ],
          [
            -106.89426769834826,
            34.368460846094976
          ],
          [
            -106.89393621372021,
            34.368047029145906
          ],
          [
            -106.89367455064763,
            34.36767017978434
          ],
          [
            -106.89361563823297,
            34.367118491352414
          ],
          [
            -106.89357567577925,
            34.366394976857514
          ],
          [
            -106.89376545476449,
            34.36566769514538
          ],
          [
            -106.89382185908288,
            34.365133172341146
          ],
          [
            -106.8937444440683,
            34.36477235719481
          ],
          [
            -106.89359229730695,
            34.36416502610099
          ],
          [
            -106.89355010343805,
            34.363346263959635
          ],
          [
            -106.89359980273116,
            34.36252599293313
          ],
          [
            -106.89349870273583,
            34.36115554121531
          ],
          [
            -106.89341548370622,
            34.36054707898056
          ],
          [
            -106.89338375521037,
            34.35919454468404
          ],
          [
            -106.89331189268259,
            34.358090411849034
          ],
          [
            -106.89351390672199,
            34.35690555836024
          ],
          [
            -106.893636722591,
            34.35528369011196
          ],
          [
            -106.89408284123246,
            34.35344233600193
          ],
          [
            -106.89431641129117,
            34.35185150802401
          ],
          [
            -106.89469543925564,
            34.35052559584778
          ],
          [
            -106.89484769561146,
            34.34933767619858
          ],
          [
            -106.89476543867751,
            34.34800117100821
          ],
          [
            -106.89493969567297,
            34.346774614695846
          ],
          [
            -106.89505724292283,
            34.34600785686213
          ],
          [
            -106.89504823282054,
            34.344822915656756
          ],
          [
            -106.89496641067119,
            34.344383614957195
          ]
        ]
      },
      "properties": {
        "fault_name": "Cliff fault",
        "age": "late Quaternary",
        "slip_rate": "Less than 0.2 mm/yr"
      }
    },
    {
      "type": "Feature",
      "geometry": {
        "type": "LineString",
        "coordinates": [
          [
            -106.89496641067119,
            34.344383614957195
          ],
          [
            -106.89477859001327,
            34.34337518393711
          ],
          [
            -106.89446598527756,
            34.3420429316961
          ],
          [
            -106.89408635095027,
            34.34078837595711
          ],
          [
            -106.89348546875505,
            34.33902180736112
          ],
          [
            -106.89301232878985,
            34.33762664076137
          ]
        ]
      },
      "properties": {
        "fault_name": "Cliff fault",
        "age": "late Quaternary",
        "slip_rate": "Less than 0.2 mm/yr"
      }
    },
    {
      "type": "Feature",
      "geometry": {
        "type": "LineString",
        "coordinates": [
          [
            -106.89496641067119,
            34.344383614957195
          ],
          [
            -106.89470644810945,
            34.344707470640145
          ],
          [
            -106.89460676835057,
            34.34528275163079
          ],
          [
            -106.8946248550305,
            34.34595142981018
          ]
        ]
      },
      "properties": {
        "fault_name": "Cliff fault",
        "age": "late Quaternary",
        "slip_rate": "Less than 0.2 mm/yr"
      }
    },
    {
      "type": "Feature",
      "geometry": {
        "type": "LineString",
        "coordinates": [
          [
            -106.89398875977443,
            34.376135255261964
          ],
          [
            -106.89393023992359,
            34.37574412830044
          ],
          [
            -106.89402207828833,
            34.3753910712091
          ],
          [
            -106.89425421194089,
            34.37510240236287
          ]
        ]
      },
      "properties": {
        "fault_name": "Cliff fault",
        "age": "late Quaternary",
        "slip_rate": "Less than 0.2 mm/yr"
      }
    },
    {
      "type": "Feature",
      "geometry": {
        "type": "LineString",
        "coordinates": [
          [
            -106.89272364978339,
            34.335472010841166
          ],
          [
            -106.89265280594516,
            34.33455581385841
          ],
          [
            -106.89242950273182,
            34.333967379186305
          ],
          [
            -106.89230710907101,
            34.333702032230455
          ]
        ]
      },
      "properties": {
        "fault_name": "Cliff fault",
        "age": "late Quaternary",
        "slip_rate": "Less than 0.2 mm/yr"
      }
    },
    {
      "type": "Feature",
      "geometry": {
        "type": "LineString",
        "coordinates": [
          [
            -106.88991091503436,
            34.25544030416902
          ],
          [
            -106.89005527430052,
            34.2531652047416
          ]
        ]
      },
      "properties": {
        "fault_name": "Cliff fault",
        "age": "late Quaternary",
        "slip_rate": "Less than 0.2 mm/yr"
      }
    },
    {
      "type": "Feature",
      "geometry": {
        "type": "LineString",
        "coordinates": [
          [
            -106.96310559857034,
            34.39145346897223
          ],
          [
            -106.96311116722678,
            34.39262532701102
          ]
        ]
      },
      "properties": {
        "fault_name": "Loma Blanca fault",
        "age": "late Quaternary",
        "slip_rate": "Less than 0.2 mm/yr"
      }
    },
    {
      "type": "Feature",
      "geometry": {
        "type": "LineString",
        "coordinates": [
          [
            -106.95974218487403,
            34.39268256101831
          ],
          [
            -106.96000700821979,
            34.393472307006306
          ]
        ]
      },
      "properties": {
        "fault_name": "Loma Blanca fault",
        "age": "late Quaternary",
        "slip_rate": "Less than 0.2 mm/yr"
      }
    },
    {
      "type": "Feature",
      "geometry": {
        "type": "LineString",
        "coordinates": [
          [
            -106.95927908358213,
            34.39030953627357
          ],
          [
            -106.95944156905409,
            34.39163174923057
          ]
        ]
      },
      "properties": {
        "fault_name": "Loma Blanca fault",
        "age": "late Quaternary",
        "slip_rate": "Less than 0.2 mm/yr"
      }
    },
    {
      "type": "Feature",
      "geometry": {
        "type": "LineString",
        "coordinates": [
          [
            -106.95808638678615,
            34.370347369345225
          ],
          [
            -106.9588730271074,
            34.371823050271125
          ],
          [
            -106.95928869375905,
            34.37300343764343
          ],
          [
            -106.9593293631869,
            34.37339874285624
          ]
        ]
      },
      "properties": {
        "fault_name": "Loma Blanca fault",
        "age": "late Quaternary",
        "slip_rate": "Less than 0.2 mm/yr"
      }
    },
    {
      "type": "Feature",
      "geometry": {
        "type": "LineString",
        "coordinates": [
          [
            -106.95919919730225,
            34.37622499932565
          ],
          [
            -106.95893659010028,
            34.378345495978294
          ]
        ]
      },
      "properties": {
        "fault_name": "Loma Blanca fault",
        "age": "late Quaternary",
        "slip_rate": "Less than 0.2 mm/yr"
      }
    },
    {
      "type": "Feature",
      "geometry": {
        "type": "LineString",
        "coordinates": [
          [
            -106.95895829070261,
            34.381873353222645
          ],
          [
            -106.95906692486824,
            34.38290209701299
          ],
          [
            -106.95904956582369,
            34.383350802352936
          ]
        ]
      },
      "properties": {
        "fault_name": "Loma Blanca fault",
        "age": "late Quaternary",
        "slip_rate": "Less than 0.2 mm/yr"
      }
    },
    {
      "type": "Feature",
      "geometry": {
        "type": "LineString",
        "coordinates": [
          [
            -106.9590049213507,
            34.385342870971954
          ],
          [
            -106.95877676723484,
            34.38655049482996
          ]
        ]
      },
      "properties": {
        "fault_name": "Loma Blanca fault",
        "age": "late Quaternary",
        "slip_rate": "Less than 0.2 mm/yr"
      }
    },
    {
      "type": "Feature",
      "geometry": {
        "type": "LineString",
        "coordinates": [
          [
            -106.9566613452335,
            34.38219685275284
          ],
          [
            -106.95623986378703,
            34.38405567511343
          ]
        ]
      },
      "properties": {
        "fault_name": "Loma Blanca fault",
        "age": "late Quaternary",
        "slip_rate": "Less than 0.2 mm/yr"
      }
    },
    {
      "type": "Feature",
      "geometry": {
        "type": "LineString",
        "coordinates": [
          [
            -106.95616784585071,
            34.3845249111272
          ],
          [
            -106.95605744110564,
            34.384995765832564
          ]
        ]
      },
      "properties": {
        "fault_name": "Loma Blanca fault",
        "age": "late Quaternary",
        "slip_rate": "Less than 0.2 mm/yr"
      }
    },
    {
      "type": "Feature",
      "geometry": {
        "type": "LineString",
        "coordinates": [
          [
            -106.94265224863337,
            34.30661847015254
          ],
          [
            -106.94253900072044,
            34.30980572437095
          ],
          [
            -106.9423190338501,
            34.31404179384346
          ],
          [
            -106.94191947668645,
            34.31741161901895
          ],
          [
            -106.94162343329131,
            34.31936262930371
          ],
          [
            -106.94128524363796,
            34.320482944332596
          ],
          [
            -106.94053646910257,
            34.32157215706442
          ],
          [
            -106.93904106341203,
            34.32384500896625
          ],
          [
            -106.93791451136704,
            34.3253371480093
          ],
          [
            -106.93723350034678,
            34.32640634384301
          ],
          [
            -106.9369507726791,
            34.32697779106585
          ],
          [
            -106.93687158618681,
            34.32748924293011
          ],
          [
            -106.93699682481214,
            34.32797847699826
          ],
          [
            -106.93841727327873,
            34.33126347778831
          ],
          [
            -106.93960283834969,
            34.33366456767223
          ],
          [
            -106.94058096715017,
            34.33570512997445
          ],
          [
            -106.94216652506768,
            34.339226437143004
          ],
          [
            -106.94368806544477,
            34.34265974576523
          ],
          [
            -106.94600701963833,
            34.347134801248
          ],
          [
            -106.94863769282874,
            34.35133475808105
          ],
          [
            -106.95035964375246,
            34.354991367778794
          ],
          [
            -106.95152604326682,
            34.35826728813024
          ],
          [
            -106.95259378261017,
            34.36194591973345
          ],
          [
            -106.95313756788595,
            34.36494206813051
          ],
          [
            -106.95312150511035,
            34.36651340920537
          ],
          [
            -106.95312012619637,
            34.366529476211305
          ],
          [
            -106.95311637662839,
            34.366545159854404
          ],
          [
            -106.95261518137855,
            34.36812132691065
          ],
          [
            -106.95172563724486,
            34.370756210041826
          ],
          [
            -106.95089862304147,
            34.373163856370425
          ],
          [
            -106.95056066874675,
            34.37420619395562
          ],
          [
            -106.95043899643309,
            34.37510444723381
          ]
        ]
      },
      "properties": {
        "fault_name": "Loma Blanca fault",
        "age": "late Quaternary",
        "slip_rate": "Less than 0.2 mm/yr"
      }
    },
    {
      "type": "Feature",
      "geometry": {
        "type": "LineString",
        "coordinates": [
          [
            -106.95043899643309,
            34.37510444723381
          ],
          [
            -106.95019997000736,
            34.377092517104124
          ],
          [
            -106.94979320206691,
            34.378660402954445
          ],
          [
            -106.94912602779696,
            34.38029088365974
          ],
          [
            -106.94803076407335,
            34.38213692410932
          ],
          [
            -106.94757556705761,
            34.382920697820715
          ],
          [
            -106.94716967227966,
            34.383403931124136
          ],
          [
            -106.94628180440228,
            34.38446094305294
          ],
          [
            -106.94557841724661,
            34.38538889716949
          ],
          [
            -106.94494286816625,
            34.386227335342184
          ],
          [
            -106.94474868204622,
            34.386790051951415
          ],
          [
            -106.94459579058149,
            34.38723309793659
          ]
        ]
      },
      "properties": {
        "fault_name": "Loma Blanca fault",
        "age": "late Quaternary",
        "slip_rate": "Less than 0.2 mm/yr"
      }
    },
    {
      "type": "Feature",
      "geometry": {
        "type": "LineString",
        "coordinates": [
          [
            -106.94340788719586,
            34.295805693667056
          ],
          [
            -106.94341368132943,
            34.29632555231855
          ],
          [
            -106.94336745043167,
            34.297121326255635
          ],
          [
            -106.94290559959462,
            34.298549643232384
          ]
        ]
      },
      "properties": {
        "fault_name": "Loma Blanca fault",
        "age": "late Quaternary",
        "slip_rate": "Less than 0.2 mm/yr"
      }
    },
    {
      "type": "Feature",
      "geometry": {
        "type": "LineString",
        "coordinates": [
          [
            -106.94290559959462,
            34.298549643232384
          ],
          [
            -106.94298556402796,
            34.298964474760936
          ],
          [
            -106.9430646939264,
            34.29932409998139
          ]
        ]
      },
      "properties": {
        "fault_name": "Loma Blanca fault",
        "age": "late Quaternary",
        "slip_rate": "Less than 0.2 mm/yr"
      }
    },
    {
      "type": "Feature",
      "geometry": {
        "type": "LineString",
        "coordinates": [
          [
            -106.9427200768272,
            34.29497362770557
          ],
          [
            -106.94278189978338,
            34.29656480923297
          ],
          [
            -106.9428638387137,
            34.29786911712388
          ],
          [
            -106.94290559959462,
            34.298549643232384
          ]
        ]
      },
      "properties": {
        "fault_name": "Loma Blanca fault",
        "age": "late Quaternary",
        "slip_rate": "Less than 0.2 mm/yr"
      }
    },
    {
      "type": "Feature",
      "geometry": {
        "type": "LineString",
        "coordinates": [
          [
            -106.94289038842193,
            34.29370039108552
          ],
          [
            -106.94285284692789,
            34.29317118875947
          ]
        ]
      },
      "properties": {
        "fault_name": "Loma Blanca fault",
        "age": "late Quaternary",
        "slip_rate": "Less than 0.2 mm/yr"
      }
    },
    {
      "type": "Feature",
      "geometry": {
        "type": "LineString",
        "coordinates": [
          [
            -106.94107675903356,
            34.28580390167427
          ],
          [
            -106.94112364480318,
            34.286300691000434
          ],
          [
            -106.94128615991957,
            34.287224936269745
          ],
          [
            -106.94163399029252,
            34.289072988106014
          ]
        ]
      },
      "properties": {
        "fault_name": "Loma Blanca fault",
        "age": "late Quaternary",
        "slip_rate": "Less than 0.2 mm/yr"
      }
    },
    {
      "type": "Feature",
      "geometry": {
        "type": "LineString",
        "coordinates": [
          [
            -106.9398804483152,
            34.279081718930136
          ],
          [
            -106.94046151457358,
            34.280232418835716
          ],
          [
            -106.94116160670877,
            34.281715258267994
          ],
          [
            -106.94144425891798,
            34.282647606637376
          ],
          [
            -106.94151913709018,
            34.28342858287508
          ],
          [
            -106.94134330265311,
            34.28463997872669
          ]
        ]
      },
      "properties": {
        "fault_name": "Loma Blanca fault",
        "age": "late Quaternary",
        "slip_rate": "Less than 0.2 mm/yr"
      }
    },
    {
      "type": "Feature",
      "geometry": {
        "type": "LineString",
        "coordinates": [
          [
            -106.93756887198508,
            34.25437376592791
          ],
          [
            -106.93768232561219,
            34.255270737799435
          ],
          [
            -106.93786460007153,
            34.25624411204897
          ],
          [
            -106.93813894915259,
            34.25712217763668
          ],
          [
            -106.93868848544278,
            34.25836309872704
          ],
          [
            -106.93944443841562,
            34.25987138827304
          ],
          [
            -106.93974234042511,
            34.26040600184525
          ],
          [
            -106.94020042013457,
            34.26137967007857
          ],
          [
            -106.9404284610627,
            34.26250574093253
          ],
          [
            -106.9403121175553,
            34.26342154072972
          ],
          [
            -106.93989614278152,
            34.26489038608335
          ]
        ]
      },
      "properties": {
        "fault_name": "Loma Blanca fault",
        "age": "late Quaternary",
        "slip_rate": "Less than 0.2 mm/yr"
      }
    },
    {
      "type": "Feature",
      "geometry": {
        "type": "LineString",
        "coordinates": [
          [
            -106.93945588385068,
            34.264819400085955
          ],
          [
            -106.93949843165578,
            34.26438084700428
          ],
          [
            -106.93956495190257,
            34.26407557435364
          ]
        ]
      },
      "properties": {
        "fault_name": "Loma Blanca fault",
        "age": "late Quaternary",
        "slip_rate": "Less than 0.2 mm/yr"
      }
    },
    {
      "type": "Feature",
      "geometry": {
        "type": "LineString",
        "coordinates": [
          [
            -106.93922208561987,
            34.26726002533514
          ],
          [
            -106.93909212185615,
            34.268042840122945
          ],
          [
            -106.93898261003649,
            34.26872949405624
          ]
        ]
      },
      "properties": {
        "fault_name": "Loma Blanca fault",
        "age": "late Quaternary",
        "slip_rate": "Less than 0.2 mm/yr"
      }
    },
    {
      "type": "Feature",
      "geometry": {
        "type": "LineString",
        "coordinates": [
          [
            -106.93854823327413,
            34.27629923292816
          ],
          [
            -106.93873653722567,
            34.27690809984871
          ],
          [
            -106.9391103801143,
            34.27776374920768
          ]
        ]
      },
      "properties": {
        "fault_name": "Loma Blanca fault",
        "age": "late Quaternary",
        "slip_rate": "Less than 0.2 mm/yr"
      }
    },
    {
      "type": "Feature",
      "geometry": {
        "type": "LineString",
        "coordinates": [
          [
            -106.9383484578364,
            34.27284929619777
          ],
          [
            -106.93837563906027,
            34.273401831789
          ]
        ]
      },
      "properties": {
        "fault_name": "Loma Blanca fault",
        "age": "late Quaternary",
        "slip_rate": "Less than 0.2 mm/yr"
      }
    },
    {
      "type": "Feature",
      "geometry": {
        "type": "LineString",
        "coordinates": [
          [
            -106.93680323337684,
            34.245396275201735
          ],
          [
            -106.93675367781418,
            34.246930945156635
          ],
          [
            -106.93679663435276,
            34.24878193065444
          ],
          [
            -106.93711542039595,
            34.250575980344
          ],
          [
            -106.93741161201311,
            34.2521410191887
          ],
          [
            -106.93754834727746,
            34.252847198127704
          ],
          [
            -106.93757064975101,
            34.25326702288643
          ],
          [
            -106.93757028234006,
            34.25349600504127
          ]
        ]
      },
      "properties": {
        "fault_name": "Loma Blanca fault",
        "age": "late Quaternary",
        "slip_rate": "Less than 0.2 mm/yr"
      }
    },
    {
      "type": "Feature",
      "geometry": {
        "type": "LineString",
        "coordinates": [
          [
            -106.93757028234006,
            34.25349600504127
          ],
          [
            -106.93756887198508,
            34.25437376592791
          ]
        ]
      },
      "properties": {
        "fault_name": "Loma Blanca fault",
        "age": "late Quaternary",
        "slip_rate": "Less than 0.2 mm/yr"
      }
    },
    {
      "type": "Feature",
      "geometry": {
        "type": "LineString",
        "coordinates": [
          [
            -106.96311116722678,
            34.39262532701102
          ],
          [
            -106.96304394000586,
            34.39515073274825
          ]
        ]
      },
      "properties": {
        "fault_name": "Loma Blanca fault",
        "age": "late Quaternary",
        "slip_rate": "Less than 0.2 mm/yr"
      }
    },
    {
      "type": "Feature",
      "geometry": {
        "type": "LineString",
        "coordinates": [
          [
            -106.96000700821979,
            34.393472307006306
          ],
          [
            -106.96046585509052,
            34.39490931082945
          ],
          [
            -106.96059053586205,
            34.39564638701478
          ],
          [
            -106.9606499243838,
            34.395992462133826
          ]
        ]
      },
      "properties": {
        "fault_name": "Loma Blanca fault",
        "age": "late Quaternary",
        "slip_rate": "Less than 0.2 mm/yr"
      }
    },
    {
      "type": "Feature",
      "geometry": {
        "type": "LineString",
        "coordinates": [
          [
            -106.95944156905409,
            34.39163174923057
          ],
          [
            -106.95974218487403,
            34.39268256101831
          ]
        ]
      },
      "properties": {
        "fault_name": "Loma Blanca fault",
        "age": "late Quaternary",
        "slip_rate": "Less than 0.2 mm/yr"
      }
    },
    {
      "type": "Feature",
      "geometry": {
        "type": "LineString",
        "coordinates": [
          [
            -106.9593293631869,
            34.37339874285624
          ],
          [
            -106.95926005277285,
            34.37510238382707
          ]
        ]
      },
      "properties": {
        "fault_name": "Loma Blanca fault",
        "age": "late Quaternary",
        "slip_rate": "Less than 0.2 mm/yr"
      }
    },
    {
      "type": "Feature",
      "geometry": {
        "type": "LineString",
        "coordinates": [
          [
            -106.95877676723484,
            34.38655049482996
          ],
          [
            -106.95882731094429,
            34.38754481419727
          ],
          [
            -106.95891330936138,
            34.3882510616322
          ],
          [
            -106.95910971432014,
            34.38935391036184
          ],
          [
            -106.959192141934,
            34.38981899429904
          ],
          [
            -106.95927908358213,
            34.39030953627357
          ]
        ]
      },
      "properties": {
        "fault_name": "Loma Blanca fault",
        "age": "late Quaternary",
        "slip_rate": "Less than 0.2 mm/yr"
      }
    },
    {
      "type": "Feature",
      "geometry": {
        "type": "LineString",
        "coordinates": [
          [
            -106.95926005277285,
            34.37510238382707
          ],
          [
            -106.95919919730225,
            34.37622499932565
          ]
        ]
      },
      "properties": {
        "fault_name": "Loma Blanca fault",
        "age": "late Quaternary",
        "slip_rate": "Less than 0.2 mm/yr"
      }
    },
    {
      "type": "Feature",
      "geometry": {
        "type": "LineString",
        "coordinates": [
          [
            -106.95904956582369,
            34.383350802352936
          ],
          [
            -106.95901456386694,
            34.38445447106994
          ],
          [
            -106.95900319568702,
            34.38505220292168
          ],
          [
            -106.9590049213507,
            34.385342870971954
          ]
        ]
      },
      "properties": {
        "fault_name": "Loma Blanca fault",
        "age": "late Quaternary",
        "slip_rate": "Less than 0.2 mm/yr"
      }
    },
    {
      "type": "Feature",
      "geometry": {
        "type": "LineString",
        "coordinates": [
          [
            -106.95742412809744,
            34.37832441415782
          ],
          [
            -106.9566613452335,
            34.38219685275284
          ]
        ]
      },
      "properties": {
        "fault_name": "Loma Blanca fault",
        "age": "late Quaternary",
        "slip_rate": "Less than 0.2 mm/yr"
      }
    },
    {
      "type": "Feature",
      "geometry": {
        "type": "LineString",
        "coordinates": [
          [
            -106.95605744110564,
            34.384995765832564
          ],
          [
            -106.95573218539577,
            34.38730178316486
          ],
          [
            -106.95551520272879,
            34.38823302763296
          ],
          [
            -106.95533679012684,
            34.38869976721706
          ],
          [
            -106.9552599221863,
            34.38893293995672
          ]
        ]
      },
      "properties": {
        "fault_name": "Loma Blanca fault",
        "age": "late Quaternary",
        "slip_rate": "Less than 0.2 mm/yr"
      }
    },
    {
      "type": "Feature",
      "geometry": {
        "type": "LineString",
        "coordinates": [
          [
            -106.94459579058149,
            34.38723309793659
          ],
          [
            -106.94378707955202,
            34.38981939534355
          ],
          [
            -106.94345235200579,
            34.391508571097354
          ]
        ]
      },
      "properties": {
        "fault_name": "Loma Blanca fault",
        "age": "late Quaternary",
        "slip_rate": "Less than 0.2 mm/yr"
      }
    },
    {
      "type": "Feature",
      "geometry": {
        "type": "LineString",
        "coordinates": [
          [
            -106.94345235200579,
            34.391508571097354
          ],
          [
            -106.94307796024653,
            34.39387888513708
          ],
          [
            -106.94283353494592,
            34.39678132001625
          ]
        ]
      },
      "properties": {
        "fault_name": "Loma Blanca fault",
        "age": "late Quaternary",
        "slip_rate": "Less than 0.2 mm/yr"
      }
    },
    {
      "type": "Feature",
      "geometry": {
        "type": "LineString",
        "coordinates": [
          [
            -106.9430646939264,
            34.29932409998139
          ],
          [
            -106.94322884397658,
            34.30030508722739
          ],
          [
            -106.94339774341967,
            34.30145631429327
          ],
          [
            -106.94338115512963,
            34.30249755315562
          ]
        ]
      },
      "properties": {
        "fault_name": "Loma Blanca fault",
        "age": "late Quaternary",
        "slip_rate": "Less than 0.2 mm/yr"
      }
    },
    {
      "type": "Feature",
      "geometry": {
        "type": "LineString",
        "coordinates": [
          [
            -106.94163399029252,
            34.289072988106014
          ],
          [
            -106.94187910010936,
            34.290506643864724
          ],
          [
            -106.94214331978725,
            34.29180745000504
          ],
          [
            -106.94229216523993,
            34.29223988410868
          ],
          [
            -106.94242875767216,
            34.29305107129674
          ],
          [
            -106.94253887675295,
            34.293730284235814
          ]
        ]
      },
      "properties": {
        "fault_name": "Loma Blanca fault",
        "age": "late Quaternary",
        "slip_rate": "Less than 0.2 mm/yr"
      }
    },
    {
      "type": "Feature",
      "geometry": {
        "type": "LineString",
        "coordinates": [
          [
            -106.95893659010028,
            34.378345495978294
          ],
          [
            -106.95882781579749,
            34.37969277974361
          ],
          [
            -106.95882688783779,
            34.380195995758775
          ],
          [
            -106.95887188265374,
            34.38049929236434
          ],
          [
            -106.95889266517783,
            34.38082977583042
          ],
          [
            -106.95895829070261,
            34.381873353222645
          ]
        ]
      },
      "properties": {
        "fault_name": "Loma Blanca fault",
        "age": "late Quaternary",
        "slip_rate": "Less than 0.2 mm/yr"
      }
    },
    {
      "type": "Feature",
      "geometry": {
        "type": "LineString",
        "coordinates": [
          [
            -106.95623986378703,
            34.38405567511343
          ],
          [
            -106.95621100181528,
            34.384243731020995
          ],
          [
            -106.95616784585071,
            34.3845249111272
          ]
        ]
      },
      "properties": {
        "fault_name": "Loma Blanca fault",
        "age": "late Quaternary",
        "slip_rate": "Less than 0.2 mm/yr"
      }
    },
    {
      "type": "Feature",
      "geometry": {
        "type": "LineString",
        "coordinates": [
          [
            -106.94340788719586,
            34.295805693667056
          ],
          [
            -106.9432828120639,
            34.29550972574138
          ],
          [
            -106.94308205297096,
            34.29485118175115
          ],
          [
            -106.94289038842193,
            34.29370039108552
          ]
        ]
      },
      "properties": {
        "fault_name": "Loma Blanca fault",
        "age": "late Quaternary",
        "slip_rate": "Less than 0.2 mm/yr"
      }
    },
    {
      "type": "Feature",
      "geometry": {
        "type": "LineString",
        "coordinates": [
          [
            -106.94338115512963,
            34.30249755315562
          ],
          [
            -106.94327023834488,
            34.30342705069107
          ],
          [
            -106.94294141811997,
            34.30472032897261
          ],
          [
            -106.94275579474123,
            34.30542415333317
          ],
          [
            -106.9426565928861,
            34.305955983216144
          ],
          [
            -106.94265224863337,
            34.30661847015254
          ]
        ]
      },
      "properties": {
        "fault_name": "Loma Blanca fault",
        "age": "late Quaternary",
        "slip_rate": "Less than 0.2 mm/yr"
      }
    },
    {
      "type": "Feature",
      "geometry": {
        "type": "LineString",
        "coordinates": [
          [
            -106.94253887675295,
            34.293730284235814
          ],
          [
            -106.9427200768272,
            34.29497362770557
          ]
        ]
      },
      "properties": {
        "fault_name": "Loma Blanca fault",
        "age": "late Quaternary",
        "slip_rate": "Less than 0.2 mm/yr"
      }
    },
    {
      "type": "Feature",
      "geometry": {
        "type": "LineString",
        "coordinates": [
          [
            -106.94134330265311,
            34.28463997872669
          ],
          [
            -106.94123276944897,
            34.2851932339732
          ],
          [
            -106.94107675903356,
            34.28580390167427
          ]
        ]
      },
      "properties": {
        "fault_name": "Loma Blanca fault",
        "age": "late Quaternary",
        "slip_rate": "Less than 0.2 mm/yr"
      }
    },
    {
      "type": "Feature",
      "geometry": {
        "type": "LineString",
        "coordinates": [
          [
            -106.93989614278152,
            34.26489038608335
          ],
          [
            -106.93922208561987,
            34.26726002533514
          ]
        ]
      },
      "properties": {
        "fault_name": "Loma Blanca fault",
        "age": "late Quaternary",
        "slip_rate": "Less than 0.2 mm/yr"
      }
    },
    {
      "type": "Feature",
      "geometry": {
        "type": "LineString",
        "coordinates": [
          [
            -106.9391103801143,
            34.27776374920768
          ],
          [
            -106.9398804483152,
            34.279081718930136
          ]
        ]
      },
      "properties": {
        "fault_name": "Loma Blanca fault",
        "age": "late Quaternary",
        "slip_rate": "Less than 0.2 mm/yr"
      }
    },
    {
      "type": "Feature",
      "geometry": {
        "type": "LineString",
        "coordinates": [
          [
            -106.93922208561987,
            34.26726002533514
          ],
          [
            -106.93945588385068,
            34.264819400085955
          ]
        ]
      },
      "properties": {
        "fault_name": "Loma Blanca fault",
        "age": "late Quaternary",
        "slip_rate": "Less than 0.2 mm/yr"
      }
    },
    {
      "type": "Feature",
      "geometry": {
        "type": "LineString",
        "coordinates": [
          [
            -106.93898261003649,
            34.26872949405624
          ],
          [
            -106.9387735208659,
            34.26974216328189
          ],
          [
            -106.93857175565984,
            34.27037212503706
          ],
          [
            -106.93846325803814,
            34.271192177632706
          ],
          [
            -106.93844613435218,
            34.271954580690426
          ],
          [
            -106.9383484578364,
            34.27284929619777
          ]
        ]
      },
      "properties": {
        "fault_name": "Loma Blanca fault",
        "age": "late Quaternary",
        "slip_rate": "Less than 0.2 mm/yr"
      }
    },
    {
      "type": "Feature",
      "geometry": {
        "type": "LineString",
        "coordinates": [
          [
            -106.93837563906027,
            34.273401831789
          ],
          [
            -106.9382815962298,
            34.27445201517209
          ],
          [
            -106.93823991440061,
            34.27500490916223
          ],
          [
            -106.93835920438214,
            34.27559507993195
          ],
          [
            -106.93854823327413,
            34.27629923292816
          ]
        ]
      },
      "properties": {
        "fault_name": "Loma Blanca fault",
        "age": "late Quaternary",
        "slip_rate": "Less than 0.2 mm/yr"
      }
    },
    {
      "type": "Feature",
      "geometry": {
        "type": "LineString",
        "coordinates": [
          [
            -106.99611646821963,
            34.38391667867335
          ],
          [
            -106.99600332091799,
            34.384308970678205
          ]
        ]
      },
      "properties": {
        "fault_name": "Loma Pelada fault",
        "age": "late Quaternary",
        "slip_rate": "Less than 0.2 mm/yr"
      }
    },
    {
      "type": "Feature",
      "geometry": {
        "type": "LineString",
        "coordinates": [
          [
            -106.99595728675125,
            34.38481496494906
          ],
          [
            -106.99558391008826,
            34.387876771768326
          ],
          [
            -106.99532836723769,
            34.38987723024119
          ],
          [
            -106.99514166318568,
            34.3907462151908
          ],
          [
            -106.99507714618198,
            34.3910589932425
          ],
          [
            -106.99498432955188,
            34.39150895730805
          ],
          [
            -106.99478026735363,
            34.392318732640746
          ],
          [
            -106.99436196504493,
            34.39384590619367
          ],
          [
            -106.99361453798247,
            34.39544407501258
          ],
          [
            -106.99325609221779,
            34.39642367586274
          ],
          [
            -106.99233891410934,
            34.39786258808533
          ],
          [
            -106.9913318649466,
            34.39923634098772
          ],
          [
            -106.99046076771727,
            34.40037310426767
          ],
          [
            -106.99040860434535,
            34.400441175370226
          ],
          [
            -106.99034862563047,
            34.4005194446916
          ],
          [
            -106.98990075886748,
            34.401103886960655
          ],
          [
            -106.98944098313876,
            34.40185550273027
          ]
        ]
      },
      "properties": {
        "fault_name": "Loma Pelada fault",
        "age": "late Quaternary",
        "slip_rate": "Less than 0.2 mm/yr"
      }
    },
    {
      "type": "Feature",
      "geometry": {
        "type": "LineString",
        "coordinates": [
          [
            -106.99303790041843,
            34.371689512936904
          ],
          [
            -106.99357452432476,
            34.37278032432509
          ]
        ]
      },
      "properties": {
        "fault_name": "Loma Pelada fault",
        "age": "late Quaternary",
        "slip_rate": "Less than 0.2 mm/yr"
      }
    },
    {
      "type": "Feature",
      "geometry": {
        "type": "LineString",
        "coordinates": [
          [
            -106.98833338015636,
            34.35804667697441
          ],
          [
            -106.98847701717702,
            34.35862745125943
          ],
          [
            -106.9886532792122,
            34.359412348936885
          ]
        ]
      },
      "properties": {
        "fault_name": "Loma Pelada fault",
        "age": "late Quaternary",
        "slip_rate": "Less than 0.2 mm/yr"
      }
    },
    {
      "type": "Feature",
      "geometry": {
        "type": "LineString",
        "coordinates": [
          [
            -106.98656993425303,
            34.351774296766926
          ],
          [
            -106.98667435981156,
            34.35235892725368
          ]
        ]
      },
      "properties": {
        "fault_name": "Loma Pelada fault",
        "age": "late Quaternary",
        "slip_rate": "Less than 0.2 mm/yr"
      }
    },
    {
      "type": "Feature",
      "geometry": {
        "type": "LineString",
        "coordinates": [
          [
            -106.98578913208283,
            34.358890243224295
          ],
          [
            -106.9858088851376,
            34.360227756859786
          ],
          [
            -106.98586156234586,
            34.36230329515499
          ],
          [
            -106.9858191483897,
            34.36332336530665
          ]
        ]
      },
      "properties": {
        "fault_name": "Loma Pelada fault",
        "age": "late Quaternary",
        "slip_rate": "Less than 0.2 mm/yr"
      }
    },
    {
      "type": "Feature",
      "geometry": {
        "type": "LineString",
        "coordinates": [
          [
            -106.98484073212833,
            34.34258316466419
          ],
          [
            -106.9851910023256,
            34.343386187994646
          ],
          [
            -106.9854063689234,
            34.34398701134731
          ]
        ]
      },
      "properties": {
        "fault_name": "Loma Pelada fault",
        "age": "late Quaternary",
        "slip_rate": "Less than 0.2 mm/yr"
      }
    },
    {
      "type": "Feature",
      "geometry": {
        "type": "LineString",
        "coordinates": [
          [
            -106.98532268995638,
            34.36888163098373
          ],
          [
            -106.98516790574133,
            34.369960257153366
          ]
        ]
      },
      "properties": {
        "fault_name": "Loma Pelada fault",
        "age": "late Quaternary",
        "slip_rate": "Less than 0.2 mm/yr"
      }
    },
    {
      "type": "Feature",
      "geometry": {
        "type": "LineString",
        "coordinates": [
          [
            -106.98496264339386,
            34.35971959771955
          ],
          [
            -106.98463264098604,
            34.360692984017334
          ]
        ]
      },
      "properties": {
        "fault_name": "Loma Pelada fault",
        "age": "late Quaternary",
        "slip_rate": "Less than 0.2 mm/yr"
      }
    },
    {
      "type": "Feature",
      "geometry": {
        "type": "LineString",
        "coordinates": [
          [
            -106.98460381674352,
            34.35397599077876
          ],
          [
            -106.98471290815161,
            34.35461885672922
          ]
        ]
      },
      "properties": {
        "fault_name": "Loma Pelada fault",
        "age": "late Quaternary",
        "slip_rate": "Less than 0.2 mm/yr"
      }
    },
    {
      "type": "Feature",
      "geometry": {
        "type": "LineString",
        "coordinates": [
          [
            -106.98392212030869,
            34.339704314136206
          ],
          [
            -106.98424486163408,
            34.34099971412433
          ]
        ]
      },
      "properties": {
        "fault_name": "Loma Pelada fault",
        "age": "late Quaternary",
        "slip_rate": "Less than 0.2 mm/yr"
      }
    },
    {
      "type": "Feature",
      "geometry": {
        "type": "LineString",
        "coordinates": [
          [
            -106.97288377211608,
            34.31251388020274
          ],
          [
            -106.97353485396603,
            34.31378219279718
          ],
          [
            -106.97464035578896,
            34.31574059275606
          ],
          [
            -106.97542147596279,
            34.31704545829298
          ],
          [
            -106.97610960882663,
            34.318150527783416
          ],
          [
            -106.97715268043227,
            34.31934123735995
          ],
          [
            -106.97857319537418,
            34.32063550506207
          ],
          [
            -106.98021509023641,
            34.321962694030155
          ],
          [
            -106.98110218376603,
            34.32308274065557
          ],
          [
            -106.9822154829656,
            34.32535207523043
          ],
          [
            -106.98320053238704,
            34.32870335498289
          ],
          [
            -106.9835427204417,
            34.33008865009102
          ],
          [
            -106.98366576807605,
            34.33244759800714
          ]
        ]
      },
      "properties": {
        "fault_name": "Loma Pelada fault",
        "age": "late Quaternary",
        "slip_rate": "Less than 0.2 mm/yr"
      }
    },
    {
      "type": "Feature",
      "geometry": {
        "type": "LineString",
        "coordinates": [
          [
            -106.9835773666656,
            34.39121258790854
          ],
          [
            -106.98348215961852,
            34.392323281876614
          ]
        ]
      },
      "properties": {
        "fault_name": "Loma Pelada fault",
        "age": "late Quaternary",
        "slip_rate": "Less than 0.2 mm/yr"
      }
    },
    {
      "type": "Feature",
      "geometry": {
        "type": "LineString",
        "coordinates": [
          [
            -106.98351011429183,
            34.33331038527209
          ],
          [
            -106.98320217181245,
            34.334744502352024
          ],
          [
            -106.98305528917864,
            34.33529456424904
          ]
        ]
      },
      "properties": {
        "fault_name": "Loma Pelada fault",
        "age": "late Quaternary",
        "slip_rate": "Less than 0.2 mm/yr"
      }
    },
    {
      "type": "Feature",
      "geometry": {
        "type": "LineString",
        "coordinates": [
          [
            -106.98305528917864,
            34.33529456424904
          ],
          [
            -106.98315370500792,
            34.3366575611343
          ],
          [
            -106.98341208473813,
            34.33883418029581
          ]
        ]
      },
      "properties": {
        "fault_name": "Loma Pelada fault",
        "age": "late Quaternary",
        "slip_rate": "Less than 0.2 mm/yr"
      }
    },
    {
      "type": "Feature",
      "geometry": {
        "type": "LineString",
        "coordinates": [
          [
            -106.98305528917864,
            34.33529456424904
          ],
          [
            -106.9826420668429,
            34.336841987134314
          ],
          [
            -106.98174640697876,
            34.33902376484403
          ]
        ]
      },
      "properties": {
        "fault_name": "Loma Pelada fault",
        "age": "late Quaternary",
        "slip_rate": "Less than 0.2 mm/yr"
      }
    },
    {
      "type": "Feature",
      "geometry": {
        "type": "LineString",
        "coordinates": [
          [
            -106.98239905369392,
            34.348781009909516
          ],
          [
            -106.98249933083247,
            34.34895166770018
          ],
          [
            -106.98303024594516,
            34.34996579579597
          ]
        ]
      },
      "properties": {
        "fault_name": "Loma Pelada fault",
        "age": "late Quaternary",
        "slip_rate": "Less than 0.2 mm/yr"
      }
    },
    {
      "type": "Feature",
      "geometry": {
        "type": "LineString",
        "coordinates": [
          [
            -106.98124166787514,
            34.343380148965714
          ],
          [
            -106.98146789869796,
            34.343849710724626
          ],
          [
            -106.98191251355964,
            34.34505520628138
          ],
          [
            -106.9819602482372,
            34.345964835864784
          ],
          [
            -106.98194666121853,
            34.34714122568011
          ],
          [
            -106.9819440147817,
            34.34788109935882
          ],
          [
            -106.98209153791429,
            34.348257651301445
          ],
          [
            -106.98239905369392,
            34.348781009909516
          ]
        ]
      },
      "properties": {
        "fault_name": "Loma Pelada fault",
        "age": "late Quaternary",
        "slip_rate": "Less than 0.2 mm/yr"
      }
    },
    {
      "type": "Feature",
      "geometry": {
        "type": "LineString",
        "coordinates": [
          [
            -106.98135851084581,
            34.35178881434869
          ],
          [
            -106.98134543766348,
            34.35298416301259
          ]
        ]
      },
      "properties": {
        "fault_name": "Loma Pelada fault",
        "age": "late Quaternary",
        "slip_rate": "Less than 0.2 mm/yr"
      }
    },
    {
      "type": "Feature",
      "geometry": {
        "type": "LineString",
        "coordinates": [
          [
            -106.98131658826813,
            34.34170679605815
          ],
          [
            -106.9812525213204,
            34.342635280140385
          ],
          [
            -106.98124166787514,
            34.343380148965714
          ]
        ]
      },
      "properties": {
        "fault_name": "Loma Pelada fault",
        "age": "late Quaternary",
        "slip_rate": "Less than 0.2 mm/yr"
      }
    },
    {
      "type": "Feature",
      "geometry": {
        "type": "LineString",
        "coordinates": [
          [
            -106.98078768268674,
            34.34243784373313
          ],
          [
            -106.98124166787514,
            34.343380148965714
          ]
        ]
      },
      "properties": {
        "fault_name": "Loma Pelada fault",
        "age": "late Quaternary",
        "slip_rate": "Less than 0.2 mm/yr"
      }
    },
    {
      "type": "Feature",
      "geometry": {
        "type": "LineString",
        "coordinates": [
          [
            -106.97726772587409,
            34.336694919024076
          ],
          [
            -106.97780528312997,
            34.3372576642224
          ],
          [
            -106.9781407931088,
            34.33782030105666
          ],
          [
            -106.9784327419829,
            34.338271904081644
          ]
        ]
      },
      "properties": {
        "fault_name": "Loma Pelada fault",
        "age": "late Quaternary",
        "slip_rate": "Less than 0.2 mm/yr"
      }
    },
    {
      "type": "Feature",
      "geometry": {
        "type": "LineString",
        "coordinates": [
          [
            -106.9753954921932,
            34.33510429624587
          ],
          [
            -106.97625614560903,
            34.33590634602026
          ]
        ]
      },
      "properties": {
        "fault_name": "Loma Pelada fault",
        "age": "late Quaternary",
        "slip_rate": "Less than 0.2 mm/yr"
      }
    },
    {
      "type": "Feature",
      "geometry": {
        "type": "LineString",
        "coordinates": [
          [
            -106.9754933932878,
            34.33398756791697
          ],
          [
            -106.97552862431495,
            34.33453605401998
          ]
        ]
      },
      "properties": {
        "fault_name": "Loma Pelada fault",
        "age": "late Quaternary",
        "slip_rate": "Less than 0.2 mm/yr"
      }
    },
    {
      "type": "Feature",
      "geometry": {
        "type": "LineString",
        "coordinates": [
          [
            -106.97544965521494,
            34.33492170605952
          ],
          [
            -106.9753954921932,
            34.33510429624587
          ]
        ]
      },
      "properties": {
        "fault_name": "Loma Pelada fault",
        "age": "late Quaternary",
        "slip_rate": "Less than 0.2 mm/yr"
      }
    },
    {
      "type": "Feature",
      "geometry": {
        "type": "LineString",
        "coordinates": [
          [
            -106.97535151337185,
            34.332672150246154
          ],
          [
            -106.97540967030334,
            34.333256861252394
          ]
        ]
      },
      "properties": {
        "fault_name": "Loma Pelada fault",
        "age": "late Quaternary",
        "slip_rate": "Less than 0.2 mm/yr"
      }
    },
    {
      "type": "Feature",
      "geometry": {
        "type": "LineString",
        "coordinates": [
          [
            -106.97518462525667,
            34.33490778269675
          ],
          [
            -106.9753954921932,
            34.33510429624587
          ]
        ]
      },
      "properties": {
        "fault_name": "Loma Pelada fault",
        "age": "late Quaternary",
        "slip_rate": "Less than 0.2 mm/yr"
      }
    },
    {
      "type": "Feature",
      "geometry": {
        "type": "LineString",
        "coordinates": [
          [
            -106.97360313580909,
            34.33197858218045
          ],
          [
            -106.9737556212353,
            34.33281797027266
          ],
          [
            -106.97401879437588,
            34.33367383125965
          ],
          [
            -106.97447382699991,
            34.334251988952545
          ],
          [
            -106.9749795919796,
            34.334636637171855
          ]
        ]
      },
      "properties": {
        "fault_name": "Loma Pelada fault",
        "age": "late Quaternary",
        "slip_rate": "Less than 0.2 mm/yr"
      }
    },
    {
      "type": "Feature",
      "geometry": {
        "type": "LineString",
        "coordinates": [
          [
            -106.97031538181926,
            34.315236505975015
          ],
          [
            -106.97105365055741,
            34.31763595330223
          ],
          [
            -106.972472574583,
            34.32346929332321
          ],
          [
            -106.97356822458221,
            34.327770554889405
          ],
          [
            -106.97406668356366,
            34.330159925162135
          ],
          [
            -106.97437965391373,
            34.33125289275249
          ],
          [
            -106.97467028855255,
            34.331859801343974
          ]
        ]
      },
      "properties": {
        "fault_name": "Loma Pelada fault",
        "age": "late Quaternary",
        "slip_rate": "Less than 0.2 mm/yr"
      }
    },
    {
      "type": "Feature",
      "geometry": {
        "type": "LineString",
        "coordinates": [
          [
            -106.96578351595818,
            34.30355392614753
          ],
          [
            -106.97128857886884,
            34.31021188263847
          ]
        ]
      },
      "properties": {
        "fault_name": "Loma Pelada fault",
        "age": "late Quaternary",
        "slip_rate": "Less than 0.2 mm/yr"
      }
    },
    {
      "type": "Feature",
      "geometry": {
        "type": "LineString",
        "coordinates": [
          [
            -106.96578351595818,
            34.30355392614753
          ],
          [
            -106.96653219706879,
            34.30645798493612
          ],
          [
            -106.96722636122144,
            34.30905788321642
          ],
          [
            -106.96764607119017,
            34.31007982393001
          ],
          [
            -106.96862157241844,
            34.311676482337454
          ]
        ]
      },
      "properties": {
        "fault_name": "Loma Pelada fault",
        "age": "late Quaternary",
        "slip_rate": "Less than 0.2 mm/yr"
      }
    },
    {
      "type": "Feature",
      "geometry": {
        "type": "LineString",
        "coordinates": [
          [
            -106.96538072126626,
            34.301804568330745
          ],
          [
            -106.96578351595818,
            34.30355392614753
          ]
        ]
      },
      "properties": {
        "fault_name": "Loma Pelada fault",
        "age": "late Quaternary",
        "slip_rate": "Less than 0.2 mm/yr"
      }
    },
    {
      "type": "Feature",
      "geometry": {
        "type": "LineString",
        "coordinates": [
          [
            -106.9630493891864,
            34.294687079104904
          ],
          [
            -106.96341966666165,
            34.29560620564373
          ],
          [
            -106.96415565906888,
            34.29734116036184
          ],
          [
            -106.96445070533407,
            34.29805794376078
          ],
          [
            -106.9646057015515,
            34.29868238203431
          ],
          [
            -106.96494607321264,
            34.30019685868034
          ],
          [
            -106.96503184794923,
            34.300803628968794
          ]
        ]
      },
      "properties": {
        "fault_name": "Loma Pelada fault",
        "age": "late Quaternary",
        "slip_rate": "Less than 0.2 mm/yr"
      }
    },
    {
      "type": "Feature",
      "geometry": {
        "type": "LineString",
        "coordinates": [
          [
            -106.9600445479172,
            34.28860739933952
          ],
          [
            -106.96015904808164,
            34.28882994469845
          ]
        ]
      },
      "properties": {
        "fault_name": "Loma Pelada fault",
        "age": "late Quaternary",
        "slip_rate": "Less than 0.2 mm/yr"
      }
    },
    {
      "type": "Feature",
      "geometry": {
        "type": "LineString",
        "coordinates": [
          [
            -106.95717336518251,
            34.28195707971568
          ],
          [
            -106.95737366793131,
            34.282343616114275
          ]
        ]
      },
      "properties": {
        "fault_name": "Loma Pelada fault",
        "age": "late Quaternary",
        "slip_rate": "Less than 0.2 mm/yr"
      }
    },
    {
      "type": "Feature",
      "geometry": {
        "type": "LineString",
        "coordinates": [
          [
            -106.95355606512904,
            34.269842703057165
          ],
          [
            -106.95419057665524,
            34.2716534911916
          ],
          [
            -106.95498565485197,
            34.27382743394158
          ],
          [
            -106.95562733044257,
            34.275888217798354
          ],
          [
            -106.95639247767234,
            34.278125628207164
          ],
          [
            -106.95653396771947,
            34.278656754278074
          ],
          [
            -106.9565821290968,
            34.278960430046574
          ]
        ]
      },
      "properties": {
        "fault_name": "Loma Pelada fault",
        "age": "late Quaternary",
        "slip_rate": "Less than 0.2 mm/yr"
      }
    },
    {
      "type": "Feature",
      "geometry": {
        "type": "LineString",
        "coordinates": [
          [
            -106.95331782922074,
            34.268640897000914
          ],
          [
            -106.95339866322325,
            34.26922300874741
          ]
        ]
      },
      "properties": {
        "fault_name": "Loma Pelada fault",
        "age": "late Quaternary",
        "slip_rate": "Less than 0.2 mm/yr"
      }
    },
    {
      "type": "Feature",
      "geometry": {
        "type": "LineString",
        "coordinates": [
          [
            -106.9502323228323,
            34.265494786186544
          ],
          [
            -106.95061147206933,
            34.26586926897832
          ],
          [
            -106.95131657141394,
            34.266308748973024
          ],
          [
            -106.95203643636684,
            34.2666848272505
          ],
          [
            -106.95258832264986,
            34.26703646963867
          ],
          [
            -106.95280365331504,
            34.26726327104612
          ],
          [
            -106.95305028397966,
            34.26759121564
          ],
          [
            -106.95317469166336,
            34.26789448595044
          ]
        ]
      },
      "properties": {
        "fault_name": "Loma Pelada fault",
        "age": "late Quaternary",
        "slip_rate": "Less than 0.2 mm/yr"
      }
    },
    {
      "type": "Feature",
      "geometry": {
        "type": "LineString",
        "coordinates": [
          [
            -106.94948089826681,
            34.26368112888085
          ],
          [
            -106.94953155067242,
            34.263869549767215
          ],
          [
            -106.94958601103652,
            34.26401774399676
          ]
        ]
      },
      "properties": {
        "fault_name": "Loma Pelada fault",
        "age": "late Quaternary",
        "slip_rate": "Less than 0.2 mm/yr"
      }
    },
    {
      "type": "Feature",
      "geometry": {
        "type": "LineString",
        "coordinates": [
          [
            -106.94853758098023,
            34.260239260104264
          ],
          [
            -106.94893877397601,
            34.26158444975931
          ],
          [
            -106.9493035339988,
            34.26300628577593
          ],
          [
            -106.94936432209576,
            34.26324748914746
          ]
        ]
      },
      "properties": {
        "fault_name": "Loma Pelada fault",
        "age": "late Quaternary",
        "slip_rate": "Less than 0.2 mm/yr"
      }
    },
    {
      "type": "Feature",
      "geometry": {
        "type": "LineString",
        "coordinates": [
          [
            -106.94755228721702,
            34.25672810569231
          ],
          [
            -106.94799304291622,
            34.25840386075531
          ]
        ]
      },
      "properties": {
        "fault_name": "Loma Pelada fault",
        "age": "late Quaternary",
        "slip_rate": "Less than 0.2 mm/yr"
      }
    },
    {
      "type": "Feature",
      "geometry": {
        "type": "LineString",
        "coordinates": [
          [
            -106.9459921067063,
            34.25003391531024
          ],
          [
            -106.94629850588005,
            34.25032196828966
          ],
          [
            -106.94630295613396,
            34.250326739079284
          ],
          [
            -106.94630670839692,
            34.25033207716551
          ],
          [
            -106.94676075287411,
            34.25108855311026
          ],
          [
            -106.94701910295991,
            34.25206608113617
          ],
          [
            -106.94710964505572,
            34.25284036774959
          ]
        ]
      },
      "properties": {
        "fault_name": "Loma Pelada fault",
        "age": "late Quaternary",
        "slip_rate": "Less than 0.2 mm/yr"
      }
    },
    {
      "type": "Feature",
      "geometry": {
        "type": "LineString",
        "coordinates": [
          [
            -106.94521336976293,
            34.24957619810683
          ],
          [
            -106.9459921067063,
            34.25003391531024
          ]
        ]
      },
      "properties": {
        "fault_name": "Loma Pelada fault",
        "age": "late Quaternary",
        "slip_rate": "Less than 0.2 mm/yr"
      }
    },
    {
      "type": "Feature",
      "geometry": {
        "type": "LineString",
        "coordinates": [
          [
            -106.94228179957989,
            34.247808934919135
          ],
          [
            -106.94298403329871,
            34.24830466487187
          ],
          [
            -106.94350315443006,
            34.24862251118353
          ],
          [
            -106.9440681094038,
            34.24895309692466
          ]
        ]
      },
      "properties": {
        "fault_name": "Loma Pelada fault",
        "age": "late Quaternary",
        "slip_rate": "Less than 0.2 mm/yr"
      }
    },
    {
      "type": "Feature",
      "geometry": {
        "type": "LineString",
        "coordinates": [
          [
            -106.93680323337684,
            34.245396275201735
          ],
          [
            -106.93768521639079,
            34.24564631003201
          ]
        ]
      },
      "properties": {
        "fault_name": "Loma Pelada fault",
        "age": "late Quaternary",
        "slip_rate": "Less than 0.2 mm/yr"
      }
    },
    {
      "type": "Feature",
      "geometry": {
        "type": "LineString",
        "coordinates": [
          [
            -106.93417284405405,
            34.24410664501116
          ],
          [
            -106.93514997213131,
            34.244666195266305
          ],
          [
            -106.93560803926435,
            34.24490785815588
          ],
          [
            -106.93621892869186,
            34.24514968966008
          ],
          [
            -106.93680323337684,
            34.245396275201735
          ]
        ]
      },
      "properties": {
        "fault_name": "Loma Pelada fault",
        "age": "late Quaternary",
        "slip_rate": "Less than 0.2 mm/yr"
      }
    },
    {
      "type": "Feature",
      "geometry": {
        "type": "LineString",
        "coordinates": [
          [
            -106.9854063689234,
            34.34398701134731
          ],
          [
            -106.98566738520897,
            34.34544859329991
          ],
          [
            -106.98613627344794,
            34.347236148053625
          ],
          [
            -106.98625365810275,
            34.349910465349545
          ],
          [
            -106.98656993425303,
            34.351774296766926
          ]
        ]
      },
      "properties": {
        "fault_name": "Loma Pelada fault",
        "age": "late Quaternary",
        "slip_rate": "Less than 0.2 mm/yr"
      }
    },
    {
      "type": "Feature",
      "geometry": {
        "type": "LineString",
        "coordinates": [
          [
            -106.98363766697736,
            34.38675159327368
          ],
          [
            -106.98372430768988,
            34.38786308033853
          ],
          [
            -106.98376340506599,
            34.38897176013284
          ],
          [
            -106.98373373011889,
            34.389909788947755
          ],
          [
            -106.98363958308384,
            34.39085959900045
          ],
          [
            -106.9835773666656,
            34.39121258790854
          ]
        ]
      },
      "properties": {
        "fault_name": "Loma Pelada fault",
        "age": "late Quaternary",
        "slip_rate": "Less than 0.2 mm/yr"
      }
    },
    {
      "type": "Feature",
      "geometry": {
        "type": "LineString",
        "coordinates": [
          [
            -106.98348215961852,
            34.392323281876614
          ],
          [
            -106.98300577314185,
            34.395591326900046
          ]
        ]
      },
      "properties": {
        "fault_name": "Loma Pelada fault",
        "age": "late Quaternary",
        "slip_rate": "Less than 0.2 mm/yr"
      }
    },
    {
      "type": "Feature",
      "geometry": {
        "type": "LineString",
        "coordinates": [
          [
            -106.93768521639079,
            34.24564631003201
          ],
          [
            -106.93835730803858,
            34.24585012404757
          ],
          [
            -106.9386780110866,
            34.245990088146456
          ],
          [
            -106.9391817198226,
            34.246371397334414
          ],
          [
            -106.93963974563313,
            34.24665111787439
          ],
          [
            -106.94025080214729,
            34.24680408669281
          ],
          [
            -106.94083131324682,
            34.24694432915227
          ],
          [
            -106.94153376795123,
            34.247287767069196
          ],
          [
            -106.94228179957989,
            34.247808934919135
          ]
        ]
      },
      "properties": {
        "fault_name": "Loma Pelada fault",
        "age": "late Quaternary",
        "slip_rate": "Less than 0.2 mm/yr"
      }
    },
    {
      "type": "Feature",
      "geometry": {
        "type": "LineString",
        "coordinates": [
          [
            -106.99453325131174,
            34.3750879740845
          ],
          [
            -106.99528568738023,
            34.37662426778894
          ],
          [
            -106.99562987418639,
            34.37740616171842
          ],
          [
            -106.99616877981354,
            34.37867425677314
          ],
          [
            -106.99625967315063,
            34.37894094715474
          ],
          [
            -106.99628946308209,
            34.37902835429178
          ],
          [
            -106.99629800606043,
            34.379053420946995
          ],
          [
            -106.9965126063953,
            34.37972615571746
          ],
          [
            -106.99664522018911,
            34.38016837091664
          ],
          [
            -106.99667599557243,
            34.38089350128158
          ],
          [
            -106.9966797792764,
            34.381624695002984
          ],
          [
            -106.99646533165514,
            34.38230882693767
          ],
          [
            -106.99611646821963,
            34.38391667867335
          ]
        ]
      },
      "properties": {
        "fault_name": "Loma Pelada fault",
        "age": "late Quaternary",
        "slip_rate": "Less than 0.2 mm/yr"
      }
    },
    {
      "type": "Feature",
      "geometry": {
        "type": "LineString",
        "coordinates": [
          [
            -106.99600332091799,
            34.384308970678205
          ],
          [
            -106.99595728675125,
            34.38481496494906
          ]
        ]
      },
      "properties": {
        "fault_name": "Loma Pelada fault",
        "age": "late Quaternary",
        "slip_rate": "Less than 0.2 mm/yr"
      }
    },
    {
      "type": "Feature",
      "geometry": {
        "type": "LineString",
        "coordinates": [
          [
            -106.99357452432476,
            34.37278032432509
          ],
          [
            -106.99453325131174,
            34.3750879740845
          ]
        ]
      },
      "properties": {
        "fault_name": "Loma Pelada fault",
        "age": "late Quaternary",
        "slip_rate": "Less than 0.2 mm/yr"
      }
    },
    {
      "type": "Feature",
      "geometry": {
        "type": "LineString",
        "coordinates": [
          [
            -106.9886532792122,
            34.359412348936885
          ],
          [
            -106.98895458942984,
            34.360726478054254
          ],
          [
            -106.9892162381294,
            34.36301300711392
          ],
          [
            -106.98944525193299,
            34.36410854082578
          ],
          [
            -106.98993273978991,
            34.36528930013642
          ],
          [
            -106.99094841367769,
            34.36782027967217
          ],
          [
            -106.99206203177921,
            34.369854555682885
          ],
          [
            -106.99296829535696,
            34.371562372740286
          ],
          [
            -106.99303790041843,
            34.371689512936904
          ]
        ]
      },
      "properties": {
        "fault_name": "Loma Pelada fault",
        "age": "late Quaternary",
        "slip_rate": "Less than 0.2 mm/yr"
      }
    },
    {
      "type": "Feature",
      "geometry": {
        "type": "LineString",
        "coordinates": [
          [
            -106.98667435981156,
            34.35235892725368
          ],
          [
            -106.98717496396992,
            34.35368754479332
          ],
          [
            -106.98768208989729,
            34.356060999895185
          ],
          [
            -106.98833338015636,
            34.35804667697441
          ]
        ]
      },
      "properties": {
        "fault_name": "Loma Pelada fault",
        "age": "late Quaternary",
        "slip_rate": "Less than 0.2 mm/yr"
      }
    },
    {
      "type": "Feature",
      "geometry": {
        "type": "LineString",
        "coordinates": [
          [
            -106.9858191483897,
            34.36332336530665
          ],
          [
            -106.9856020758912,
            34.36553566291897
          ],
          [
            -106.98548873724843,
            34.36734977107326
          ],
          [
            -106.98532268995638,
            34.36888163098373
          ]
        ]
      },
      "properties": {
        "fault_name": "Loma Pelada fault",
        "age": "late Quaternary",
        "slip_rate": "Less than 0.2 mm/yr"
      }
    },
    {
      "type": "Feature",
      "geometry": {
        "type": "LineString",
        "coordinates": [
          [
            -106.98551677097352,
            34.35757794002402
          ],
          [
            -106.98565352779741,
            34.35811510285467
          ],
          [
            -106.98578913208283,
            34.358890243224295
          ]
        ]
      },
      "properties": {
        "fault_name": "Loma Pelada fault",
        "age": "late Quaternary",
        "slip_rate": "Less than 0.2 mm/yr"
      }
    },
    {
      "type": "Feature",
      "geometry": {
        "type": "LineString",
        "coordinates": [
          [
            -106.98471290815161,
            34.35461885672922
          ],
          [
            -106.98526906143223,
            34.35660494692998
          ],
          [
            -106.98551677097352,
            34.35757794002402
          ]
        ]
      },
      "properties": {
        "fault_name": "Loma Pelada fault",
        "age": "late Quaternary",
        "slip_rate": "Less than 0.2 mm/yr"
      }
    },
    {
      "type": "Feature",
      "geometry": {
        "type": "LineString",
        "coordinates": [
          [
            -106.98551677097352,
            34.35757794002402
          ],
          [
            -106.98530040724575,
            34.35868870931631
          ],
          [
            -106.98496264339386,
            34.35971959771955
          ]
        ]
      },
      "properties": {
        "fault_name": "Loma Pelada fault",
        "age": "late Quaternary",
        "slip_rate": "Less than 0.2 mm/yr"
      }
    },
    {
      "type": "Feature",
      "geometry": {
        "type": "LineString",
        "coordinates": [
          [
            -106.98424486163408,
            34.34099971412433
          ],
          [
            -106.98465047074778,
            34.34209185290012
          ],
          [
            -106.98484073212833,
            34.34258316466419
          ]
        ]
      },
      "properties": {
        "fault_name": "Loma Pelada fault",
        "age": "late Quaternary",
        "slip_rate": "Less than 0.2 mm/yr"
      }
    },
    {
      "type": "Feature",
      "geometry": {
        "type": "LineString",
        "coordinates": [
          [
            -106.98463264098604,
            34.360692984017334
          ],
          [
            -106.98427035941509,
            34.3619326319162
          ],
          [
            -106.98356337809997,
            34.363509866792896
          ]
        ]
      },
      "properties": {
        "fault_name": "Loma Pelada fault",
        "age": "late Quaternary",
        "slip_rate": "Less than 0.2 mm/yr"
      }
    },
    {
      "type": "Feature",
      "geometry": {
        "type": "LineString",
        "coordinates": [
          [
            -106.98303024594516,
            34.34996579579597
          ],
          [
            -106.984033391928,
            34.352355601025984
          ],
          [
            -106.98460381674352,
            34.35397599077876
          ]
        ]
      },
      "properties": {
        "fault_name": "Loma Pelada fault",
        "age": "late Quaternary",
        "slip_rate": "Less than 0.2 mm/yr"
      }
    },
    {
      "type": "Feature",
      "geometry": {
        "type": "LineString",
        "coordinates": [
          [
            -106.98356337809997,
            34.363509866792896
          ],
          [
            -106.98372084378613,
            34.36416531084827
          ],
          [
            -106.98397522870829,
            34.36521805121519
          ],
          [
            -106.98390716156258,
            34.366125299760235
          ],
          [
            -106.9834480820282,
            34.367775437629504
          ],
          [
            -106.98286418428005,
            34.368993547339876
          ],
          [
            -106.98267560634234,
            34.369638583336574
          ],
          [
            -106.98276636942371,
            34.37052423532558
          ],
          [
            -106.98283533039312,
            34.3714480129819
          ],
          [
            -106.98304372965758,
            34.37248266374541
          ],
          [
            -106.98290928060563,
            34.3734665563693
          ],
          [
            -106.98273649684727,
            34.37509393816862
          ]
        ]
      },
      "properties": {
        "fault_name": "Loma Pelada fault",
        "age": "late Quaternary",
        "slip_rate": "Less than 0.2 mm/yr"
      }
    },
    {
      "type": "Feature",
      "geometry": {
        "type": "LineString",
        "coordinates": [
          [
            -106.98341208473813,
            34.33883418029581
          ],
          [
            -106.98392212030869,
            34.339704314136206
          ]
        ]
      },
      "properties": {
        "fault_name": "Loma Pelada fault",
        "age": "late Quaternary",
        "slip_rate": "Less than 0.2 mm/yr"
      }
    },
    {
      "type": "Feature",
      "geometry": {
        "type": "LineString",
        "coordinates": [
          [
            -106.98366576807605,
            34.33244759800714
          ],
          [
            -106.98351011429183,
            34.33331038527209
          ]
        ]
      },
      "properties": {
        "fault_name": "Loma Pelada fault",
        "age": "late Quaternary",
        "slip_rate": "Less than 0.2 mm/yr"
      }
    },
    {
      "type": "Feature",
      "geometry": {
        "type": "LineString",
        "coordinates": [
          [
            -106.98273649684727,
            34.37509393816862
          ],
          [
            -106.98278347873661,
            34.37623360205163
          ],
          [
            -106.98283517857784,
            34.37687739380626
          ],
          [
            -106.98293982512192,
            34.37772449086516
          ],
          [
            -106.98294439485177,
            34.377761478285386
          ],
          [
            -106.98309632781407,
            34.37880193703455
          ],
          [
            -106.9832236631073,
            34.379626491867704
          ],
          [
            -106.98333880287221,
            34.38061504023838
          ],
          [
            -106.98334976231868,
            34.38180466131684
          ],
          [
            -106.98339234695472,
            34.382937385907404
          ],
          [
            -106.98346912865699,
            34.38454643471328
          ],
          [
            -106.98349556787244,
            34.38511855470606
          ],
          [
            -106.98363766697736,
            34.38675159327368
          ]
        ]
      },
      "properties": {
        "fault_name": "Loma Pelada fault",
        "age": "late Quaternary",
        "slip_rate": "Less than 0.2 mm/yr"
      }
    },
    {
      "type": "Feature",
      "geometry": {
        "type": "LineString",
        "coordinates": [
          [
            -106.98134543766348,
            34.35298416301259
          ],
          [
            -106.98149773085024,
            34.35567526189345
          ],
          [
            -106.98184583700596,
            34.35924734394681
          ],
          [
            -106.98204014439858,
            34.35966093294218
          ],
          [
            -106.98237526001698,
            34.36020459187454
          ],
          [
            -106.98275299261081,
            34.36063361024785
          ],
          [
            -106.98313695681777,
            34.36129014389852
          ],
          [
            -106.98335721743722,
            34.36265171566587
          ],
          [
            -106.98356337809997,
            34.363509866792896
          ]
        ]
      },
      "properties": {
        "fault_name": "Loma Pelada fault",
        "age": "late Quaternary",
        "slip_rate": "Less than 0.2 mm/yr"
      }
    },
    {
      "type": "Feature",
      "geometry": {
        "type": "LineString",
        "coordinates": [
          [
            -106.98239905369392,
            34.348781009909516
          ],
          [
            -106.98197953416803,
            34.34940561524285
          ],
          [
            -106.98144638494522,
            34.35081966030979
          ],
          [
            -106.98135851084581,
            34.35178881434869
          ]
        ]
      },
      "properties": {
        "fault_name": "Loma Pelada fault",
        "age": "late Quaternary",
        "slip_rate": "Less than 0.2 mm/yr"
      }
    },
    {
      "type": "Feature",
      "geometry": {
        "type": "LineString",
        "coordinates": [
          [
            -106.98174640697876,
            34.33902376484403
          ],
          [
            -106.98146785018893,
            34.340546720935066
          ],
          [
            -106.98131658826813,
            34.34170679605815
          ]
        ]
      },
      "properties": {
        "fault_name": "Loma Pelada fault",
        "age": "late Quaternary",
        "slip_rate": "Less than 0.2 mm/yr"
      }
    },
    {
      "type": "Feature",
      "geometry": {
        "type": "LineString",
        "coordinates": [
          [
            -106.9784327419829,
            34.338271904081644
          ],
          [
            -106.97936918625925,
            34.33990424701359
          ],
          [
            -106.98016800414248,
            34.34152026311717
          ],
          [
            -106.98078768268674,
            34.34243784373313
          ]
        ]
      },
      "properties": {
        "fault_name": "Loma Pelada fault",
        "age": "late Quaternary",
        "slip_rate": "Less than 0.2 mm/yr"
      }
    },
    {
      "type": "Feature",
      "geometry": {
        "type": "LineString",
        "coordinates": [
          [
            -106.97625614560903,
            34.33590634602026
          ],
          [
            -106.97726772587409,
            34.336694919024076
          ]
        ]
      },
      "properties": {
        "fault_name": "Loma Pelada fault",
        "age": "late Quaternary",
        "slip_rate": "Less than 0.2 mm/yr"
      }
    },
    {
      "type": "Feature",
      "geometry": {
        "type": "LineString",
        "coordinates": [
          [
            -106.97552862431495,
            34.33453605401998
          ],
          [
            -106.97544965521494,
            34.33492170605952
          ]
        ]
      },
      "properties": {
        "fault_name": "Loma Pelada fault",
        "age": "late Quaternary",
        "slip_rate": "Less than 0.2 mm/yr"
      }
    },
    {
      "type": "Feature",
      "geometry": {
        "type": "LineString",
        "coordinates": [
          [
            -106.97540967030334,
            34.333256861252394
          ],
          [
            -106.9754933932878,
            34.33398756791697
          ]
        ]
      },
      "properties": {
        "fault_name": "Loma Pelada fault",
        "age": "late Quaternary",
        "slip_rate": "Less than 0.2 mm/yr"
      }
    },
    {
      "type": "Feature",
      "geometry": {
        "type": "LineString",
        "coordinates": [
          [
            -106.97467028855255,
            34.331859801343974
          ],
          [
            -106.97476243503944,
            34.33202299976965
          ],
          [
            -106.97514428910378,
            34.33230952778005
          ],
          [
            -106.97528097406247,
            34.33249029212446
          ],
          [
            -106.97535151337185,
            34.332672150246154
          ]
        ]
      },
      "properties": {
        "fault_name": "Loma Pelada fault",
        "age": "late Quaternary",
        "slip_rate": "Less than 0.2 mm/yr"
      }
    },
    {
      "type": "Feature",
      "geometry": {
        "type": "LineString",
        "coordinates": [
          [
            -106.9749795919796,
            34.334636637171855
          ],
          [
            -106.97518462525667,
            34.33490778269675
          ]
        ]
      },
      "properties": {
        "fault_name": "Loma Pelada fault",
        "age": "late Quaternary",
        "slip_rate": "Less than 0.2 mm/yr"
      }
    },
    {
      "type": "Feature",
      "geometry": {
        "type": "LineString",
        "coordinates": [
          [
            -106.97128857886884,
            34.31021188263847
          ],
          [
            -106.9724519510607,
            34.311757620034214
          ],
          [
            -106.97281120081755,
            34.31236239988508
          ],
          [
            -106.97288377211608,
            34.31251388020274
          ]
        ]
      },
      "properties": {
        "fault_name": "Loma Pelada fault",
        "age": "late Quaternary",
        "slip_rate": "Less than 0.2 mm/yr"
      }
    },
    {
      "type": "Feature",
      "geometry": {
        "type": "LineString",
        "coordinates": [
          [
            -106.96862157241844,
            34.311676482337454
          ],
          [
            -106.96944232087273,
            34.31332333272724
          ],
          [
            -106.970095426627,
            34.31468667169165
          ],
          [
            -106.97031538181926,
            34.315236505975015
          ]
        ]
      },
      "properties": {
        "fault_name": "Loma Pelada fault",
        "age": "late Quaternary",
        "slip_rate": "Less than 0.2 mm/yr"
      }
    },
    {
      "type": "Feature",
      "geometry": {
        "type": "LineString",
        "coordinates": [
          [
            -106.96503184794923,
            34.300803628968794
          ],
          [
            -106.96525021222514,
            34.301236695772864
          ],
          [
            -106.9652805842649,
            34.3015022967648
          ],
          [
            -106.96538072126626,
            34.301804568330745
          ]
        ]
      },
      "properties": {
        "fault_name": "Loma Pelada fault",
        "age": "late Quaternary",
        "slip_rate": "Less than 0.2 mm/yr"
      }
    },
    {
      "type": "Feature",
      "geometry": {
        "type": "LineString",
        "coordinates": [
          [
            -106.96015904808164,
            34.28882994469845
          ],
          [
            -106.96072877221124,
            34.28954140722864
          ],
          [
            -106.96178093027598,
            34.29111812793895
          ],
          [
            -106.96244655674867,
            34.292797419824275
          ],
          [
            -106.96299506267127,
            34.294383914356175
          ],
          [
            -106.9630493891864,
            34.294687079104904
          ]
        ]
      },
      "properties": {
        "fault_name": "Loma Pelada fault",
        "age": "late Quaternary",
        "slip_rate": "Less than 0.2 mm/yr"
      }
    },
    {
      "type": "Feature",
      "geometry": {
        "type": "LineString",
        "coordinates": [
          [
            -106.95737366793131,
            34.282343616114275
          ],
          [
            -106.9577028160413,
            34.28325780592325
          ],
          [
            -106.95803643596479,
            34.28472534877037
          ],
          [
            -106.9582753599826,
            34.28584991720692
          ],
          [
            -106.95848853379277,
            34.28663114572844
          ],
          [
            -106.95883792364106,
            34.287201749639394
          ],
          [
            -106.9596038218624,
            34.28811361323871
          ],
          [
            -106.9600445479172,
            34.28860739933952
          ]
        ]
      },
      "properties": {
        "fault_name": "Loma Pelada fault",
        "age": "late Quaternary",
        "slip_rate": "Less than 0.2 mm/yr"
      }
    },
    {
      "type": "Feature",
      "geometry": {
        "type": "LineString",
        "coordinates": [
          [
            -106.9565821290968,
            34.278960430046574
          ],
          [
            -106.95663818666549,
            34.27987040564712
          ],
          [
            -106.95681358991122,
            34.280831924015445
          ],
          [
            -106.9570797310855,
            34.281691640349806
          ],
          [
            -106.95717336518251,
            34.28195707971568
          ]
        ]
      },
      "properties": {
        "fault_name": "Loma Pelada fault",
        "age": "late Quaternary",
        "slip_rate": "Less than 0.2 mm/yr"
      }
    },
    {
      "type": "Feature",
      "geometry": {
        "type": "LineString",
        "coordinates": [
          [
            -106.95339866322325,
            34.26922300874741
          ],
          [
            -106.95350851640272,
            34.26961500514824
          ],
          [
            -106.95355606512904,
            34.269842703057165
          ]
        ]
      },
      "properties": {
        "fault_name": "Loma Pelada fault",
        "age": "late Quaternary",
        "slip_rate": "Less than 0.2 mm/yr"
      }
    },
    {
      "type": "Feature",
      "geometry": {
        "type": "LineString",
        "coordinates": [
          [
            -106.95317469166336,
            34.26789448595044
          ],
          [
            -106.95320777931022,
            34.26822357282868
          ],
          [
            -106.95331782922074,
            34.268640897000914
          ]
        ]
      },
      "properties": {
        "fault_name": "Loma Pelada fault",
        "age": "late Quaternary",
        "slip_rate": "Less than 0.2 mm/yr"
      }
    },
    {
      "type": "Feature",
      "geometry": {
        "type": "LineString",
        "coordinates": [
          [
            -106.94958601103652,
            34.26401774399676
          ],
          [
            -106.94982082795683,
            34.264656724358375
          ],
          [
            -106.9502323228323,
            34.265494786186544
          ]
        ]
      },
      "properties": {
        "fault_name": "Loma Pelada fault",
        "age": "late Quaternary",
        "slip_rate": "Less than 0.2 mm/yr"
      }
    },
    {
      "type": "Feature",
      "geometry": {
        "type": "LineString",
        "coordinates": [
          [
            -106.94936432209576,
            34.26324748914746
          ],
          [
            -106.94948089826681,
            34.26368112888085
          ]
        ]
      },
      "properties": {
        "fault_name": "Loma Pelada fault",
        "age": "late Quaternary",
        "slip_rate": "Less than 0.2 mm/yr"
      }
    },
    {
      "type": "Feature",
      "geometry": {
        "type": "LineString",
        "coordinates": [
          [
            -106.948163502733,
            34.25903731829637
          ],
          [
            -106.94830928493055,
            34.259579060270276
          ],
          [
            -106.94853758098023,
            34.260239260104264
          ]
        ]
      },
      "properties": {
        "fault_name": "Loma Pelada fault",
        "age": "late Quaternary",
        "slip_rate": "Less than 0.2 mm/yr"
      }
    },
    {
      "type": "Feature",
      "geometry": {
        "type": "LineString",
        "coordinates": [
          [
            -106.94808842333816,
            34.25875830862989
          ],
          [
            -106.948163502733,
            34.25903731829637
          ]
        ]
      },
      "properties": {
        "fault_name": "Loma Pelada fault",
        "age": "late Quaternary",
        "slip_rate": "Less than 0.2 mm/yr"
      }
    },
    {
      "type": "Feature",
      "geometry": {
        "type": "LineString",
        "coordinates": [
          [
            -106.94799304291622,
            34.25840386075531
          ],
          [
            -106.94808842333816,
            34.25875830862989
          ]
        ]
      },
      "properties": {
        "fault_name": "Loma Pelada fault",
        "age": "late Quaternary",
        "slip_rate": "Less than 0.2 mm/yr"
      }
    },
    {
      "type": "Feature",
      "geometry": {
        "type": "LineString",
        "coordinates": [
          [
            -106.94710964505572,
            34.25284036774959
          ],
          [
            -106.94716259086027,
            34.25384048691105
          ],
          [
            -106.94714614989392,
            34.254614663641256
          ],
          [
            -106.94720304289584,
            34.25519205220541
          ],
          [
            -106.94749149013693,
            34.25649959267199
          ],
          [
            -106.94755228721702,
            34.25672810569231
          ]
        ]
      },
      "properties": {
        "fault_name": "Loma Pelada fault",
        "age": "late Quaternary",
        "slip_rate": "Less than 0.2 mm/yr"
      }
    },
    {
      "type": "Feature",
      "geometry": {
        "type": "LineString",
        "coordinates": [
          [
            -106.9440681094038,
            34.24895309692466
          ],
          [
            -106.94521336976293,
            34.24957619810683
          ]
        ]
      },
      "properties": {
        "fault_name": "Loma Pelada fault",
        "age": "late Quaternary",
        "slip_rate": "Less than 0.2 mm/yr"
      }
    },
    {
      "type": "Feature",
      "geometry": {
        "type": "LineString",
        "coordinates": [
          [
            -106.7505884667418,
            34.384653667801295
          ],
          [
            -106.75138102067257,
            34.38417396165098
          ],
          [
            -106.75266500336942,
            34.38358511462968
          ],
          [
            -106.75423665267138,
            34.382992598911436
          ]
        ]
      },
      "properties": {
        "fault_name": "unnamed faults on the Llano de Manzano",
        "age": "middle and late Quaternary",
        "slip_rate": "Less than 0.2 mm/yr"
      }
    },
    {
      "type": "Feature",
      "geometry": {
        "type": "LineString",
        "coordinates": [
          [
            -106.7505884667418,
            34.384653667801295
          ],
          [
            -106.75264316532486,
            34.38319912080081
          ],
          [
            -106.75324109296112,
            34.38278726195454
          ]
        ]
      },
      "properties": {
        "fault_name": "unnamed faults on the Llano de Manzano",
        "age": "middle and late Quaternary",
        "slip_rate": "Less than 0.2 mm/yr"
      }
    },
    {
      "type": "Feature",
      "geometry": {
        "type": "LineString",
        "coordinates": [
          [
            -106.73905753365136,
            34.397088044804576
          ],
          [
            -106.7392161976901,
            34.39689621296793
          ],
          [
            -106.73928994667997,
            34.39680704921395
          ],
          [
            -106.73950400533072,
            34.396548244004954
          ],
          [
            -106.73968499160594,
            34.39639298021246
          ],
          [
            -106.73995643823031,
            34.396160109927244
          ],
          [
            -106.74017103407358,
            34.39577924867195
          ],
          [
            -106.7403103133668,
            34.39553205421604
          ],
          [
            -106.7404423845782,
            34.39529765232897
          ],
          [
            -106.74056350981783,
            34.39516497003222
          ],
          [
            -106.74101909310913,
            34.394665912016904
          ],
          [
            -106.74163869080499,
            34.394012974911284
          ],
          [
            -106.74166762194703,
            34.39382786895219
          ],
          [
            -106.74171216041881,
            34.393542886988484
          ],
          [
            -106.74176573773897,
            34.39320006333861
          ],
          [
            -106.74203910136815,
            34.392504346006774
          ],
          [
            -106.7424002492652,
            34.39187894482787
          ],
          [
            -106.74255407677445,
            34.390970227273996
          ],
          [
            -106.74294101709994,
            34.39020132227856
          ],
          [
            -106.74358785261353,
            34.389476422267045
          ],
          [
            -106.74374183463301,
            34.38933721391712
          ],
          [
            -106.7444032462104,
            34.388739259129785
          ],
          [
            -106.74516966096303,
            34.388046357313364
          ],
          [
            -106.74695835042415,
            34.38704568406055
          ],
          [
            -106.74778455165223,
            34.3864822359924
          ],
          [
            -106.74875320681971,
            34.386015125979824
          ],
          [
            -106.74934688901796,
            34.385505662075644
          ],
          [
            -106.74994106079801,
            34.38502004487605
          ],
          [
            -106.7505884667418,
            34.384653667801295
          ]
        ]
      },
      "properties": {
        "fault_name": "unnamed faults on the Llano de Manzano",
        "age": "middle and late Quaternary",
        "slip_rate": "Less than 0.2 mm/yr"
      }
    }
  ]
}