{
  "type": "FeatureCollection",
  "features": [
    {
      "type": "Feature",
      "geometry": {
        "type": "LineString",
        "coordinates": [
          [
            -76.050544140753,
            39.9347317161539
          ],
          [
            -76.0515225345565,
            39.9370345912166
          ]
        ]
      },
      "properties": {
        "STATE": "PA",
        "DESCRIPTION": "Fault, sense of displacement unknown or undefined, certain",
        "RuleID": 22
      }
    },
    {
      "type": "Feature",
      "geometry": {
        "type": "LineString",
        "coordinates": [
          [
            -76.3310074906796,
            39.9459412395756
          ],
          [
            -76.3288639442233,
            39.9453235024372
          ],
          [
            -76.327301619434,
            39.9446261479736
          ],
          [
            -76.3258618913248,
            39.9436090259885
          ],
          [
            -76.3245414433156,
            39.9424327271827
          ],
          [
            -76.3239123773767,
            39.9414612366914
          ],
          [
            -76.3234934309759,
            39.9404209380753
          ],
          [
            -76.3234843274488,
            39.9397426273482
          ],
          [
            -76.3237504174191,
            39.9392104797458
          ],
          [
            -76.324225117758,
            39.938680897106
          ],
          [
            -76.3246706740541,
            39.9383471301303
          ]
        ]
      },
      "properties": {
        "STATE": "PA",
        "DESCRIPTION": "Fault, sense of displacement unknown or undefined, certain",
        "RuleID": 22
      }
    },
    {
      "type": "Feature",
      "geometry": {
        "type": "LineString",
        "coordinates": [
          [
            -76.3267241374536,
            39.9367431786614
          ],
          [
            -76.3278561988662,
            39.9354981595401
          ],
          [
            -76.3289050583173,
            39.9336226587188
          ],
          [
            -76.3296080906384,
            39.9321872332252
          ],
          [
            -76.3304561092498,
            39.9307165472377
          ],
          [
            -76.3310079524136,
            39.9296125009385
          ],
          [
            -76.3315178074228,
            39.9282117229228
          ],
          [
            -76.3313560361115,
            39.9267286769274
          ],
          [
            -76.3314239747981,
            39.9257668140391
          ],
          [
            -76.3319788147418,
            39.9245146910039
          ],
          [
            -76.332431993243,
            39.9234770144727
          ],
          [
            -76.3328829843466,
            39.9231406298482
          ],
          [
            -76.3342133964689,
            39.922467483619
          ],
          [
            -76.3362287003335,
            39.921308219271
          ],
          [
            -76.3388086959655,
            39.9197845144391
          ],
          [
            -76.341342777805,
            39.9181491152161
          ]
        ]
      },
      "properties": {
        "STATE": "PA",
        "DESCRIPTION": "Fault, sense of displacement unknown or undefined, certain",
        "RuleID": 22
      }
    },
    {
      "type": "Feature",
      "geometry": {
        "type": "LineString",
        "coordinates": [
          [
            -76.161932803346,
            39.8179222711603
          ],
          [
            -76.1643700396114,
            39.8161129338098
          ],
          [
            -76.1670967373158,
            39.8142630454911
          ],
          [
            -76.1684827964767,
            39.8133107869143
          ],
          [
            -76.1705056623593,
            39.8120434594974
          ],
          [
            -76.1718916280954,
            39.8110911577498
          ],
          [
            -76.1781566405836,
            39.8074446013681
          ],
          [
            -76.1858266639903,
            39.8033186107342
          ],
          [
            -76.1921874521591,
            39.7996197707133
          ],
          [
            -76.2002609269261,
            39.7954492387965
          ],
          [
            -76.2014135768268,
            39.7948130635497
          ],
          [
            -76.2035539342638,
            39.793631751982
          ],
          [
            -76.208235453163,
            39.7906996106555
          ],
          [
            -76.2146376671411,
            39.7858477314188
          ],
          [
            -76.2192276719674,
            39.7822664941075
          ],
          [
            -76.2235989918193,
            39.7788333503039
          ],
          [
            -76.2287190341042,
            39.7751884636191
          ],
          [
            -76.2350355577874,
            39.7704126044161
          ],
          [
            -76.2375503267466,
            39.7683948068717
          ],
          [
            -76.2398206578288,
            39.7664814259298
          ]
        ]
      },
      "properties": {
        "STATE": "PA",
        "DESCRIPTION": "Fault, sense of displacement unknown or undefined, certain",
        "RuleID": 22
      }
    },
    {
      "type": "Feature",
      "geometry": {
        "type": "LineString",
        "coordinates": [
          [
            -76.0482598759025,
            39.9254087237663
          ],
          [
            -76.04814171151,
            39.9245899412443
          ],
          [
            -76.0479783088581,
            39.9237349676858
          ]
        ]
      },
      "properties": {
        "STATE": "PA",
        "DESCRIPTION": "Fault, sense of displacement unknown or undefined, certain",
        "RuleID": 22
      }
    },
    {
      "type": "Feature",
      "geometry": {
        "type": "LineString",
        "coordinates": [
          [
            -76.0500551104888,
            39.933352287508
          ],
          [
            -76.0499510658159,
            39.9330582438102
          ]
        ]
      },
      "properties": {
        "STATE": "PA",
        "DESCRIPTION": "Fault, sense of displacement unknown or undefined, certain",
        "RuleID": 22
      }
    },
    {
      "type": "Feature",
      "geometry": {
        "type": "LineString",
        "coordinates": [
          [
            -76.0482598759025,
            39.9254087237663
          ],
          [
            -76.0452060486025,
            39.9257546763622
          ],
          [
            -76.0431225518281,
            39.9260437721074
          ],
          [
            -76.0398137862438,
            39.9265079605264
          ],
          [
            -76.0379807209059,
            39.9268561464473
          ],
          [
            -76.0360850043652,
            39.9270596747618
          ],
          [
            -76.0343218549059,
            39.9274060275212
          ],
          [
            -76.0326516199931,
            39.9277720921185
          ],
          [
            -76.030992732599,
            39.9281111171721
          ],
          [
            -76.0288010562064,
            39.928603153552
          ],
          [
            -76.026296948453,
            39.92909885046
          ],
          [
            -76.0227957340905,
            39.9297429629942
          ],
          [
            -76.0194409136782,
            39.9301691182061
          ],
          [
            -76.0158730973221,
            39.9307552976352
          ],
          [
            -76.0133670348346,
            39.9313217333064
          ],
          [
            -76.0120221867857,
            39.9315857924461
          ],
          [
            -76.0092845287366,
            39.9321841947856
          ],
          [
            -76.0070045021375,
            39.9329315015282
          ],
          [
            -76.0053801271183,
            39.9332978568794
          ],
          [
            -76.0020226719472,
            39.9340055467318
          ],
          [
            -75.9996743626068,
            39.934574980752
          ],
          [
            -75.9961786674934,
            39.9353214878677
          ],
          [
            -75.9938831862782,
            39.9357219816682
          ],
          [
            -75.9924315465083,
            39.9359361496081
          ],
          [
            -75.9908029458139,
            39.9362150853818
          ],
          [
            -75.9890446400707,
            39.9364245624984
          ],
          [
            -75.9827217626034,
            39.9369019341256
          ],
          [
            -75.9810492953771,
            39.9371800669756
          ],
          [
            -75.979636187943,
            39.9375970702402
          ],
          [
            -75.9787487503587,
            39.9380220820904
          ],
          [
            -75.9779463131632,
            39.9385495904371
          ],
          [
            -75.977190276647,
            39.9389765972312
          ],
          [
            -75.9764806524883,
            39.9393031029762
          ],
          [
            -75.9756842717344,
            39.9395945425121
          ],
          [
            -75.9749789855402,
            39.939752431105
          ],
          [
            -75.9734395929435,
            39.9399650181387
          ],
          [
            -75.9724714471208,
            39.9401188649657
          ],
          [
            -75.9717696365084,
            39.9401418479453
          ],
          [
            -75.9711983807513,
            39.9402005612992
          ],
          [
            -75.9703160977,
            39.9404231778887
          ],
          [
            -75.9695599983018,
            39.9408501323553
          ],
          [
            -75.9685401580277,
            39.9413067695722
          ],
          [
            -75.9672110170216,
            39.9418598501284
          ],
          [
            -75.9658432951705,
            39.9422099112003
          ],
          [
            -75.964745421841,
            39.9422942311671
          ],
          [
            -75.9639997806293,
            39.9423164909378
          ],
          [
            -75.9635599304319,
            39.9423771900999
          ],
          [
            -75.9630727623752,
            39.942572098291
          ],
          [
            -75.9625417834821,
            39.942766329598
          ],
          [
            -75.9601094062042,
            39.943605941912
          ],
          [
            -75.9583867366282,
            39.9441191123027
          ],
          [
            -75.9569286676159,
            39.9445688778165
          ],
          [
            -75.9549448425154,
            39.94501049508
          ],
          [
            -75.9534043997881,
            39.9452565325134
          ],
          [
            -75.9512558793602,
            39.9452907154814
          ],
          [
            -75.9491494009858,
            39.9453929819162
          ],
          [
            -75.9472987098038,
            39.9457690617447
          ],
          [
            -75.9466835794298,
            39.9458269734497
          ],
          [
            -75.945660822326,
            39.946004443743
          ],
          [
            -75.9446164652312,
            39.9460984427372
          ],
          [
            -75.9425099581108,
            39.946200586755
          ],
          [
            -75.9411938309981,
            39.9462475465337
          ],
          [
            -75.9403131568296,
            39.946402489402
          ],
          [
            -75.9387341566136,
            39.9464453203526
          ],
          [
            -75.9372794742499,
            39.9467599512642
          ],
          [
            -75.9351184438833,
            39.9472659267671
          ],
          [
            -75.9331299610181,
            39.9478757686198
          ],
          [
            -75.9317172551309,
            39.948258456368
          ],
          [
            -75.9301757730529,
            39.9485379031765
          ],
          [
            -75.9287710792397,
            39.9486170675589
          ],
          [
            -75.9281120994018,
            39.9486741917733
          ],
          [
            -75.9276686056376,
            39.9488696357116
          ],
          [
            -75.9273556532539,
            39.9491008619848
          ],
          [
            -75.9270373343346,
            39.9495344168015
          ],
          [
            -75.9261914609001,
            39.9500271427646
          ],
          [
            -75.924861821329,
            39.9505797272428
          ],
          [
            -75.9229178697491,
            39.9511563559971
          ],
          [
            -75.9211545253554,
            39.9515333930256
          ],
          [
            -75.9197470710194,
            39.9517136085676
          ],
          [
            -75.9182090636248,
            39.9518580105254
          ],
          [
            -75.9173273761566,
            39.9520464949999
          ],
          [
            -75.9161425764503,
            39.952095244652
          ],
          [
            -75.9146036554691,
            39.9522733191397
          ],
          [
            -75.9134215534035,
            39.952220878554
          ],
          [
            -75.9128966767662,
            39.9521788341931
          ],
          [
            -75.9124120096192,
            39.9522723640096
          ],
          [
            -75.9119237348381,
            39.9525007719332
          ],
          [
            -75.9101584985925,
            39.9529450794033
          ],
          [
            -75.905748025669,
            39.9539545684054
          ],
          [
            -75.9013338040758,
            39.955098765504
          ],
          [
            -75.89982605194,
            39.9554029932051
          ],
          [
            -75.8990730157969,
            39.9556209839161
          ],
          [
            -75.8985463524104,
            39.955756330174
          ],
          [
            -75.8975739009626,
            39.9557983082964
          ],
          [
            -75.8962661416567,
            39.9558061706701
          ],
          [
            -75.8953675973022,
            39.9558780605984
          ],
          [
            -75.894357800193,
            39.9559194140917
          ],
          [
            -75.8939423769849,
            39.9560852705799
          ],
          [
            -75.893371370061,
            39.9564786350896
          ],
          [
            -75.8920931743112,
            39.9567744228656
          ],
          [
            -75.890292164456,
            39.9570618183029
          ],
          [
            -75.8890878515451,
            39.9573875085355
          ],
          [
            -75.8885930514017,
            39.9577245717932
          ],
          [
            -75.8876781226748,
            39.9583998893682
          ],
          [
            -75.8868798806116,
            39.9589045730959
          ],
          [
            -75.8858186621389,
            39.9594625261478
          ],
          [
            -75.8845714816226,
            39.9599887310073
          ],
          [
            -75.8823875442163,
            39.9606148447627
          ],
          [
            -75.8773807660139,
            39.9620003874069
          ],
          [
            -75.8748203653332,
            39.9626250464769
          ],
          [
            -75.8729230273335,
            39.9629797307489
          ],
          [
            -75.8710986289415,
            39.9634837837301
          ],
          [
            -75.8701639247018,
            39.9638540094971
          ],
          [
            -75.8687172580053,
            39.964630936192
          ],
          [
            -75.866887915286,
            39.9653127042673
          ],
          [
            -75.8649446401375,
            39.965933304705
          ],
          [
            -75.8627005883707,
            39.966282186441
          ],
          [
            -75.8605351625474,
            39.9665730180849
          ],
          [
            -75.8594544838707,
            39.9666443431516
          ],
          [
            -75.8586327544561,
            39.9671052461321
          ],
          [
            -75.8570236912209,
            39.9681758144257
          ],
          [
            -75.85651408774,
            39.9684935791037
          ],
          [
            -75.855389145476,
            39.968771646856
          ],
          [
            -75.8538774623125,
            39.9691026719612
          ],
          [
            -75.8516332587304,
            39.9694513364931
          ],
          [
            -75.8505476114719,
            39.9697003578942
          ],
          [
            -75.8498847464203,
            39.9699859386318
          ],
          [
            -75.8487876043194,
            39.970649765436
          ],
          [
            -75.847576548654,
            39.9712524255828
          ],
          [
            -75.8462548681562,
            39.9716753957266
          ],
          [
            -75.844742259728,
            39.972035930147
          ],
          [
            -75.8436967042806,
            39.9722262570057
          ],
          [
            -75.8423815644165,
            39.972412142978
          ],
          [
            -75.8409164903415,
            39.9724473291809
          ],
          [
            -75.8395685961055,
            39.9724251391089
          ],
          [
            -75.8382575678304,
            39.972462829802
          ],
          [
            -75.8373316500125,
            39.972506852621
          ],
          [
            -75.8347307478889,
            39.9732050297969
          ],
          [
            -75.8327894607121,
            39.9737361887323
          ],
          [
            -75.8315873217242,
            39.9740127502546
          ],
          [
            -75.8304621971022,
            39.9742905711337
          ],
          [
            -75.8281005280169,
            39.9746961209928
          ],
          [
            -75.8255119121515,
            39.9749496398908
          ],
          [
            -75.8236608337955,
            39.9750078469937
          ],
          [
            -75.8227323845252,
            39.9751406435936
          ],
          [
            -75.8216038813394,
            39.9755368964411
          ],
          [
            -75.8206546100191,
            39.9764104163892
          ],
          [
            -75.8193528640358,
            39.9774855674025
          ],
          [
            -75.8179430381475,
            39.9782921104119
          ],
          [
            -75.815450600408,
            39.9792288030226
          ],
          [
            -75.8130376357233,
            39.9800778393532
          ],
          [
            -75.8106254489796,
            39.980897194851
          ],
          [
            -75.8081361778015,
            39.9817152092865
          ],
          [
            -75.8062312966482,
            39.9823058156081
          ],
          [
            -75.8042099965291,
            39.9829240811592
          ],
          [
            -75.802351133373,
            39.9832486053872
          ],
          [
            -75.8005684464545,
            39.9836040230834
          ],
          [
            -75.798586418883,
            39.9841932068633
          ],
          [
            -75.7967660179941,
            39.9845182887853
          ],
          [
            -75.7952571061332,
            39.9847300160258
          ],
          [
            -75.7937934585829,
            39.9847053424131
          ],
          [
            -75.7923649522282,
            39.9847998147627
          ],
          [
            -75.7906617482462,
            39.9850674909875
          ],
          [
            -75.7889183239939,
            39.9853937491781
          ],
          [
            -75.7874009059856,
            39.9859016661378
          ],
          [
            -75.7859219843806,
            39.9864102091033
          ],
          [
            -75.7843325762837,
            39.9867390082172
          ],
          [
            -75.7827063318704,
            39.987007869634
          ],
          [
            -75.7816946698587,
            39.987346425639
          ],
          [
            -75.7795985346865,
            39.9878740587663
          ],
          [
            -75.7779311770775,
            39.9882310856597
          ],
          [
            -75.7765787670105,
            39.9883563014582
          ],
          [
            -75.775002913593,
            39.9882109063265
          ],
          [
            -75.7735032498881,
            39.9880964300176
          ],
          [
            -75.7716132888534,
            39.9881531399497
          ],
          [
            -75.7699073719592,
            39.9885093938392
          ],
          [
            -75.7687809241188,
            39.9888162348621
          ],
          [
            -75.7675440472788,
            39.988943317528
          ],
          [
            -75.765654060193,
            39.9889999276476
          ],
          [
            -75.7639112872193,
            39.9892961748764
          ],
          [
            -75.7625091724693,
            39.9898057366509
          ],
          [
            -75.7609067091565,
            39.9905786353224
          ],
          [
            -75.7594668840292,
            39.9910578671437
          ],
          [
            -75.7579183573626,
            39.9912980719568
          ],
          [
            -75.756451161467,
            39.9913914374526
          ],
          [
            -75.7551012424283,
            39.9914275154719
          ],
          [
            -75.7539105749265,
            39.9912884552188
          ],
          [
            -75.7531830087166,
            39.9911277151626
          ],
          [
            -75.7524519974677,
            39.9910854855027
          ],
          [
            -75.7514392736473,
            39.9914534020808
          ],
          [
            -75.7502698728615,
            39.9919075376206
          ],
          [
            -75.7494097341804,
            39.9921811219638
          ],
          [
            -75.7483676363485,
            39.9923786493724
          ],
          [
            -75.7463934905953,
            39.9926706245985
          ],
          [
            -75.7439929819503,
            39.9930441182281
          ],
          [
            -75.7431805456074,
            39.9931486304774
          ],
          [
            -75.7408133249336,
            39.9937004934371
          ],
          [
            -75.7389144211703,
            39.994052929802
          ],
          [
            -75.7367368671923,
            39.9944339131839
          ],
          [
            -75.7346140170219,
            39.9948082594877
          ],
          [
            -75.7324847861181,
            39.9951269429526
          ],
          [
            -75.7305901637254,
            39.995331099497
          ],
          [
            -75.7285388221465,
            39.9956214242008
          ],
          [
            -75.7265207442843,
            39.9960901505355
          ],
          [
            -75.723997455703,
            39.9966982301051
          ],
          [
            -75.7214032038075,
            39.9970975077263
          ],
          [
            -75.7186171804634,
            39.9974637258472
          ],
          [
            -75.7169915226499,
            39.9975652205722
          ],
          [
            -75.7167636227573,
            39.9975794471912
          ],
          [
            -75.714453034574,
            39.9975092568658
          ],
          [
            -75.7121362992192,
            39.9976464126651
          ],
          [
            -75.7104204029404,
            39.9978208925509
          ]
        ]
      },
      "properties": {
        "STATE": "PA",
        "DESCRIPTION": "Fault, sense of displacement unknown or undefined, certain",
        "RuleID": 22
      }
    },
    {
      "type": "Feature",
      "geometry": {
        "type": "LineString",
        "coordinates": [
          [
            -76.3085568651674,
            39.9328612923279
          ],
          [
            -76.3064553688497,
            39.9353448368339
          ],
          [
            -76.3056564287955,
            39.9367418975185
          ],
          [
            -76.3055267992051,
            39.9383324255701
          ],
          [
            -76.3053079875682,
            39.9395886033532
          ],
          [
            -76.3053311730856,
            39.9407737428965
          ],
          [
            -76.3054536538831,
            39.9418120085115
          ],
          [
            -76.3058282657296,
            39.9422980212517
          ],
          [
            -76.3063533786239,
            39.9424896933324
          ],
          [
            -76.3069777885947,
            39.9425344875419
          ],
          [
            -76.3074075004058,
            39.94268794015
          ],
          [
            -76.3073027685218,
            39.9430939309246
          ],
          [
            -76.3078278930942,
            39.9432855945771
          ],
          [
            -76.3084530854976,
            39.9432933681668
          ],
          [
            -76.3097073564164,
            39.9431238187236
          ],
          [
            -76.3106179974846,
            39.9432832308878
          ],
          [
            -76.3118497934533,
            39.9441871515315
          ]
        ]
      },
      "properties": {
        "STATE": "PA",
        "DESCRIPTION": "Fault, sense of displacement unknown or undefined, certain",
        "RuleID": 22
      }
    },
    {
      "type": "Feature",
      "geometry": {
        "type": "LineString",
        "coordinates": [
          [
            -76.1639190790505,
            39.8897205323258
          ],
          [
            -76.165689320709,
            39.8902816458908
          ],
          [
            -76.16717184366,
            39.8908334534567
          ],
          [
            -76.1691061841647,
            39.8917457847626
          ],
          [
            -76.1710375296862,
            39.8927909446112
          ],
          [
            -76.1726834957133,
            39.8937435960717
          ],
          [
            -76.1735871595666,
            39.8944646526098
          ],
          [
            -76.1747641277603,
            39.8958095970481
          ],
          [
            -76.175317802589,
            39.8967473876136
          ],
          [
            -76.1755667841448,
            39.8984341291008
          ],
          [
            -76.1750105751686,
            39.9013628535562
          ],
          [
            -76.1747134016929,
            39.9029640518748
          ],
          [
            -76.1742779496471,
            39.9044856115352
          ],
          [
            -76.1736775696101,
            39.9055849360884
          ],
          [
            -76.1728542636522,
            39.9063711354266
          ],
          [
            -76.1714141016567,
            39.9073880982724
          ],
          [
            -76.1700473212401,
            39.9083707268003
          ],
          [
            -76.1684127449525,
            39.9094116468879
          ],
          [
            -76.1675842368508,
            39.9104192320869
          ],
          [
            -76.1671038079554,
            39.9112986599663
          ],
          [
            -76.1667373599981,
            39.9122239434454
          ],
          [
            -76.1665958465948,
            39.9133737848677
          ],
          [
            -76.1668691257823,
            39.9139976966533
          ],
          [
            -76.167434034942,
            39.9144483884026
          ],
          [
            -76.1681714835183,
            39.9149014253196
          ],
          [
            -76.1690259969492,
            39.9152674561793
          ],
          [
            -76.1702245732187,
            39.9156824618651
          ],
          [
            -76.1714847379841,
            39.915921096747
          ],
          [
            -76.1733775439833,
            39.9161683122125
          ],
          [
            -76.1748748774584,
            39.9161000391187
          ],
          [
            -76.177005851094,
            39.9159960326039
          ],
          [
            -76.1827762008811,
            39.9152323907603
          ],
          [
            -76.1851967087192,
            39.9150435451224
          ],
          [
            -76.1882478195137,
            39.9149517303396
          ],
          [
            -76.1916030890836,
            39.9150371235968
          ],
          [
            -76.1949666222559,
            39.9154849050584
          ],
          [
            -76.1974871422295,
            39.9159616276158
          ],
          [
            -76.200611415414,
            39.9177310261444
          ],
          [
            -76.2010615513214,
            39.9181800191209
          ],
          [
            -76.2016297159757,
            39.9184976922649
          ],
          [
            -76.2030486516794,
            39.91935829045
          ],
          [
            -76.2041850187171,
            39.9199936098643
          ],
          [
            -76.2044041357813,
            39.9204838168612
          ],
          [
            -76.2043376604502,
            39.9208816251568
          ],
          [
            -76.2039636917975,
            39.9221613147874
          ],
          [
            -76.203561821472,
            39.9246810052845
          ],
          [
            -76.2031183357926,
            39.9264913548426
          ],
          [
            -76.2025707479482,
            39.9278130265432
          ],
          [
            -76.2017415023297,
            39.9288651428044
          ],
          [
            -76.2003389905243,
            39.9298210083771
          ],
          [
            -76.1993630634946,
            39.9303090474623
          ],
          [
            -76.1978823021398,
            39.931069328383
          ],
          [
            -76.1963813448609,
            39.9318058594348
          ],
          [
            -76.1951037689486,
            39.9323203409956
          ],
          [
            -76.1942308598174,
            39.9327516360293
          ],
          [
            -76.1936290694254,
            39.9330596586539
          ],
          [
            -76.1922413465846,
            39.9338474768086
          ],
          [
            -76.1918267641995,
            39.9341800492872
          ],
          [
            -76.1916104849134,
            39.9344468781244
          ],
          [
            -76.1914171459047,
            39.9347319978759
          ],
          [
            -76.1915966275018,
            39.9350580851049
          ],
          [
            -76.192202156682,
            39.9351381426193
          ],
          [
            -76.1938385834991,
            39.9348284252432
          ],
          [
            -76.195571427394,
            39.9345415494313
          ],
          [
            -76.1972085396256,
            39.934281256405
          ],
          [
            -76.1989230255493,
            39.9339218943453
          ],
          [
            -76.2005993016324,
            39.9335898895761
          ],
          [
            -76.2018678907986,
            39.933473917971
          ],
          [
            -76.2033695676281,
            39.9332281398738
          ],
          [
            -76.2047909251898,
            39.9329512618445
          ],
          [
            -76.2056196515821,
            39.932942358785
          ],
          [
            -76.2060534112019,
            39.9332271769008
          ],
          [
            -76.2058887086878,
            39.9336435595178
          ],
          [
            -76.2054669514585,
            39.9339767935602
          ],
          [
            -76.2050119610553,
            39.9344017817434
          ],
          [
            -76.2050605329627,
            39.9348011182212
          ],
          [
            -76.2055177763407,
            39.9349400991675
          ],
          [
            -76.2076227374605,
            39.9350350887082
          ],
          [
            -76.2093111614612,
            39.9350214131981
          ],
          [
            -76.2108093878617,
            39.9350546803492
          ],
          [
            -76.2125362372987,
            39.9350332640672
          ],
          [
            -76.2136302667371,
            39.935003447814
          ],
          [
            -76.2146102307957,
            39.9349278157129
          ],
          [
            -76.2155326658452,
            39.9348514168876
          ],
          [
            -76.2162230040731,
            39.9348605394277
          ],
          [
            -76.2166227391032,
            39.9349987157301
          ],
          [
            -76.2166723674294,
            39.935353763689
          ],
          [
            -76.2162898764595,
            39.9356950696834
          ],
          [
            -76.2161407686987,
            39.9359669256343
          ],
          [
            -76.216251875028,
            39.9361455883174
          ],
          [
            -76.2165375464749,
            39.9362379601546
          ],
          [
            -76.217184420616,
            39.9362341676679
          ],
          [
            -76.2185540450988,
            39.9361316822836
          ],
          [
            -76.2197830670699,
            39.9362059003421
          ],
          [
            -76.2213729988845,
            39.9361688371276
          ],
          [
            -76.2218868271422,
            39.9363527988374
          ],
          [
            -76.2216013506298,
            39.9367952612338
          ],
          [
            -76.2204259140637,
            39.9373524344831
          ],
          [
            -76.220188890881,
            39.9376594053022
          ],
          [
            -76.2204131022911,
            39.9379281532757
          ],
          [
            -76.2212760679705,
            39.9379395208106
          ],
          [
            -76.2224286621755,
            39.9378660946573
          ],
          [
            -76.2249600346961,
            39.9378993769562
          ],
          [
            -76.2257644877111,
            39.9379542419858
          ],
          [
            -76.2262227767281,
            39.9380488567829
          ],
          [
            -76.2266186247479,
            39.93836414069
          ],
          [
            -76.226325075076,
            39.9386260836278
          ],
          [
            -76.2259194057751,
            39.9387536535929
          ],
          [
            -76.2254532538045,
            39.9390133290072
          ],
          [
            -76.2253303301377,
            39.9393661073366
          ],
          [
            -76.2257271645077,
            39.9396371118643
          ],
          [
            -76.2265555180992,
            39.9396411741553
          ],
          [
            -76.2279173335272,
            39.9394886534926
          ],
          [
            -76.2293625090203,
            39.9391974993419
          ],
          [
            -76.2308671628667,
            39.9388185071061
          ],
          [
            -76.2324858874828,
            39.9384852863067
          ],
          [
            -76.2338149835732,
            39.9382368579053
          ],
          [
            -76.2353195943005,
            39.9378578114461
          ],
          [
            -76.2376325504429,
            39.9373563777506
          ],
          [
            -76.2393682195393,
            39.9369359869545
          ],
          [
            -76.2404066908724,
            39.9368165977541
          ],
          [
            -76.2410366129058,
            39.9369576850427
          ],
          [
            -76.2411438960052,
            39.937313469477
          ],
          [
            -76.2405608022493,
            39.9376602821157
          ],
          [
            -76.2402107494443,
            39.9378772266414
          ],
          [
            -76.2403170578716,
            39.9382773004883
          ],
          [
            -76.240771478743,
            39.9385489994739
          ],
          [
            -76.2412307639915,
            39.9385992692126
          ],
          [
            -76.2425569207943,
            39.9384836022665
          ],
          [
            -76.2440039593933,
            39.9381036920754
          ],
          [
            -76.2453339834434,
            39.937810845909
          ],
          [
            -76.2474742771,
            39.9373069784067
          ],
          [
            -76.2489928979524,
            39.9368369396613
          ],
          [
            -76.2502939540296,
            39.9364289149604
          ],
          [
            -76.2527822244845,
            39.9357579788678
          ],
          [
            -76.2562228402947,
            39.9350406693956
          ],
          [
            -76.2602334218812,
            39.9343598752142
          ],
          [
            -76.2635965409301,
            39.9336999419793
          ],
          [
            -76.2676387072821,
            39.9333122497966
          ],
          [
            -76.2712492340383,
            39.932894075596
          ],
          [
            -76.2742976319206,
            39.9324995305087
          ],
          [
            -76.2776769457975,
            39.9319167640402
          ],
          [
            -76.2810844721641,
            39.9310255392692
          ],
          [
            -76.283763714567,
            39.9303207744652
          ],
          [
            -76.286234829895,
            39.9294633533152
          ],
          [
            -76.2891882722585,
            39.9285378990808
          ],
          [
            -76.2922866622848,
            39.9275771686404
          ],
          [
            -76.2939292425616,
            39.9272275342229
          ],
          [
            -76.2957191788843,
            39.9267316205427
          ],
          [
            -76.297751051276,
            39.9261646557083
          ],
          [
            -76.2999744301133,
            39.9256370732601
          ],
          [
            -76.3021512528625,
            39.9250348150676
          ],
          [
            -76.3037479831272,
            39.9245733908968
          ],
          [
            -76.3051508219193,
            39.9241835816616
          ],
          [
            -76.3068421142407,
            39.9237973449962
          ],
          [
            -76.310417732465,
            39.9229901688124
          ],
          [
            -76.3136086534571,
            39.9221781171785
          ],
          [
            -76.3163637235514,
            39.9215086982963
          ],
          [
            -76.3189248940883,
            39.9209108709137
          ],
          [
            -76.3192123235382,
            39.9208337234047
          ]
        ]
      },
      "properties": {
        "STATE": "PA",
        "DESCRIPTION": "Fault, sense of displacement unknown or undefined, certain",
        "RuleID": 22
      }
    },
    {
      "type": "Feature",
      "geometry": {
        "type": "LineString",
        "coordinates": [
          [
            -76.3192123235382,
            39.9208337234047
          ],
          [
            -76.3203756544075,
            39.9205214679755
          ],
          [
            -76.3221660039553,
            39.9199881230259
          ],
          [
            -76.3238578738934,
            39.9195646168711
          ],
          [
            -76.3260823828113,
            39.9189624940403
          ],
          [
            -76.3283053277622,
            39.9184343621027
          ],
          [
            -76.3323153928175,
            39.9175207484107
          ],
          [
            -76.3351166560803,
            39.9169255016022
          ],
          [
            -76.3370464618894,
            39.9166157831231
          ],
          [
            -76.3378647148239,
            39.9164557480052
          ]
        ]
      },
      "properties": {
        "STATE": "PA",
        "DESCRIPTION": "Fault, sense of displacement unknown or undefined, certain",
        "RuleID": 22
      }
    },
    {
      "type": "Feature",
      "geometry": {
        "type": "LineString",
        "coordinates": [
          [
            -76.0479783088581,
            39.9237349676858
          ],
          [
            -76.0489973954457,
            39.9235722844664
          ],
          [
            -76.0508528135627,
            39.9231731725151
          ],
          [
            -76.0527604669169,
            39.9225261253302
          ],
          [
            -76.0542433680587,
            39.9222636061426
          ],
          [
            -76.0556357648339,
            39.9219286981462
          ],
          [
            -76.0571238824926,
            39.9214530725837
          ],
          [
            -76.0587068406857,
            39.9208722382652
          ],
          [
            -76.0601923002294,
            39.9205031081511
          ],
          [
            -76.0617682434784,
            39.920206320965
          ],
          [
            -76.0630221972919,
            39.9198693112347
          ],
          [
            -76.0648461159835,
            39.9188656040733
          ],
          [
            -76.0666186438544,
            39.9180742685259
          ],
          [
            -76.070113997608,
            39.916632890719
          ],
          [
            -76.071651487573,
            39.9160156951484
          ],
          [
            -76.0733333673469,
            39.9151518938076
          ],
          [
            -76.0748394755657,
            39.9146259862315
          ],
          [
            -76.0765874884124,
            39.9141331245606
          ],
          [
            -76.080311295421,
            39.9127657763628
          ],
          [
            -76.0822645158179,
            39.9121188919806
          ],
          [
            -76.0842159791102,
            39.9115429988374
          ],
          [
            -76.0890992165031,
            39.9099078024597
          ],
          [
            -76.0936218728359,
            39.9079120121083
          ],
          [
            -76.0954387478374,
            39.9072925756093
          ],
          [
            -76.0990579819637,
            39.9062842780683
          ],
          [
            -76.1023992989007,
            39.9054436366748
          ],
          [
            -76.105522335105,
            39.9044889344286
          ],
          [
            -76.108245153884,
            39.9035740569316
          ],
          [
            -76.1090632451217,
            39.9033249946433
          ],
          [
            -76.1109658391642,
            39.9027457590339
          ],
          [
            -76.1136871694348,
            39.9021218929265
          ],
          [
            -76.1155894652366,
            39.9016513452174
          ],
          [
            -76.1173123548998,
            39.9009650979721
          ],
          [
            -76.1173843485816,
            39.900945050009
          ],
          [
            -76.1188909957896,
            39.9005254707292
          ],
          [
            -76.121162082355,
            39.9000600118087
          ],
          [
            -76.1230164871724,
            39.8996597201354
          ],
          [
            -76.1244758228093,
            39.8991919535255
          ],
          [
            -76.1255212048819,
            39.8987636000437
          ],
          [
            -76.1270296738733,
            39.8982088094815
          ],
          [
            -76.1286541468089,
            39.8976113217952
          ],
          [
            -76.1300104995817,
            39.8971023010549
          ],
          [
            -76.132250062467,
            39.8963325139423
          ],
          [
            -76.1346249852961,
            39.89561249845
          ],
          [
            -76.1366517902912,
            39.8950204962645
          ],
          [
            -76.1382719656865,
            39.8946000047232
          ],
          [
            -76.1393167494811,
            39.8944101159439
          ],
          [
            -76.1410461106076,
            39.8940182968878
          ],
          [
            -76.1418051088692,
            39.8938625710368
          ],
          [
            -76.1426641704704,
            39.8936863150486
          ],
          [
            -76.1448591984772,
            39.8932736903937
          ],
          [
            -76.1459298789048,
            39.8928815415932
          ],
          [
            -76.14729963005,
            39.892199927783
          ],
          [
            -76.1490346586477,
            39.8917808739206
          ],
          [
            -76.1515160165665,
            39.8914163669264
          ],
          [
            -76.1536700966678,
            39.8911800349154
          ],
          [
            -76.1556324178969,
            39.8908056891486
          ],
          [
            -76.1571746842042,
            39.8904309525991
          ],
          [
            -76.1583316496115,
            39.8901367259677
          ],
          [
            -76.1596025582277,
            39.8898883461432
          ],
          [
            -76.1612183965568,
            39.8896446703098
          ],
          [
            -76.1624862257482,
            39.8895291136531
          ],
          [
            -76.1638634230288,
            39.8897182129673
          ]
        ]
      },
      "properties": {
        "STATE": "PA",
        "DESCRIPTION": "Fault, sense of displacement unknown or undefined, certain",
        "RuleID": 22
      }
    },
    {
      "type": "Feature",
      "geometry": {
        "type": "LineString",
        "coordinates": [
          [
            -76.3522104694498,
            39.9039511941706
          ],
          [
            -76.3552100331167,
            39.9030246026257
          ],
          [
            -76.3569478590681,
            39.9026752142845
          ],
          [
            -76.3597918956132,
            39.9023020387393
          ],
          [
            -76.3625427606937,
            39.9017795684739
          ],
          [
            -76.3675592766337,
            39.9009508147208
          ],
          [
            -76.3715648689772,
            39.9001838874118
          ],
          [
            -76.374656889948,
            39.8997010917522
          ],
          [
            -76.3762927229787,
            39.8992260182196
          ],
          [
            -76.3777981951904,
            39.8988482705584
          ],
          [
            -76.3788297063766,
            39.898629723396
          ],
          [
            -76.379556447933,
            39.8986712741296
          ],
          [
            -76.3798553066483,
            39.8987077670256
          ],
          [
            -76.3801074385957,
            39.8989414921509
          ],
          [
            -76.3801021897395,
            39.8992051399941
          ],
          [
            -76.3800528416877,
            39.8995341944228
          ],
          [
            -76.3799179156303,
            39.8998622383447
          ],
          [
            -76.3793050858418,
            39.9005472368676
          ],
          [
            -76.3783486163211,
            39.9012940970878
          ],
          [
            -76.3770893076502,
            39.902202185358
          ],
          [
            -76.3745844264473,
            39.9033262412664
          ],
          [
            -76.37397444342,
            39.9037458564583
          ],
          [
            -76.3723861600139,
            39.9047849882932
          ],
          [
            -76.3713143045899,
            39.9053729761775
          ],
          [
            -76.369715778593,
            39.9060862138552
          ],
          [
            -76.368307706216,
            39.9067729617695
          ],
          [
            -76.3666134305896,
            39.9073452001561
          ],
          [
            -76.3655958091543,
            39.9077403560205
          ],
          [
            -76.3648725485696,
            39.9078428025974
          ],
          [
            -76.3641507800865,
            39.9078712070469
          ],
          [
            -76.3635709750628,
            39.9080123863782
          ],
          [
            -76.3631108337198,
            39.9084598933468
          ],
          [
            -76.3629236930865,
            39.9091154565989
          ],
          [
            -76.3624806179373,
            39.9096285348592
          ],
          [
            -76.3614844338979,
            39.9106888828574
          ],
          [
            -76.3601269088237,
            39.9118960214111
          ],
          [
            -76.358997320473,
            39.9130673404198
          ],
          [
            -76.3579630873915,
            39.9142768203515
          ],
          [
            -76.357030215715,
            39.9152283187527
          ],
          [
            -76.3561483899063,
            39.9160323150858
          ],
          [
            -76.3552635412666,
            39.9169843761137
          ],
          [
            -76.3545266496457,
            39.9177530768762
          ],
          [
            -76.3535129655263,
            39.9186072577165
          ],
          [
            -76.3527017544854,
            39.9194410884098
          ],
          [
            -76.3513453082878,
            39.9204917687231
          ],
          [
            -76.3500772248732,
            39.9213651127532
          ],
          [
            -76.34928686912,
            39.9223923206069
          ],
          [
            -76.3489591089071,
            39.9232147021631
          ],
          [
            -76.34906439056,
            39.9238707049504
          ],
          [
            -76.3492468994797,
            39.9243542575544
          ],
          [
            -76.3497614508812,
            39.9250639784488
          ],
          [
            -76.3505202982259,
            39.9259730935939
          ],
          [
            -76.3511714654157,
            39.9266731443222
          ],
          [
            -76.3514719249288,
            39.926897754461
          ],
          [
            -76.3521248087992,
            39.9270919296792
          ],
          [
            -76.3527491136672,
            39.9271364804586
          ],
          [
            -76.3548136164632,
            39.9273094415876
          ],
          [
            -76.3563995606563,
            39.9273655358035
          ],
          [
            -76.3582739988029,
            39.9274250695528
          ],
          [
            -76.3601965255633,
            39.9274851495319
          ],
          [
            -76.3619267275129,
            39.927542894847
          ],
          [
            -76.3633181190733,
            39.9277076449084
          ],
          [
            -76.3652637406213,
            39.9278055377676
          ],
          [
            -76.3673998930444,
            39.9280155614116
          ],
          [
            -76.3687920535627,
            39.9281432303752
          ],
          [
            -76.3707101561203,
            39.9284252434037
          ],
          [
            -76.3721383435731,
            39.9287224255063
          ],
          [
            -76.373856588048,
            39.9290748897186
          ],
          [
            -76.3751189698555,
            39.9292181270616
          ],
          [
            -76.3773597652294,
            39.9294003963246
          ],
          [
            -76.3776699633785,
            39.9294321562265
          ],
          [
            -76.3788073904283,
            39.9295486099924
          ],
          [
            -76.3815456737049,
            39.9299113504275
          ],
          [
            -76.3837566225536,
            39.9301051161853
          ],
          [
            -76.3855189141217,
            39.9303537249631
          ],
          [
            -76.3870158765927,
            39.9304372535845
          ],
          [
            -76.3890680437233,
            39.9305932062862
          ],
          [
            -76.3920152850164,
            39.9309573870709
          ],
          [
            -76.3934616597604,
            39.9314358039158
          ],
          [
            -76.3943923979381,
            39.9320070675053
          ],
          [
            -76.3948970058877,
            39.932474455054
          ],
          [
            -76.3950604480655,
            39.9328719257276
          ],
          [
            -76.3951771832383,
            39.9334666350829
          ],
          [
            -76.3949099263564,
            39.9339909294069
          ],
          [
            -76.3948139081307,
            39.9345172248375
          ],
          [
            -76.3948502198311,
            39.9348472854317
          ],
          [
            -76.3949766963349,
            39.9353007570262
          ],
          [
            -76.3952633837763,
            39.9356102745798
          ],
          [
            -76.39577127417,
            39.9359128779886
          ],
          [
            -76.3968344204273,
            39.9362878865065
          ],
          [
            -76.3977230887036,
            39.9368256669958
          ],
          [
            -76.3979741256046,
            39.9371252674485
          ],
          [
            -76.3980539148665,
            39.937422871195
          ],
          [
            -76.3979611566269,
            39.9377843879603
          ],
          [
            -76.3981700319984,
            39.938050531191
          ],
          [
            -76.3985942712728,
            39.9382532568635
          ],
          [
            -76.3996178961492,
            39.9384629612341
          ],
          [
            -76.4008481631853,
            39.9384509828478
          ],
          [
            -76.4014134559256,
            39.9386157080325
          ],
          [
            -76.4015775942977,
            39.9389802166861
          ],
          [
            -76.4013992266115,
            39.9393407423632
          ],
          [
            -76.4008789906709,
            39.939664325352
          ],
          [
            -76.4002251321284,
            39.940250061867
          ],
          [
            -76.4001317351867,
            39.9406445395452
          ],
          [
            -76.400253056259,
            39.94100855045
          ],
          [
            -76.4008453424753,
            39.9413780397216
          ],
          [
            -76.4009251506018,
            39.9416756415027
          ],
          [
            -76.4001914659665,
            39.9419637753418
          ],
          [
            -76.3996316313899,
            39.9421220772172
          ],
          [
            -76.3985917452103,
            39.9427362715275
          ],
          [
            -76.3984114066204,
            39.943195659308
          ],
          [
            -76.3985301297649,
            39.9436914964046
          ],
          [
            -76.3988220669609,
            39.9440904604888
          ],
          [
            -76.3996673852365,
            39.9446606859406
          ],
          [
            -76.4001293061421,
            39.9451275531907
          ],
          [
            -76.4002078171013,
            39.9454910657325
          ],
          [
            -76.3999418448103,
            39.9459494612032
          ],
          [
            -76.3991140517676,
            39.9466650172538
          ],
          [
            -76.3986813332952,
            39.9468907222208
          ],
          [
            -76.3980715002865,
            39.9474110295482
          ],
          [
            -76.3980228448358,
            39.9477071347644
          ],
          [
            -76.398492352014,
            39.9484583991888
          ],
          [
            -76.3993354703155,
            39.9494644209027
          ],
          [
            -76.3998225925581,
            39.9498377671157
          ],
          [
            -76.4006692825611,
            39.9503420753588
          ],
          [
            -76.4018975409642,
            39.9508224976867
          ],
          [
            -76.4031347753337,
            39.9512937109009
          ],
          [
            -76.4043583822603,
            39.9518472760921
          ],
          [
            -76.4053830015717,
            39.9524075991387
          ],
          [
            -76.4063154124124,
            39.9529128593946
          ],
          [
            -76.4066023271276,
            39.9531509299806
          ],
          [
            -76.408046645628,
            39.9541855178832
          ],
          [
            -76.4096499865948,
            39.9549112238759
          ],
          [
            -76.4108446866339,
            39.9556682567365
          ],
          [
            -76.412146870995,
            39.9562542459791
          ],
          [
            -76.4142085476912,
            39.9566959592641
          ],
          [
            -76.4158748686443,
            39.9569129212416
          ],
          [
            -76.4178000669944,
            39.9570339444991
          ],
          [
            -76.4197881770587,
            39.9571723108306
          ],
          [
            -76.4215138101768,
            39.9571920910014
          ],
          [
            -76.4229422482595,
            39.9569280852251
          ],
          [
            -76.4244915780199,
            39.9565502413017
          ],
          [
            -76.4258439072385,
            39.9564114522954
          ],
          [
            -76.4265068827828,
            39.9564414058893
          ],
          [
            -76.4268463040264,
            39.9566100946451
          ],
          [
            -76.4267977671533,
            39.9569062130612
          ],
          [
            -76.4263989996088,
            39.9575938972917
          ],
          [
            -76.425483775336,
            39.9584075359209
          ],
          [
            -76.4242700148433,
            39.959151827508
          ],
          [
            -76.4220105381047,
            39.9608071141309
          ],
          [
            -76.4204435007534,
            39.9623268473036
          ],
          [
            -76.4197822877037,
            39.9630560568545
          ],
          [
            -76.4189864513288,
            39.9643324999697
          ],
          [
            -76.4184987110453,
            39.9651839507239
          ],
          [
            -76.4184060201794,
            39.965545484655
          ],
          [
            -76.4184840074208,
            39.9659419439101
          ],
          [
            -76.4188221773112,
            39.966176567309
          ],
          [
            -76.4195464637719,
            39.9663826617153
          ],
          [
            -76.4202266501388,
            39.9666541705926
          ],
          [
            -76.4209912305316,
            39.9669925720204
          ],
          [
            -76.4222269557314,
            39.9673363639371
          ],
          [
            -76.4229519051488,
            39.9675094781951
          ],
          [
            -76.4235489991485,
            39.967648163436
          ],
          [
            -76.4241895626247,
            39.9677543772017
          ],
          [
            -76.4243999022502,
            39.9679545645789
          ],
          [
            -76.4242241208137,
            39.9681832980947
          ],
          [
            -76.423447953052,
            39.9687535216606
          ],
          [
            -76.4223499916876,
            39.9697371495917
          ],
          [
            -76.4203825761125,
            39.9710428706069
          ],
          [
            -76.4195740339663,
            39.9715912035406
          ],
          [
            -76.4179731867227,
            39.972396910832
          ],
          [
            -76.4167872722071,
            39.9728279477212
          ],
          [
            -76.4148673065436,
            39.9734819486915
          ],
          [
            -76.4143033963105,
            39.9738380525944
          ],
          [
            -76.4142956995451,
            39.9742335233891
          ],
          [
            -76.4144625508294,
            39.9744661901022
          ],
          [
            -76.4149708122272,
            39.974768711819
          ],
          [
            -76.4159547567209,
            39.9748459630556
          ],
          [
            -76.4170691303056,
            39.9748258141891
          ],
          [
            -76.4189142106103,
            39.9744296893928
          ],
          [
            -76.4206467104505,
            39.9741175008969
          ],
          [
            -76.4223999218477,
            39.9738980670382
          ],
          [
            -76.4241606377709,
            39.9736874703414
          ],
          [
            -76.4266949172398,
            39.9733538246031
          ],
          [
            -76.42918831438,
            39.9732189152147
          ],
          [
            -76.4324358040822,
            39.9726747479173
          ],
          [
            -76.4353564264969,
            39.9722928150021
          ],
          [
            -76.4374172003862,
            39.9717350430687
          ],
          [
            -76.4396273820736,
            39.9714569529494
          ],
          [
            -76.4414333371544,
            39.9711147479582
          ],
          [
            -76.442768098021,
            39.9707672058133
          ],
          [
            -76.4442779405365,
            39.9702238368744
          ],
          [
            -76.4460850948683,
            39.9698156457317
          ],
          [
            -76.4481964304334,
            39.9691800968977
          ],
          [
            -76.4499606973969,
            39.9687713632088
          ],
          [
            -76.4518118574995,
            39.9682976494194
          ],
          [
            -76.4537052024879,
            39.9678573398316
          ],
          [
            -76.4553396664861,
            39.9675130011306
          ],
          [
            -76.4574458888406,
            39.9671409335267
          ],
          [
            -76.4597240316725,
            39.9667377795167
          ],
          [
            -76.4626017909733,
            39.9663412381273
          ],
          [
            -76.4651381033297,
            39.9658749122429
          ],
          [
            -76.4670710514457,
            39.9655996417713
          ],
          [
            -76.4687054004595,
            39.9652551119999
          ],
          [
            -76.470467610281,
            39.964944931272
          ],
          [
            -76.4727474536237,
            39.9644426475115
          ],
          [
            -76.4762748368088,
            39.9636573483938
          ]
        ]
      },
      "properties": {
        "STATE": "PA",
        "DESCRIPTION": "Fault, sense of displacement unknown or undefined, certain",
        "RuleID": 22
      }
    },
    {
      "type": "Feature",
      "geometry": {
        "type": "LineString",
        "coordinates": [
          [
            -76.0479783088581,
            39.9237349676858
          ],
          [
            -76.0477578649824,
            39.9227909672617
          ],
          [
            -76.0473961565366,
            39.9215137558033
          ],
          [
            -76.0466742802557,
            39.9188987874435
          ]
        ]
      },
      "properties": {
        "STATE": "PA",
        "DESCRIPTION": "Fault, sense of displacement unknown or undefined, certain",
        "RuleID": 22
      }
    },
    {
      "type": "Feature",
      "geometry": {
        "type": "LineString",
        "coordinates": [
          [
            -76.330767726737,
            39.9226115146541
          ],
          [
            -76.3312958112582,
            39.9221769425476
          ],
          [
            -76.3317941148311,
            39.9215969286953
          ],
          [
            -76.3319310216737,
            39.9211101792089
          ],
          [
            -76.3317290273972,
            39.9206518495252
          ],
          [
            -76.3312257130216,
            39.9204503235424
          ],
          [
            -76.3280534680043,
            39.9204766001082
          ],
          [
            -76.321854591284,
            39.9206446493247
          ],
          [
            -76.3192123235382,
            39.9208337234047
          ]
        ]
      },
      "properties": {
        "STATE": "PA",
        "DESCRIPTION": "Fault, sense of displacement unknown or undefined, certain",
        "RuleID": 22
      }
    },
    {
      "type": "Feature",
      "geometry": {
        "type": "LineString",
        "coordinates": [
          [
            -76.0494361038843,
            39.9310209915206
          ],
          [
            -76.0482598759025,
            39.9254087237663
          ]
        ]
      },
      "properties": {
        "STATE": "PA",
        "DESCRIPTION": "Fault, sense of displacement unknown or undefined, certain",
        "RuleID": 22
      }
    },
    {
      "type": "Feature",
      "geometry": {
        "type": "LineString",
        "coordinates": [
          [
            -76.3246706740541,
            39.9383471301303
          ],
          [
            -76.325892840083,
            39.9373994540596
          ],
          [
            -76.3267241374536,
            39.9367431786614
          ]
        ]
      },
      "properties": {
        "STATE": "PA",
        "DESCRIPTION": "Fault, sense of displacement unknown or undefined, certain",
        "RuleID": 22
      }
    },
    {
      "type": "Feature",
      "geometry": {
        "type": "LineString",
        "coordinates": [
          [
            -76.2811440789765,
            39.9350541086423
          ],
          [
            -76.2793707758596,
            39.9354536982361
          ],
          [
            -76.2730300686306,
            39.9365449332176
          ],
          [
            -76.2673403857594,
            39.9374390768012
          ],
          [
            -76.2619993237785,
            39.9380444603423
          ],
          [
            -76.258718423036,
            39.9384124503259
          ],
          [
            -76.2554343081214,
            39.938926783043
          ],
          [
            -76.251687833025,
            39.9396987053433
          ],
          [
            -76.2498139284777,
            39.9401139087023
          ],
          [
            -76.2478773062522,
            39.9407141911412
          ],
          [
            -76.2456484324204,
            39.9414463874764
          ],
          [
            -76.2427118873674,
            39.9422418345861
          ],
          [
            -76.2399172770275,
            39.9430028114877
          ],
          [
            -76.2316031759352,
            39.9448088796473
          ],
          [
            -76.2235877934209,
            39.9467252380533
          ],
          [
            -76.2220997763736,
            39.9471337027202
          ],
          [
            -76.220719060392,
            39.947589599682
          ],
          [
            -76.2197925155501,
            39.9480010356336
          ]
        ]
      },
      "properties": {
        "STATE": "PA",
        "DESCRIPTION": "Fault, sense of displacement unknown or undefined, certain",
        "RuleID": 22
      }
    },
    {
      "type": "Feature",
      "geometry": {
        "type": "LineString",
        "coordinates": [
          [
            -76.1708097357948,
            39.8893361511851
          ],
          [
            -76.1708303170963,
            39.8892884975637
          ],
          [
            -76.1711218266941,
            39.8891152646502
          ],
          [
            -76.1720572765355,
            39.8887707646837
          ],
          [
            -76.173316555562,
            39.8887020955259
          ],
          [
            -76.1745318764284,
            39.8888043665441
          ],
          [
            -76.176700306218,
            39.8891023836527
          ],
          [
            -76.1780810599289,
            39.8890767836281
          ],
          [
            -76.1794144266102,
            39.888607534538
          ],
          [
            -76.1815546313335,
            39.8880605732765
          ],
          [
            -76.1832166520514,
            39.8878817740971
          ],
          [
            -76.1849434413012,
            39.8882391941568
          ],
          [
            -76.1857937021075,
            39.8887822410133
          ],
          [
            -76.1870988652822,
            39.889552901441
          ],
          [
            -76.1882951050336,
            39.890056286373
          ],
          [
            -76.189440898992,
            39.8902488863339
          ],
          [
            -76.1910236137416,
            39.8909337914026
          ],
          [
            -76.1918304490888,
            39.8913884539779
          ],
          [
            -76.1923538479975,
            39.8918183912478
          ],
          [
            -76.1934596552476,
            39.8930936738546
          ],
          [
            -76.1943505243964,
            39.8943902866112
          ],
          [
            -76.1953059231252,
            39.8953776647603
          ],
          [
            -76.1960898595175,
            39.8963184413076
          ],
          [
            -76.1970443060321,
            39.897350090987
          ],
          [
            -76.1983377812266,
            39.8986520573233
          ],
          [
            -76.1992942875782,
            39.8995951169054
          ],
          [
            -76.200362831812,
            39.9006725622495
          ],
          [
            -76.2011984168415,
            39.9018797863355
          ],
          [
            -76.201870493218,
            39.9026861328478
          ],
          [
            -76.2023115777005,
            39.9035336958366
          ],
          [
            -76.2023006218473,
            39.904020842445
          ],
          [
            -76.2020646344222,
            39.9042834901372
          ],
          [
            -76.2015926577753,
            39.9048087859467
          ],
          [
            -76.201411178325,
            39.9052050569399
          ],
          [
            -76.201632224072,
            39.9056066978633
          ],
          [
            -76.2021972976234,
            39.9060572222456
          ],
          [
            -76.2028218773758,
            39.9064199417355
          ],
          [
            -76.2033809959951,
            39.9071361763671
          ],
          [
            -76.2039926534822,
            39.9080746022963
          ],
          [
            -76.2046608401535,
            39.9090580781741
          ],
          [
            -76.2049414118645,
            39.9093719066313
          ],
          [
            -76.2056840329402,
            39.9096032794517
          ],
          [
            -76.2059636174027,
            39.9099613924321
          ],
          [
            -76.2058971636312,
            39.9103592005259
          ],
          [
            -76.205714701424,
            39.9107997637908
          ],
          [
            -76.2058138125493,
            39.9115098670263
          ],
          [
            -76.2059793819376,
            39.9118221614787
          ],
          [
            -76.2062639448634,
            39.9119588435986
          ],
          [
            -76.2071355208948,
            39.9115717380041
          ],
          [
            -76.2078319038862,
            39.9111026091687
          ],
          [
            -76.208822125807,
            39.9107524551474
          ],
          [
            -76.2100922654654,
            39.9105478130887
          ],
          [
            -76.2109548825984,
            39.9105592506301
          ],
          [
            -76.2115845018996,
            39.9107004926375
          ],
          [
            -76.2118056231051,
            39.9111021144348
          ],
          [
            -76.2117401925147,
            39.9114556388353
          ],
          [
            -76.2114457157814,
            39.9117618321048
          ],
          [
            -76.210746694438,
            39.9121512579805
          ],
          [
            -76.209467600373,
            39.9127544804405
          ],
          [
            -76.2080764441712,
            39.9132233037494
          ],
          [
            -76.2067963152469,
            39.9138707833468
          ],
          [
            -76.2063282813057,
            39.9142189536057
          ],
          [
            -76.2058582522064,
            39.9146556935399
          ],
          [
            -76.2057868262598,
            39.9152749304792
          ],
          [
            -76.2060069332674,
            39.9157208473353
          ],
          [
            -76.206684161482,
            39.9163057387279
          ],
          [
            -76.2071898554948,
            39.9168440503259
          ],
          [
            -76.2074010359433,
            39.9176885368686
          ],
          [
            -76.2073570077146,
            39.9189449185297
          ],
          [
            -76.2074673989849,
            39.919860070952
          ],
          [
            -76.2077400798945,
            39.9205281804126
          ],
          [
            -76.2080742567735,
            39.9210199082173
          ],
          [
            -76.2086834744362,
            39.9211875785597
          ],
          [
            -76.2093366475641,
            39.9211695668302
          ],
          [
            -76.2103788918214,
            39.9208732964866
          ],
          [
            -76.2111285889266,
            39.9207946380744
          ],
          [
            -76.2116968218528,
            39.9211122618861
          ],
          [
            -76.2116888969154,
            39.9214665489451
          ],
          [
            -76.2113358661952,
            39.9218162616981
          ],
          [
            -76.2102093788289,
            39.9223815374592
          ],
          [
            -76.2094764595583,
            39.9226332861761
          ],
          [
            -76.2090619229873,
            39.9231593747624
          ],
          [
            -76.2090120503194,
            39.9238796401911
          ],
          [
            -76.2092086816536,
            39.9243130950986
          ],
          [
            -76.2095458624988,
            39.9246719626789
          ],
          [
            -76.2104612233155,
            39.9249056006031
          ],
          [
            -76.2113663801688,
            39.9249051548811
          ],
          [
            -76.2124069993737,
            39.925374374486
          ],
          [
            -76.2130932835047,
            39.9255606599313
          ],
          [
            -76.2137907929835,
            39.9255148302178
          ],
          [
            -76.2144241735307,
            39.9252238770248
          ],
          [
            -76.2148912570543,
            39.9249199615286
          ],
          [
            -76.2154005416333,
            39.9248141607186
          ],
          [
            -76.2157550428955,
            39.9248870821281
          ],
          [
            -76.2160357304892,
            39.9252008828354
          ],
          [
            -76.215801452558,
            39.9257580058018
          ],
          [
            -76.21543878022,
            39.9261675731699
          ],
          [
            -76.2148497306336,
            39.926779972834
          ],
          [
            -76.2143153740751,
            39.927218372088
          ],
          [
            -76.2139299060884,
            39.9276825484096
          ],
          [
            -76.2138421766177,
            39.928095613386
          ],
          [
            -76.2137767397392,
            39.9284491396187
          ],
          [
            -76.2141754435033,
            39.9286316134565
          ],
          [
            -76.2150958133259,
            39.9286437843779
          ],
          [
            -76.2180324643802,
            39.9285496759857
          ],
          [
            -76.2204523820252,
            39.9284043885434
          ],
          [
            -76.2215510234143,
            39.9286494840717
          ],
          [
            -76.2227950948614,
            39.9291440143992
          ],
          [
            -76.2237671052365,
            39.9294225879592
          ],
          [
            -76.2243403768131,
            39.9295187238417
          ],
          [
            -76.2246894540477,
            39.9293461120362
          ],
          [
            -76.2249849341992,
            39.9289956042178
          ],
          [
            -76.2254569090494,
            39.9284702149038
          ],
          [
            -76.225865463739,
            39.9282097844359
          ],
          [
            -76.2263236871789,
            39.9283043975492
          ],
          [
            -76.2265459285835,
            39.9286617052772
          ],
          [
            -76.2265946217635,
            39.9290610380462
          ],
          [
            -76.2266393875091,
            39.9296375106225
          ],
          [
            -76.2265135434192,
            39.930123148985
          ],
          [
            -76.2266109288809,
            39.9309218109861
          ],
          [
            -76.2268871922718,
            39.9311742770716
          ],
          [
            -76.2272992737471,
            39.9310194361106
          ],
          [
            -76.2278853148755,
            39.9305398336019
          ],
          [
            -76.228177840468,
            39.9303221742107
          ],
          [
            -76.2286431677852,
            39.9302226565039
          ],
          [
            -76.2289831917983,
            39.9303327274093
          ],
          [
            -76.2291508695326,
            39.9305564203936
          ],
          [
            -76.2290690554681,
            39.9310487298893
          ],
          [
            -76.2287217308467,
            39.9317468702323
          ],
          [
            -76.2280703130268,
            39.9325800153343
          ],
          [
            -76.2278936377666,
            39.9332868632923
          ],
          [
            -76.2279812549479,
            39.9344147775219
          ],
          [
            -76.2284123070454,
            39.9352871738685
          ],
          [
            -76.2289816350179,
            39.9356042916808
          ],
          [
            -76.2297295175263,
            39.9356140870761
          ],
          [
            -76.2303642994454,
            39.9355338028149
          ],
          [
            -76.2319868616644,
            39.9350234389702
          ],
          [
            -76.2342422133392,
            39.9345213218728
          ],
          [
            -76.2359173755113,
            39.9342330871257
          ],
          [
            -76.2374725919318,
            39.9341647631627
          ],
          [
            -76.2393648122295,
            39.9341967398962
          ],
          [
            -76.2406902952958,
            39.9341521847571
          ],
          [
            -76.2419081206652,
            39.9339566719123
          ],
          [
            -76.2426618170701,
            39.9337006659261
          ],
          [
            -76.243302394021,
            39.9333545881689
          ],
          [
            -76.244642993937,
            39.9325745976986
          ],
          [
            -76.2454551634803,
            39.9322750331199
          ],
          [
            -76.2463219443047,
            39.9321090644838
          ],
          [
            -76.2479931296351,
            39.9319977999296
          ],
          [
            -76.2494390381535,
            39.9316621039901
          ],
          [
            -76.2513307580895,
            39.9310910483076
          ],
          [
            -76.2529711940877,
            39.9308530476783
          ],
          [
            -76.2546548695938,
            39.9308377442785
          ],
          [
            -76.2563385459982,
            39.9308224133213
          ],
          [
            -76.2581664666844,
            39.9308089160695
          ],
          [
            -76.2597587934076,
            39.9305702015009
          ],
          [
            -76.2614961567266,
            39.9302963023349
          ],
          [
            -76.2631365424192,
            39.9300581604827
          ],
          [
            -76.2647793158338,
            39.9297089424069
          ],
          [
            -76.2669517682792,
            39.9293294546873
          ],
          [
            -76.2696562749012,
            39.9288086082539
          ],
          [
            -76.2730362571246,
            39.928185224753
          ],
          [
            -76.2747743076548,
            39.9278741064295
          ],
          [
            -76.2767527446602,
            39.9275660170702
          ],
          [
            -76.2786814994404,
            39.9273313163258
          ],
          [
            -76.2812841523805,
            39.9270680908567
          ],
          [
            -76.2836006784278,
            39.9266901116279
          ],
          [
            -76.2851479070288,
            39.9263023714748
          ],
          [
            -76.2866013281579,
            39.9258023473358
          ],
          [
            -76.2881075235133,
            39.9250808118172
          ],
          [
            -76.2892259170588,
            39.9245024759472
          ],
          [
            -76.2912671993031,
            39.9234914246111
          ],
          [
            -76.2940413325461,
            39.9219341379814
          ],
          [
            -76.2958428715091,
            39.9208829665349
          ],
          [
            -76.2981219818265,
            39.9199858529188
          ],
          [
            -76.3001071238571,
            39.9193442060096
          ],
          [
            -76.3027234266979,
            39.9184141883471
          ],
          [
            -76.3072789254375,
            39.9167306884861
          ],
          [
            -76.3127498963848,
            39.9149472752281
          ],
          [
            -76.3152154789889,
            39.9143113198916
          ],
          [
            -76.3176360290479,
            39.913526648287
          ],
          [
            -76.3212179175129,
            39.9123859680395
          ],
          [
            -76.3235406536138,
            39.9116740217504
          ],
          [
            -76.3283240908736,
            39.9105478916404
          ],
          [
            -76.3307435997851,
            39.9097999595157
          ],
          [
            -76.332632783777,
            39.9091195496419
          ],
          [
            -76.3340351527502,
            39.9087293802522
          ],
          [
            -76.3354848162265,
            39.9083768009696
          ],
          [
            -76.3374654873419,
            39.9079195878161
          ],
          [
            -76.3393469628904,
            39.9076092428939
          ],
          [
            -76.341806751361,
            39.907231836376
          ]
        ]
      },
      "properties": {
        "STATE": "PA",
        "DESCRIPTION": "Fault, sense of displacement unknown or undefined, certain",
        "RuleID": 22
      }
    },
    {
      "type": "Feature",
      "geometry": {
        "type": "LineString",
        "coordinates": [
          [
            -76.3288705010266,
            39.9236620581387
          ],
          [
            -76.3275891450036,
            39.9242775424283
          ],
          [
            -76.3262435962688,
            39.9251109093321
          ],
          [
            -76.3256370987047,
            39.925662094041
          ],
          [
            -76.3231489926415,
            39.9275761091449
          ],
          [
            -76.3207555779923,
            39.9300049843936
          ],
          [
            -76.3184502027326,
            39.9321611230295
          ],
          [
            -76.3164789630293,
            39.9344324262081
          ],
          [
            -76.315452933363,
            39.9351972955891
          ],
          [
            -76.3143787971165,
            39.9359615640591
          ],
          [
            -76.3137412897088,
            39.936546094515
          ],
          [
            -76.3132426187249,
            39.9373915310239
          ],
          [
            -76.3132713576275,
            39.9383175488141
          ],
          [
            -76.3135444131345,
            39.9390614653053
          ],
          [
            -76.3142533752348,
            39.9396626695799
          ],
          [
            -76.3157356520475,
            39.9400883043201
          ],
          [
            -76.3179377542872,
            39.9405968610005
          ],
          [
            -76.3194666222221,
            39.9410970759827
          ],
          [
            -76.3202741501703,
            39.9415883791748
          ],
          [
            -76.3209831940173,
            39.9421895447185
          ],
          [
            -76.3218723105529,
            39.9433853460501
          ],
          [
            -76.3229569031893,
            39.9444354426272
          ],
          [
            -76.3240492150489,
            39.9451153590299
          ],
          [
            -76.3256690445929,
            39.9458757943377
          ],
          [
            -76.3268698630573,
            39.945964590428
          ],
          [
            -76.3289852374479,
            39.9460275569747
          ],
          [
            -76.3310074906796,
            39.9459412395756
          ]
        ]
      },
      "properties": {
        "STATE": "PA",
        "DESCRIPTION": "Fault, sense of displacement unknown or undefined, certain",
        "RuleID": 22
      }
    },
    {
      "type": "Feature",
      "geometry": {
        "type": "LineString",
        "coordinates": [
          [
            -76.3029725771369,
            39.9293270126746
          ],
          [
            -76.3039487134741,
            39.9291520196755
          ],
          [
            -76.305018915998,
            39.9291279260021
          ]
        ]
      },
      "properties": {
        "STATE": "PA",
        "DESCRIPTION": "Fault, sense of displacement unknown or undefined, certain",
        "RuleID": 22
      }
    },
    {
      "type": "Feature",
      "geometry": {
        "type": "LineString",
        "coordinates": [
          [
            -76.3288705010266,
            39.9236620581387
          ],
          [
            -76.330767726737,
            39.9226115146541
          ]
        ]
      },
      "properties": {
        "STATE": "PA",
        "DESCRIPTION": "Fault, sense of displacement unknown or undefined, certain",
        "RuleID": 22
      }
    },
    {
      "type": "Feature",
      "geometry": {
        "type": "LineString",
        "coordinates": [
          [
            -76.0496439039725,
            39.9319476610423
          ],
          [
            -76.0494361038843,
            39.9310209915206
          ]
        ]
      },
      "properties": {
        "STATE": "PA",
        "DESCRIPTION": "Fault, sense of displacement unknown or undefined, certain",
        "RuleID": 22
      }
    },
    {
      "type": "Feature",
      "geometry": {
        "type": "LineString",
        "coordinates": [
          [
            -76.3481890640624,
            39.9172693619045
          ],
          [
            -76.34948528361,
            39.9165292570679
          ],
          [
            -76.3507517518538,
            39.9159125545736
          ],
          [
            -76.3522906395973,
            39.915351785913
          ],
          [
            -76.3536236568339,
            39.9148236302637
          ],
          [
            -76.3546842141466,
            39.9142395151333
          ],
          [
            -76.3552205371173,
            39.9136490877427
          ],
          [
            -76.3551172569108,
            39.9131211883715
          ],
          [
            -76.3545503085754,
            39.9129739265153
          ],
          [
            -76.3534295883932,
            39.9131535456294
          ],
          [
            -76.3512999514508,
            39.9136194316741
          ],
          [
            -76.3498418500991,
            39.9140309629971
          ]
        ]
      },
      "properties": {
        "STATE": "PA",
        "DESCRIPTION": "Fault, sense of displacement unknown or undefined, certain",
        "RuleID": 22
      }
    },
    {
      "type": "Feature",
      "geometry": {
        "type": "LineString",
        "coordinates": [
          [
            -76.1572243089371,
            39.8212065564158
          ],
          [
            -76.1524699923639,
            39.8248389128925
          ]
        ]
      },
      "properties": {
        "STATE": "PA",
        "DESCRIPTION": "Fault, sense of displacement unknown or undefined, certain",
        "RuleID": 22
      }
    },
    {
      "type": "Feature",
      "geometry": {
        "type": "LineString",
        "coordinates": [
          [
            -76.3378647148239,
            39.9164557480052
          ],
          [
            -76.3386961765862,
            39.9162931239692
          ],
          [
            -76.3395607718095,
            39.9161019386758
          ],
          [
            -76.340874884001,
            39.9158873944976
          ],
          [
            -76.3444327964311,
            39.9151874264121
          ],
          [
            -76.3498418500991,
            39.9140309629971
          ]
        ]
      },
      "properties": {
        "STATE": "PA",
        "DESCRIPTION": "Fault, sense of displacement unknown or undefined, certain",
        "RuleID": 22
      }
    },
    {
      "type": "Feature",
      "geometry": {
        "type": "LineString",
        "coordinates": [
          [
            -76.341806751361,
            39.907231836376
          ],
          [
            -76.3427253281463,
            39.9069837962064
          ],
          [
            -76.3440780229793,
            39.9066669572038
          ],
          [
            -76.3454795241799,
            39.9063136664993
          ],
          [
            -76.3471724325705,
            39.9058157759338
          ],
          [
            -76.349451904909,
            39.9048435934628
          ],
          [
            -76.3509539940652,
            39.9042692916494
          ],
          [
            -76.3522104694498,
            39.9039511941706
          ]
        ]
      },
      "properties": {
        "STATE": "PA",
        "DESCRIPTION": "Fault, sense of displacement unknown or undefined, certain",
        "RuleID": 22
      }
    },
    {
      "type": "Feature",
      "geometry": {
        "type": "LineString",
        "coordinates": [
          [
            -76.3029725771369,
            39.9293270126746
          ],
          [
            -76.2977992926034,
            39.9305006360192
          ],
          [
            -76.2951538699744,
            39.9314342292277
          ],
          [
            -76.2923237501296,
            39.9321017821393
          ],
          [
            -76.2901777467811,
            39.9328071740359
          ],
          [
            -76.2883961755703,
            39.9334116018276
          ],
          [
            -76.2852787691078,
            39.9341222882178
          ],
          [
            -76.2811440789765,
            39.9350541086423
          ]
        ]
      },
      "properties": {
        "STATE": "PA",
        "DESCRIPTION": "Fault, sense of displacement unknown or undefined, certain",
        "RuleID": 22
      }
    },
    {
      "type": "Feature",
      "geometry": {
        "type": "LineString",
        "coordinates": [
          [
            -76.161932803346,
            39.8179222711603
          ],
          [
            -76.1593561036328,
            39.8197129153209
          ],
          [
            -76.1574019202419,
            39.8210708483486
          ],
          [
            -76.1572243089371,
            39.8212065564158
          ]
        ]
      },
      "properties": {
        "STATE": "PA",
        "DESCRIPTION": "Fault, sense of displacement unknown or undefined, certain",
        "RuleID": 22
      }
    },
    {
      "type": "Feature",
      "geometry": {
        "type": "LineString",
        "coordinates": [
          [
            -76.3091545484619,
            39.9315797203352
          ],
          [
            -76.3089797506807,
            39.9309632105641
          ],
          [
            -76.3083770062779,
            39.9303601360974
          ],
          [
            -76.3073325575549,
            39.9298598522771
          ],
          [
            -76.3060057431853,
            39.9294101864081
          ],
          [
            -76.305018915998,
            39.9291279260021
          ]
        ]
      },
      "properties": {
        "STATE": "PA",
        "DESCRIPTION": "Fault, sense of displacement unknown or undefined, certain",
        "RuleID": 22
      }
    },
    {
      "type": "Feature",
      "geometry": {
        "type": "LineString",
        "coordinates": [
          [
            -76.050544140753,
            39.9347317161539
          ],
          [
            -76.0503284094392,
            39.9341246501572
          ]
        ]
      },
      "properties": {
        "STATE": "PA",
        "DESCRIPTION": "Fault, sense of displacement unknown or undefined, certain",
        "RuleID": 22
      }
    },
    {
      "type": "Feature",
      "geometry": {
        "type": "LineString",
        "coordinates": [
          [
            -76.0499510658159,
            39.9330582438102
          ],
          [
            -76.0496439039725,
            39.9319476610423
          ]
        ]
      },
      "properties": {
        "STATE": "PA",
        "DESCRIPTION": "Fault, sense of displacement unknown or undefined, certain",
        "RuleID": 22
      }
    },
    {
      "type": "Feature",
      "geometry": {
        "type": "LineString",
        "coordinates": [
          [
            -76.3870465935855,
            39.9332065501259
          ],
          [
            -76.3850721199472,
            39.9334470388545
          ],
          [
            -76.3830139799183,
            39.9335876178535
          ],
          [
            -76.3813121270024,
            39.9337290279657
          ],
          [
            -76.3792388440727,
            39.9339386242797
          ],
          [
            -76.3777800186789,
            39.9340861902799
          ],
          [
            -76.3758917707315,
            39.9342945780141
          ],
          [
            -76.3741978158036,
            39.9343909550257
          ],
          [
            -76.3738719115101,
            39.9343874145413
          ],
          [
            -76.3723329671727,
            39.9343706991816
          ],
          [
            -76.368801664638,
            39.9348451907739
          ],
          [
            -76.363399472302,
            39.9355953193978
          ],
          [
            -76.3606517468335,
            39.9358956767121
          ],
          [
            -76.3585787253136,
            39.936130009895
          ],
          [
            -76.3565522778479,
            39.9364389210074
          ],
          [
            -76.3550570419389,
            39.9366431061733
          ],
          [
            -76.3535137057381,
            39.9368466935531
          ],
          [
            -76.3517780105905,
            39.9370479425962
          ],
          [
            -76.3497049306801,
            39.9372821168578
          ],
          [
            -76.3478730358471,
            39.9374821427264
          ],
          [
            -76.3467692641794,
            39.9373577153621
          ],
          [
            -76.3446158802725,
            39.9368132647196
          ],
          [
            -76.3427900499659,
            39.93671707227
          ],
          [
            -76.3411603712932,
            39.9364380999702
          ],
          [
            -76.3396299196285,
            39.9360122042032
          ],
          [
            -76.3379124647728,
            39.9353248264851
          ],
          [
            -76.3364843222358,
            39.9346039230945
          ],
          [
            -76.3350119322811,
            39.9336973299847
          ],
          [
            -76.333876945954,
            39.9327578099826
          ],
          [
            -76.3333151826944,
            39.9320104138616
          ],
          [
            -76.3332335105637,
            39.9313059092474
          ],
          [
            -76.3336822873201,
            39.9305338295943
          ],
          [
            -76.3349057100921,
            39.9295120177968
          ],
          [
            -76.3357421593009,
            39.9285965514366
          ],
          [
            -76.3361511793177,
            39.9274166845014
          ],
          [
            -76.3368021102507,
            39.9261657090256
          ],
          [
            -76.3373492498358,
            39.925283732287
          ],
          [
            -76.3386297255097,
            39.9238182543066
          ],
          [
            -76.3395133713052,
            39.9229403602119
          ],
          [
            -76.3405550145896,
            39.9219750855418
          ],
          [
            -76.3417148051984,
            39.9211157727436
          ],
          [
            -76.3429318831695,
            39.920390009347
          ],
          [
            -76.3440535384979,
            39.9196260472177
          ],
          [
            -76.3454658922455,
            39.9187545164167
          ],
          [
            -76.34692401875,
            39.9179946016837
          ],
          [
            -76.3481890640624,
            39.9172693619045
          ]
        ]
      },
      "properties": {
        "STATE": "PA",
        "DESCRIPTION": "Fault, sense of displacement unknown or undefined, certain",
        "RuleID": 22
      }
    },
    {
      "type": "Feature",
      "geometry": {
        "type": "LineString",
        "coordinates": [
          [
            -76.1708097357948,
            39.8893361511851
          ],
          [
            -76.1639190790505,
            39.8897205323258
          ],
          [
            -76.1638634230288,
            39.8897182129673
          ]
        ]
      },
      "properties": {
        "STATE": "PA",
        "DESCRIPTION": "Fault, sense of displacement unknown or undefined, certain",
        "RuleID": 22
      }
    },
    {
      "type": "Feature",
      "geometry": {
        "type": "LineString",
        "coordinates": [
          [
            -76.2409954269467,
            39.7656565075724
          ],
          [
            -76.2433993339183,
            39.7638498117608
          ],
          [
            -76.2460673258206,
            39.7616263930902
          ],
          [
            -76.249393622926,
            39.7583145787437
          ],
          [
            -76.254490535389,
            39.7542833543101
          ],
          [
            -76.2598886385937,
            39.7501021283287
          ],
          [
            -76.2612316828255,
            39.7494894053918
          ],
          [
            -76.2632838301932,
            39.7486029134637
          ],
          [
            -76.2647202695702,
            39.7474042445474
          ],
          [
            -76.2658548408757,
            39.7457693284292
          ],
          [
            -76.26691307784,
            39.7447899904994
          ],
          [
            -76.2686006340681,
            39.7434823828316
          ],
          [
            -76.2695465385027,
            39.7429019349566
          ],
          [
            -76.2702485593208,
            39.7425291934164
          ],
          [
            -76.2707938106471,
            39.7423319413665
          ],
          [
            -76.2713811166035,
            39.742134499489
          ],
          [
            -76.2722273610421,
            39.7417030190383
          ],
          [
            -76.2729188895378,
            39.7413755275093
          ],
          [
            -76.2734050838207,
            39.7409493362383
          ],
          [
            -76.2739361633251,
            39.7403635751222
          ],
          [
            -76.2741483202423,
            39.740142076686
          ],
          [
            -76.274441034481,
            39.7400336996241
          ],
          [
            -76.2746684627581,
            39.7400686176483
          ],
          [
            -76.2748105519816,
            39.7402145485488
          ],
          [
            -76.2748815548216,
            39.7407759355794
          ],
          [
            -76.2750347346456,
            39.7414361994057
          ],
          [
            -76.2751741900086,
            39.7416444030373
          ],
          [
            -76.2753567384541,
            39.7418388878619
          ],
          [
            -76.2756864983168,
            39.7419391582865
          ],
          [
            -76.2759965446506,
            39.7419911380723
          ],
          [
            -76.2763684633479,
            39.7420599139027
          ],
          [
            -76.2765720943548,
            39.7422386507525
          ],
          [
            -76.2766689650818,
            39.7425601570886
          ],
          [
            -76.276575784634,
            39.7430393914817
          ],
          [
            -76.2764801706501,
            39.743475077695
          ],
          [
            -76.2763251528731,
            39.7440931257075
          ],
          [
            -76.2763173096824,
            39.7444613463281
          ],
          [
            -76.2763523071475,
            39.7447660537808
          ],
          [
            -76.2767582189935,
            39.7451875653662
          ],
          [
            -76.2773331183174,
            39.7454670946937
          ],
          [
            -76.2781028487518,
            39.7453647586577
          ],
          [
            -76.2790286426022,
            39.7447519480009
          ],
          [
            -76.2805636639967,
            39.7437785261736
          ],
          [
            -76.281614866254,
            39.7431192407624
          ],
          [
            -76.283693754671,
            39.7419284572924
          ],
          [
            -76.2848064340331,
            39.7413019482144
          ],
          [
            -76.2859187549673,
            39.7406914375608
          ],
          [
            -76.2868202961016,
            39.7402383991219
          ],
          [
            -76.2880355918152,
            39.7396611919359
          ],
          [
            -76.2895806384084,
            39.7391842025406
          ],
          [
            -76.2912795107141,
            39.7389706842678
          ],
          [
            -76.2925735545421,
            39.738901530955
          ],
          [
            -76.2934907128877,
            39.7386888428098
          ],
          [
            -76.2951220139177,
            39.7380527224413
          ],
          [
            -76.2969613279367,
            39.7373871568615
          ],
          [
            -76.2990253510324,
            39.7368845067015
          ],
          [
            -76.3006729403152,
            39.7364566932948
          ],
          [
            -76.3033171978294,
            39.735977221081
          ],
          [
            -76.3062393437868,
            39.7351007958999
          ],
          [
            -76.308932653807,
            39.7342534852517
          ],
          [
            -76.3122342229876,
            39.7330773489759
          ],
          [
            -76.3140528407207,
            39.7323952388128
          ],
          [
            -76.3160794426966,
            39.7316836400548
          ],
          [
            -76.3183818535159,
            39.7306711391373
          ],
          [
            -76.3203715203606,
            39.7297348120376
          ],
          [
            -76.3215485253852,
            39.728980624596
          ],
          [
            -76.3230414696919,
            39.7279900975869
          ],
          [
            -76.3249365565136,
            39.72660413855
          ],
          [
            -76.326907919286,
            39.7255393601504
          ],
          [
            -76.3295071334752,
            39.7241939773263
          ],
          [
            -76.3312522681198,
            39.7230302748027
          ],
          [
            -76.3324096162093,
            39.7222116791639
          ],
          [
            -76.333733786837,
            39.7213505596975
          ]
        ]
      },
      "properties": {
        "STATE": "PA",
        "DESCRIPTION": "Fault, sense of displacement unknown or undefined, certain",
        "RuleID": 22
      }
    },
    {
      "type": "Feature",
      "geometry": {
        "type": "LineString",
        "coordinates": [
          [
            -76.3085568651674,
            39.9328612923279
          ],
          [
            -76.3091545484619,
            39.9315797203352
          ]
        ]
      },
      "properties": {
        "STATE": "PA",
        "DESCRIPTION": "Fault, sense of displacement unknown or undefined, certain",
        "RuleID": 22
      }
    },
    {
      "type": "Feature",
      "geometry": {
        "type": "LineString",
        "coordinates": [
          [
            -76.0503284094392,
            39.9341246501572
          ],
          [
            -76.0500551104888,
            39.933352287508
          ]
        ]
      },
      "properties": {
        "STATE": "PA",
        "DESCRIPTION": "Fault, sense of displacement unknown or undefined, certain",
        "RuleID": 22
      }
    },
    {
      "type": "Feature",
      "geometry": {
        "type": "LineString",
        "coordinates": [
          [
            -76.2398206578288,
            39.7664814259298
          ],
          [
            -76.2409954269467,
            39.7656565075724
          ]
        ]
      },
      "properties": {
        "STATE": "PA",
        "DESCRIPTION": "Fault, sense of displacement unknown or undefined, certain",
        "RuleID": 22
      }
    },
    {
      "type": "Feature",
      "geometry": {
        "type": "LineString",
        "coordinates": [
          [
            -76.341342777805,
            39.9181491152161
          ],
          [
            -76.3421664053597,
            39.9176695203771
          ],
          [
            -76.3426098928357,
            39.9171658015599
          ],
          [
            -76.3425704145739,
            39.9168668847211
          ],
          [
            -76.3420034635436,
            39.9167195606417
          ],
          [
            -76.3407509326615,
            39.916651684266
          ],
          [
            -76.3392708333651,
            39.9165634716097
          ],
          [
            -76.3378647148239,
            39.9164557480052
          ]
        ]
      },
      "properties": {
        "STATE": "PA",
        "DESCRIPTION": "Fault, sense of displacement unknown or undefined, certain",
        "RuleID": 22
      }
    }
  ]
}