{
  "type": "FeatureCollection",
  "features": [
    {
      "type": "Feature",
      "geometry": {
        "type": "LineString",
        "coordinates": [
          [
            -73.4678280597577,
            41.3732854456587
          ],
          [
            -73.4672706236829,
            41.3726160970644
          ],
          [
            -73.4667138766158,
            41.3717957605482
          ],
          [
            -73.4663230771279,
            41.3713766649138
          ]
        ]
      },
      "properties": {
        "STATE": "CT",
        "DESCRIPTION": "Fault, sense of displacement unknown or undefined, certain",
        "RuleID": 22
      }
    },
    {
      "type": "Feature",
      "geometry": {
        "type": "LineString",
        "coordinates": [
          [
            -73.4357790180797,
            41.3264973164295
          ],
          [
            -73.4357359770995,
            41.3264403162643
          ],
          [
            -73.4354587084938,
            41.326145954596
          ],
          [
            -73.4345020045129,
            41.3249322098465
          ],
          [
            -73.4339758010638,
            41.3242176379204
          ],
          [
            -73.4337107630207,
            41.3237985030716
          ],
          [
            -73.4332627570189,
            41.3230685991424
          ]
        ]
      },
      "properties": {
        "STATE": "CT",
        "DESCRIPTION": "Fault, sense of displacement unknown or undefined, certain",
        "RuleID": 22
      }
    },
    {
      "type": "Feature",
      "geometry": {
        "type": "LineString",
        "coordinates": [
          [
            -73.4589661210893,
            41.3309610519798
          ],
          [
            -73.458862265961,
            41.3307344117005
          ],
          [
            -73.4582290390257,
            41.3297926601653
          ],
          [
            -73.4578786745053,
            41.328778028904
          ],
          [
            -73.4574680806401,
            41.3276316596049
          ],
          [
            -73.4570624858994,
            41.3267084152757
          ],
          [
            -73.4565887063337,
            41.3255477126048
          ],
          [
            -73.456214820326,
            41.3245371783055
          ]
        ]
      },
      "properties": {
        "STATE": "CT",
        "DESCRIPTION": "Fault, sense of displacement unknown or undefined, certain",
        "RuleID": 22
      }
    },
    {
      "type": "Feature",
      "geometry": {
        "type": "LineString",
        "coordinates": [
          [
            -73.4556569270086,
            41.3806463959969
          ],
          [
            -73.4555776003792,
            41.3805859227292
          ],
          [
            -73.4544268001097,
            41.3797065459011
          ],
          [
            -73.4537369873963,
            41.3792196822364
          ],
          [
            -73.4530024071407,
            41.3786329304324
          ],
          [
            -73.4525685433163,
            41.3781804136793
          ],
          [
            -73.452326079038,
            41.3778846074523
          ]
        ]
      },
      "properties": {
        "STATE": "CT",
        "DESCRIPTION": "Fault, sense of displacement unknown or undefined, certain",
        "RuleID": 22
      }
    },
    {
      "type": "Feature",
      "geometry": {
        "type": "LineString",
        "coordinates": [
          [
            -73.4803616339778,
            41.3827104784689
          ],
          [
            -73.479843528841,
            41.3823665638605
          ],
          [
            -73.4785865369252,
            41.3815012538111
          ],
          [
            -73.4775590304285,
            41.380744523558
          ],
          [
            -73.4765913903573,
            41.3799399294018
          ],
          [
            -73.4757439574475,
            41.3791955848853
          ],
          [
            -73.4745646895667,
            41.3783950240161
          ],
          [
            -73.4735596131043,
            41.3777944470861
          ]
        ]
      },
      "properties": {
        "STATE": "CT",
        "DESCRIPTION": "Fault, sense of displacement unknown or undefined, certain",
        "RuleID": 22
      }
    },
    {
      "type": "Feature",
      "geometry": {
        "type": "LineString",
        "coordinates": [
          [
            -73.4625798611193,
            41.3601901269894
          ],
          [
            -73.4625672326031,
            41.3601589281396
          ],
          [
            -73.4620721449989,
            41.3586109509678
          ],
          [
            -73.4617378567288,
            41.3573591622116
          ],
          [
            -73.4611775298754,
            41.3554563214017
          ],
          [
            -73.4608957768798,
            41.3547170797154
          ],
          [
            -73.4608005383917,
            41.3544451762272
          ],
          [
            -73.4605911994894,
            41.3537601211847
          ],
          [
            -73.4604489746204,
            41.3532839205669
          ],
          [
            -73.4601151579659,
            41.3522353142503
          ],
          [
            -73.4594296374029,
            41.3509842242293
          ],
          [
            -73.4592286267817,
            41.3507025230704
          ],
          [
            -73.4586444640305,
            41.3499986627093
          ]
        ]
      },
      "properties": {
        "STATE": "CT",
        "DESCRIPTION": "Fault, sense of displacement unknown or undefined, certain",
        "RuleID": 22
      }
    },
    {
      "type": "Feature",
      "geometry": {
        "type": "LineString",
        "coordinates": [
          [
            -73.457772032803,
            41.3453516642266
          ],
          [
            -73.4577222221188,
            41.3450994897885
          ],
          [
            -73.4576536716795,
            41.3445643929544
          ],
          [
            -73.4575684808478,
            41.3439924631905
          ],
          [
            -73.4575442425048,
            41.3434012810552
          ],
          [
            -73.4575515637744,
            41.342888097275
          ],
          [
            -73.4574952295246,
            41.34218100417
          ],
          [
            -73.457520956376,
            41.3416530991966
          ],
          [
            -73.4575138102779,
            41.3412547206033
          ],
          [
            -73.457443614125,
            41.3406295071058
          ],
          [
            -73.4574387210016,
            41.3402883167334
          ],
          [
            -73.4573188165725,
            41.3392928634728
          ],
          [
            -73.4572624688479,
            41.338609381035
          ],
          [
            -73.4572382565561,
            41.3379945837483
          ],
          [
            -73.4572279654562,
            41.3379261247945
          ]
        ]
      },
      "properties": {
        "STATE": "CT",
        "DESCRIPTION": "Fault, sense of displacement unknown or undefined, certain",
        "RuleID": 22
      }
    },
    {
      "type": "Feature",
      "geometry": {
        "type": "LineString",
        "coordinates": [
          [
            -73.4102536524879,
            41.5999423330974
          ],
          [
            -73.4102757213994,
            41.5998481396458
          ],
          [
            -73.4104509970844,
            41.5991840497089
          ],
          [
            -73.410423492467,
            41.5986724709518
          ]
        ]
      },
      "properties": {
        "STATE": "CT",
        "DESCRIPTION": "Fault, sense of displacement unknown or undefined, certain",
        "RuleID": 22
      }
    },
    {
      "type": "Feature",
      "geometry": {
        "type": "LineString",
        "coordinates": [
          [
            -73.4414128634695,
            41.2610094469694
          ],
          [
            -73.4412812926198,
            41.2599970055173
          ],
          [
            -73.4412186441118,
            41.2595103893554
          ]
        ]
      },
      "properties": {
        "STATE": "CT",
        "DESCRIPTION": "Fault, sense of displacement unknown or undefined, certain",
        "RuleID": 22
      }
    },
    {
      "type": "Feature",
      "geometry": {
        "type": "LineString",
        "coordinates": [
          [
            -73.4396911146667,
            41.2516997371379
          ],
          [
            -73.4396785184898,
            41.2516685309094
          ],
          [
            -73.4396597499886,
            41.2515036562015
          ]
        ]
      },
      "properties": {
        "STATE": "CT",
        "DESCRIPTION": "Fault, sense of displacement unknown or undefined, certain",
        "RuleID": 22
      }
    },
    {
      "type": "Feature",
      "geometry": {
        "type": "LineString",
        "coordinates": [
          [
            -73.4403526834493,
            41.3610532582229
          ],
          [
            -73.4400862691872,
            41.3606763900659
          ],
          [
            -73.4396860805079,
            41.3601085967685
          ],
          [
            -73.439342723745,
            41.3596339819186
          ],
          [
            -73.4390355196808,
            41.3592336932604
          ],
          [
            -73.4386307702548,
            41.358645962179
          ],
          [
            -73.4383517337647,
            41.3582614992778
          ],
          [
            -73.4379676482851,
            41.3577162380483
          ],
          [
            -73.4374566191779,
            41.3570571671528
          ],
          [
            -73.4368703894033,
            41.3562960177898
          ],
          [
            -73.4362947651389,
            41.3553199802499
          ],
          [
            -73.4358624113825,
            41.3547779290189
          ],
          [
            -73.4358497981376,
            41.3547467255517
          ]
        ]
      },
      "properties": {
        "STATE": "CT",
        "DESCRIPTION": "Fault, sense of displacement unknown or undefined, certain",
        "RuleID": 22
      }
    },
    {
      "type": "Feature",
      "geometry": {
        "type": "LineString",
        "coordinates": [
          [
            -73.4419078154282,
            41.3213546363288
          ],
          [
            -73.4415938659144,
            41.3204142759746
          ],
          [
            -73.4415308131647,
            41.320258263859
          ]
        ]
      },
      "properties": {
        "STATE": "CT",
        "DESCRIPTION": "Fault, sense of displacement unknown or undefined, certain",
        "RuleID": 22
      }
    },
    {
      "type": "Feature",
      "geometry": {
        "type": "LineString",
        "coordinates": [
          [
            -73.3718372739227,
            41.250179762535
          ],
          [
            -73.3746022191969,
            41.2461835294952
          ],
          [
            -73.3783955719781,
            41.2392368096427
          ],
          [
            -73.3804375620948,
            41.2343766950781
          ],
          [
            -73.382848941253,
            41.2285753793437
          ],
          [
            -73.3855744765374,
            41.2199492307982
          ],
          [
            -73.3876772646326,
            41.2126224256374
          ],
          [
            -73.3898106331767,
            41.2065499798303
          ],
          [
            -73.3909127519442,
            41.2020571123221
          ]
        ]
      },
      "properties": {
        "STATE": "CT",
        "DESCRIPTION": "Fault, sense of displacement unknown or undefined, certain",
        "RuleID": 22
      }
    },
    {
      "type": "Feature",
      "geometry": {
        "type": "LineString",
        "coordinates": [
          [
            -73.3982291140134,
            41.6251032923217
          ],
          [
            -73.3986767741639,
            41.6239104070156
          ],
          [
            -73.3995186581802,
            41.6220415320543
          ],
          [
            -73.4007449887987,
            41.6197872901212
          ],
          [
            -73.4021277223964,
            41.6171433420266
          ],
          [
            -73.4039249611241,
            41.6143758647823
          ],
          [
            -73.4051378062336,
            41.6120760680608
          ],
          [
            -73.4060993386592,
            41.6102531477802
          ],
          [
            -73.4072345594467,
            41.6080444330107
          ],
          [
            -73.4088108512421,
            41.6045563359849
          ],
          [
            -73.4094204776382,
            41.6029041690266
          ],
          [
            -73.4097978374312,
            41.6017993030024
          ],
          [
            -73.410097899889,
            41.6006675150901
          ],
          [
            -73.4102536524879,
            41.5999423330974
          ]
        ]
      },
      "properties": {
        "STATE": "CT",
        "DESCRIPTION": "Fault, sense of displacement unknown or undefined, certain",
        "RuleID": 22
      }
    },
    {
      "type": "Feature",
      "geometry": {
        "type": "LineString",
        "coordinates": [
          [
            -73.4775480745753,
            41.3698936202735
          ],
          [
            -73.4772173337523,
            41.3699840686657
          ],
          [
            -73.4766145174843,
            41.3701593501149
          ],
          [
            -73.4760231834822,
            41.370360842469
          ],
          [
            -73.4756164972884,
            41.37050022148
          ],
          [
            -73.4744982591514,
            41.3708516581789
          ],
          [
            -73.4732304551128,
            41.3712400793709
          ],
          [
            -73.4719453710814,
            41.3716481929582
          ],
          [
            -73.4709639760066,
            41.3720022444594
          ],
          [
            -73.470328303857,
            41.372236186815
          ],
          [
            -73.469725419317,
            41.3724586554528
          ],
          [
            -73.4689740845831,
            41.3727703153344
          ],
          [
            -73.468684705789,
            41.3728984496287
          ],
          [
            -73.4682042975549,
            41.3731439188188
          ],
          [
            -73.4678280597577,
            41.3732854456587
          ]
        ]
      },
      "properties": {
        "STATE": "CT",
        "DESCRIPTION": "Fault, sense of displacement unknown or undefined, certain",
        "RuleID": 22
      }
    },
    {
      "type": "Feature",
      "geometry": {
        "type": "LineString",
        "coordinates": [
          [
            -73.3982291140134,
            41.6251032923217
          ],
          [
            -73.3979203720334,
            41.6260678241834
          ],
          [
            -73.397581820359,
            41.6269028182751
          ],
          [
            -73.3971402121586,
            41.6279081525044
          ],
          [
            -73.3966839371646,
            41.6287070788236
          ],
          [
            -73.3965467716072,
            41.6289074917286
          ]
        ]
      },
      "properties": {
        "STATE": "CT",
        "DESCRIPTION": "Fault, sense of displacement unknown or undefined, certain",
        "RuleID": 22
      }
    },
    {
      "type": "Feature",
      "geometry": {
        "type": "LineString",
        "coordinates": [
          [
            -73.4332627570189,
            41.3230685991424
          ],
          [
            -73.4327178928664,
            41.3221183145585
          ],
          [
            -73.4323578211511,
            41.3214036274444
          ],
          [
            -73.4317062182783,
            41.320344083556
          ],
          [
            -73.4313936872044,
            41.3197771684351
          ],
          [
            -73.4309639412573,
            41.3191978229246
          ],
          [
            -73.4306673992972,
            41.3187242834911
          ],
          [
            -73.430401816875,
            41.3183144515917
          ],
          [
            -73.4302906009513,
            41.3180908128493
          ]
        ]
      },
      "properties": {
        "STATE": "CT",
        "DESCRIPTION": "Fault, sense of displacement unknown or undefined, certain",
        "RuleID": 22
      }
    },
    {
      "type": "Feature",
      "geometry": {
        "type": "LineString",
        "coordinates": [
          [
            -73.4789784503241,
            41.3720450716987
          ],
          [
            -73.478096224765,
            41.3708772370062
          ],
          [
            -73.4775480745753,
            41.3698936202735
          ]
        ]
      },
      "properties": {
        "STATE": "CT",
        "DESCRIPTION": "Fault, sense of displacement unknown or undefined, certain",
        "RuleID": 22
      }
    },
    {
      "type": "Feature",
      "geometry": {
        "type": "LineString",
        "coordinates": [
          [
            -73.4396704462287,
            41.2501030648291
          ],
          [
            -73.4392649305398,
            41.2486788212203
          ],
          [
            -73.4367619968844,
            41.2438965833297
          ]
        ]
      },
      "properties": {
        "STATE": "CT",
        "DESCRIPTION": "Fault, sense of displacement unknown or undefined, certain",
        "RuleID": 22
      }
    },
    {
      "type": "Feature",
      "geometry": {
        "type": "LineString",
        "coordinates": [
          [
            -73.4375172806124,
            41.3283748589557
          ],
          [
            -73.4368604001373,
            41.3277912799596
          ],
          [
            -73.4363512026949,
            41.3272459180194
          ],
          [
            -73.4357790180797,
            41.3264973164295
          ]
        ]
      },
      "properties": {
        "STATE": "CT",
        "DESCRIPTION": "Fault, sense of displacement unknown or undefined, certain",
        "RuleID": 22
      }
    },
    {
      "type": "Feature",
      "geometry": {
        "type": "LineString",
        "coordinates": [
          [
            -73.4496060935454,
            41.301022428793
          ],
          [
            -73.4494627924947,
            41.3000546506885
          ],
          [
            -73.4493021216196,
            41.2986200160461
          ],
          [
            -73.4490259318905,
            41.2972394748737
          ],
          [
            -73.4487198453305,
            41.2958946607872
          ],
          [
            -73.4484580151713,
            41.2945409882094
          ],
          [
            -73.448131402107,
            41.2930592440636
          ],
          [
            -73.4478557962829,
            41.2917166062516
          ],
          [
            -73.4475208818871,
            41.2905305610409
          ],
          [
            -73.4473808695686,
            41.2891856106649
          ],
          [
            -73.4471537898378,
            41.2881846274416
          ],
          [
            -73.4470548188497,
            41.287765381733
          ]
        ]
      },
      "properties": {
        "STATE": "CT",
        "DESCRIPTION": "Fault, sense of displacement unknown or undefined, certain",
        "RuleID": 22
      }
    },
    {
      "type": "Feature",
      "geometry": {
        "type": "LineString",
        "coordinates": [
          [
            -73.4515275306493,
            41.3103243379557
          ],
          [
            -73.4514852191012,
            41.3100927372073
          ],
          [
            -73.4509084584679,
            41.3080441827761
          ],
          [
            -73.4504926876117,
            41.3065422718359
          ],
          [
            -73.4503573061085,
            41.3056802197749
          ]
        ]
      },
      "properties": {
        "STATE": "CT",
        "DESCRIPTION": "Fault, sense of displacement unknown or undefined, certain",
        "RuleID": 22
      }
    },
    {
      "type": "Feature",
      "geometry": {
        "type": "LineString",
        "coordinates": [
          [
            -73.4572279654562,
            41.3379261247945
          ],
          [
            -73.4571381842335,
            41.3373578706803
          ],
          [
            -73.4569568961243,
            41.3362256947121
          ],
          [
            -73.4567764272787,
            41.3354999109229
          ],
          [
            -73.4566664582165,
            41.3350215451255
          ],
          [
            -73.4565603608932,
            41.3340386572638
          ],
          [
            -73.4564564383913,
            41.3332074096232
          ],
          [
            -73.4563216910987,
            41.3321235583937
          ],
          [
            -73.4562050727068,
            41.3293056058352
          ],
          [
            -73.456256974669,
            41.3277303076207
          ],
          [
            -73.4562279680684,
            41.3266798623359
          ],
          [
            -73.4562071783578,
            41.3254281700007
          ],
          [
            -73.456214820326,
            41.3245371783055
          ]
        ]
      },
      "properties": {
        "STATE": "CT",
        "DESCRIPTION": "Fault, sense of displacement unknown or undefined, certain",
        "RuleID": 22
      }
    },
    {
      "type": "Feature",
      "geometry": {
        "type": "LineString",
        "coordinates": [
          [
            -73.4531898199635,
            41.3540150982391
          ],
          [
            -73.4530215682057,
            41.353769146222
          ],
          [
            -73.4519192563003,
            41.3519370373001
          ],
          [
            -73.4516596440815,
            41.351637313878
          ]
        ]
      },
      "properties": {
        "STATE": "CT",
        "DESCRIPTION": "Fault, sense of displacement unknown or undefined, certain",
        "RuleID": 22
      }
    },
    {
      "type": "Feature",
      "geometry": {
        "type": "LineString",
        "coordinates": [
          [
            -73.456214820326,
            41.3245371783055
          ],
          [
            -73.4561167710093,
            41.324264611791
          ],
          [
            -73.4558483813519,
            41.3235708380775
          ],
          [
            -73.455455009089,
            41.3225228131298
          ],
          [
            -73.4550882107888,
            41.3213296566949
          ],
          [
            -73.4546772036985,
            41.3200981338954
          ],
          [
            -73.4536070514803,
            41.3175504703815
          ],
          [
            -73.4532548409221,
            41.3161716577975
          ],
          [
            -73.4528736668824,
            41.3150696823338
          ],
          [
            -73.4524318278149,
            41.3137036020617
          ],
          [
            -73.4515275306493,
            41.3103243379557
          ]
        ]
      },
      "properties": {
        "STATE": "CT",
        "DESCRIPTION": "Fault, sense of displacement unknown or undefined, certain",
        "RuleID": 22
      }
    },
    {
      "type": "Feature",
      "geometry": {
        "type": "LineString",
        "coordinates": [
          [
            -73.4250692772113,
            41.3325702834865
          ],
          [
            -73.4250067769254,
            41.3324521756892
          ],
          [
            -73.4248796733976,
            41.3320643196301
          ],
          [
            -73.4243556735159,
            41.3305754832302
          ],
          [
            -73.423347655071,
            41.3278430488946
          ],
          [
            -73.4222660089087,
            41.3252166952961
          ],
          [
            -73.4216257778091,
            41.3239092859672
          ],
          [
            -73.4214957745195,
            41.3235679951947
          ]
        ]
      },
      "properties": {
        "STATE": "CT",
        "DESCRIPTION": "Fault, sense of displacement unknown or undefined, certain",
        "RuleID": 22
      }
    },
    {
      "type": "Feature",
      "geometry": {
        "type": "LineString",
        "coordinates": [
          [
            -73.4446681604298,
            41.3276111913119
          ],
          [
            -73.4441264394826,
            41.3267703633607
          ],
          [
            -73.443501751034,
            41.3255800600322
          ],
          [
            -73.4426618352265,
            41.3235709844718
          ]
        ]
      },
      "properties": {
        "STATE": "CT",
        "DESCRIPTION": "Fault, sense of displacement unknown or undefined, certain",
        "RuleID": 22
      }
    },
    {
      "type": "Feature",
      "geometry": {
        "type": "LineString",
        "coordinates": [
          [
            -73.4302906009513,
            41.3180908128493
          ],
          [
            -73.4301375262302,
            41.3177915401932
          ],
          [
            -73.4297483643711,
            41.316937963307
          ],
          [
            -73.4295906929707,
            41.3166423698932
          ],
          [
            -73.4294812404399,
            41.3163907859925
          ],
          [
            -73.4292949334432,
            41.3160178330444
          ],
          [
            -73.4290898390807,
            41.315503625218
          ],
          [
            -73.4284187652241,
            41.314014464382
          ],
          [
            -73.4279659873715,
            41.3130614001106
          ],
          [
            -73.4275441115646,
            41.3122192704176
          ],
          [
            -73.4265868667978,
            41.3098856783661
          ],
          [
            -73.4264873765835,
            41.3094993499483
          ]
        ]
      },
      "properties": {
        "STATE": "CT",
        "DESCRIPTION": "Fault, sense of displacement unknown or undefined, certain",
        "RuleID": 22
      }
    },
    {
      "type": "Feature",
      "geometry": {
        "type": "LineString",
        "coordinates": [
          [
            -73.4470548188497,
            41.287765381733
          ],
          [
            -73.4468311347507,
            41.28682657472
          ],
          [
            -73.4464952106485,
            41.2855410856006
          ],
          [
            -73.4462466539959,
            41.2842092819679
          ],
          [
            -73.4459230089654,
            41.2827281712766
          ],
          [
            -73.4456186813067,
            41.2814734552123
          ],
          [
            -73.4453933083749,
            41.2805389706285
          ],
          [
            -73.4452366664439,
            41.2792280081337
          ],
          [
            -73.4449873147823,
            41.276445802754
          ],
          [
            -73.4447485380882,
            41.2745871266454
          ],
          [
            -73.4444686419103,
            41.2730828451675
          ],
          [
            -73.4441193796228,
            41.2720351955805
          ],
          [
            -73.444000299847,
            41.2711011956694
          ],
          [
            -73.4438000626752,
            41.2697897613878
          ],
          [
            -73.443430511937,
            41.26839265655
          ],
          [
            -73.4430167973245,
            41.266957176432
          ],
          [
            -73.4426201057866,
            41.2657381271896
          ],
          [
            -73.4423755376539,
            41.2645772249828
          ],
          [
            -73.4420276417039,
            41.263392862163
          ],
          [
            -73.441750982156,
            41.2621868755214
          ],
          [
            -73.4414185533985,
            41.2610579776414
          ],
          [
            -73.4414128634695,
            41.2610094469694
          ]
        ]
      },
      "properties": {
        "STATE": "CT",
        "DESCRIPTION": "Fault, sense of displacement unknown or undefined, certain",
        "RuleID": 22
      }
    },
    {
      "type": "Feature",
      "geometry": {
        "type": "LineString",
        "coordinates": [
          [
            -73.4412186441118,
            41.2595103893554
          ],
          [
            -73.4411314859697,
            41.2588575972689
          ],
          [
            -73.4410835069504,
            41.2575334548787
          ],
          [
            -73.4408011916094,
            41.2557451236695
          ],
          [
            -73.4403524049716,
            41.2539426057556
          ],
          [
            -73.4399474785775,
            41.2524854388179
          ],
          [
            -73.4396911146667,
            41.2516997371379
          ]
        ]
      },
      "properties": {
        "STATE": "CT",
        "DESCRIPTION": "Fault, sense of displacement unknown or undefined, certain",
        "RuleID": 22
      }
    },
    {
      "type": "Feature",
      "geometry": {
        "type": "LineString",
        "coordinates": [
          [
            -73.4415308131647,
            41.320258263859
          ],
          [
            -73.4411072224739,
            41.3192080044195
          ],
          [
            -73.4406045782415,
            41.3179319662114
          ],
          [
            -73.4403132869342,
            41.3167936138011
          ],
          [
            -73.440221589605,
            41.3165602460551
          ]
        ]
      },
      "properties": {
        "STATE": "CT",
        "DESCRIPTION": "Fault, sense of displacement unknown or undefined, certain",
        "RuleID": 22
      }
    },
    {
      "type": "Feature",
      "geometry": {
        "type": "LineString",
        "coordinates": [
          [
            -73.4315995864574,
            41.2249091815931
          ],
          [
            -73.4316266050862,
            41.2243862140467
          ],
          [
            -73.431788850708,
            41.2196705506809
          ],
          [
            -73.4318353627785,
            41.2177016796728
          ],
          [
            -73.4318537450041,
            41.2172003676648
          ]
        ]
      },
      "properties": {
        "STATE": "CT",
        "DESCRIPTION": "Fault, sense of displacement unknown or undefined, certain",
        "RuleID": 22
      }
    },
    {
      "type": "Feature",
      "geometry": {
        "type": "LineString",
        "coordinates": [
          [
            -73.4480267259185,
            41.3717385944186
          ],
          [
            -73.4478296984273,
            41.3714861251343
          ],
          [
            -73.4466987760784,
            41.3699451197901
          ],
          [
            -73.4462357206006,
            41.3694481530116
          ],
          [
            -73.4446489607373,
            41.3677613007706
          ],
          [
            -73.4431932246496,
            41.3656837164671
          ],
          [
            -73.4426971668649,
            41.3649005589548
          ],
          [
            -73.442216514289,
            41.3642436960265
          ],
          [
            -73.4417497352943,
            41.36352856764
          ],
          [
            -73.441271492,
            41.3627872203476
          ],
          [
            -73.4410229982295,
            41.3623105045892
          ],
          [
            -73.4406803080166,
            41.3617321333515
          ],
          [
            -73.4403526834493,
            41.3610532582229
          ]
        ]
      },
      "properties": {
        "STATE": "CT",
        "DESCRIPTION": "Fault, sense of displacement unknown or undefined, certain",
        "RuleID": 22
      }
    },
    {
      "type": "Feature",
      "geometry": {
        "type": "LineString",
        "coordinates": [
          [
            -73.4396597499886,
            41.2515036562015
          ],
          [
            -73.4397406181271,
            41.2505158127946
          ],
          [
            -73.4396704462287,
            41.2501030648291
          ]
        ]
      },
      "properties": {
        "STATE": "CT",
        "DESCRIPTION": "Fault, sense of displacement unknown or undefined, certain",
        "RuleID": 22
      }
    },
    {
      "type": "Feature",
      "geometry": {
        "type": "LineString",
        "coordinates": [
          [
            -73.4426618352265,
            41.3235709844718
          ],
          [
            -73.4426228555297,
            41.3234723949233
          ],
          [
            -73.442181092819,
            41.3221771238479
          ],
          [
            -73.4419078154282,
            41.3213546363288
          ]
        ]
      },
      "properties": {
        "STATE": "CT",
        "DESCRIPTION": "Fault, sense of displacement unknown or undefined, certain",
        "RuleID": 22
      }
    },
    {
      "type": "Feature",
      "geometry": {
        "type": "LineString",
        "coordinates": [
          [
            -73.4506791805596,
            41.3755466582579
          ],
          [
            -73.4504925304065,
            41.3752445939086
          ],
          [
            -73.450258821109,
            41.3748326800792
          ],
          [
            -73.4499940947813,
            41.3743806714489
          ],
          [
            -73.449669057362,
            41.373844150263
          ],
          [
            -73.4493124243976,
            41.3732768513895
          ],
          [
            -73.449076954402,
            41.3729164876532
          ],
          [
            -73.4486323036078,
            41.372381198821
          ],
          [
            -73.4482605241493,
            41.3720324581258
          ],
          [
            -73.4480267259185,
            41.3717385944186
          ]
        ]
      },
      "properties": {
        "STATE": "CT",
        "DESCRIPTION": "Fault, sense of displacement unknown or undefined, certain",
        "RuleID": 22
      }
    },
    {
      "type": "Feature",
      "geometry": {
        "type": "LineString",
        "coordinates": [
          [
            -73.452326079038,
            41.3778846074523
          ],
          [
            -73.4519043532498,
            41.3773781544634
          ],
          [
            -73.4514695282281,
            41.376731757857
          ],
          [
            -73.4511444917071,
            41.37617162945
          ],
          [
            -73.4507257025116,
            41.3756185997694
          ],
          [
            -73.4506791805596,
            41.3755466582579
          ]
        ]
      },
      "properties": {
        "STATE": "CT",
        "DESCRIPTION": "Fault, sense of displacement unknown or undefined, certain",
        "RuleID": 22
      }
    },
    {
      "type": "Feature",
      "geometry": {
        "type": "LineString",
        "coordinates": [
          [
            -73.4632627154826,
            41.3621395784132
          ],
          [
            -73.4631215497272,
            41.3617392020084
          ],
          [
            -73.4628827999826,
            41.3611041828683
          ],
          [
            -73.4627238781274,
            41.36061476685
          ],
          [
            -73.4625798611193,
            41.3601901269894
          ]
        ]
      },
      "properties": {
        "STATE": "CT",
        "DESCRIPTION": "Fault, sense of displacement unknown or undefined, certain",
        "RuleID": 22
      }
    },
    {
      "type": "Feature",
      "geometry": {
        "type": "LineString",
        "coordinates": [
          [
            -73.4389754125068,
            41.3300045949095
          ],
          [
            -73.4385385950219,
            41.3294662204481
          ],
          [
            -73.4382767334216,
            41.3292509468584
          ],
          [
            -73.4377061900284,
            41.3285452484549
          ],
          [
            -73.4375172806124,
            41.3283748589557
          ]
        ]
      },
      "properties": {
        "STATE": "CT",
        "DESCRIPTION": "Fault, sense of displacement unknown or undefined, certain",
        "RuleID": 22
      }
    },
    {
      "type": "Feature",
      "geometry": {
        "type": "LineString",
        "coordinates": [
          [
            -73.4648709378947,
            41.3825815870363
          ],
          [
            -73.464776589637,
            41.3825980114758
          ],
          [
            -73.4637285027372,
            41.3826393954102
          ],
          [
            -73.4631498143194,
            41.3826595188351
          ],
          [
            -73.4624089063309,
            41.3826854199168
          ],
          [
            -73.4613919559371,
            41.3826252019753
          ],
          [
            -73.4600086411294,
            41.3825009112183
          ],
          [
            -73.4593535303354,
            41.3824139743423
          ],
          [
            -73.4584391145464,
            41.3821832978259
          ],
          [
            -73.4581056042174,
            41.3820369279485
          ],
          [
            -73.4574793544969,
            41.3818384354471
          ],
          [
            -73.4570049676701,
            41.3816365432237
          ],
          [
            -73.4564214723672,
            41.3812210132572
          ],
          [
            -73.4561133493264,
            41.3809953688858
          ],
          [
            -73.4556569270086,
            41.3806463959969
          ]
        ]
      },
      "properties": {
        "STATE": "CT",
        "DESCRIPTION": "Fault, sense of displacement unknown or undefined, certain",
        "RuleID": 22
      }
    },
    {
      "type": "Feature",
      "geometry": {
        "type": "LineString",
        "coordinates": [
          [
            -73.4505727445715,
            41.3500023224306
          ],
          [
            -73.4504458737073,
            41.3497940828141
          ],
          [
            -73.4500540312753,
            41.3488834037996
          ],
          [
            -73.4496766121935,
            41.3479287582663
          ],
          [
            -73.4494187903171,
            41.3469728733765
          ],
          [
            -73.4492397183517,
            41.3460395559136
          ],
          [
            -73.4491561660472,
            41.3456285746732
          ],
          [
            -73.4489915821107,
            41.3445804540434
          ],
          [
            -73.4482998784436,
            41.3428743733369
          ],
          [
            -73.4478913983143,
            41.3419976836062
          ],
          [
            -73.4475655245635,
            41.3413144838199
          ],
          [
            -73.4471714093938,
            41.3404646615193
          ],
          [
            -73.4469207129542,
            41.3399307568121
          ],
          [
            -73.4463352009335,
            41.3390658771772
          ],
          [
            -73.4456066322038,
            41.3381354936712
          ],
          [
            -73.445094601475,
            41.3374006242682
          ],
          [
            -73.4447437276098,
            41.3370471075654
          ],
          [
            -73.4442494700489,
            41.3363776634439
          ],
          [
            -73.4438309548395,
            41.3358482045938
          ],
          [
            -73.4433522013021,
            41.3352106112211
          ],
          [
            -73.4429791390495,
            41.3346536611935
          ],
          [
            -73.4425485423978,
            41.3341545173872
          ],
          [
            -73.4409555652944,
            41.3321400185054
          ],
          [
            -73.4404186638086,
            41.3316403697661
          ],
          [
            -73.4395874014723,
            41.3306771690297
          ],
          [
            -73.4391998502924,
            41.3302822350526
          ],
          [
            -73.4389754125068,
            41.3300045949095
          ]
        ]
      },
      "properties": {
        "STATE": "CT",
        "DESCRIPTION": "Fault, sense of displacement unknown or undefined, certain",
        "RuleID": 22
      }
    },
    {
      "type": "Feature",
      "geometry": {
        "type": "LineString",
        "coordinates": [
          [
            -73.4503573061085,
            41.3056802197749
          ],
          [
            -73.4502276531619,
            41.3048430835692
          ],
          [
            -73.4499314471717,
            41.3033163141329
          ],
          [
            -73.4496780369216,
            41.3015016603366
          ],
          [
            -73.4496060935454,
            41.301022428793
          ]
        ]
      },
      "properties": {
        "STATE": "CT",
        "DESCRIPTION": "Fault, sense of displacement unknown or undefined, certain",
        "RuleID": 22
      }
    },
    {
      "type": "Feature",
      "geometry": {
        "type": "LineString",
        "coordinates": [
          [
            -73.4775480745753,
            41.3698936202735
          ],
          [
            -73.4769120341165,
            41.368753138765
          ],
          [
            -73.4762032588657,
            41.3670955574692
          ],
          [
            -73.4760607546206,
            41.3668791091179
          ]
        ]
      },
      "properties": {
        "STATE": "CT",
        "DESCRIPTION": "Fault, sense of displacement unknown or undefined, certain",
        "RuleID": 22
      }
    },
    {
      "type": "Feature",
      "geometry": {
        "type": "LineString",
        "coordinates": [
          [
            -73.3915296187616,
            41.1997122665655
          ],
          [
            -73.3931300958994,
            41.1941894566384
          ],
          [
            -73.3933428052806,
            41.1922770551656
          ]
        ]
      },
      "properties": {
        "STATE": "CT",
        "DESCRIPTION": "Fault, sense of displacement unknown or undefined, certain",
        "RuleID": 22
      }
    },
    {
      "type": "Feature",
      "geometry": {
        "type": "LineString",
        "coordinates": [
          [
            -73.4264873765835,
            41.3094993499483
          ],
          [
            -73.4264273601393,
            41.3092495306847
          ],
          [
            -73.4262543374291,
            41.3088512359905
          ],
          [
            -73.4260636170094,
            41.3083638922053
          ],
          [
            -73.4256270896803,
            41.3073389045462
          ]
        ]
      },
      "properties": {
        "STATE": "CT",
        "DESCRIPTION": "Fault, sense of displacement unknown or undefined, certain",
        "RuleID": 22
      }
    },
    {
      "type": "Feature",
      "geometry": {
        "type": "LineString",
        "coordinates": [
          [
            -73.3909127519442,
            41.2020571123221
          ],
          [
            -73.3912485116547,
            41.200683015108
          ],
          [
            -73.3915296187616,
            41.1997122665655
          ]
        ]
      },
      "properties": {
        "STATE": "CT",
        "DESCRIPTION": "Fault, sense of displacement unknown or undefined, certain",
        "RuleID": 22
      }
    },
    {
      "type": "Feature",
      "geometry": {
        "type": "LineString",
        "coordinates": [
          [
            -73.4586444640305,
            41.3499986627093
          ],
          [
            -73.4584988022072,
            41.3495311230211
          ],
          [
            -73.4580671338654,
            41.3479738281379
          ],
          [
            -73.4578431928482,
            41.3462179804665
          ],
          [
            -73.4578367600125,
            41.3456450043961
          ],
          [
            -73.457772032803,
            41.3453516642266
          ]
        ]
      },
      "properties": {
        "STATE": "CT",
        "DESCRIPTION": "Fault, sense of displacement unknown or undefined, certain",
        "RuleID": 22
      }
    },
    {
      "type": "Feature",
      "geometry": {
        "type": "LineString",
        "coordinates": [
          [
            -73.4358497981376,
            41.3547467255517
          ],
          [
            -73.4344777508985,
            41.3523666576611
          ],
          [
            -73.4339503014862,
            41.3515526730102
          ],
          [
            -73.4335612384417,
            41.3509023284454
          ],
          [
            -73.4331434427828,
            41.3502454617965
          ],
          [
            -73.4327394677046,
            41.3495775560113
          ],
          [
            -73.4318974453478,
            41.3479033484534
          ],
          [
            -73.430915879593,
            41.3461313397174
          ],
          [
            -73.4303357251246,
            41.3447668520815
          ],
          [
            -73.4300238237698,
            41.344072570348
          ],
          [
            -73.4293003430978,
            41.3424157477277
          ],
          [
            -73.4285786554632,
            41.3407309742014
          ],
          [
            -73.4282507227738,
            41.3400141454824
          ],
          [
            -73.4279549048558,
            41.3393660058209
          ],
          [
            -73.4276883522531,
            41.338762295209
          ],
          [
            -73.4274040965511,
            41.3380695371788
          ],
          [
            -73.4271082346157,
            41.3374686197292
          ],
          [
            -73.4267007354466,
            41.3365117037704
          ],
          [
            -73.4264656634047,
            41.3360332212958
          ],
          [
            -73.4263391904942,
            41.3355888274279
          ],
          [
            -73.4261804986077,
            41.3351701893189
          ],
          [
            -73.4258504234363,
            41.3343725456865
          ]
        ]
      },
      "properties": {
        "STATE": "CT",
        "DESCRIPTION": "Fault, sense of displacement unknown or undefined, certain",
        "RuleID": 22
      }
    },
    {
      "type": "Feature",
      "geometry": {
        "type": "LineString",
        "coordinates": [
          [
            -73.437797007907,
            41.3098646262213
          ],
          [
            -73.4370409273734,
            41.3071989219925
          ],
          [
            -73.4366899034896,
            41.3061320009718
          ],
          [
            -73.4363535167551,
            41.3048322061135
          ],
          [
            -73.4360384937546,
            41.3039576733887
          ],
          [
            -73.4354740966346,
            41.3026014026383
          ]
        ]
      },
      "properties": {
        "STATE": "CT",
        "DESCRIPTION": "Fault, sense of displacement unknown or undefined, certain",
        "RuleID": 22
      }
    },
    {
      "type": "Feature",
      "geometry": {
        "type": "LineString",
        "coordinates": [
          [
            -73.4736967049998,
            41.3626837022522
          ],
          [
            -73.4736611002735,
            41.3626000722509
          ],
          [
            -73.473305002705,
            41.3618582424187
          ],
          [
            -73.4727410197084,
            41.3606631654466
          ],
          [
            -73.4720994510173,
            41.3594269018184
          ],
          [
            -73.4714619004905,
            41.3582434915779
          ],
          [
            -73.4711150834172,
            41.3574470637516
          ],
          [
            -73.4705694952226,
            41.3563789209178
          ],
          [
            -73.4701766592539,
            41.3556429141928
          ],
          [
            -73.4698787240068,
            41.3548811582757
          ],
          [
            -73.4694550210266,
            41.3538925545821
          ],
          [
            -73.4690136221337,
            41.3527204580363
          ],
          [
            -73.4685998536222,
            41.3515262760313
          ],
          [
            -73.4680350495654,
            41.350090063294
          ],
          [
            -73.4674081171253,
            41.3487389564719
          ],
          [
            -73.4661731501036,
            41.3462488137335
          ],
          [
            -73.46563929211,
            41.3450887930473
          ],
          [
            -73.465014112283,
            41.3438277846049
          ],
          [
            -73.4643419281087,
            41.3424096987382
          ],
          [
            -73.4638065061482,
            41.341112324879
          ],
          [
            -73.4633364465061,
            41.3400753592461
          ],
          [
            -73.4616660427101,
            41.336839339129
          ],
          [
            -73.4609951251603,
            41.3354498215194
          ],
          [
            -73.4604951722805,
            41.3345194072693
          ],
          [
            -73.4594888462616,
            41.3321091981199
          ],
          [
            -73.4589661210893,
            41.3309610519798
          ]
        ]
      },
      "properties": {
        "STATE": "CT",
        "DESCRIPTION": "Fault, sense of displacement unknown or undefined, certain",
        "RuleID": 22
      }
    },
    {
      "type": "Feature",
      "geometry": {
        "type": "LineString",
        "coordinates": [
          [
            -73.440221589605,
            41.3165602460551
          ],
          [
            -73.4396702764471,
            41.3151550601773
          ],
          [
            -73.4389155272167,
            41.3132549575431
          ],
          [
            -73.4382815645612,
            41.3112877666732
          ],
          [
            -73.4379145398855,
            41.3101038607503
          ],
          [
            -73.437797007907,
            41.3098646262213
          ]
        ]
      },
      "properties": {
        "STATE": "CT",
        "DESCRIPTION": "Fault, sense of displacement unknown or undefined, certain",
        "RuleID": 22
      }
    },
    {
      "type": "Feature",
      "geometry": {
        "type": "LineString",
        "coordinates": [
          [
            -73.4258504234363,
            41.3343725456865
          ],
          [
            -73.4257896793568,
            41.3342264945428
          ],
          [
            -73.42548948844,
            41.3334403514892
          ],
          [
            -73.4253009599096,
            41.3329865943109
          ],
          [
            -73.4250692772113,
            41.3325702834865
          ]
        ]
      },
      "properties": {
        "STATE": "CT",
        "DESCRIPTION": "Fault, sense of displacement unknown or undefined, certain",
        "RuleID": 22
      }
    },
    {
      "type": "Feature",
      "geometry": {
        "type": "LineString",
        "coordinates": [
          [
            -73.4552472934424,
            41.3571688395028
          ],
          [
            -73.4549297749221,
            41.3566292965028
          ],
          [
            -73.454139496424,
            41.3555622582329
          ],
          [
            -73.4537031855888,
            41.3547785176871
          ],
          [
            -73.4531898199635,
            41.3540150982391
          ]
        ]
      },
      "properties": {
        "STATE": "CT",
        "DESCRIPTION": "Fault, sense of displacement unknown or undefined, certain",
        "RuleID": 22
      }
    },
    {
      "type": "Feature",
      "geometry": {
        "type": "LineString",
        "coordinates": [
          [
            -73.4663230771279,
            41.3713766649138
          ],
          [
            -73.4659271114287,
            41.3709469536355
          ],
          [
            -73.4652461659855,
            41.3701315416052
          ],
          [
            -73.4647215696225,
            41.3694507100735
          ],
          [
            -73.4640412853393,
            41.3685551416818
          ],
          [
            -73.4634684189028,
            41.3678539222787
          ],
          [
            -73.4625100189026,
            41.366696983306
          ],
          [
            -73.4612724386818,
            41.3651792416404
          ],
          [
            -73.4589504957933,
            41.3620272390138
          ],
          [
            -73.4573433747157,
            41.359755004439
          ],
          [
            -73.4566764133465,
            41.3589757200028
          ],
          [
            -73.455997966118,
            41.3581938242295
          ],
          [
            -73.4552472934424,
            41.3571688395028
          ]
        ]
      },
      "properties": {
        "STATE": "CT",
        "DESCRIPTION": "Fault, sense of displacement unknown or undefined, certain",
        "RuleID": 22
      }
    },
    {
      "type": "Feature",
      "geometry": {
        "type": "LineString",
        "coordinates": [
          [
            -73.3965467716072,
            41.6289074917286
          ],
          [
            -73.3960426568327,
            41.6296530925801
          ],
          [
            -73.3954310128203,
            41.6304782841996
          ],
          [
            -73.3946519956026,
            41.6312656266663
          ],
          [
            -73.3938158455328,
            41.6320305997276
          ],
          [
            -73.3930068739919,
            41.6327592105006
          ],
          [
            -73.3922139688198,
            41.6335339610279
          ],
          [
            -73.3915584079699,
            41.6343350466781
          ],
          [
            -73.3911013433567,
            41.6351904709074
          ],
          [
            -73.3906112970978,
            41.6360809433999
          ],
          [
            -73.3899689693303,
            41.6372014721232
          ],
          [
            -73.3894664957778,
            41.6382402755324
          ],
          [
            -73.3886873545926,
            41.6393251375636
          ],
          [
            -73.3882893003104,
            41.6400805530949
          ],
          [
            -73.3877704522669,
            41.6408936662051
          ],
          [
            -73.3870527136263,
            41.6418412754185
          ],
          [
            -73.3863826934935,
            41.6428894151597
          ],
          [
            -73.3859679350386,
            41.6439055503563
          ],
          [
            -73.3854314916937,
            41.6448327637349
          ],
          [
            -73.3849743264691,
            41.6456645497038
          ],
          [
            -73.3843501302973,
            41.6465671913164
          ],
          [
            -73.3836768564666,
            41.6474587309994
          ],
          [
            -73.383033525281,
            41.6483853837632
          ],
          [
            -73.3826385180842,
            41.649297354482
          ],
          [
            -73.382225815873,
            41.6500966896076
          ],
          [
            -73.3817046654475,
            41.6508289872554
          ],
          [
            -73.3811881314642,
            41.6515576063396
          ],
          [
            -73.3806969677011,
            41.6523014080938
          ],
          [
            -73.3799342935333,
            41.6533758237323
          ],
          [
            -73.3793833091588,
            41.6542761309563
          ],
          [
            -73.3783145457361,
            41.6553285404972
          ],
          [
            -73.3768367003127,
            41.6564584450195
          ],
          [
            -73.3756496152923,
            41.6574368476908
          ],
          [
            -73.3745339490319,
            41.6582141311165
          ],
          [
            -73.3732381651672,
            41.6592198883591
          ],
          [
            -73.3718971547212,
            41.6602909805879
          ],
          [
            -73.370570634999,
            41.6613181107646
          ],
          [
            -73.3692879216216,
            41.6623693173699
          ],
          [
            -73.3678237611333,
            41.6634408672495
          ],
          [
            -73.3665570754973,
            41.6647885353619
          ],
          [
            -73.3656713626783,
            41.6656981123129
          ],
          [
            -73.3650604804373,
            41.6663864729925
          ],
          [
            -73.3641014668878,
            41.6672511195161
          ],
          [
            -73.3631693219484,
            41.667970693616
          ],
          [
            -73.3629262611887,
            41.6681754790973
          ],
          [
            -73.3624443267168,
            41.6685198655385
          ]
        ]
      },
      "properties": {
        "STATE": "CT",
        "DESCRIPTION": "Fault, sense of displacement unknown or undefined, certain",
        "RuleID": 22
      }
    },
    {
      "type": "Feature",
      "geometry": {
        "type": "LineString",
        "coordinates": [
          [
            -73.4367619968844,
            41.2438965833297
          ],
          [
            -73.4366485657152,
            41.2436865842026
          ],
          [
            -73.4348760082,
            41.2410447649513
          ],
          [
            -73.4338130443007,
            41.2389231166163
          ],
          [
            -73.4318347249746,
            41.2333054791107
          ],
          [
            -73.4313514996237,
            41.2293927374238
          ],
          [
            -73.4315995864574,
            41.2249091815931
          ]
        ]
      },
      "properties": {
        "STATE": "CT",
        "DESCRIPTION": "Fault, sense of displacement unknown or undefined, certain",
        "RuleID": 22
      }
    },
    {
      "type": "Feature",
      "geometry": {
        "type": "LineString",
        "coordinates": [
          [
            -73.4803616339778,
            41.3827104784689
          ],
          [
            -73.4801051191501,
            41.3826382738472
          ],
          [
            -73.479513286583,
            41.3824949266154
          ],
          [
            -73.4789007819846,
            41.3822855002143
          ],
          [
            -73.4782163618578,
            41.38210702692
          ],
          [
            -73.4771816733304,
            41.3818634612984
          ],
          [
            -73.4766634343447,
            41.38180286986
          ],
          [
            -73.4759784051602,
            41.3817045322517
          ],
          [
            -73.4751576387396,
            41.3815849195057
          ],
          [
            -73.4744593980322,
            41.3814646918257
          ],
          [
            -73.4736961794854,
            41.3813108635376
          ],
          [
            -73.4725516898808,
            41.3810046186434
          ],
          [
            -73.4714766032167,
            41.3810352278297
          ],
          [
            -73.4706585533016,
            41.3811995716563
          ],
          [
            -73.4698094594068,
            41.3813238264809
          ],
          [
            -73.4689804482485,
            41.3815234643782
          ],
          [
            -73.4674995539431,
            41.3819580996267
          ],
          [
            -73.466848283447,
            41.3821365605233
          ],
          [
            -73.4661389180031,
            41.3823113151705
          ],
          [
            -73.4654853487181,
            41.3824798036783
          ],
          [
            -73.4648709378947,
            41.3825815870363
          ]
        ]
      },
      "properties": {
        "STATE": "CT",
        "DESCRIPTION": "Fault, sense of displacement unknown or undefined, certain",
        "RuleID": 22
      }
    },
    {
      "type": "Feature",
      "geometry": {
        "type": "LineString",
        "coordinates": [
          [
            -73.4516596440815,
            41.351637313878
          ],
          [
            -73.4512845893656,
            41.3512027896097
          ],
          [
            -73.4505727445715,
            41.3500023224306
          ]
        ]
      },
      "properties": {
        "STATE": "CT",
        "DESCRIPTION": "Fault, sense of displacement unknown or undefined, certain",
        "RuleID": 22
      }
    },
    {
      "type": "Feature",
      "geometry": {
        "type": "LineString",
        "coordinates": [
          [
            -73.4760607546206,
            41.3668791091179
          ],
          [
            -73.4754430586582,
            41.3659363990642
          ],
          [
            -73.4748362853114,
            41.3650292143982
          ],
          [
            -73.4743687283757,
            41.3640637991884
          ],
          [
            -73.4739459794063,
            41.3631982591258
          ],
          [
            -73.4736967049998,
            41.3626837022522
          ]
        ]
      },
      "properties": {
        "STATE": "CT",
        "DESCRIPTION": "Fault, sense of displacement unknown or undefined, certain",
        "RuleID": 22
      }
    },
    {
      "type": "Feature",
      "geometry": {
        "type": "LineString",
        "coordinates": [
          [
            -73.4735596131043,
            41.3777944470861
          ],
          [
            -73.473490615304,
            41.3777552164084
          ],
          [
            -73.4722210972798,
            41.3769530860886
          ],
          [
            -73.4712097892043,
            41.3762660556362
          ],
          [
            -73.4700444523969,
            41.3754307942655
          ],
          [
            -73.4693994296836,
            41.3749494490996
          ],
          [
            -73.4684602212911,
            41.3740425512172
          ],
          [
            -73.4679027708432,
            41.3733732050203
          ],
          [
            -73.4678280597577,
            41.3732854456587
          ]
        ]
      },
      "properties": {
        "STATE": "CT",
        "DESCRIPTION": "Fault, sense of displacement unknown or undefined, certain",
        "RuleID": 22
      }
    },
    {
      "type": "Feature",
      "geometry": {
        "type": "LineString",
        "coordinates": [
          [
            -73.5455055997678,
            41.3439675974447
          ],
          [
            -73.5452907029889,
            41.3442165566126
          ],
          [
            -73.5450424266107,
            41.3443918730729
          ],
          [
            -73.5447774685176,
            41.3445539773547
          ],
          [
            -73.5442004231185,
            41.3449100430336
          ],
          [
            -73.5434336643111,
            41.3452940992228
          ],
          [
            -73.54209207535,
            41.3459024943409
          ],
          [
            -73.5409630816841,
            41.346251959778
          ],
          [
            -73.5404940209686,
            41.3464387974551
          ],
          [
            -73.5395145455935,
            41.3469400698963
          ],
          [
            -73.5388236288506,
            41.3473223438588
          ],
          [
            -73.5371514284239,
            41.3480921391001
          ],
          [
            -73.5368507802646,
            41.3482178416486
          ],
          [
            -73.536640961662,
            41.3483121135115
          ],
          [
            -73.5358574735291,
            41.3487773569672
          ],
          [
            -73.5354085826867,
            41.3492048402194
          ],
          [
            -73.5350361348817,
            41.3495740365328
          ],
          [
            -73.5340970279988,
            41.3507691026768
          ],
          [
            -73.5339965092135,
            41.3511005552447
          ],
          [
            -73.5340152193242,
            41.352148361875
          ],
          [
            -73.5341333567672,
            41.3530486295292
          ],
          [
            -73.5342766569197,
            41.353491815233
          ],
          [
            -73.5344228289861,
            41.3539120395589
          ],
          [
            -73.5345954887769,
            41.3544468525578
          ],
          [
            -73.5349322294477,
            41.3556562011931
          ],
          [
            -73.5352724897178,
            41.3570457751693
          ],
          [
            -73.5354020267817,
            41.3575472336299
          ],
          [
            -73.5354400964852,
            41.357924149575
          ],
          [
            -73.5354005652228,
            41.3583779811354
          ],
          [
            -73.5352581139783,
            41.3588699572929
          ],
          [
            -73.5350374338456,
            41.3592828797433
          ],
          [
            -73.5348581202334,
            41.3595918173934
          ],
          [
            -73.5344879298947,
            41.3600181960048
          ],
          [
            -73.5338417771007,
            41.3606419638425
          ],
          [
            -73.5336055120962,
            41.3609049839351
          ],
          [
            -73.5332743778111,
            41.3612174091359
          ],
          [
            -73.5329598929015,
            41.3614485955641
          ],
          [
            -73.5325988222595,
            41.3616550947844
          ],
          [
            -73.5319059732405,
            41.3619708221359
          ],
          [
            -73.5313637438468,
            41.3621364048188
          ],
          [
            -73.5303816543742,
            41.3625331838145
          ],
          [
            -73.5294765945389,
            41.3628623589677
          ],
          [
            -73.5288112914597,
            41.3630379097385
          ],
          [
            -73.527405897859,
            41.3633012795051
          ],
          [
            -73.5259941378978,
            41.3633837543478
          ],
          [
            -73.5251896148142,
            41.3633106180786
          ],
          [
            -73.5235006122984,
            41.3629715456211
          ],
          [
            -73.5231342847155,
            41.3628604488991
          ],
          [
            -73.5228438620791,
            41.3627240005488
          ],
          [
            -73.5224464743468,
            41.3625492188954
          ],
          [
            -73.5220801395773,
            41.3623436724976
          ],
          [
            -73.5216982801231,
            41.362129893118
          ],
          [
            -73.5213440249992,
            41.3619176280331
          ],
          [
            -73.5206999275506,
            41.3615123714975
          ],
          [
            -73.5204382572915,
            41.3612643556505
          ],
          [
            -73.5198252101107,
            41.3607102708082
          ],
          [
            -73.5193795235589,
            41.3603262233015
          ],
          [
            -73.5189654747731,
            41.3600201573998
          ],
          [
            -73.5185036984962,
            41.3597080251458
          ],
          [
            -73.5180896595919,
            41.3594255674643
          ],
          [
            -73.5177354278242,
            41.3591896789828
          ],
          [
            -73.5173231235667,
            41.3590209453977
          ],
          [
            -73.5169597020337,
            41.3588632551231
          ],
          [
            -73.5164392990064,
            41.3587220333679
          ],
          [
            -73.515981000108,
            41.3585665094589
          ],
          [
            -73.5155405300731,
            41.3584527937814
          ],
          [
            -73.5152047164637,
            41.3583674477259
          ],
          [
            -73.5149166303453,
            41.3583117821815
          ],
          [
            -73.5145503431865,
            41.3582478844404
          ],
          [
            -73.5143519610358,
            41.3582030441903
          ],
          [
            -73.514092052373,
            41.3580687417186
          ],
          [
            -73.5136188135931,
            41.3576595430033
          ],
          [
            -73.5133853594171,
            41.3573801005683
          ],
          [
            -73.5133376337226,
            41.357232363404
          ],
          [
            -73.5132697857659,
            41.3567495114233
          ],
          [
            -73.5132801361546,
            41.3565346219973
          ],
          [
            -73.5133192407172,
            41.3560664981127
          ],
          [
            -73.5133134906011,
            41.355758243647
          ],
          [
            -73.513326716497,
            41.3554731694064
          ],
          [
            -73.5133152207563,
            41.3548802708918
          ],
          [
            -73.5132375982309,
            41.3546974398892
          ],
          [
            -73.5131576751201,
            41.354504645477
          ],
          [
            -73.5129547106631,
            41.3540620829903
          ],
          [
            -73.5128287929114,
            41.3537644421979
          ],
          [
            -73.5126890752403,
            41.3535250732741
          ],
          [
            -73.5125637351054,
            41.3532417296752
          ],
          [
            -73.5124544927803,
            41.3530281375297
          ],
          [
            -73.5123124790153,
            41.3527551905478
          ],
          [
            -73.5121721900158,
            41.3525959705532
          ],
          [
            -73.5120807720625,
            41.3524714127019
          ],
          [
            -73.511643816237,
            41.3517114916289
          ],
          [
            -73.5115322876995,
            41.3512990363412
          ],
          [
            -73.5115133242639,
            41.3509689031271
          ],
          [
            -73.5115495605058,
            41.3504765159131
          ],
          [
            -73.5116185672893,
            41.3501143224812
          ],
          [
            -73.5118272818624,
            41.3497553781092
          ],
          [
            -73.5120221965161,
            41.3495255413493
          ],
          [
            -73.5122148078895,
            41.3492857407574
          ],
          [
            -73.5125132084639,
            41.3490320763743
          ],
          [
            -73.5128438028615,
            41.348799854523
          ],
          [
            -73.5134756607644,
            41.3483618403267
          ],
          [
            -73.5137878531734,
            41.348120737279
          ],
          [
            -73.5143294330851,
            41.3476103644146
          ],
          [
            -73.5145364040283,
            41.3472321357441
          ],
          [
            -73.5145910180043,
            41.3469611383889
          ],
          [
            -73.5144133644787,
            41.3466754119297
          ],
          [
            -73.5140367898133,
            41.3464958320502
          ],
          [
            -73.5134267995994,
            41.3463437648629
          ],
          [
            -73.5130329808738,
            41.346231121024
          ],
          [
            -73.5128484336768,
            41.3461988431972
          ],
          [
            -73.5126529611693,
            41.3461546508325
          ],
          [
            -73.5121964795627,
            41.346065615222
          ],
          [
            -73.5118900507446,
            41.3460246706561
          ],
          [
            -73.5112840867798,
            41.3460435092194
          ],
          [
            -73.5110598690815,
            41.3460872633028
          ],
          [
            -73.5104090531329,
            41.3462895780955
          ],
          [
            -73.5101825285609,
            41.3464178157899
          ],
          [
            -73.5095955181503,
            41.346719557408
          ],
          [
            -73.5094310806393,
            41.3468571088889
          ],
          [
            -73.5092206484873,
            41.3470314848907
          ],
          [
            -73.5089078694784,
            41.3473055052091
          ],
          [
            -73.5084605363147,
            41.3478230039073
          ],
          [
            -73.5082840110732,
            41.3481089404559
          ],
          [
            -73.5080591870121,
            41.3484217379643
          ],
          [
            -73.5077624860502,
            41.3488127329052
          ],
          [
            -73.5074364398228,
            41.3494190484619
          ],
          [
            -73.5071995235397,
            41.3498330066617
          ],
          [
            -73.5070534583728,
            41.3501211098461
          ],
          [
            -73.5068918577414,
            41.3505190403766
          ],
          [
            -73.5067176115257,
            41.3508621630928
          ],
          [
            -73.5064524962275,
            41.3514492004332
          ],
          [
            -73.5063518462881,
            41.3517334035211
          ],
          [
            -73.5060188120662,
            41.3529001198727
          ],
          [
            -73.5059221497484,
            41.3534969124043
          ],
          [
            -73.5059134908874,
            41.3538019179403
          ],
          [
            -73.5059163268687,
            41.3541331352412
          ],
          [
            -73.5059542312821,
            41.3545336750931
          ],
          [
            -73.5060335417419,
            41.3548774603933
          ],
          [
            -73.5060967642733,
            41.3551042681766
          ],
          [
            -73.5063037019788,
            41.3556469222078
          ],
          [
            -73.5064456914892,
            41.3559907103943
          ],
          [
            -73.506618724081,
            41.3563981887039
          ],
          [
            -73.5068820283756,
            41.356878021828
          ],
          [
            -73.5070861238115,
            41.357207515526
          ],
          [
            -73.5073965833703,
            41.3577027303065
          ],
          [
            -73.5078340988463,
            41.3585477952128
          ],
          [
            -73.5079456246888,
            41.3588894144835
          ],
          [
            -73.5079967702695,
            41.359264605994
          ],
          [
            -73.5080036351949,
            41.3596722890084
          ],
          [
            -73.508039265074,
            41.3599684147137
          ],
          [
            -73.5079662032954,
            41.3603485840395
          ],
          [
            -73.5077919337235,
            41.3607389295198
          ],
          [
            -73.5075388917827,
            41.3610122940907
          ],
          [
            -73.5073887940785,
            41.3611294796504
          ],
          [
            -73.50713231698,
            41.3612226142546
          ],
          [
            -73.5068298434441,
            41.3612345138825
          ],
          [
            -73.5064629687871,
            41.3612035157821
          ],
          [
            -73.5057671697006,
            41.3611642670079
          ],
          [
            -73.5055526789602,
            41.3611677191102
          ],
          [
            -73.5052628770597,
            41.3609983029283
          ],
          [
            -73.5049690722662,
            41.360681581743
          ],
          [
            -73.5047057446154,
            41.360367028069
          ],
          [
            -73.5044280421234,
            41.3600728352295
          ],
          [
            -73.5041658598246,
            41.3598340983544
          ],
          [
            -73.503890463308,
            41.3595262568458
          ],
          [
            -73.5035794503869,
            41.3589931253849
          ],
          [
            -73.5033259574918,
            41.3583785461716
          ],
          [
            -73.5032127374267,
            41.357994032469
          ],
          [
            -73.5031478179777,
            41.3576062718806
          ],
          [
            -73.5030202311563,
            41.3571948943566
          ],
          [
            -73.502913418774,
            41.3563065151229
          ],
          [
            -73.5028628822511,
            41.3558983922893
          ],
          [
            -73.5028842603582,
            41.3552467917633
          ],
          [
            -73.5031155262382,
            41.3544773656773
          ],
          [
            -73.5032144891415,
            41.3540558260459
          ],
          [
            -73.5033111721206,
            41.3534826478759
          ],
          [
            -73.5034279432261,
            41.353150139985
          ],
          [
            -73.5035717670963,
            41.3525923446941
          ],
          [
            -73.5036126404417,
            41.3522615652861
          ],
          [
            -73.5036667432763,
            41.351881826827
          ],
          [
            -73.5037047725556,
            41.3513142757705
          ],
          [
            -73.5036691857956,
            41.3509000882711
          ],
          [
            -73.5035398867852,
            41.3504458161464
          ],
          [
            -73.503338112596,
            41.35022072724
          ],
          [
            -73.5030903491558,
            41.3499616258054
          ],
          [
            -73.5028144082601,
            41.3497339295089
          ],
          [
            -73.5024625740959,
            41.3495315721444
          ],
          [
            -73.5020049660019,
            41.3492486198272
          ],
          [
            -73.5017888142766,
            41.3490911122327
          ],
          [
            -73.5013013030635,
            41.3488675096661
          ],
          [
            -73.500626953051,
            41.3485780319649
          ],
          [
            -73.5002929333773,
            41.3484883131595
          ],
          [
            -73.5000928722753,
            41.3484005579987
          ],
          [
            -73.4985671277826,
            41.3477862530506
          ],
          [
            -73.4975610685634,
            41.3474878343276
          ],
          [
            -73.4968792454661,
            41.3473194264817
          ],
          [
            -73.4953879351949,
            41.3471379014317
          ],
          [
            -73.4940334886472,
            41.3468645298425
          ],
          [
            -73.493119416913,
            41.3466813317146
          ],
          [
            -73.4921139990908,
            41.3463027166154
          ],
          [
            -73.4914741910977,
            41.3460682156896
          ],
          [
            -73.4910459408456,
            41.3458768571398
          ],
          [
            -73.4904504179993,
            41.3456098627769
          ],
          [
            -73.489976186581,
            41.3454080968586
          ],
          [
            -73.4895778295666,
            41.345251830992
          ],
          [
            -73.4890168190952,
            41.3449690246306
          ],
          [
            -73.4882827948968,
            41.3446092783433
          ],
          [
            -73.4880045875516,
            41.3444896432525
          ],
          [
            -73.4877309876655,
            41.3443427131047
          ],
          [
            -73.4872292417484,
            41.3439741257998
          ],
          [
            -73.4866723572392,
            41.3434844312573
          ],
          [
            -73.4857942765069,
            41.3426056016769
          ],
          [
            -73.4855621545324,
            41.3422838595319
          ],
          [
            -73.4852369733827,
            41.3417946432704
          ],
          [
            -73.4849738002421,
            41.3415036537229
          ],
          [
            -73.4847095095973,
            41.3411368437008
          ],
          [
            -73.4841395258546,
            41.3404599679995
          ],
          [
            -73.4838758047417,
            41.3401310660142
          ],
          [
            -73.4835844819933,
            41.3398242516042
          ],
          [
            -73.4832758657775,
            41.3396315952513
          ],
          [
            -73.4828942641397,
            41.3393940783779
          ],
          [
            -73.4826327726454,
            41.3392404224259
          ],
          [
            -73.4823730202894,
            41.3390588235941
          ],
          [
            -73.4819753495879,
            41.3387751573657
          ],
          [
            -73.4807667624928,
            41.3380812002507
          ],
          [
            -73.4802167869264,
            41.3377630428784
          ],
          [
            -73.4798351601358,
            41.337619965037
          ],
          [
            -73.4793764830467,
            41.3375208369253
          ],
          [
            -73.4790126339156,
            41.3374667965985
          ],
          [
            -73.4784803848047,
            41.3373557305383
          ],
          [
            -73.4781303391863,
            41.3372906419943
          ],
          [
            -73.4776906003799,
            41.3372619169768
          ],
          [
            -73.4767921925694,
            41.3371340571758
          ],
          [
            -73.4757726074168,
            41.3367992723453
          ],
          [
            -73.4751788991674,
            41.3366223186851
          ],
          [
            -73.4741846707605,
            41.3362082427729
          ],
          [
            -73.4737594181864,
            41.3359938615662
          ],
          [
            -73.4733755761503,
            41.3357463467739
          ],
          [
            -73.4730222301216,
            41.3354537828877
          ],
          [
            -73.472760250842,
            41.3352149719124
          ],
          [
            -73.4725271263477,
            41.3347937702789
          ],
          [
            -73.4724341614955,
            41.3345318372256
          ],
          [
            -73.4723953614618,
            41.3340554595475
          ],
          [
            -73.4723737605725,
            41.3336538250969
          ],
          [
            -73.4724800869661,
            41.3327191147229
          ],
          [
            -73.472507282563,
            41.3324229932258
          ],
          [
            -73.4727387855983,
            41.3317008352361
          ],
          [
            -73.4732135263613,
            41.3307928901027
          ],
          [
            -73.4733441908109,
            41.3304729749875
          ],
          [
            -73.4738044130024,
            41.3297978947791
          ],
          [
            -73.4740569204456,
            41.3294866820873
          ],
          [
            -73.4742628709026,
            41.3291743730816
          ]
        ]
      },
      "properties": {
        "STATE": "CT",
        "DESCRIPTION": "Thrust fault, certain, (teeth on right from origin)",
        "RuleID": 63
      }
    },
    {
      "type": "Feature",
      "geometry": {
        "type": "LineString",
        "coordinates": [
          [
            -73.5204489167007,
            41.6377106513567
          ],
          [
            -73.5163879764576,
            41.6378269767835
          ],
          [
            -73.5156304747892,
            41.6381475136205
          ],
          [
            -73.5153677786541,
            41.6385605122314
          ],
          [
            -73.5137956092275,
            41.6458125002851
          ],
          [
            -73.5136651100679,
            41.6462882967136
          ],
          [
            -73.5132320241846,
            41.6469698306413
          ],
          [
            -73.5126730466007,
            41.6475805445286
          ],
          [
            -73.5121515979345,
            41.6479636465731
          ],
          [
            -73.5119177242452,
            41.6481234677598
          ],
          [
            -73.5113298649267,
            41.6483263797898
          ],
          [
            -73.5107668386358,
            41.6483885245631
          ],
          [
            -73.5103256589318,
            41.648374218114
          ],
          [
            -73.5098296280965,
            41.6482295390767
          ],
          [
            -73.5093359203046,
            41.6478823671324
          ],
          [
            -73.508540235745,
            41.6471886761443
          ],
          [
            -73.5077930880586,
            41.646326490987
          ],
          [
            -73.5071666523868,
            41.6453356679045
          ],
          [
            -73.5068000571059,
            41.6445685690132
          ],
          [
            -73.5058780065353,
            41.6384877330731
          ],
          [
            -73.509531828495,
            41.6254816153522
          ],
          [
            -73.5095734025264,
            41.6252832365004
          ],
          [
            -73.5096022761762,
            41.6251008863476
          ]
        ]
      },
      "properties": {
        "STATE": "CT",
        "DESCRIPTION": "Thrust fault, certain, (teeth on right from origin)",
        "RuleID": 63
      }
    },
    {
      "type": "Feature",
      "geometry": {
        "type": "LineString",
        "coordinates": [
          [
            -73.4742628709026,
            41.3291743730816
          ],
          [
            -73.4743238476457,
            41.3290842754166
          ],
          [
            -73.4749485531623,
            41.3282008478647
          ],
          [
            -73.4756806387963,
            41.3274645408165
          ],
          [
            -73.4762022788038,
            41.3268553271917
          ],
          [
            -73.4765555134414,
            41.3262363106487
          ],
          [
            -73.476720621994,
            41.3259478110378
          ],
          [
            -73.4768479599822,
            41.3253532026989
          ],
          [
            -73.4768550961988,
            41.3249108481909
          ],
          [
            -73.476862319552,
            41.3243032054924
          ],
          [
            -73.4769453050196,
            41.3238827543262
          ],
          [
            -73.4769846898566,
            41.3233201795292
          ],
          [
            -73.4770492490812,
            41.3229616777741
          ]
        ]
      },
      "properties": {
        "STATE": "CT",
        "DESCRIPTION": "Thrust fault, certain, (teeth on right from origin)",
        "RuleID": 63
      }
    },
    {
      "type": "Feature",
      "geometry": {
        "type": "LineString",
        "coordinates": [
          [
            -73.4079514590609,
            41.338642913095
          ],
          [
            -73.4079425899941,
            41.3391747240242
          ],
          [
            -73.4079778102414,
            41.3394472713281
          ],
          [
            -73.4081998037111,
            41.340130703831
          ],
          [
            -73.4083598763082,
            41.3407103198289
          ],
          [
            -73.4085783672465,
            41.3410575456405
          ]
        ]
      },
      "properties": {
        "STATE": "CT",
        "DESCRIPTION": "Thrust fault, certain, (teeth on right from origin)",
        "RuleID": 63
      }
    },
    {
      "type": "Feature",
      "geometry": {
        "type": "LineString",
        "coordinates": [
          [
            -73.5219385740717,
            41.2603043050935
          ],
          [
            -73.5216622945111,
            41.2605137105852
          ],
          [
            -73.5210037503561,
            41.2610919696187
          ],
          [
            -73.5198663403743,
            41.2621191324076
          ],
          [
            -73.5169569334259,
            41.2649035223568
          ],
          [
            -73.5162983057276,
            41.2654817560248
          ],
          [
            -73.515625311273,
            41.2661039611655
          ],
          [
            -73.5150430349839,
            41.2666475212691
          ],
          [
            -73.5143723150635,
            41.2673032995944
          ],
          [
            -73.5137607339333,
            41.2679677389203
          ],
          [
            -73.5132381506948,
            41.2685342530581
          ],
          [
            -73.5127896416364,
            41.2689616820954
          ],
          [
            -73.5121803233623,
            41.2696596896514
          ],
          [
            -73.5118983466862,
            41.27003035689
          ],
          [
            -73.5111523236905,
            41.2708910557815
          ],
          [
            -73.5106055649912,
            41.2717307369365
          ],
          [
            -73.5102982809769,
            41.2724876675692
          ],
          [
            -73.5100541566119,
            41.2733533483867
          ],
          [
            -73.5099542100534,
            41.2736754875734
          ],
          [
            -73.5096147510806,
            41.274363738959
          ],
          [
            -73.5090093566477,
            41.2753271095211
          ],
          [
            -73.5085038988918,
            41.2760155662826
          ],
          [
            -73.5080127971125,
            41.2766364322045
          ],
          [
            -73.5072838852263,
            41.2775010007895
          ],
          [
            -73.506733029311,
            41.2780988938317
          ],
          [
            -73.5063016358536,
            41.2786482624845
          ],
          [
            -73.5058144830683,
            41.2795344975668
          ],
          [
            -73.5054921621545,
            41.2804155414424
          ],
          [
            -73.5052910563118,
            41.2810548245744
          ],
          [
            -73.5050020395389,
            41.2819150723085
          ],
          [
            -73.5047521057689,
            41.28251968827
          ],
          [
            -73.5045193953979,
            41.2831518189259
          ],
          [
            -73.5041533894118,
            41.2840088062633
          ],
          [
            -73.5036202285109,
            41.2848373994109
          ],
          [
            -73.5031456880722,
            41.2853770018064
          ],
          [
            -73.5024385109244,
            41.2858639409074
          ],
          [
            -73.5014435728483,
            41.286177104101
          ],
          [
            -73.5005182021044,
            41.2861187368717
          ],
          [
            -73.5000345527487,
            41.2860753576499
          ],
          [
            -73.4986285527851,
            41.2853366812992
          ],
          [
            -73.4979853096344,
            41.2849312756167
          ],
          [
            -73.4973903132009,
            41.2845698491207
          ],
          [
            -73.4968969970744,
            41.2841889350469
          ],
          [
            -73.496345662357,
            41.2838515560877
          ],
          [
            -73.4958104263478,
            41.2834658652663
          ],
          [
            -73.4953056333452,
            41.2831059576097
          ],
          [
            -73.4948783685449,
            41.2828108338887
          ],
          [
            -73.4944930388988,
            41.282520480107
          ],
          [
            -73.4941117148404,
            41.2822829859396
          ],
          [
            -73.4917035777021,
            41.2815297636037
          ],
          [
            -73.4898530580983,
            41.2812003461333
          ],
          [
            -73.48898581015,
            41.2810511272265
          ],
          [
            -73.4881811280645,
            41.2810199822773
          ],
          [
            -73.4874235302764,
            41.2810278366979
          ],
          [
            -73.4867417502983,
            41.2810339717187
          ],
          [
            -73.486150145005,
            41.2810416377935
          ],
          [
            -73.4853765131873,
            41.2809324913263
          ],
          [
            -73.4847252238266,
            41.2808227209114
          ],
          [
            -73.4834617299047,
            41.2805600659936
          ],
          [
            -73.48201281742,
            41.2800947937756
          ],
          [
            -73.4812536161391,
            41.2798708079151
          ],
          [
            -73.4807499586071,
            41.2797519551933
          ],
          [
            -73.4802945504873,
            41.279629863208
          ],
          [
            -73.4796271992492,
            41.2795211437331
          ],
          [
            -73.4791894843473,
            41.2796297727469
          ],
          [
            -73.4788424615598,
            41.2798486936306
          ],
          [
            -73.478454027336,
            41.2801715885773
          ],
          [
            -73.4780512200676,
            41.2805148414757
          ],
          [
            -73.4776178943341,
            41.2809975970047
          ],
          [
            -73.4774127451744,
            41.281182545301
          ]
        ]
      },
      "properties": {
        "STATE": "CT",
        "DESCRIPTION": "Thrust fault, certain, (teeth on right from origin)",
        "RuleID": 63
      }
    },
    {
      "type": "Feature",
      "geometry": {
        "type": "LineString",
        "coordinates": [
          [
            -73.5245128213842,
            41.3381770920444
          ],
          [
            -73.524542709232,
            41.3381413454358
          ],
          [
            -73.524795575103,
            41.3377262647604
          ],
          [
            -73.5248897463925,
            41.3370958737441
          ],
          [
            -73.5246314888332,
            41.3361308266316
          ],
          [
            -73.5242606382328,
            41.3355983912145
          ],
          [
            -73.5236587139918,
            41.3350562270472
          ],
          [
            -73.5228797488763,
            41.3344787657207
          ],
          [
            -73.5223434142275,
            41.3342442006317
          ],
          [
            -73.5214489949368,
            41.3342167531566
          ],
          [
            -73.5209328139914,
            41.3342700791679
          ],
          [
            -73.5201183133199,
            41.3344354159667
          ],
          [
            -73.5185887366143,
            41.3346893800376
          ],
          [
            -73.517970237558,
            41.3348187346337
          ],
          [
            -73.5154439090778,
            41.3353809545129
          ],
          [
            -73.5149449596161,
            41.3355089904284
          ],
          [
            -73.5138119747354,
            41.3357581222292
          ],
          [
            -73.5127094454377,
            41.3360566351772
          ],
          [
            -73.5116224291467,
            41.3363161453795
          ],
          [
            -73.5110493120803,
            41.3365124011973
          ],
          [
            -73.5103686954204,
            41.336726847472
          ],
          [
            -73.509465601099,
            41.3370987720192
          ],
          [
            -73.5085303093612,
            41.3374256287673
          ],
          [
            -73.5061756651013,
            41.3381776437664
          ],
          [
            -73.5039515074248,
            41.3386096643134
          ],
          [
            -73.5025402298589,
            41.3386682536786
          ],
          [
            -73.5011272607654,
            41.3385422615565
          ],
          [
            -73.5005811749042,
            41.3384187283241
          ],
          [
            -73.4988457968619,
            41.3379458566878
          ],
          [
            -73.4982951251011,
            41.337802381979
          ],
          [
            -73.4979134659712,
            41.3376357486029
          ],
          [
            -73.4976099728474,
            41.3375245796349
          ],
          [
            -73.4973041953079,
            41.3373562202147
          ],
          [
            -73.4972576464065,
            41.3373079068109
          ]
        ]
      },
      "properties": {
        "STATE": "CT",
        "DESCRIPTION": "Thrust fault, certain, (teeth on right from origin)",
        "RuleID": 63
      }
    },
    {
      "type": "Feature",
      "geometry": {
        "type": "LineString",
        "coordinates": [
          [
            -73.4214957745195,
            41.3235679951947
          ],
          [
            -73.4210209376368,
            41.3240743279405
          ],
          [
            -73.4207078478108,
            41.3243953504929
          ],
          [
            -73.4203198052524,
            41.3248883174214
          ],
          [
            -73.4198452163047,
            41.3256214552714
          ],
          [
            -73.4191439240202,
            41.3265298866773
          ],
          [
            -73.4185046720843,
            41.3274476754453
          ],
          [
            -73.4181936429936,
            41.3279203318738
          ],
          [
            -73.4178537797789,
            41.3284573024967
          ],
          [
            -73.4174961874137,
            41.3289288365325
          ],
          [
            -73.4168124212605,
            41.3299971356082
          ],
          [
            -73.4162282989335,
            41.3305022777208
          ],
          [
            -73.4153844206573,
            41.3309673462203
          ],
          [
            -73.4147673211762,
            41.3312099010002
          ],
          [
            -73.4137733694503,
            41.3316975812362
          ],
          [
            -73.4114946265439,
            41.333792637203
          ],
          [
            -73.4107623711282,
            41.3345192359426
          ],
          [
            -73.410266269326,
            41.3349215240542
          ],
          [
            -73.4099530797871,
            41.3352425154214
          ],
          [
            -73.4096841978529,
            41.3355310473957
          ],
          [
            -73.4093854765798,
            41.3357844621976
          ],
          [
            -73.4091713604369,
            41.335967328101
          ]
        ]
      },
      "properties": {
        "STATE": "CT",
        "DESCRIPTION": "Thrust fault, certain, (teeth on right from origin)",
        "RuleID": 63
      }
    },
    {
      "type": "Feature",
      "geometry": {
        "type": "LineString",
        "coordinates": [
          [
            -73.4976367273715,
            41.6251023032065
          ],
          [
            -73.4976649533361,
            41.6253541785869
          ],
          [
            -73.4976342776658,
            41.6257061018328
          ],
          [
            -73.4975885947403,
            41.626040481897
          ],
          [
            -73.4974672781595,
            41.6264144831332
          ],
          [
            -73.4972864805304,
            41.6268742401507
          ],
          [
            -73.4971171678623,
            41.6275726580834
          ],
          [
            -73.4968913197218,
            41.6280978116819
          ],
          [
            -73.4968768541508,
            41.6282361979678
          ],
          [
            -73.4968675925202,
            41.6283379851835
          ],
          [
            -73.4969212551803,
            41.628439780296
          ],
          [
            -73.4971440786933,
            41.6285041305278
          ],
          [
            -73.4973478704987,
            41.6284744861601
          ],
          [
            -73.49777458553,
            41.6280842796283
          ],
          [
            -73.4980170839443,
            41.6279264298572
          ],
          [
            -73.4985349564174,
            41.6277408903132
          ],
          [
            -73.4987491444255,
            41.6276852563462
          ],
          [
            -73.4990222071191,
            41.6276712125457
          ],
          [
            -73.4991018310909,
            41.6278732804828
          ],
          [
            -73.4991318123635,
            41.628050005307
          ],
          [
            -73.4990232294019,
            41.6282899520319
          ],
          [
            -73.4985226306334,
            41.6286682442776
          ],
          [
            -73.4981559527074,
            41.6290814157623
          ],
          [
            -73.4978215943688,
            41.62951603008
          ],
          [
            -73.4973815375589,
            41.6301440285398
          ],
          [
            -73.4970609414104,
            41.6309216896185
          ],
          [
            -73.4968177234455,
            41.6316081834347
          ],
          [
            -73.4964543315569,
            41.6326264449704
          ],
          [
            -73.4963179367541,
            41.6331953536724
          ],
          [
            -73.4963495529605,
            41.6337454438586
          ],
          [
            -73.4964428986983,
            41.6344794077865
          ],
          [
            -73.4965344972128,
            41.6352885215941
          ],
          [
            -73.4961695512388,
            41.6355085058349
          ],
          [
            -73.4958647537612,
            41.6353265458119
          ],
          [
            -73.4956344912994,
            41.6349347412097
          ],
          [
            -73.4955451313865,
            41.6344424667083
          ],
          [
            -73.4953760828231,
            41.6340077895937
          ],
          [
            -73.4952381267482,
            41.6338964525309
          ],
          [
            -73.4949638531257,
            41.6340235407375
          ],
          [
            -73.4947668921098,
            41.6343427335468
          ],
          [
            -73.4946461378743,
            41.6346602053264
          ],
          [
            -73.4946298747744,
            41.6350153756602
          ],
          [
            -73.494615211574,
            41.635838334762
          ],
          [
            -73.4944331706767,
            41.6364583439889
          ],
          [
            -73.4941466467286,
            41.6369934407486
          ],
          [
            -73.4938277762438,
            41.6375543035082
          ],
          [
            -73.4934910409629,
            41.6379789406419
          ],
          [
            -73.4933541916125,
            41.6380142180708
          ],
          [
            -73.4932324123993,
            41.6378545886588
          ],
          [
            -73.4931557223252,
            41.6375115340343
          ],
          [
            -73.4931546542283,
            41.6372232809373
          ],
          [
            -73.4933662128676,
            41.6364116160069
          ],
          [
            -73.4937008595655,
            41.6351980173532
          ],
          [
            -73.4937777670319,
            41.6347856833618
          ],
          [
            -73.4939748160827,
            41.6341832192508
          ],
          [
            -73.494142396799,
            41.6336543835394
          ],
          [
            -73.494262656961,
            41.6330393453488
          ],
          [
            -73.4943211139298,
            41.6325237023812
          ],
          [
            -73.4943986142843,
            41.632031235567
          ],
          [
            -73.4943917727151,
            41.6317180748365
          ],
          [
            -73.4942769419707,
            41.6315175155686
          ],
          [
            -73.4940916428837,
            41.6314380054179
          ],
          [
            -73.4939397413625,
            41.6316681957602
          ],
          [
            -73.4938195818117,
            41.6319291433123
          ],
          [
            -73.4936681824487,
            41.6324096857996
          ],
          [
            -73.493483869712,
            41.6329017025596
          ],
          [
            -73.493213398658,
            41.6338370217034
          ],
          [
            -73.4930747329141,
            41.6341835092967
          ],
          [
            -73.4929368235517,
            41.6339305344076
          ],
          [
            -73.4928769149054,
            41.633482659968
          ],
          [
            -73.4928759321485,
            41.632911133266
          ],
          [
            -73.4928298548626,
            41.6325466414344
          ],
          [
            -73.49282998422,
            41.6321217321688
          ],
          [
            -73.4928001817121,
            41.6314020650439
          ],
          [
            -73.4927836284564,
            41.6307750940537
          ],
          [
            -73.4926136133057,
            41.6298160955158
          ],
          [
            -73.492584930997,
            41.629219439366
          ],
          [
            -73.4925533201805,
            41.628763771471
          ],
          [
            -73.4924667818759,
            41.6285790219605
          ],
          [
            -73.4922924736765,
            41.6284642121197
          ],
          [
            -73.4921435015614,
            41.6285534131089
          ],
          [
            -73.492066092835,
            41.6287153948495
          ],
          [
            -73.4919891952501,
            41.6290805186976
          ],
          [
            -73.4919578350635,
            41.6296778133387
          ],
          [
            -73.4919466528348,
            41.6303504772741
          ],
          [
            -73.4920221068271,
            41.630901011386
          ],
          [
            -73.491901703833,
            41.6319173510566
          ],
          [
            -73.4917330541215,
            41.632134324053
          ],
          [
            -73.4915032785466,
            41.6321345006374
          ],
          [
            -73.4913838124953,
            41.6320084359868
          ],
          [
            -73.4912748306816,
            41.631596717435
          ],
          [
            -73.4911687459348,
            41.6311620459729
          ],
          [
            -73.4911122868192,
            41.630799929198
          ],
          [
            -73.4909854887185,
            41.6301575615039
          ],
          [
            -73.4909244904158,
            41.6295630665567
          ],
          [
            -73.4906500101807,
            41.6286135733138
          ],
          [
            -73.4905411415548,
            41.6278949736033
          ],
          [
            -73.4905552460031,
            41.6271521390428
          ],
          [
            -73.490754663013,
            41.6263943957034
          ],
          [
            -73.4909505532371,
            41.6258105561713
          ],
          [
            -73.4908381182995,
            41.6254074972399
          ],
          [
            -73.4908058930353,
            41.6251027772834
          ]
        ]
      },
      "properties": {
        "STATE": "CT",
        "DESCRIPTION": "Thrust fault, certain, (teeth on right from origin)",
        "RuleID": 63
      }
    },
    {
      "type": "Feature",
      "geometry": {
        "type": "LineString",
        "coordinates": [
          [
            -73.4774127451744,
            41.281182545301
          ],
          [
            -73.4770656577082,
            41.2814959139036
          ],
          [
            -73.476133650211,
            41.2821773876201
          ],
          [
            -73.4754745526938,
            41.2826845447572
          ],
          [
            -73.4746792831559,
            41.2832505808349
          ],
          [
            -73.4742603843659,
            41.2835476716655
          ],
          [
            -73.4737501269114,
            41.2838854592441
          ],
          [
            -73.4733157142164,
            41.284174307698
          ],
          [
            -73.471349326314,
            41.2854715083818
          ],
          [
            -73.4701914787612,
            41.2861301075098
          ],
          [
            -73.4693645831354,
            41.2866181054823
          ],
          [
            -73.4684790329115,
            41.2871825495288
          ],
          [
            -73.46783200965,
            41.2875176594617
          ],
          [
            -73.4670953111669,
            41.2879363519147
          ],
          [
            -73.4665683378617,
            41.2882608869035
          ],
          [
            -73.4660635888766,
            41.2888360746913
          ],
          [
            -73.4654680121314,
            41.2894898623448
          ],
          [
            -73.464856273796,
            41.2902391771769
          ],
          [
            -73.4643680079981,
            41.2910164850072
          ],
          [
            -73.4638021915399,
            41.2917762103944
          ],
          [
            -73.4633244378274,
            41.2922913876252
          ],
          [
            -73.4629213430982,
            41.292823492493
          ],
          [
            -73.4608491588081,
            41.2951546809705
          ],
          [
            -73.4601686957602,
            41.2962332233601
          ],
          [
            -73.4596775939809,
            41.2968445630053
          ],
          [
            -73.4592617539544,
            41.2974399065514
          ],
          [
            -73.4587562557744,
            41.2980715990814
          ],
          [
            -73.4582452131924,
            41.2984422453446
          ],
          [
            -73.4575658586655,
            41.298779448974
          ],
          [
            -73.4569491580364,
            41.2990694510019
          ],
          [
            -73.4564098625404,
            41.2995423260599
          ],
          [
            -73.4557980352718,
            41.3001735231189
          ],
          [
            -73.4553512114528,
            41.300657918221
          ],
          [
            -73.4547055401558,
            41.3012011392898
          ],
          [
            -73.4541839037417,
            41.3018102755395
          ],
          [
            -73.4537387247381,
            41.3023611715
          ],
          [
            -73.4533189096664,
            41.3028091763265
          ],
          [
            -73.4527956670646,
            41.3032573461101
          ],
          [
            -73.452167662036,
            41.3039132107769
          ],
          [
            -73.4516771010425,
            41.3044207489422
          ],
          [
            -73.451348176613,
            41.3047193170599
          ],
          [
            -73.4506597616781,
            41.3054323340712
          ],
          [
            -73.4503573061085,
            41.3056802197749
          ]
        ]
      },
      "properties": {
        "STATE": "CT",
        "DESCRIPTION": "Thrust fault, certain, (teeth on right from origin)",
        "RuleID": 63
      }
    },
    {
      "type": "Feature",
      "geometry": {
        "type": "LineString",
        "coordinates": [
          [
            -73.4114747207755,
            41.3455888053118
          ],
          [
            -73.4115671223839,
            41.3456948121529
          ],
          [
            -73.4118311067032,
            41.3460145574192
          ],
          [
            -73.411970490201,
            41.3462304331427
          ],
          [
            -73.4122333013205,
            41.3465688058036
          ],
          [
            -73.4125014098053,
            41.3472154386914
          ],
          [
            -73.4127358000258,
            41.3477268707275
          ],
          [
            -73.4129893054973,
            41.3485355257903
          ],
          [
            -73.4131294938856,
            41.3489925046576
          ],
          [
            -73.4135255206702,
            41.3502444914042
          ],
          [
            -73.413571916858,
            41.3503636721986
          ]
        ]
      },
      "properties": {
        "STATE": "CT",
        "DESCRIPTION": "Thrust fault, certain, (teeth on right from origin)",
        "RuleID": 63
      }
    },
    {
      "type": "Feature",
      "geometry": {
        "type": "LineString",
        "coordinates": [
          [
            -73.412085892274,
            41.4145213518912
          ],
          [
            -73.4123169048291,
            41.4151358567428
          ],
          [
            -73.4125873552217,
            41.4163261488728
          ],
          [
            -73.4128156719327,
            41.4176060818805
          ],
          [
            -73.4130575810522,
            41.4186481827226
          ],
          [
            -73.4130728982261,
            41.4195822235844
          ],
          [
            -73.4130238834492,
            41.4208181656579
          ],
          [
            -73.4128850317541,
            41.4216983591862
          ],
          [
            -73.412764441012,
            41.4226818874282
          ],
          [
            -73.4125187176459,
            41.4238212721944
          ],
          [
            -73.41204660715,
            41.4250793851829
          ],
          [
            -73.4113461242476,
            41.4262337604883
          ],
          [
            -73.410846325878,
            41.4271218730147
          ],
          [
            -73.4100537728456,
            41.4282317581554
          ],
          [
            -73.4092028688455,
            41.4290875022513
          ],
          [
            -73.4082286351401,
            41.4300239308033
          ],
          [
            -73.4071946553834,
            41.4308665042437
          ],
          [
            -73.4058694624729,
            41.4320209450333
          ],
          [
            -73.404289635807,
            41.4329097946725
          ],
          [
            -73.4029067539872,
            41.4337299217484
          ],
          [
            -73.4019644437121,
            41.4344137567017
          ],
          [
            -73.4009447831011,
            41.4352123177479
          ],
          [
            -73.3994691502282,
            41.4363656777984
          ],
          [
            -73.3980549145101,
            41.437608535246
          ],
          [
            -73.3973976702174,
            41.4385128943959
          ],
          [
            -73.3963497638789,
            41.4399380312291
          ],
          [
            -73.3957862264466,
            41.4412273817758
          ],
          [
            -73.3952364628826,
            41.4425293059294
          ],
          [
            -73.3947494340648,
            41.4438312861156
          ],
          [
            -73.3942155473252,
            41.4452501845791
          ],
          [
            -73.3939247411081,
            41.4462659976651
          ],
          [
            -73.3938025244154,
            41.447338945045
          ],
          [
            -73.393571015092,
            41.4490059316954
          ],
          [
            -73.3935532248561,
            41.4509386838465
          ],
          [
            -73.3937163984375,
            41.4527802057645
          ],
          [
            -73.3939885726973,
            41.4548590132753
          ],
          [
            -73.394319577625,
            41.4565637981723
          ],
          [
            -73.394744929912,
            41.4580018167634
          ],
          [
            -73.3951671551635,
            41.4592596139809
          ],
          [
            -73.3961667941235,
            41.4613096526486
          ],
          [
            -73.3968950762906,
            41.4627832555917
          ],
          [
            -73.3974999362259,
            41.464039913966
          ],
          [
            -73.3984111980299,
            41.4656447236211
          ],
          [
            -73.3993061374452,
            41.4673922499215
          ],
          [
            -73.4001858243653,
            41.4693346929998
          ],
          [
            -73.4011369462151,
            41.4716475795281
          ],
          [
            -73.4016230587513,
            41.4727072074638
          ],
          [
            -73.4021534860788,
            41.474150039922
          ],
          [
            -73.4031682526681,
            41.4760143786865
          ],
          [
            -73.4041560724939,
            41.4774758067766
          ],
          [
            -73.4048389708746,
            41.4787264186589
          ],
          [
            -73.4050036994398,
            41.4790991161771
          ]
        ]
      },
      "properties": {
        "STATE": "CT",
        "DESCRIPTION": "Thrust fault, certain, (teeth on right from origin)",
        "RuleID": 63
      }
    },
    {
      "type": "Feature",
      "geometry": {
        "type": "LineString",
        "coordinates": [
          [
            -73.4986510349217,
            41.298079379236
          ],
          [
            -73.4987745622565,
            41.2980601130933
          ],
          [
            -73.4990319376702,
            41.2980900391532
          ],
          [
            -73.4992456342999,
            41.2981903651191
          ],
          [
            -73.4995988851073,
            41.2985537016813
          ],
          [
            -73.4997844006882,
            41.2988271126873
          ],
          [
            -73.500110072318,
            41.2992361533133
          ],
          [
            -73.5003007136859,
            41.2997563122669
          ],
          [
            -73.5004258840393,
            41.300157746675
          ],
          [
            -73.5005556411905,
            41.300602727043
          ],
          [
            -73.5006980502142,
            41.3010080616655
          ],
          [
            -73.5007651840103,
            41.3014766461002
          ],
          [
            -73.5008024551115,
            41.3018629080036
          ],
          [
            -73.5008517923835,
            41.3022660665052
          ],
          [
            -73.500831014351,
            41.302766703045
          ],
          [
            -73.5007774792516,
            41.3033024320444
          ],
          [
            -73.5007130161468,
            41.3038970816259
          ],
          [
            -73.5006882307298,
            41.3043212464022
          ],
          [
            -73.5006789601161,
            41.3047300305524
          ],
          [
            -73.5006823521546,
            41.305028334749
          ],
          [
            -73.5006437937677,
            41.3053454811662
          ],
          [
            -73.5007230215825,
            41.3056892858906
          ],
          [
            -73.5007264172142,
            41.3059639754392
          ],
          [
            -73.5008119314394,
            41.3064886680555
          ],
          [
            -73.5008181603576,
            41.3069765245343
          ],
          [
            -73.5008376313414,
            41.3073209704876
          ],
          [
            -73.5007742830458,
            41.3080858928084
          ],
          [
            -73.5007793800868,
            41.3084743153603
          ],
          [
            -73.5008062702565,
            41.3090990844045
          ],
          [
            -73.5007831889436,
            41.3096133670432
          ],
          [
            -73.5007606933322,
            41.3100711061786
          ],
          [
            -73.5007669078774,
            41.3106298007505
          ],
          [
            -73.5007156518039,
            41.311246327242
          ],
          [
            -73.5006150162375,
            41.3116486018332
          ],
          [
            -73.5004510431555,
            41.3126977300883
          ],
          [
            -73.5004118739141,
            41.3131894798885
          ],
          [
            -73.5003267378797,
            41.3136472114582
          ],
          [
            -73.5002599867659,
            41.3141138266304
          ],
          [
            -73.5002334837701,
            41.3144714817004
          ],
          [
            -73.5001782328885,
            41.3148934732414
          ],
          [
            -73.5001131876754,
            41.3154502069294
          ],
          [
            -73.5000458301988,
            41.3160678132421
          ],
          [
            -73.4999945669388,
            41.316660725099
          ],
          [
            -73.499969770742,
            41.3170848851061
          ],
          [
            -73.5000076293413,
            41.31743821327
          ],
          [
            -73.5000569944611,
            41.3177233049204
          ],
          [
            -73.5000775946272,
            41.3181671830779
          ],
          [
            -73.5001292540443,
            41.3184858497336
          ],
          [
            -73.5001946918212,
            41.3188643101151
          ],
          [
            -73.5003061116625,
            41.3192295602264
          ],
          [
            -73.5006307133988,
            41.3197516720758
          ],
          [
            -73.5009243376309,
            41.3199975778414
          ],
          [
            -73.5012024380765,
            41.3202824734394
          ],
          [
            -73.5016328092511,
            41.3207435021758
          ],
          [
            -73.5021844610738,
            41.3211280712523
          ],
          [
            -73.502474082413,
            41.3213211149344
          ],
          [
            -73.5028441586656,
            41.3215559741491
          ],
          [
            -73.5031498715265,
            41.3217715470693
          ],
          [
            -73.5034550148555,
            41.3219728188357
          ],
          [
            -73.5037630283018,
            41.3221983548444
          ],
          [
            -73.5041922909552,
            41.3225599425478
          ],
          [
            -73.5044715574141,
            41.3229206491958
          ],
          [
            -73.5047192157514,
            41.3232742061305
          ],
          [
            -73.5049065333528,
            41.3236141114073
          ],
          [
            -73.5049702562458,
            41.324185799156
          ]
        ]
      },
      "properties": {
        "STATE": "CT",
        "DESCRIPTION": "Thrust fault, certain, (teeth on right from origin)",
        "RuleID": 63
      }
    },
    {
      "type": "Feature",
      "geometry": {
        "type": "LineString",
        "coordinates": [
          [
            -73.4091713604369,
            41.335967328101
          ],
          [
            -73.4089773908109,
            41.3361311470182
          ],
          [
            -73.4087829055519,
            41.3362570561199
          ],
          [
            -73.4083670825934,
            41.336772051227
          ],
          [
            -73.4082789012701,
            41.3369220957135
          ],
          [
            -73.4081172745876,
            41.3373578086276
          ],
          [
            -73.4080025767938,
            41.3379270056646
          ],
          [
            -73.4079624661181,
            41.3382155169792
          ],
          [
            -73.4079510161914,
            41.3385577791565
          ],
          [
            -73.4079514590609,
            41.338642913095
          ]
        ]
      },
      "properties": {
        "STATE": "CT",
        "DESCRIPTION": "Thrust fault, certain, (teeth on right from origin)",
        "RuleID": 63
      }
    },
    {
      "type": "Feature",
      "geometry": {
        "type": "LineString",
        "coordinates": [
          [
            -73.493139572413,
            41.5716597019801
          ],
          [
            -73.493520847064,
            41.5716653935999
          ],
          [
            -73.4937786725337,
            41.5717046361253
          ],
          [
            -73.4940520568241,
            41.5717993249507
          ],
          [
            -73.4944292639035,
            41.5719174204952
          ],
          [
            -73.4946559142396,
            41.572058232436
          ],
          [
            -73.4949281244319,
            41.5722423669425
          ],
          [
            -73.4952429776508,
            41.572587210973
          ],
          [
            -73.4954926545025,
            41.5729220827743
          ],
          [
            -73.4957013915335,
            41.5732099485553
          ],
          [
            -73.495820171272,
            41.5733925435059
          ],
          [
            -73.4959227867252,
            41.5736234342783
          ],
          [
            -73.4961453757779,
            41.5739002554807
          ],
          [
            -73.4962450923677,
            41.5742013175289
          ],
          [
            -73.4964088202097,
            41.5745781918228
          ],
          [
            -73.4964347240292,
            41.5747965095543
          ],
          [
            -73.4966740594754,
            41.5750157216764
          ],
          [
            -73.4966520579375,
            41.5753460044656
          ],
          [
            -73.4965977457954,
            41.5757020572051
          ],
          [
            -73.4964580820232,
            41.5759727649742
          ],
          [
            -73.4962070864446,
            41.5762230984091
          ],
          [
            -73.4958551750253,
            41.5763326393099
          ],
          [
            -73.4955211858943,
            41.5762951232892
          ],
          [
            -73.495124330863,
            41.5762103833842
          ],
          [
            -73.4947967395334,
            41.575975994647
          ],
          [
            -73.4943590048685,
            41.575631780911
          ],
          [
            -73.4939547153799,
            41.5753376015892
          ],
          [
            -73.493533141407,
            41.574992306533
          ],
          [
            -73.4933093800529,
            41.5748049266135
          ],
          [
            -73.4930700634713,
            41.5745621009017
          ],
          [
            -73.4927852041014,
            41.5742287362221
          ],
          [
            -73.4926099454844,
            41.5738964699352
          ],
          [
            -73.4924641102863,
            41.5735613941829
          ],
          [
            -73.4924065031237,
            41.5733123152041
          ],
          [
            -73.4923806190671,
            41.5730703904612
          ],
          [
            -73.4923708750412,
            41.5728745984093
          ],
          [
            -73.4923588259383,
            41.572668842729
          ],
          [
            -73.492407917072,
            41.5724674311642
          ],
          [
            -73.4924246850251,
            41.5723390012258
          ],
          [
            -73.4924766759205,
            41.5720910237258
          ],
          [
            -73.4926313191,
            41.5719086865238
          ],
          [
            -73.492864972702,
            41.5717724959603
          ],
          [
            -73.493139572413,
            41.5716597019801
          ]
        ]
      },
      "properties": {
        "STATE": "CT",
        "DESCRIPTION": "Thrust fault, certain, (teeth on right from origin)",
        "RuleID": 63
      }
    },
    {
      "type": "Feature",
      "geometry": {
        "type": "LineString",
        "coordinates": [
          [
            -73.4302906009513,
            41.3180908128493
          ],
          [
            -73.4299783699147,
            41.3182372570727
          ],
          [
            -73.4293751269469,
            41.3185633003365
          ],
          [
            -73.4286839389128,
            41.3188977275237
          ],
          [
            -73.4282935239038,
            41.319059492475
          ],
          [
            -73.4267547376699,
            41.3197825927605
          ],
          [
            -73.4263935062295,
            41.3200360074277
          ],
          [
            -73.4251931270412,
            41.3207981068955
          ],
          [
            -73.4239445343733,
            41.3214925706102
          ],
          [
            -73.4230702678877,
            41.322026346468
          ],
          [
            -73.4226087386475,
            41.3224837393801
          ],
          [
            -73.4216350636942,
            41.3234153759208
          ],
          [
            -73.4214957745195,
            41.3235679951947
          ]
        ]
      },
      "properties": {
        "STATE": "CT",
        "DESCRIPTION": "Thrust fault, certain, (teeth on right from origin)",
        "RuleID": 63
      }
    },
    {
      "type": "Feature",
      "geometry": {
        "type": "LineString",
        "coordinates": [
          [
            -73.5058530702014,
            41.5776227478832
          ],
          [
            -73.5055220104764,
            41.5771137628393
          ],
          [
            -73.5044348253021,
            41.5756411527904
          ],
          [
            -73.5032300264027,
            41.574085352457
          ],
          [
            -73.5020961854275,
            41.5728004910905
          ],
          [
            -73.5013228383758,
            41.5718329450116
          ],
          [
            -73.5006095050733,
            41.5708411445167
          ],
          [
            -73.4999555791571,
            41.5699760425093
          ],
          [
            -73.4991661387871,
            41.5690095637315
          ],
          [
            -73.4981806545811,
            41.5678572303447
          ],
          [
            -73.4971969292764,
            41.5667241624522
          ],
          [
            -73.4962126326432,
            41.5656948292308
          ],
          [
            -73.4952531295118,
            41.5648080024569
          ],
          [
            -73.4940387842158,
            41.5637173238033
          ],
          [
            -73.4924796744969,
            41.5623411153921
          ],
          [
            -73.4914250523533,
            41.5616216598372
          ],
          [
            -73.4899056921874,
            41.5606651628001
          ],
          [
            -73.4885160397654,
            41.5599739878292
          ],
          [
            -73.48727868592,
            41.5592321484568
          ],
          [
            -73.485921964838,
            41.5585294724506
          ],
          [
            -73.4846125858697,
            41.5577713439332
          ],
          [
            -73.4834508270521,
            41.5571078832695
          ],
          [
            -73.4822740609794,
            41.5565212986122
          ],
          [
            -73.4814906366268,
            41.5558865039358
          ],
          [
            -73.4810110126219,
            41.5555138510514
          ],
          [
            -73.4806525057718,
            41.5551213041994
          ],
          [
            -73.4799516294074,
            41.5543823434226
          ],
          [
            -73.4792334461007,
            41.5536866900177
          ],
          [
            -73.4783378410337,
            41.5526487755571
          ],
          [
            -73.4775212661523,
            41.5516097936856
          ],
          [
            -73.4768072456386,
            41.5507781102478
          ],
          [
            -73.4760886149708,
            41.549973708624
          ],
          [
            -73.4753440562291,
            41.5491634480911
          ],
          [
            -73.4745079034643,
            41.548228613646
          ],
          [
            -73.473858065781,
            41.5472130471326
          ],
          [
            -73.4734762224965,
            41.5464468559196
          ],
          [
            -73.4731668400177,
            41.5460181282416
          ]
        ]
      },
      "properties": {
        "STATE": "CT",
        "DESCRIPTION": "Thrust fault, certain, (teeth on right from origin)",
        "RuleID": 63
      }
    },
    {
      "type": "Feature",
      "geometry": {
        "type": "LineString",
        "coordinates": [
          [
            -73.5408133882217,
            41.3399000986106
          ],
          [
            -73.5408778198855,
            41.3400138123002
          ],
          [
            -73.5410791359339,
            41.3402953809746
          ],
          [
            -73.5413569246642,
            41.3406131057932
          ],
          [
            -73.5418503539784,
            41.3410739690978
          ],
          [
            -73.5421263865023,
            41.3413015776514
          ],
          [
            -73.5424944119011,
            41.3415499588985
          ],
          [
            -73.5430607853147,
            41.3418195186137
          ],
          [
            -73.5433965908393,
            41.3419992348119
          ],
          [
            -73.5437962486142,
            41.342254752289
          ],
          [
            -73.5442700677058,
            41.3425128477913
          ],
          [
            -73.5444977942236,
            41.3426728754589
          ],
          [
            -73.5447301192173,
            41.3428292196784
          ],
          [
            -73.5451298515524,
            41.3432264043504
          ],
          [
            -73.5453616851677,
            41.3435573470132
          ],
          [
            -73.5455055997678,
            41.3439675974447
          ]
        ]
      },
      "properties": {
        "STATE": "CT",
        "DESCRIPTION": "Thrust fault, certain, (teeth on right from origin)",
        "RuleID": 63
      }
    },
    {
      "type": "Feature",
      "geometry": {
        "type": "LineString",
        "coordinates": [
          [
            -73.4050036994398,
            41.4790991161771
          ],
          [
            -73.4052636952392,
            41.4796965135814
          ],
          [
            -73.4058715959718,
            41.4806797645756
          ],
          [
            -73.4065517517959,
            41.4818824908787
          ],
          [
            -73.4071277614375,
            41.4830238236335
          ],
          [
            -73.407613199339,
            41.4842579949988
          ],
          [
            -73.4079948449941,
            41.4851946818618
          ],
          [
            -73.4083851800531,
            41.4864781490818
          ],
          [
            -73.4085515183993,
            41.4877014212164
          ],
          [
            -73.408595030995,
            41.4886276321327
          ],
          [
            -73.4086416769145,
            41.4893892278269
          ],
          [
            -73.4086704921739,
            41.4901326166395
          ],
          [
            -73.4086378393116,
            41.4922602222601
          ],
          [
            -73.4087129690121,
            41.4936092527716
          ],
          [
            -73.4086345344097,
            41.4944086434712
          ],
          [
            -73.408527045596,
            41.4953667718669
          ],
          [
            -73.4086031212225,
            41.4961019668831
          ],
          [
            -73.4088307992313,
            41.4967959210977
          ],
          [
            -73.4092248218744,
            41.4976078441726
          ],
          [
            -73.4093909230654,
            41.4982595071903
          ],
          [
            -73.4095102480812,
            41.4989808727521
          ],
          [
            -73.4095871807005,
            41.4995414883904
          ],
          [
            -73.4098093349685,
            41.5000924808647
          ],
          [
            -73.4098623912659,
            41.5008224558856
          ],
          [
            -73.4099299221174,
            41.5015084745089
          ],
          [
            -73.4100573634118,
            41.5025859344389
          ],
          [
            -73.4100921614509,
            41.5035810063076
          ],
          [
            -73.4100784612445,
            41.5050185410299
          ],
          [
            -73.4101223295731,
            41.506492727192
          ],
          [
            -73.4104967590616,
            41.5115559527913
          ],
          [
            -73.4107093471702,
            41.5131344545788
          ],
          [
            -73.4108356799436,
            41.5142069183213
          ],
          [
            -73.4110440100378,
            41.5159450406809
          ],
          [
            -73.4112267076036,
            41.5174884230601
          ],
          [
            -73.4114364794938,
            41.5221316985144
          ],
          [
            -73.4112862811783,
            41.5235099647995
          ],
          [
            -73.4112450521,
            41.5244830779854
          ],
          [
            -73.4115178848249,
            41.5262877323879
          ],
          [
            -73.4119592989892,
            41.5306433142598
          ],
          [
            -73.4121740295797,
            41.5347255676278
          ],
          [
            -73.4125209688239,
            41.538313441896
          ],
          [
            -73.4123920830386,
            41.5389171858594
          ],
          [
            -73.4121557344907,
            41.5396713673821
          ],
          [
            -73.4117326468565,
            41.5407658695047
          ],
          [
            -73.411377125108,
            41.5413938960145
          ],
          [
            -73.411022399267,
            41.5418709589611
          ],
          [
            -73.4101638461123,
            41.5426638135233
          ],
          [
            -73.40902695895,
            41.5437195756489
          ],
          [
            -73.4082090779181,
            41.5446538802749
          ],
          [
            -73.4079004617022,
            41.5451177610128
          ],
          [
            -73.4075125889255,
            41.545747910137
          ],
          [
            -73.4071410753683,
            41.546235341719
          ],
          [
            -73.4067229670958,
            41.547019238699
          ],
          [
            -73.4063498132149,
            41.5478085879521
          ],
          [
            -73.4061302541797,
            41.5484579398271
          ],
          [
            -73.4057992806931,
            41.5495496773749
          ],
          [
            -73.405515378029,
            41.5504064591811
          ],
          [
            -73.4054353300523,
            41.5510684935099
          ],
          [
            -73.4052739863391,
            41.5517215752856
          ],
          [
            -73.4050809276048,
            41.5527358931937
          ],
          [
            -73.405106964375,
            41.5534077668199
          ],
          [
            -73.4051256035188,
            41.5543802541221
          ],
          [
            -73.4050996071728,
            41.5584033049604
          ],
          [
            -73.4048373637885,
            41.5601151746597
          ],
          [
            -73.4050596492106,
            41.5635898167897
          ],
          [
            -73.4051804654298,
            41.5652324961752
          ],
          [
            -73.4051837290093,
            41.5664470994563
          ],
          [
            -73.4052024472048,
            41.5673723598466
          ],
          [
            -73.4050840357757,
            41.5685688760626
          ],
          [
            -73.4047561255441,
            41.5723724227522
          ],
          [
            -73.4043786956825,
            41.5735717334189
          ],
          [
            -73.4032996375666,
            41.5777343238844
          ],
          [
            -73.4031846316507,
            41.5785773690331
          ],
          [
            -73.402958412506,
            41.5796975368633
          ],
          [
            -73.4026738864111,
            41.5808375745486
          ],
          [
            -73.4023701974546,
            41.5820488472411
          ],
          [
            -73.4020822281172,
            41.5835187303023
          ],
          [
            -73.4017795066462,
            41.5848294098368
          ],
          [
            -73.4015434365761,
            41.5855978336601
          ],
          [
            -73.4011983074372,
            41.586724161946
          ],
          [
            -73.3996757277093,
            41.5908856104188
          ],
          [
            -73.3994084816072,
            41.591637536886
          ],
          [
            -73.3975369513072,
            41.5959231447319
          ],
          [
            -73.3965659955543,
            41.5985137786645
          ],
          [
            -73.3954102141266,
            41.6011570635628
          ],
          [
            -73.3946643977434,
            41.6026225584459
          ],
          [
            -73.3937926339641,
            41.6044799254522
          ],
          [
            -73.3929308792138,
            41.6065237630253
          ],
          [
            -73.3924377068177,
            41.607352106634
          ],
          [
            -73.3920321641794,
            41.6082286160283
          ],
          [
            -73.3915780810746,
            41.6091319296808
          ],
          [
            -73.3907076764463,
            41.6107817865588
          ],
          [
            -73.3899936828821,
            41.6120891722857
          ],
          [
            -73.3893078730616,
            41.6134359985217
          ],
          [
            -73.3886888592707,
            41.6145381595135
          ],
          [
            -73.3882042208698,
            41.6156896162485
          ],
          [
            -73.3877495574534,
            41.6168525788075
          ],
          [
            -73.3871728156848,
            41.6181626829011
          ],
          [
            -73.3867011857876,
            41.6194304422845
          ],
          [
            -73.3861874536496,
            41.620669783904
          ],
          [
            -73.3859170337997,
            41.6217421812065
          ],
          [
            -73.3856924352157,
            41.622692697645
          ],
          [
            -73.3852539396777,
            41.6238073658146
          ],
          [
            -73.3847881227787,
            41.6247080291274
          ],
          [
            -73.384562234214,
            41.6251056318175
          ]
        ]
      },
      "properties": {
        "STATE": "CT",
        "DESCRIPTION": "Thrust fault, certain, (teeth on right from origin)",
        "RuleID": 63
      }
    },
    {
      "type": "Feature",
      "geometry": {
        "type": "LineString",
        "coordinates": [
          [
            -73.4731668400177,
            41.5460181282416
          ],
          [
            -73.4727929351453,
            41.5454992792775
          ],
          [
            -73.4722641876674,
            41.5445582460342
          ],
          [
            -73.4720310452067,
            41.5439389449798
          ],
          [
            -73.4719547962054,
            41.5432181153629
          ],
          [
            -73.4717737766925,
            41.5422327969269
          ],
          [
            -73.4717903685758,
            41.5414998685453
          ],
          [
            -73.4717633292858,
            41.5404595853
          ],
          [
            -73.4717805472948,
            41.5396465186779
          ],
          [
            -73.4719600046374,
            41.5375006172553
          ],
          [
            -73.471989940096,
            41.536624309557
          ],
          [
            -73.4720886074535,
            41.5355368476081
          ],
          [
            -73.4719417095483,
            41.5344033858873
          ],
          [
            -73.4717383552225,
            41.5332146723847
          ],
          [
            -73.4714344282125,
            41.531531015965
          ],
          [
            -73.4712844634589,
            41.5307274145444
          ],
          [
            -73.471053211952,
            41.5299385124566
          ],
          [
            -73.4703931595256,
            41.5271968926409
          ],
          [
            -73.4697526373718,
            41.52554580775
          ],
          [
            -73.4686741056687,
            41.5238430107007
          ],
          [
            -73.467906001185,
            41.5225975405762
          ],
          [
            -73.4669023844849,
            41.521053296725
          ],
          [
            -73.4656593182527,
            41.5191101998732
          ],
          [
            -73.4648613097515,
            41.5179240397521
          ],
          [
            -73.4645845558804,
            41.5172570398271
          ],
          [
            -73.4640993766938,
            41.5163021040706
          ],
          [
            -73.4638261352355,
            41.5155792196126
          ],
          [
            -73.4635626243284,
            41.5149577058885
          ],
          [
            -73.4634577567987,
            41.5141359072147
          ],
          [
            -73.463245706781,
            41.5132993359085
          ],
          [
            -73.4628336801029,
            41.5124600812769
          ],
          [
            -73.4624239252641,
            41.5116780061183
          ],
          [
            -73.4619297512465,
            41.5105179359244
          ],
          [
            -73.4618075704864,
            41.5097630526079
          ],
          [
            -73.4617992143577,
            41.5093833591461
          ],
          [
            -73.4618129504967,
            41.5087441932869
          ],
          [
            -73.4617477741295,
            41.5080588601278
          ],
          [
            -73.4614362779149,
            41.5069447806063
          ],
          [
            -73.4609350629021,
            41.5060145059099
          ],
          [
            -73.4604667334153,
            41.5050491543399
          ],
          [
            -73.4604026305349,
            41.5044868439541
          ],
          [
            -73.4603062026774,
            41.5039975140975
          ],
          [
            -73.4602218239227,
            41.5035722994319
          ],
          [
            -73.4602595118422,
            41.5032738463768
          ],
          [
            -73.4602182360515,
            41.5030000515599
          ],
          [
            -73.4604661773581,
            41.5027963427126
          ],
          [
            -73.4609069932444,
            41.5028015149629
          ],
          [
            -73.4615267993494,
            41.5030974331938
          ],
          [
            -73.4620508369603,
            41.5035464418479
          ],
          [
            -73.462587396188,
            41.5042155138569
          ],
          [
            -73.4630762108565,
            41.5047840629794
          ],
          [
            -73.4633432808888,
            41.5052080486566
          ],
          [
            -73.4639847588501,
            41.5058583139406
          ],
          [
            -73.4647903581154,
            41.5066873291165
          ],
          [
            -73.4656103492899,
            41.5075668118969
          ],
          [
            -73.4662870744479,
            41.5081447341131
          ],
          [
            -73.4670065073112,
            41.5086472930596
          ],
          [
            -73.4681367262792,
            41.5093323710902
          ],
          [
            -73.469397071606,
            41.5102262841858
          ],
          [
            -73.4711132113281,
            41.5112845184546
          ],
          [
            -73.4731259684689,
            41.5127402761955
          ],
          [
            -73.4743534381512,
            41.5139052969838
          ],
          [
            -73.4758667849946,
            41.5151254083398
          ],
          [
            -73.4772717662686,
            41.5164674084856
          ],
          [
            -73.4783933290705,
            41.5176226085982
          ],
          [
            -73.4790981750902,
            41.5188537027589
          ],
          [
            -73.4799568279579,
            41.5203131253631
          ],
          [
            -73.4806629379072,
            41.5214311468082
          ],
          [
            -73.4811321549296,
            41.5225759586807
          ],
          [
            -73.4814067806917,
            41.5232565620706
          ],
          [
            -73.4819049072965,
            41.5242662252388
          ],
          [
            -73.4820963688263,
            41.5253199916531
          ],
          [
            -73.4823109781443,
            41.5261900924158
          ],
          [
            -73.4824371806619,
            41.5275407860177
          ],
          [
            -73.4824790798834,
            41.5292124427278
          ],
          [
            -73.4823819728995,
            41.5310510550371
          ],
          [
            -73.4823344708856,
            41.5328205840251
          ],
          [
            -73.4821865300364,
            41.5348649361987
          ],
          [
            -73.4821264048961,
            41.5364852231588
          ],
          [
            -73.4820477996138,
            41.5381674495306
          ],
          [
            -73.4820494381409,
            41.5396175119253
          ],
          [
            -73.4820892487794,
            41.5408070248738
          ],
          [
            -73.4822454729938,
            41.5421219704816
          ],
          [
            -73.4823543317382,
            41.543633997634
          ],
          [
            -73.4828025659122,
            41.5456806441974
          ],
          [
            -73.4829429851675,
            41.5462884225334
          ],
          [
            -73.4830666481478,
            41.5469774176627
          ],
          [
            -73.483357545993,
            41.5476333133463
          ],
          [
            -73.4835937391324,
            41.5481352012594
          ],
          [
            -73.483901984344,
            41.5487005664969
          ],
          [
            -73.4843359712375,
            41.5491951370207
          ],
          [
            -73.4849090011674,
            41.5495227490596
          ],
          [
            -73.4857098348701,
            41.5497837008029
          ],
          [
            -73.486622030922,
            41.549876168271
          ],
          [
            -73.4873699475663,
            41.5498135164547
          ],
          [
            -73.4881657668732,
            41.5496388980538
          ],
          [
            -73.4889327682257,
            41.549410551547
          ],
          [
            -73.4900233283705,
            41.5489624284773
          ],
          [
            -73.4909449136137,
            41.5485517336102
          ],
          [
            -73.4918532522998,
            41.5480483315518
          ],
          [
            -73.492657215733,
            41.5475308253362
          ],
          [
            -73.4940165814552,
            41.5465200172637
          ],
          [
            -73.49499183924,
            41.5457153253278
          ],
          [
            -73.4955068981897,
            41.5451184871287
          ],
          [
            -73.4968046457716,
            41.5434279834432
          ],
          [
            -73.4989708207899,
            41.540861467667
          ],
          [
            -73.5013011036375,
            41.5384736168354
          ],
          [
            -73.50259160451,
            41.5371072818864
          ],
          [
            -73.5038555637592,
            41.5355319180305
          ],
          [
            -73.5051805823965,
            41.5338900512582
          ],
          [
            -73.5066133234095,
            41.5323952372517
          ],
          [
            -73.5086709127711,
            41.5306494035652
          ],
          [
            -73.5104534281113,
            41.5289548551876
          ],
          [
            -73.5120070033097,
            41.5274636562229
          ],
          [
            -73.513500562064,
            41.5258314331918
          ],
          [
            -73.5150874252337,
            41.524012487852
          ],
          [
            -73.5161272323616,
            41.5229814911741
          ],
          [
            -73.516487463977,
            41.5224960990809
          ],
          [
            -73.5171860199931,
            41.5217375749242
          ],
          [
            -73.5178718720344,
            41.5208770315302
          ],
          [
            -73.518294325458,
            41.5203537287729
          ],
          [
            -73.5189484651732,
            41.5196748980764
          ],
          [
            -73.5195668654148,
            41.5191013309717
          ],
          [
            -73.5204751636767,
            41.5184939556225
          ],
          [
            -73.5213258170467,
            41.517944406444
          ],
          [
            -73.5229596558175,
            41.5168961941665
          ],
          [
            -73.5237145927957,
            41.5163345059458
          ],
          [
            -73.5249074728481,
            41.5153757575154
          ],
          [
            -73.5263723421071,
            41.5143885922911
          ],
          [
            -73.5280018626763,
            41.5127680680579
          ],
          [
            -73.529231390399,
            41.5113076351373
          ],
          [
            -73.530374379817,
            41.5096860543257
          ],
          [
            -73.5308674057877,
            41.508583734854
          ],
          [
            -73.5315925690041,
            41.5071512850258
          ],
          [
            -73.5319484177393,
            41.506093595383
          ],
          [
            -73.5323093302778,
            41.5046215589893
          ],
          [
            -73.5325741087077,
            41.5028324657056
          ]
        ]
      },
      "properties": {
        "STATE": "CT",
        "DESCRIPTION": "Thrust fault, certain, (teeth on right from origin)",
        "RuleID": 63
      }
    },
    {
      "type": "Feature",
      "geometry": {
        "type": "LineString",
        "coordinates": [
          [
            -73.4770492490812,
            41.3229616777741
          ],
          [
            -73.4771385838412,
            41.3224859859291
          ],
          [
            -73.4771795416283,
            41.3222024317077
          ],
          [
            -73.4772598635911,
            41.3213799114502
          ],
          [
            -73.4773163568427,
            41.3210573675401
          ],
          [
            -73.4777171384101,
            41.3206569375073
          ],
          [
            -73.4779580521962,
            41.3204375625615
          ],
          [
            -73.4781651408187,
            41.3200593886027
          ],
          [
            -73.4781434617759,
            41.3197521996659
          ],
          [
            -73.4780144277685,
            41.319227049768
          ],
          [
            -73.477719300655,
            41.3187256834485
          ],
          [
            -73.4774867789302,
            41.3182951691629
          ],
          [
            -73.4773140158331,
            41.3178876359223
          ],
          [
            -73.4770808958303,
            41.3175136626357
          ],
          [
            -73.4769092196947,
            41.3172291745939
          ],
          [
            -73.4767657982697,
            41.3167716078394
          ],
          [
            -73.4767453741734,
            41.3162805003916
          ],
          [
            -73.4769523936256,
            41.3160203901812
          ],
          [
            -73.4774645501185,
            41.3157727165162
          ],
          [
            -73.4778604538339,
            41.3158482217864
          ],
          [
            -73.4784086246849,
            41.315958212597
          ],
          [
            -73.4789423847621,
            41.3161594004364
          ],
          [
            -73.4794594774975,
            41.3163709780759
          ],
          [
            -73.4800076205007,
            41.3165518008263
          ],
          [
            -73.4804488621885,
            41.3167650855289
          ],
          [
            -73.4808786270002,
            41.3169521535275
          ],
          [
            -73.4815049189415,
            41.3171648357673
          ],
          [
            -73.4819749552274,
            41.3172665586884
          ],
          [
            -73.4826565061352,
            41.3172933784183
          ],
          [
            -73.4832506788136,
            41.3173901448511
          ],
          [
            -73.483722443458,
            41.3174875278079
          ],
          [
            -73.484268343368,
            41.3175875277418
          ],
          [
            -73.485443919173,
            41.3181040346463
          ],
          [
            -73.4858747853192,
            41.3184613567945
          ],
          [
            -73.4862723347482,
            41.3187922417729
          ],
          [
            -73.4866262296477,
            41.3190754559533
          ],
          [
            -73.486964567523,
            41.3194684965915
          ],
          [
            -73.487102447241,
            41.319594171403
          ],
          [
            -73.4872586840319,
            41.319799570761
          ],
          [
            -73.4874757852765,
            41.3201509917774
          ],
          [
            -73.4874791557554,
            41.3203548396833
          ],
          [
            -73.4873302150813,
            41.3205950510762
          ],
          [
            -73.4871663767465,
            41.3207232604279
          ],
          [
            -73.4869260962727,
            41.3208625008305
          ],
          [
            -73.4865036221878,
            41.3210266140999
          ],
          [
            -73.4863530268169,
            41.3210822535014
          ],
          [
            -73.4857650201747,
            41.3212844523443
          ],
          [
            -73.4855241755588,
            41.3213857809116
          ],
          [
            -73.4853614107108,
            41.3216842578455
          ],
          [
            -73.4853072117564,
            41.3221112227095
          ],
          [
            -73.4853720027463,
            41.322475392067
          ],
          [
            -73.4855287425937,
            41.3228603772932
          ],
          [
            -73.485763625091,
            41.3233008412378
          ],
          [
            -73.4863208213157,
            41.3240173580376
          ],
          [
            -73.4865040749387,
            41.3242335960875
          ],
          [
            -73.4867240498939,
            41.3246092773988
          ],
          [
            -73.4868807942329,
            41.325017874299
          ],
          [
            -73.4871052257302,
            41.3257676768186
          ],
          [
            -73.4872498275415,
            41.3263718849687
          ],
          [
            -73.4873634680182,
            41.3267943350883
          ],
          [
            -73.4874138715905,
            41.327249699771
          ],
          [
            -73.4875131354294,
            41.3276925092616
          ],
          [
            -73.4875198404547,
            41.3281946558932
          ],
          [
            -73.4873981914972,
            41.3291683741297
          ],
          [
            -73.4874088643811,
            41.3298178267819
          ],
          [
            -73.4874615649455,
            41.3302831551505
          ],
          [
            -73.4875142412555,
            41.3308193211199
          ],
          [
            -73.4876329230775,
            41.3316065710286
          ],
          [
            -73.4876816584784,
            41.3319245905117
          ],
          [
            -73.4876889447136,
            41.3324174195311
          ],
          [
            -73.4876922981246,
            41.3326684929974
          ],
          [
            -73.4877134112287,
            41.3330794393348
          ],
          [
            -73.4877296994814,
            41.3340843761935
          ],
          [
            -73.4877541749797,
            41.3347227812367
          ],
          [
            -73.4878900739125,
            41.3356083806114
          ],
          [
            -73.4879847536485,
            41.3360548686648
          ],
          [
            -73.4880961348622,
            41.3364201262934
          ],
          [
            -73.4884625289205,
            41.3373720584778
          ],
          [
            -73.4886198733341,
            41.3378185580484
          ],
          [
            -73.4887806277525,
            41.3383744544638
          ],
          [
            -73.4889495325855,
            41.3386582694723
          ],
          [
            -73.489187313048,
            41.3392410415855
          ],
          [
            -73.4892820323098,
            41.339616690993
          ],
          [
            -73.4892732746341,
            41.3399925345011
          ],
          [
            -73.4891587627916,
            41.3403113857877
          ],
          [
            -73.488919497414,
            41.3406445082533
          ],
          [
            -73.4887290806249,
            41.3410123003463
          ],
          [
            -73.4887157460328,
            41.3413209901844
          ],
          [
            -73.4890392742824,
            41.341672856264
          ],
          [
            -73.4901405396505,
            41.3422668435518
          ],
          [
            -73.490479085935,
            41.3424473563694
          ],
          [
            -73.4919104192878,
            41.342865705585
          ],
          [
            -73.4923208568462,
            41.3429680243702
          ],
          [
            -73.4930814235664,
            41.3430173283546
          ],
          [
            -73.4937339211612,
            41.3430232835424
          ],
          [
            -73.4944123342536,
            41.3428698040856
          ],
          [
            -73.4950171708328,
            41.3426807831536
          ],
          [
            -73.4956967643115,
            41.3423906041878
          ],
          [
            -73.4963613927559,
            41.3421537131364
          ],
          [
            -73.4969782892177,
            41.3419579666568
          ],
          [
            -73.4974928415175,
            41.3418146289298
          ],
          [
            -73.4979033150085,
            41.3417752558329
          ],
          [
            -73.4982356018321,
            41.3417512511746
          ],
          [
            -73.4985972015817,
            41.3417480469108
          ],
          [
            -73.4990398482346,
            41.3418009573717
          ],
          [
            -73.4994658212575,
            41.3418642608902
          ],
          [
            -73.5007902865326,
            41.3421969255643
          ],
          [
            -73.5024665796837,
            41.3426138715491
          ],
          [
            -73.5030747840468,
            41.3427939403049
          ],
          [
            -73.5037749794883,
            41.3429239714427
          ],
          [
            -73.5045349703883,
            41.3430297411773
          ],
          [
            -73.5054455827104,
            41.3431506812657
          ],
          [
            -73.5062061629052,
            41.343176289191
          ],
          [
            -73.5070983983915,
            41.3431466589928
          ],
          [
            -73.5109335138503,
            41.3428946392269
          ],
          [
            -73.512188502523,
            41.3427250372257
          ],
          [
            -73.5129611542787,
            41.34260221401
          ],
          [
            -73.5140482657911,
            41.342366305029
          ],
          [
            -73.5148513767231,
            41.3422220246662
          ],
          [
            -73.5155458346248,
            41.3420673421495
          ],
          [
            -73.5163472136049,
            41.3418329345554
          ],
          [
            -73.5171037459912,
            41.3416403313556
          ],
          [
            -73.5200637218018,
            41.3407840925446
          ],
          [
            -73.521316896776,
            41.3403589948566
          ],
          [
            -73.5219779562137,
            41.3400361739458
          ],
          [
            -73.5225941735492,
            41.3397315510863
          ],
          [
            -73.5241553260371,
            41.3385874154895
          ],
          [
            -73.5245128213842,
            41.3381770920444
          ]
        ]
      },
      "properties": {
        "STATE": "CT",
        "DESCRIPTION": "Thrust fault, certain, (teeth on right from origin)",
        "RuleID": 63
      }
    },
    {
      "type": "Feature",
      "geometry": {
        "type": "LineString",
        "coordinates": [
          [
            -73.5365136748778,
            41.3355478978588
          ],
          [
            -73.5368235738879,
            41.3357454004476
          ],
          [
            -73.5374347714376,
            41.3361856815107
          ],
          [
            -73.5378510624183,
            41.3365016558311
          ],
          [
            -73.538278291286,
            41.3368531526971
          ],
          [
            -73.5387101303077,
            41.3372245774029
          ],
          [
            -73.5391718724486,
            41.3376074749666
          ],
          [
            -73.5396037213517,
            41.3379788946964
          ],
          [
            -73.5399711772187,
            41.33830743524
          ],
          [
            -73.5401886144332,
            41.3386823676733
          ],
          [
            -73.5404860654884,
            41.3393209144785
          ],
          [
            -73.5408133882217,
            41.3399000986106
          ]
        ]
      },
      "properties": {
        "STATE": "CT",
        "DESCRIPTION": "Thrust fault, certain, (teeth on right from origin)",
        "RuleID": 63
      }
    },
    {
      "type": "Feature",
      "geometry": {
        "type": "LineString",
        "coordinates": [
          [
            -73.430353359952,
            41.4006607232233
          ],
          [
            -73.4300839794528,
            41.4007461007198
          ],
          [
            -73.4296130709027,
            41.4009511261949
          ],
          [
            -73.4290826121342,
            41.4013835535074
          ],
          [
            -73.4286717415879,
            41.4018855980676
          ],
          [
            -73.4284437931862,
            41.4024243749408
          ],
          [
            -73.4282001377418,
            41.4030965741781
          ],
          [
            -73.428031492522,
            41.4040597397242
          ],
          [
            -73.4279388878943,
            41.4049503917782
          ],
          [
            -73.427788724613,
            41.4058516159655
          ],
          [
            -73.4275585986951,
            41.4071881768672
          ],
          [
            -73.4274502870247,
            41.4077493451764
          ],
          [
            -73.4271941018787,
            41.4082958963456
          ],
          [
            -73.4265839373917,
            41.4089039281418
          ],
          [
            -73.4257348982941,
            41.4095522902319
          ],
          [
            -73.4249601345992,
            41.4101560772185
          ],
          [
            -73.4242435655651,
            41.4106927515401
          ],
          [
            -73.423332343287,
            41.4113317344569
          ],
          [
            -73.4225565528177,
            41.41181247007
          ],
          [
            -73.4216450933844,
            41.4121774238243
          ],
          [
            -73.4208576346979,
            41.4123343030631
          ],
          [
            -73.4197473852787,
            41.4124510707606
          ],
          [
            -73.4189890427872,
            41.4123547379811
          ],
          [
            -73.4183045436087,
            41.4121287105334
          ],
          [
            -73.4177421371554,
            41.4118406056974
          ],
          [
            -73.4172277555355,
            41.4113697153394
          ],
          [
            -73.4168778895801,
            41.4109502906332
          ],
          [
            -73.4164992667558,
            41.410524344236
          ],
          [
            -73.4162260621285,
            41.410023099441
          ],
          [
            -73.4160449051733,
            41.4095427224893
          ],
          [
            -73.4159847234392,
            41.4089716818155
          ],
          [
            -73.4159845383862,
            41.4086976651586
          ],
          [
            -73.4159696721666,
            41.4078251339103
          ],
          [
            -73.4160151889037,
            41.4073819794157
          ],
          [
            -73.416383024758,
            41.4064781292163
          ],
          [
            -73.4170217448914,
            41.4052578020466
          ],
          [
            -73.417493717945,
            41.4043445006765
          ],
          [
            -73.4179634245492,
            41.4033976163643
          ],
          [
            -73.418240223336,
            41.4025487050986
          ],
          [
            -73.4182258206471,
            41.4017376897458
          ],
          [
            -73.4176941967636,
            41.4008944216591
          ],
          [
            -73.4168436484964,
            41.4001819501816
          ],
          [
            -73.4160701074086,
            41.3995436150051
          ],
          [
            -73.4157206627631,
            41.3992801466946
          ],
          [
            -73.4142345860768,
            41.3980314511065
          ],
          [
            -73.4135531223056,
            41.3974139697408
          ],
          [
            -73.4127630495217,
            41.3967151625878
          ],
          [
            -73.4117785956833,
            41.3955849051544
          ],
          [
            -73.4108245219694,
            41.3945512758123
          ],
          [
            -73.4100641771332,
            41.3936371574825
          ],
          [
            -73.4094600969355,
            41.3928812996553
          ],
          [
            -73.4089564915058,
            41.3922663248539
          ],
          [
            -73.4088061467649,
            41.3920149198479
          ],
          [
            -73.4080788850839,
            41.3909476679847
          ],
          [
            -73.4076238865959,
            41.389795736036
          ],
          [
            -73.40698886303,
            41.38826282873
          ],
          [
            -73.4065506747158,
            41.3870532827223
          ],
          [
            -73.4062484104874,
            41.3861154939185
          ],
          [
            -73.406081946377,
            41.3855202966021
          ],
          [
            -73.4056734922988,
            41.3848087781266
          ],
          [
            -73.4049592516978,
            41.3839522821553
          ],
          [
            -73.4044435495545,
            41.3834148208236
          ],
          [
            -73.403777647299,
            41.3829235795698
          ],
          [
            -73.4031397608022,
            41.3825426167207
          ],
          [
            -73.4026546966,
            41.3822813651022
          ],
          [
            -73.4020480238644,
            41.382167299263
          ],
          [
            -73.4015160658077,
            41.3820938086786
          ],
          [
            -73.4010633113112,
            41.3821280476322
          ],
          [
            -73.4005004422255,
            41.3823120828788
          ],
          [
            -73.4001347272936,
            41.382583380595
          ],
          [
            -73.3996777561052,
            41.3830748920014
          ],
          [
            -73.399313960873,
            41.3835686562669
          ],
          [
            -73.3990239299021,
            41.3839799566963
          ],
          [
            -73.3985853759736,
            41.3844567509257
          ],
          [
            -73.397975056078,
            41.3847906281471
          ],
          [
            -73.3973700218695,
            41.3847194314352
          ],
          [
            -73.3967633518289,
            41.3842604839426
          ],
          [
            -73.3961558310837,
            41.3836312707739
          ],
          [
            -73.3958524403679,
            41.3831041609527
          ],
          [
            -73.3954905783102,
            41.3824645675027
          ],
          [
            -73.39507899001,
            41.3816436137624
          ],
          [
            -73.3946400273481,
            41.3810243037786
          ],
          [
            -73.3944911899802,
            41.3806125809067
          ],
          [
            -73.3942627942175,
            41.3803056243077
          ],
          [
            -73.3941135058954,
            41.3801536259981
          ],
          [
            -73.3938554414739,
            41.3800383465193
          ],
          [
            -73.3935805956245,
            41.37998067199
          ],
          [
            -73.3933522169298,
            41.3799949583461
          ],
          [
            -73.3930030570502,
            41.3803266880667
          ],
          [
            -73.3928349732774,
            41.3807231498777
          ],
          [
            -73.3927133521677,
            41.3811915756245
          ],
          [
            -73.3927287088675,
            41.3816155135903
          ],
          [
            -73.3926959509024,
            41.3819245952693
          ],
          [
            -73.3925597366609,
            41.3821865675014
          ],
          [
            -73.3923322374168,
            41.3823475039473
          ],
          [
            -73.3921515817216,
            41.3823679024622
          ],
          [
            -73.3918473879119,
            41.3823130096558
          ],
          [
            -73.391635360352,
            41.3821845582451
          ],
          [
            -73.3912392527191,
            41.3820615520062
          ],
          [
            -73.3908902464514,
            41.3819775836145
          ],
          [
            -73.3906320948933,
            41.3819095214033
          ],
          [
            -73.3903593987124,
            41.3819326370446
          ],
          [
            -73.3900080208924,
            41.3822071689471
          ],
          [
            -73.3897983523084,
            41.3826839505625
          ],
          [
            -73.3896905248299,
            41.3834625816992
          ],
          [
            -73.3896431979875,
            41.3841840901089
          ],
          [
            -73.3892157903551,
            41.3857688629664
          ],
          [
            -73.388743588231,
            41.3873009475229
          ],
          [
            -73.3881474428523,
            41.3886489926664
          ],
          [
            -73.3877050198799,
            41.389918560507
          ],
          [
            -73.3875369504801,
            41.3905890324031
          ],
          [
            -73.3875208050596,
            41.3912325861318
          ],
          [
            -73.3876113094261,
            41.3917586252419
          ],
          [
            -73.3878239074162,
            41.391901381241
          ]
        ]
      },
      "properties": {
        "STATE": "CT",
        "DESCRIPTION": "Thrust fault, certain, (teeth on right from origin)",
        "RuleID": 63
      }
    },
    {
      "type": "Feature",
      "geometry": {
        "type": "LineString",
        "coordinates": [
          [
            -73.4972576464065,
            41.3373079068109
          ],
          [
            -73.4966570920963,
            41.3366761432004
          ],
          [
            -73.4962692067432,
            41.3361633333821
          ],
          [
            -73.4960841771508,
            41.3359042225497
          ],
          [
            -73.4957532899024,
            41.3350831588438
          ],
          [
            -73.495625748895,
            41.3348134390426
          ],
          [
            -73.4955470861206,
            41.3344839379027
          ],
          [
            -73.4953685459578,
            41.3336265001364
          ],
          [
            -73.4952353518523,
            41.3330249076378
          ],
          [
            -73.495182626135,
            41.3324415207155
          ],
          [
            -73.4951442662758,
            41.3318849989552
          ],
          [
            -73.495124795292,
            41.3316113946989
          ],
          [
            -73.4951617187451,
            41.3311096919478
          ],
          [
            -73.4951566756031,
            41.330626828356
          ],
          [
            -73.4953168003025,
            41.3293831906351
          ],
          [
            -73.4954617713214,
            41.3289012154763
          ],
          [
            -73.4955331496572,
            41.3285017618607
          ],
          [
            -73.4956817480732,
            41.3273263587844
          ],
          [
            -73.4957502553934,
            41.326902642529
          ],
          [
            -73.4957468714397,
            41.3266515704523
          ],
          [
            -73.4958103122617,
            41.3258158267572
          ],
          [
            -73.4956552082464,
            41.3255209704786
          ],
          [
            -73.4952507552645,
            41.3249004867903
          ],
          [
            -73.4948807212327,
            41.3245475417877
          ],
          [
            -73.4946353841421,
            41.3242747688826
          ],
          [
            -73.4944044111128,
            41.324028859692
          ],
          [
            -73.4941584946089,
            41.3237890117615
          ],
          [
            -73.4937534810782,
            41.3232014471193
          ],
          [
            -73.4934726228046,
            41.3225853096272
          ],
          [
            -73.4928541956136,
            41.3207876132829
          ],
          [
            -73.4927870842753,
            41.3203662569769
          ],
          [
            -73.4927199801236,
            41.3199212886935
          ],
          [
            -73.4927149333883,
            41.3195092574751
          ],
          [
            -73.4927075707962,
            41.3191580994945
          ],
          [
            -73.4927766943607,
            41.3186306178409
          ],
          [
            -73.4928435272213,
            41.3180695548766
          ],
          [
            -73.4928931447676,
            41.317433754908
          ],
          [
            -73.4929927275085,
            41.3168848302414
          ],
          [
            -73.4930457478732,
            41.3163820404991
          ],
          [
            -73.4931568577957,
            41.3157176514825
          ],
          [
            -73.4932397489402,
            41.3152499601516
          ],
          [
            -73.4934151683557,
            41.3147465390807
          ],
          [
            -73.4935446155881,
            41.3142327125658
          ],
          [
            -73.4937586715439,
            41.3132468580252
          ],
          [
            -73.4942831169899,
            41.3119298255068
          ],
          [
            -73.4943384056007,
            41.3114842240632
          ],
          [
            -73.494418988075,
            41.3110065638464
          ],
          [
            -73.4946352835308,
            41.3101487374963
          ],
          [
            -73.494748632055,
            41.309612373778
          ],
          [
            -73.494849298164,
            41.3092101041665
          ],
          [
            -73.4950080232882,
            41.3087170739783
          ],
          [
            -73.4952431653987,
            41.3082366194388
          ],
          [
            -73.495388080722,
            41.3078018595922
          ],
          [
            -73.4955330014352,
            41.3073434877611
          ],
          [
            -73.4956802056659,
            41.3069186934862
          ],
          [
            -73.49573259182,
            41.3065432779692
          ],
          [
            -73.4958885016241,
            41.3057898525462
          ],
          [
            -73.4961732442129,
            41.3045082947749
          ],
          [
            -73.4962698921577,
            41.3040295502842
          ],
          [
            -73.4964308792398,
            41.3035937069439
          ],
          [
            -73.4967573395904,
            41.3031433732371
          ],
          [
            -73.4969803427665,
            41.3028349188819
          ],
          [
            -73.4973854991293,
            41.3024307340807
          ],
          [
            -73.4977722678765,
            41.3020176657334
          ],
          [
            -73.4979963876585,
            41.3018086437442
          ],
          [
            -73.4981895065799,
            41.3014887003908
          ],
          [
            -73.4982240989049,
            41.300953403925
          ],
          [
            -73.498159259406,
            41.3005892344493
          ],
          [
            -73.4981702583783,
            41.3002233420223
          ],
          [
            -73.4980847782892,
            41.2996750316722
          ],
          [
            -73.4980481207374,
            41.2991850034664
          ],
          [
            -73.4980424335033,
            41.298923957147
          ],
          [
            -73.4980568442771,
            41.2987146917318
          ],
          [
            -73.4981413631689,
            41.2984315625389
          ],
          [
            -73.4982177981215,
            41.298326070666
          ],
          [
            -73.4983821332246,
            41.2982121418162
          ],
          [
            -73.4986217345721,
            41.2980821908357
          ],
          [
            -73.4986510349217,
            41.298079379236
          ]
        ]
      },
      "properties": {
        "STATE": "CT",
        "DESCRIPTION": "Thrust fault, certain, (teeth on right from origin)",
        "RuleID": 63
      }
    },
    {
      "type": "Feature",
      "geometry": {
        "type": "LineString",
        "coordinates": [
          [
            -73.440221589605,
            41.3165602460551
          ],
          [
            -73.440068093574,
            41.3166151788104
          ],
          [
            -73.4393746902944,
            41.3169397013258
          ],
          [
            -73.4386398953415,
            41.3172737252808
          ],
          [
            -73.4374174346652,
            41.3179033568004
          ],
          [
            -73.4363673418273,
            41.3185484674967
          ],
          [
            -73.4357939696393,
            41.3189096558025
          ],
          [
            -73.4351985105735,
            41.3194831261462
          ],
          [
            -73.434958974803,
            41.319886985973
          ],
          [
            -73.4347821854567,
            41.320196435745
          ],
          [
            -73.4345482255292,
            41.3207432748162
          ],
          [
            -73.4344151104754,
            41.3210531840098
          ],
          [
            -73.4342543273109,
            41.3214323985843
          ],
          [
            -73.4340470473473,
            41.3217632725268
          ],
          [
            -73.433823644421,
            41.3221188306605
          ],
          [
            -73.4336750711579,
            41.3223732724913
          ],
          [
            -73.4334960656678,
            41.3226019158466
          ],
          [
            -73.4332627570189,
            41.3230685991424
          ]
        ]
      },
      "properties": {
        "STATE": "CT",
        "DESCRIPTION": "Thrust fault, certain, (teeth on right from origin)",
        "RuleID": 63
      }
    },
    {
      "type": "Feature",
      "geometry": {
        "type": "LineString",
        "coordinates": [
          [
            -73.4139317145872,
            41.3670216257967
          ],
          [
            -73.4139270397544,
            41.3670725268945
          ],
          [
            -73.4137690862831,
            41.3677263773864
          ],
          [
            -73.413638209831,
            41.3683438575662
          ],
          [
            -73.4136755815434,
            41.3687444198516
          ],
          [
            -73.4137201613377,
            41.3697229337895
          ],
          [
            -73.4137584358571,
            41.3702937611154
          ],
          [
            -73.4137890252891,
            41.3714013678363
          ],
          [
            -73.4137875439672,
            41.3724166664196
          ],
          [
            -73.4138450451286,
            41.3732138763741
          ],
          [
            -73.4140964386608,
            41.3739653209486
          ],
          [
            -73.4142396301171,
            41.3743757168005
          ],
          [
            -73.4143645696034,
            41.3746827714927
          ],
          [
            -73.4144911018028,
            41.3750799384325
          ],
          [
            -73.4147164244289,
            41.3755750987711
          ],
          [
            -73.4149894898174,
            41.3764684438026
          ],
          [
            -73.4153976851808,
            41.3773924413911
          ],
          [
            -73.4159878414915,
            41.3781829279321
          ],
          [
            -73.4168210468839,
            41.3791655302521
          ],
          [
            -73.4173068539929,
            41.3797386588217
          ],
          [
            -73.4178694769402,
            41.3805039853319
          ],
          [
            -73.4180942210512,
            41.3810320612234
          ],
          [
            -73.4181995179756,
            41.3814196754763
          ],
          [
            -73.4184744797076,
            41.3826535328987
          ],
          [
            -73.4186851166754,
            41.3838208380351
          ],
          [
            -73.4191245437663,
            41.3846904692047
          ],
          [
            -73.4196704993718,
            41.3854897798411
          ],
          [
            -73.420594939461,
            41.3863229554703
          ],
          [
            -73.4211696357657,
            41.3867367011781
          ],
          [
            -73.4229910050386,
            41.3879621807982
          ],
          [
            -73.4242813918251,
            41.3887979801184
          ],
          [
            -73.4253419464428,
            41.3894399428683
          ],
          [
            -73.4268161393162,
            41.3900906402685
          ],
          [
            -73.4296224951284,
            41.3909393705569
          ],
          [
            -73.431142415843,
            41.391420868296
          ],
          [
            -73.4328269447487,
            41.3918593501723
          ],
          [
            -73.4344052011595,
            41.3921792480551
          ],
          [
            -73.4371086280065,
            41.3926265618337
          ],
          [
            -73.4384263936462,
            41.3928684778415
          ],
          [
            -73.4394605773204,
            41.3930744655735
          ],
          [
            -73.4408272463459,
            41.393327433312
          ],
          [
            -73.442859578675,
            41.3935705934318
          ],
          [
            -73.4447883684896,
            41.3938138779876
          ],
          [
            -73.4462316476391,
            41.3940085574059
          ],
          [
            -73.4477491491907,
            41.3942058610673
          ],
          [
            -73.4497532663351,
            41.3945275210893
          ],
          [
            -73.451271529658,
            41.3951783724281
          ],
          [
            -73.4515583347788,
            41.395488930807
          ],
          [
            -73.4518192396732,
            41.3958172356718
          ],
          [
            -73.4518770471601,
            41.3961515026824
          ],
          [
            -73.4517725398549,
            41.3965623683834
          ],
          [
            -73.4515426043798,
            41.3969731715131
          ],
          [
            -73.4510734080187,
            41.3972920064789
          ],
          [
            -73.4500085378944,
            41.3978065658857
          ],
          [
            -73.4495837704106,
            41.3979748686867
          ],
          [
            -73.447685193634,
            41.3984800830993
          ],
          [
            -73.4468046775689,
            41.3987057496768
          ],
          [
            -73.4444199649,
            41.3991244326838
          ],
          [
            -73.4402003085159,
            41.3996138911896
          ],
          [
            -73.4375884676071,
            41.399839297098
          ],
          [
            -73.4358703929138,
            41.3998609542447
          ],
          [
            -73.4342931902268,
            41.3999617441114
          ],
          [
            -73.4333816733012,
            41.4000763851847
          ],
          [
            -73.4319510559056,
            41.4002812146656
          ],
          [
            -73.4308742741206,
            41.4004953686503
          ],
          [
            -73.430353359952,
            41.4006607232233
          ]
        ]
      },
      "properties": {
        "STATE": "CT",
        "DESCRIPTION": "Thrust fault, certain, (teeth on right from origin)",
        "RuleID": 63
      }
    },
    {
      "type": "Feature",
      "geometry": {
        "type": "LineString",
        "coordinates": [
          [
            -73.4085783672465,
            41.3410575456405
          ],
          [
            -73.4088261136187,
            41.3414492039417
          ],
          [
            -73.4090428088248,
            41.3418479826365
          ],
          [
            -73.4094165600853,
            41.342551690339
          ],
          [
            -73.4096355801314,
            41.34293682401
          ],
          [
            -73.4098042028933,
            41.3431971363412
          ],
          [
            -73.4102405622375,
            41.343948118259
          ],
          [
            -73.4104258074255,
            41.3442452697953
          ],
          [
            -73.4109208276561,
            41.344990666332
          ],
          [
            -73.4113065678324,
            41.3453900174883
          ],
          [
            -73.4114747207755,
            41.3455888053118
          ]
        ]
      },
      "properties": {
        "STATE": "CT",
        "DESCRIPTION": "Thrust fault, certain, (teeth on right from origin)",
        "RuleID": 63
      }
    },
    {
      "type": "Feature",
      "geometry": {
        "type": "LineString",
        "coordinates": [
          [
            -73.4908058930353,
            41.6251027772834
          ],
          [
            -73.4907967957964,
            41.6246852262858
          ],
          [
            -73.4908882568688,
            41.6239220476318
          ],
          [
            -73.4910536070682,
            41.6231471849434
          ],
          [
            -73.4912980224873,
            41.622418465533
          ],
          [
            -73.4917180495613,
            41.6212665943881
          ],
          [
            -73.4922755143822,
            41.6198812798607
          ],
          [
            -73.4925631782924,
            41.6192095220921
          ],
          [
            -73.4930031865933,
            41.6186523551677
          ],
          [
            -73.493393520754,
            41.618187870105
          ],
          [
            -73.4936394552242,
            41.6180449707883
          ],
          [
            -73.4939904045478,
            41.6180248861237
          ],
          [
            -73.4942633881897,
            41.6181524884775
          ],
          [
            -73.4944128409035,
            41.6183136414425
          ],
          [
            -73.4946222929934,
            41.6185921836536
          ],
          [
            -73.494753806351,
            41.6189239915932
          ],
          [
            -73.4949736312876,
            41.6192709730194
          ],
          [
            -73.495242533883,
            41.6195817920609
          ],
          [
            -73.4955461303131,
            41.6196643488989
          ],
          [
            -73.4960015492127,
            41.6197055621375
          ],
          [
            -73.496445436439,
            41.6196969602108
          ],
          [
            -73.4967190174604,
            41.6197916384232
          ],
          [
            -73.4969752547087,
            41.620000447229
          ],
          [
            -73.4971044827522,
            41.6202986840069
          ],
          [
            -73.4972330918565,
            41.6207714762897
          ],
          [
            -73.4972993408121,
            41.6213293729973
          ],
          [
            -73.4973165013289,
            41.621994250354
          ],
          [
            -73.4974006653862,
            41.6224759158176
          ],
          [
            -73.4974472726781,
            41.6231143739209
          ],
          [
            -73.4975267753774,
            41.6237885695594
          ],
          [
            -73.4975901164864,
            41.6244638459847
          ],
          [
            -73.4976142605063,
            41.6248989406637
          ],
          [
            -73.4976367273715,
            41.6251023032065
          ]
        ]
      },
      "properties": {
        "STATE": "CT",
        "DESCRIPTION": "Thrust fault, certain, (teeth on right from origin)",
        "RuleID": 63
      }
    },
    {
      "type": "Feature",
      "geometry": {
        "type": "LineString",
        "coordinates": [
          [
            -73.5096022761762,
            41.6251008863476
          ],
          [
            -73.509564825412,
            41.6238885211742
          ],
          [
            -73.5094783104636,
            41.6226651068071
          ],
          [
            -73.5093912538311,
            41.6208844530913
          ],
          [
            -73.5093169002751,
            41.6190877691005
          ],
          [
            -73.5090237710147,
            41.6176336936075
          ],
          [
            -73.5088553386956,
            41.6160329978843
          ],
          [
            -73.5088253807792,
            41.6152189002347
          ],
          [
            -73.5087965807911,
            41.6143625689417
          ],
          [
            -73.5088254795938,
            41.6137552979627
          ],
          [
            -73.5088688125265,
            41.613104064291
          ],
          [
            -73.5091424465486,
            41.6121836373414
          ],
          [
            -73.5094264372476,
            41.6116621381352
          ],
          [
            -73.5096625154025,
            41.6112526061474
          ],
          [
            -73.5100336292093,
            41.6110953841286
          ],
          [
            -73.5103077716779,
            41.6111571154738
          ],
          [
            -73.5107146519077,
            41.6113431621382
          ],
          [
            -73.5109553168605,
            41.6114965008095
          ],
          [
            -73.5112271452689,
            41.6117371196512
          ],
          [
            -73.5115543826623,
            41.6120279851838
          ],
          [
            -73.5119341445503,
            41.6122504102504
          ],
          [
            -73.5122342627036,
            41.6124124107829
          ],
          [
            -73.5125540063509,
            41.6124938464475
          ],
          [
            -73.512952245686,
            41.612418264703
          ],
          [
            -73.513248328607,
            41.6120788942913
          ],
          [
            -73.5134087793948,
            41.6115909546438
          ],
          [
            -73.5134335971512,
            41.6111905101921
          ],
          [
            -73.5133452954537,
            41.610160268356
          ],
          [
            -73.5133724227786,
            41.6095809317346
          ],
          [
            -73.5134318687926,
            41.6089050037762
          ],
          [
            -73.5134884258245,
            41.6083228529956
          ],
          [
            -73.5137377415536,
            41.607935184355
          ],
          [
            -73.5138387382426,
            41.6078871037649
          ]
        ]
      },
      "properties": {
        "STATE": "CT",
        "DESCRIPTION": "Thrust fault, certain, (teeth on right from origin)",
        "RuleID": 63
      }
    },
    {
      "type": "Feature",
      "geometry": {
        "type": "LineString",
        "coordinates": [
          [
            -73.4496060935454,
            41.301022428793
          ],
          [
            -73.4491909919341,
            41.3013250622951
          ],
          [
            -73.4484833368825,
            41.3017408364701
          ],
          [
            -73.4479600718228,
            41.302188985927
          ],
          [
            -73.4474051842684,
            41.302653578269
          ],
          [
            -73.4468819488531,
            41.3030544954614
          ],
          [
            -73.4461908425656,
            41.3035543181705
          ],
          [
            -73.4458137262161,
            41.3037616427579
          ],
          [
            -73.4448669558056,
            41.3042270870012
          ],
          [
            -73.4443818583656,
            41.304391017438
          ],
          [
            -73.4438232724472,
            41.3044957646157
          ],
          [
            -73.442692782188,
            41.3048014267978
          ],
          [
            -73.4419053621291,
            41.3050479240964
          ],
          [
            -73.4414553007819,
            41.3052103476252
          ],
          [
            -73.4410167019377,
            41.3053989887129
          ],
          [
            -73.44050560905,
            41.305675105365
          ],
          [
            -73.4401145355759,
            41.3060115151351
          ],
          [
            -73.4397418874466,
            41.3063095914578
          ],
          [
            -73.4394266012398,
            41.3066915383874
          ],
          [
            -73.4391751124861,
            41.307054894393
          ],
          [
            -73.438926363594,
            41.3075369643252
          ],
          [
            -73.4387948412533,
            41.3080078426895
          ],
          [
            -73.4381575988486,
            41.3090630951159
          ],
          [
            -73.4379358838567,
            41.3095087866584
          ],
          [
            -73.437797007907,
            41.3098646262213
          ]
        ]
      },
      "properties": {
        "STATE": "CT",
        "DESCRIPTION": "Thrust fault, certain, (teeth on right from origin)",
        "RuleID": 63
      }
    },
    {
      "type": "Feature",
      "geometry": {
        "type": "LineString",
        "coordinates": [
          [
            -73.5049702562458,
            41.324185799156
          ],
          [
            -73.5049754206603,
            41.3242436384983
          ],
          [
            -73.504774765772,
            41.3248027458955
          ],
          [
            -73.5046546286791,
            41.3249314144766
          ],
          [
            -73.5044016972311,
            41.3252756198461
          ],
          [
            -73.5040142511541,
            41.3257688546795
          ],
          [
            -73.5037458102927,
            41.3260103744091
          ],
          [
            -73.5035791081288,
            41.3261851806334
          ],
          [
            -73.5030399366003,
            41.3265401918272
          ],
          [
            -73.5027415989079,
            41.326793837912
          ],
          [
            -73.5024547542613,
            41.3270500842365
          ],
          [
            -73.5018856661389,
            41.3275116681761
          ],
          [
            -73.5016034127817,
            41.3277642311436
          ],
          [
            -73.5011417721505,
            41.328349299177
          ],
          [
            -73.5009790612014,
            41.3286241826373
          ],
          [
            -73.500714566639,
            41.3291546790053
          ],
          [
            -73.5005828601436,
            41.3295877044643
          ],
          [
            -73.5004114552992,
            41.3302148236783
          ],
          [
            -73.5004154276494,
            41.3304801954412
          ],
          [
            -73.5004803084708,
            41.3308443524294
          ],
          [
            -73.5007279937576,
            41.3311034645016
          ],
          [
            -73.5012464420508,
            41.3311782538518
          ],
          [
            -73.5016373304719,
            41.331006939009
          ],
          [
            -73.5019219095674,
            41.3306698939588
          ],
          [
            -73.502228946545,
            41.3300640136301
          ],
          [
            -73.5024060440134,
            41.3296743159564
          ],
          [
            -73.502506099268,
            41.3293994234353
          ],
          [
            -73.502638918776,
            41.3291130532839
          ],
          [
            -73.5027412710229,
            41.3288481258928
          ],
          [
            -73.5029062645911,
            41.3286304271849
          ],
          [
            -73.5031132274494,
            41.3283466609
          ],
          [
            -73.5034098727158,
            41.327908447743
          ],
          [
            -73.5035886599152,
            41.3276560904086
          ],
          [
            -73.5037524955551,
            41.3274806337805
          ],
          [
            -73.5039450629109,
            41.3273116776978
          ],
          [
            -73.50423361256,
            41.3271691583973
          ],
          [
            -73.5044278930031,
            41.3270667061829
          ],
          [
            -73.5045802167326,
            41.3269830992335
          ],
          [
            -73.5048785382553,
            41.3268002863626
          ],
          [
            -73.5056039089826,
            41.3265440613175
          ],
          [
            -73.5065844713192,
            41.3262133263312
          ],
          [
            -73.5071092284806,
            41.3261147880026
          ]
        ]
      },
      "properties": {
        "STATE": "CT",
        "DESCRIPTION": "Thrust fault, certain, (teeth on right from origin)",
        "RuleID": 63
      }
    },
    {
      "type": "Feature",
      "geometry": {
        "type": "LineString",
        "coordinates": [
          [
            -73.5071092284806,
            41.3261147880026
          ],
          [
            -73.5073391316163,
            41.3260723406974
          ],
          [
            -73.5081254009334,
            41.3259148863321
          ],
          [
            -73.5089582164568,
            41.3258293498846
          ],
          [
            -73.5107755756503,
            41.3256311844508
          ],
          [
            -73.5112618112557,
            41.325590032751
          ],
          [
            -73.5123084231219,
            41.3255811630151
          ],
          [
            -73.5128521302442,
            41.3255766154873
          ],
          [
            -73.5132481282827,
            41.3256520034866
          ],
          [
            -73.5148108636021,
            41.3257078811226
          ],
          [
            -73.5177030219986,
            41.3263429622009
          ],
          [
            -73.5184030808962,
            41.3264965244517
          ],
          [
            -73.5192112017325,
            41.3267170129962
          ],
          [
            -73.5199704721837,
            41.3269500650922
          ],
          [
            -73.5217724243717,
            41.327711614867
          ],
          [
            -73.5224121676861,
            41.3279695703471
          ],
          [
            -73.5229024690665,
            41.3281701301757
          ],
          [
            -73.5234059990378,
            41.3284161788904
          ],
          [
            -73.5241101416766,
            41.328740627128
          ],
          [
            -73.5246435657839,
            41.3289745340891
          ],
          [
            -73.5252229908202,
            41.3292896725202
          ],
          [
            -73.5257455012951,
            41.3295116626417
          ],
          [
            -73.5262628446605,
            41.329746648161
          ],
          [
            -73.526918726209,
            41.330050721407
          ],
          [
            -73.5275010357358,
            41.3303192710076
          ],
          [
            -73.5281103755694,
            41.3306458737401
          ],
          [
            -73.5285840518288,
            41.3308804200821
          ],
          [
            -73.5291819013116,
            41.3311808063464
          ],
          [
            -73.5296262808147,
            41.3314653940265
          ],
          [
            -73.5301154952336,
            41.3317317772326
          ],
          [
            -73.5305455061837,
            41.3319895029664
          ],
          [
            -73.5310335806405,
            41.3322745140963
          ],
          [
            -73.5314474928824,
            41.3324860981025
          ],
          [
            -73.5320448150541,
            41.3328666201643
          ],
          [
            -73.5325024330296,
            41.3331258510046
          ],
          [
            -73.5329623605735,
            41.333418656709
          ],
          [
            -73.5333768576187,
            41.3336209164267
          ],
          [
            -73.5338183813775,
            41.3338576159229
          ],
          [
            -73.534078237938,
            41.3339918799798
          ],
          [
            -73.5349659072877,
            41.3344851985714
          ],
          [
            -73.5358398189388,
            41.3350603988863
          ],
          [
            -73.5365136748778,
            41.3355478978588
          ]
        ]
      },
      "properties": {
        "STATE": "CT",
        "DESCRIPTION": "Thrust fault, certain, (teeth on right from origin)",
        "RuleID": 63
      }
    },
    {
      "type": "Feature",
      "geometry": {
        "type": "LineString",
        "coordinates": [
          [
            -73.413571916858,
            41.3503636721986
          ],
          [
            -73.4137007909653,
            41.3506999787586
          ],
          [
            -73.4138118676502,
            41.3510180762997
          ],
          [
            -73.4138753381166,
            41.3512592313316
          ],
          [
            -73.4140945539953,
            41.3519419943316
          ],
          [
            -73.4142073320894,
            41.3522793716675
          ],
          [
            -73.4143542551474,
            41.3528606948126
          ],
          [
            -73.4144330347028,
            41.353251764917
          ],
          [
            -73.4145151757541,
            41.3537050093593
          ],
          [
            -73.4146117545286,
            41.3541142916011
          ],
          [
            -73.4148162937323,
            41.355814087366
          ],
          [
            -73.4150069638463,
            41.3563722643432
          ],
          [
            -73.4151702200727,
            41.3572029310979
          ],
          [
            -73.4152085323213,
            41.3577501520226
          ],
          [
            -73.4153510078203,
            41.3594405770924
          ],
          [
            -73.415409239312,
            41.3601340341814
          ],
          [
            -73.4154981303043,
            41.3611037095523
          ],
          [
            -73.415318058514,
            41.3623619231329
          ],
          [
            -73.4151037932508,
            41.3633998020292
          ],
          [
            -73.4150630762122,
            41.3637212348649
          ],
          [
            -73.4147291876924,
            41.3647603164312
          ],
          [
            -73.4143598570415,
            41.365644915362
          ],
          [
            -73.4139805425144,
            41.3666642410028
          ],
          [
            -73.4139317145872,
            41.3670216257967
          ]
        ]
      },
      "properties": {
        "STATE": "CT",
        "DESCRIPTION": "Thrust fault, certain, (teeth on right from origin)",
        "RuleID": 63
      }
    },
    {
      "type": "Feature",
      "geometry": {
        "type": "LineString",
        "coordinates": [
          [
            -73.5138387382426,
            41.6078871037649
          ],
          [
            -73.5139553162103,
            41.6078236477824
          ],
          [
            -73.5141365315559,
            41.6078502864871
          ],
          [
            -73.5143927741941,
            41.6080118480473
          ],
          [
            -73.5146628697523,
            41.6082567920241
          ],
          [
            -73.5149491269007,
            41.608477044479
          ],
          [
            -73.5152325004571,
            41.6087202544587
          ],
          [
            -73.5155054840989,
            41.6088242056941
          ],
          [
            -73.515766920796,
            41.6087839177761
          ],
          [
            -73.5160722168386,
            41.6086496352808
          ],
          [
            -73.5162626587805,
            41.6084328405042
          ],
          [
            -73.5163526609888,
            41.6077354699645
          ],
          [
            -73.5163635997741,
            41.6070627870595
          ],
          [
            -73.5163658671218,
            41.6061048793234
          ],
          [
            -73.5162965719791,
            41.605026986733
          ],
          [
            -73.5162215096523,
            41.6040422197538
          ],
          [
            -73.5161083524692,
            41.6027750398942
          ],
          [
            -73.515606796995,
            41.6002684021034
          ],
          [
            -73.5153378602635,
            41.5991313818152
          ],
          [
            -73.51505334944,
            41.598009737331
          ],
          [
            -73.5147700073247,
            41.596963892295
          ],
          [
            -73.5144508996846,
            41.5960469084758
          ],
          [
            -73.5139863898343,
            41.5947619600383
          ],
          [
            -73.5136246041334,
            41.5936842730048
          ],
          [
            -73.5132189779517,
            41.5925825431395
          ],
          [
            -73.5128439456936,
            41.5914357618849
          ],
          [
            -73.5124383464614,
            41.5902868136663
          ],
          [
            -73.5119012221935,
            41.5888532752087
          ],
          [
            -73.5114500756814,
            41.5876610054799
          ],
          [
            -73.510881833772,
            41.5863054272177
          ],
          [
            -73.5104122493387,
            41.5853639479867
          ],
          [
            -73.5096317490024,
            41.5838708280465
          ],
          [
            -73.509088939297,
            41.5828136837569
          ],
          [
            -73.5083067564162,
            41.5814665280988
          ],
          [
            -73.5074046196988,
            41.5800262286855
          ],
          [
            -73.5064979024719,
            41.5786132098233
          ],
          [
            -73.5058530702014,
            41.5776227478832
          ]
        ]
      },
      "properties": {
        "STATE": "CT",
        "DESCRIPTION": "Thrust fault, certain, (teeth on right from origin)",
        "RuleID": 63
      }
    },
    {
      "type": "Feature",
      "geometry": {
        "type": "LineString",
        "coordinates": [
          [
            -73.4803616339778,
            41.3827104784689
          ],
          [
            -73.4812640599526,
            41.3829240877757
          ],
          [
            -73.4825593344726,
            41.3832218398653
          ],
          [
            -73.4834278211977,
            41.3834655358747
          ],
          [
            -73.4841427849424,
            41.3835753174736
          ],
          [
            -73.4850849371141,
            41.3837600994655
          ],
          [
            -73.4856957681511,
            41.3839266019771
          ],
          [
            -73.4864124216269,
            41.384150096226
          ],
          [
            -73.4870824929636,
            41.3843488816007
          ],
          [
            -73.4878606990027,
            41.3845910083678
          ],
          [
            -73.4886538682794,
            41.3848270689657
          ],
          [
            -73.489323947701,
            41.3850494520781
          ],
          [
            -73.4899480208036,
            41.38523781483
          ],
          [
            -73.4908809580571,
            41.3855715808772
          ],
          [
            -73.4928176404697,
            41.3861559232809
          ],
          [
            -73.4934285029477,
            41.3863459974271
          ],
          [
            -73.4941768301221,
            41.3866238199142
          ],
          [
            -73.4947094682035,
            41.3868056452852
          ],
          [
            -73.4958403195855,
            41.3872171671944
          ],
          [
            -73.4965426530173,
            41.3874609614567
          ],
          [
            -73.4972283029377,
            41.3877387569389
          ],
          [
            -73.4983729766969,
            41.3882100449982
          ],
          [
            -73.4995055708105,
            41.3887588672806
          ],
          [
            -73.49988750213,
            41.3890199331485
          ],
          [
            -73.5004736259034,
            41.3894452144716
          ],
          [
            -73.5013456663638,
            41.3899162279981
          ],
          [
            -73.5018955781498,
            41.3902672005827
          ],
          [
            -73.5026157611063,
            41.3907416546435
          ],
          [
            -73.5030161339402,
            41.390940759527
          ],
          [
            -73.5036586835916,
            41.3913032116354
          ],
          [
            -73.5047148481425,
            41.3919102486824
          ],
          [
            -73.5055110213856,
            41.3922649028902
          ],
          [
            -73.5065936979154,
            41.3927031822912
          ],
          [
            -73.5072984217643,
            41.393027708469
          ],
          [
            -73.5079226125462,
            41.3932631999853
          ],
          [
            -73.508412761213,
            41.3934967316106
          ],
          [
            -73.5097094928003,
            41.3939644493957
          ],
          [
            -73.5105362096613,
            41.3942976254633
          ],
          [
            -73.5125032209946,
            41.395011185083
          ],
          [
            -73.5137091077539,
            41.3952741585461
          ],
          [
            -73.5137712424255,
            41.3953543063633
          ],
          [
            -73.5142096436403,
            41.3953872283038
          ],
          [
            -73.5150484787745,
            41.3955247692434
          ],
          [
            -73.5156566076791,
            41.3956668579161
          ],
          [
            -73.5164937252345,
            41.3958323332687
          ],
          [
            -73.5174648884983,
            41.3958344687926
          ],
          [
            -73.5181944139338,
            41.3958528528947
          ],
          [
            -73.518877333874,
            41.3958229306281
          ],
          [
            -73.5227326416637,
            41.3957869461242
          ],
          [
            -73.5249522996791,
            41.3959056722016
          ],
          [
            -73.5279428712099,
            41.395820648198
          ],
          [
            -73.5308810332305,
            41.3955442855555
          ],
          [
            -73.5324113806907,
            41.3954175476884
          ],
          [
            -73.5336097413645,
            41.3952347443345
          ],
          [
            -73.5347914140354,
            41.3950623297898
          ],
          [
            -73.5372456320528,
            41.3946860366975
          ],
          [
            -73.5386217181174,
            41.3944346983305
          ],
          [
            -73.5394558802155,
            41.3942924196214
          ],
          [
            -73.5406709315873,
            41.3941359436135
          ]
        ]
      },
      "properties": {
        "STATE": "CT",
        "DESCRIPTION": "Thrust fault, certain, (teeth on right from origin)",
        "RuleID": 63
      }
    },
    {
      "type": "Feature",
      "geometry": {
        "type": "LineString",
        "coordinates": [
          [
            -73.3878239074162,
            41.391901381241
          ],
          [
            -73.3879606534603,
            41.3919985665268
          ],
          [
            -73.38853617891,
            41.3921906514092
          ],
          [
            -73.389689573514,
            41.3922399261946
          ],
          [
            -73.3905427933709,
            41.3922163182147
          ],
          [
            -73.3915439244325,
            41.3921601445181
          ],
          [
            -73.3926651845022,
            41.3921643005673
          ],
          [
            -73.394108900233,
            41.3920054364587
          ],
          [
            -73.3951115117182,
            41.3920865695312
          ],
          [
            -73.3959150520449,
            41.3921791968375
          ],
          [
            -73.3967812615408,
            41.39229549195
          ],
          [
            -73.3976753179121,
            41.3926165104253
          ],
          [
            -73.3984666878633,
            41.3931079001645
          ],
          [
            -73.3992857609596,
            41.3938984598425
          ],
          [
            -73.3998155271271,
            41.3946517005772
          ],
          [
            -73.4001476001516,
            41.3956246183571
          ],
          [
            -73.4002670096091,
            41.3968232647708
          ],
          [
            -73.4001295781504,
            41.3978171859023
          ],
          [
            -73.4002325619129,
            41.3988609363939
          ],
          [
            -73.4003400740827,
            41.3996033759117
          ],
          [
            -73.4004447134403,
            41.4003451654595
          ],
          [
            -73.400610611612,
            41.4009260652395
          ],
          [
            -73.4007632362771,
            41.4015322948034
          ],
          [
            -73.4008843866696,
            41.4020369027548
          ],
          [
            -73.4011557120213,
            41.402542516829
          ],
          [
            -73.4015339638414,
            41.4031101816511
          ],
          [
            -73.4020502292284,
            41.4037327755767
          ],
          [
            -73.4028091143024,
            41.4044859879133
          ],
          [
            -73.4036124111856,
            41.4051831341872
          ],
          [
            -73.4043250240393,
            41.4057463263205
          ],
          [
            -73.4048241540623,
            41.406317767938
          ],
          [
            -73.4053873420498,
            41.4067761952086
          ],
          [
            -73.4058097945752,
            41.4070845953554
          ],
          [
            -73.4067831793726,
            41.4079761721101
          ],
          [
            -73.4078745488995,
            41.4088708749309
          ],
          [
            -73.4089203388072,
            41.4098638700267
          ],
          [
            -73.4097557037495,
            41.4107477200953
          ],
          [
            -73.410196030054,
            41.4114427739887
          ],
          [
            -73.4112571344406,
            41.4126328777846
          ],
          [
            -73.4118617446443,
            41.4139367437135
          ],
          [
            -73.412085892274,
            41.4145213518912
          ]
        ]
      },
      "properties": {
        "STATE": "CT",
        "DESCRIPTION": "Thrust fault, certain, (teeth on right from origin)",
        "RuleID": 63
      }
    }
  ]
}