{
  "type": "FeatureCollection",
  "features": [
    {
      "type": "Feature",
      "geometry": {
        "type": "LineString",
        "coordinates": [
          [
            -108.64717850497755,
            38.490597482293786
          ],
          [
            -108.64543121257967,
            38.49024249198546
          ],
          [
            -108.64266165984633,
            38.4902841647322
          ],
          [
            -108.63989210621469,
            38.48986862024774
          ],
          [
            -108.63661142376279,
            38.48973140895715
          ],
          [
            -108.63260571014675,
            38.48914364830545
          ],
          [
            -108.62866889012649,
            38.48877366273759
          ],
          [
            -108.62560932259188,
            38.488293120162936
          ],
          [
            -108.62232864014,
            38.48793090984303
          ],
          [
            -108.6202913374324,
            38.4878620267518
          ],
          [
            -108.61795680106192,
            38.48773259127667
          ],
          [
            -108.61613339710496,
            38.487720928853285
          ]
        ]
      },
      "properties": {
        "fault_name": "unnamed faults east of Atkinson Mesa",
        "age": "undifferentiated Quaternary",
        "slip_rate": "Less than 0.2 mm/yr"
      }
    },
    {
      "type": "Feature",
      "geometry": {
        "type": "LineString",
        "coordinates": [
          [
            -108.61960464905955,
            38.49055144967464
          ],
          [
            -108.6175751230674,
            38.489453131023645
          ],
          [
            -108.61532447766635,
            38.488464812741
          ],
          [
            -108.61147154771722,
            38.48689317112364
          ],
          [
            -108.60951091262588,
            38.48579874218599
          ],
          [
            -108.60639023360079,
            38.484516537977576
          ],
          [
            -108.60391791542868,
            38.48370044097386
          ],
          [
            -108.60086612730441,
            38.4824226837434
          ],
          [
            -108.59599871463358,
            38.48027493780894
          ],
          [
            -108.5936791774334,
            38.47905439892638
          ],
          [
            -108.59135964113152,
            38.477207755073024
          ],
          [
            -108.58796450612591,
            38.474156124298055
          ],
          [
            -108.58651500344806,
            38.47277169525233
          ],
          [
            -108.58514883837745,
            38.47121893429512
          ],
          [
            -108.58392045690513,
            38.469716172300146
          ],
          [
            -108.58161647672902,
            38.46695397901907
          ],
          [
            -108.58031976041305,
            38.465741216774745
          ],
          [
            -108.57829745687576,
            38.46361623828729
          ],
          [
            -108.57503232965131,
            38.461472376192354
          ],
          [
            -108.57322392755961,
            38.46048849968098
          ],
          [
            -108.56878319937734,
            38.45977129485537
          ],
          [
            -108.56652477995583,
            38.459301858770544
          ],
          [
            -108.56397690358685,
            38.459344088229294
          ],
          [
            -108.56186348932017,
            38.45887076291309
          ],
          [
            -108.55690385290731,
            38.458779108724656
          ],
          [
            -108.55472210289867,
            38.45887855832519
          ],
          [
            -108.54984636015017,
            38.45793246685673
          ],
          [
            -108.54774072259895,
            38.45700192325922
          ],
          [
            -108.54332333174946,
            38.45377084867772
          ],
          [
            -108.53985153272086,
            38.45128365493673
          ],
          [
            -108.53789867973482,
            38.44983756034748
          ],
          [
            -108.5344191030925,
            38.44757980922271
          ],
          [
            -108.53145121402251,
            38.44567205384099
          ],
          [
            -108.52900223318315,
            38.44336429975556
          ],
          [
            -108.52675936898912,
            38.441579317965925
          ],
          [
            -108.52336368511286,
            38.43863434976838
          ],
          [
            -108.52141083482175,
            38.43713103065248
          ],
          [
            -108.51757291302607,
            38.43457939370846
          ],
          [
            -108.51504003942064,
            38.43290441197556
          ],
          [
            -108.51105711157182,
            38.430588883305205
          ],
          [
            -108.50852423886468,
            38.429368341699686
          ],
          [
            -108.5054724588253,
            38.42820502221496
          ],
          [
            -108.50307681455759,
            38.427385033883716
          ],
          [
            -108.49900999663762,
            38.425866720751394
          ],
          [
            -108.4963243375687,
            38.42487451182354
          ],
          [
            -108.49392869419931,
            38.42394396774348
          ],
          [
            -108.49096080692597,
            38.42214343205682
          ],
          [
            -108.48814514816068,
            38.420293451351114
          ],
          [
            -108.48604729361305,
            38.41844346901482
          ],
          [
            -108.48345275515496,
            38.416020714313646
          ],
          [
            -108.48143101575967,
            38.41411350875586
          ],
          [
            -108.47832588657216,
            38.411691288105914
          ],
          [
            -108.47565577644247,
            38.4097229527473
          ],
          [
            -108.47406848657309,
            38.408509620760796
          ],
          [
            -108.47008554255457,
            38.40595795033203
          ],
          [
            -108.46791878722465,
            38.40457294696142
          ],
          [
            -108.46515700491851,
            38.40392071378395
          ],
          [
            -108.46247133417147,
            38.403272369093614
          ],
          [
            -108.459991783663,
            38.40302791371979
          ],
          [
            -108.45779446674881,
            38.40403900173532
          ],
          [
            -108.45304092811661,
            38.40554952124185
          ],
          [
            -108.45142363541508,
            38.406628948338756
          ],
          [
            -108.44931021036865,
            38.40724337276476
          ],
          [
            -108.44697511165278,
            38.407338359345175
          ],
          [
            -108.44348107123608,
            38.407201117750354
          ],
          [
            -108.43844529990793,
            38.407853307246285
          ],
          [
            -108.43602686268653,
            38.40857439975931
          ],
          [
            -108.43281450070528,
            38.40935659598631
          ],
          [
            -108.42719148181128,
            38.41005822599117
          ],
          [
            -108.42507805676483,
            38.410386545233386
          ],
          [
            -108.42193458658267,
            38.410988742701754
          ],
          [
            -108.41850110609083,
            38.411656496225675
          ],
          [
            -108.4140453553821,
            38.41253368529956
          ],
          [
            -108.41055131766034,
            38.412796995713705
          ],
          [
            -108.40828510894697,
            38.412945870931296
          ],
          [
            -108.40617168569717,
            38.412873638260045
          ],
          [
            -108.4026693134062,
            38.41324694695866
          ],
          [
            -108.39661905306814,
            38.41360190873249
          ],
          [
            -108.39414728107168,
            38.41335412026151
          ],
          [
            -108.39006543972692,
            38.41332353975655
          ],
          [
            -108.38686085895262,
            38.413010743791936
          ],
          [
            -108.38213010159605,
            38.412743496653896
          ],
          [
            -108.37710210967829,
            38.41253346991177
          ],
          [
            -108.37360807195651,
            38.41233123032887
          ],
          [
            -108.36807616918178,
            38.412003421793706
          ],
          [
            -108.36552828472794,
            38.4116411873144
          ],
          [
            -108.36167534399902,
            38.41103450301706
          ],
          [
            -108.3585468792754,
            38.41043560089615
          ],
          [
            -108.35615122422793,
            38.409847812741575
          ]
        ]
      },
      "properties": {
        "fault_name": "unnamed faults east of Atkinson Mesa",
        "age": "undifferentiated Quaternary",
        "slip_rate": "Less than 0.2 mm/yr"
      }
    },
    {
      "type": "Feature",
      "geometry": {
        "type": "LineString",
        "coordinates": [
          [
            -108.71709697877344,
            38.53134502830434
          ],
          [
            -108.71594525773082,
            38.52979228080215
          ],
          [
            -108.71435796157324,
            38.52766398973459
          ],
          [
            -108.71255010116565,
            38.525706807317256
          ],
          [
            -108.71102392278672,
            38.524211837729375
          ],
          [
            -108.70936829178548,
            38.522025769878226
          ],
          [
            -108.70712485716122,
            38.51949693307625
          ],
          [
            -108.7057520194047,
            38.518226402751424
          ],
          [
            -108.70313468439963,
            38.51632700033813
          ],
          [
            -108.70060179731945,
            38.514308709024796
          ],
          [
            -108.69835114383358,
            38.512577079908425
          ],
          [
            -108.69632161334984,
            38.51125322001606
          ],
          [
            -108.69479543856417,
            38.51021213177815
          ]
        ]
      },
      "properties": {
        "fault_name": "unnamed faults east of Atkinson Mesa",
        "age": "undifferentiated Quaternary",
        "slip_rate": "Less than 0.2 mm/yr"
      }
    },
    {
      "type": "Feature",
      "geometry": {
        "type": "LineString",
        "coordinates": [
          [
            -108.67608743168093,
            38.496708455142226
          ],
          [
            -108.67318064871154,
            38.49572013865085
          ],
          [
            -108.6713644636162,
            38.49485404111381
          ],
          [
            -108.66867157760079,
            38.49380905833137
          ],
          [
            -108.66437584918349,
            38.49246630628434
          ],
          [
            -108.66131628703877,
            38.49222242777569
          ],
          [
            -108.65796670919448,
            38.49162744329546
          ],
          [
            -108.65563995043772,
            38.49110467727763
          ],
          [
            -108.65352653167947,
            38.490406356275315
          ],
          [
            -108.64974193837064,
            38.48992581685428
          ],
          [
            -108.64762852140903,
            38.489510268897014
          ],
          [
            -108.64391281989933,
            38.48885750913352
          ],
          [
            -108.6415093917297,
            38.48861751872764
          ],
          [
            -108.63662642023813,
            38.487675316989105
          ],
          [
            -108.6335746321139,
            38.48691255504386
          ],
          [
            -108.63190401002718,
            38.48592423426262
          ],
          [
            -108.6293705749747,
            38.484139257734626
          ],
          [
            -108.62718882227112,
            38.48326538432272
          ],
          [
            -108.62486150655889,
            38.48273539417004
          ],
          [
            -108.62289309565045,
            38.48220484880938
          ],
          [
            -108.62064245024942,
            38.4808815346931
          ],
          [
            -108.61883404456442,
            38.479263775775095
          ],
          [
            -108.6179034501172,
            38.47748268430291
          ],
          [
            -108.61611059965968,
            38.47478160004727
          ],
          [
            -108.61269990942661,
            38.47304218112229
          ],
          [
            -108.61044148641183,
            38.472401636187556
          ],
          [
            -108.60731358672852,
            38.471519986784834
          ],
          [
            -108.60513127976441,
            38.47087555307242
          ],
          [
            -108.60128612832732,
            38.4691400228717
          ],
          [
            -108.5994088317415,
            38.46734726525808
          ],
          [
            -108.59782210062423,
            38.46505062202234
          ],
          [
            -108.59486920533466,
            38.4617662137816
          ],
          [
            -108.5938619432712,
            38.46010289886769
          ],
          [
            -108.59147407122735,
            38.45807736675828
          ],
          [
            -108.5895895539833,
            38.457039601349265
          ],
          [
            -108.58814005310211,
            38.456456276720154
          ]
        ]
      },
      "properties": {
        "fault_name": "unnamed faults east of Atkinson Mesa",
        "age": "undifferentiated Quaternary",
        "slip_rate": "Less than 0.2 mm/yr"
      }
    },
    {
      "type": "Feature",
      "geometry": {
        "type": "LineString",
        "coordinates": [
          [
            -108.53525354187171,
            38.40681922568296
          ],
          [
            -108.53497075491521,
            38.40646811915968
          ],
          [
            -108.53309401887816,
            38.404854245724074
          ],
          [
            -108.53120950432901,
            38.40352703823832
          ],
          [
            -108.52897386708145,
            38.40139094580527
          ],
          [
            -108.52768493197242,
            38.39983818285716
          ],
          [
            -108.52602875928709,
            38.39787764488777
          ],
          [
            -108.52423591781269,
            38.39545877766391
          ],
          [
            -108.5222141784174,
            38.393326576180215
          ],
          [
            -108.52099357815207,
            38.3916554791526
          ],
          [
            -108.51941407667621,
            38.38975605166344
          ],
          [
            -108.51798736156218,
            38.387223294695005
          ],
          [
            -108.51676676129685,
            38.38561331012829
          ],
          [
            -108.51598062313384,
            38.38388887778516
          ],
          [
            -108.51513392684258,
            38.38188278630957
          ],
          [
            -108.51492781019726,
            38.38027668621931
          ],
          [
            -108.51421834144712,
            38.37866281118505
          ],
          [
            -108.5115404671784,
            38.37704560506795
          ],
          [
            -108.50776366226309,
            38.376385617133266
          ],
          [
            -108.50538302165727,
            38.37424952429102
          ],
          [
            -108.50438354259745,
            38.37263564791249
          ],
          [
            -108.50367407564391,
            38.37074732972486
          ],
          [
            -108.50282738025098,
            38.36810401801073
          ],
          [
            -108.50096564967242,
            38.36551403885251
          ],
          [
            -108.49937836429463,
            38.36407570900344
          ],
          [
            -108.49728827927589,
            38.36245459866554
          ],
          [
            -108.49562487694912,
            38.36123737629139
          ],
          [
            -108.49439649457847,
            38.36013904475027
          ]
        ]
      },
      "properties": {
        "fault_name": "unnamed faults of Pinto Mesa",
        "age": "undifferentiated Quaternary",
        "slip_rate": "Less than 0.2 mm/yr"
      }
    },
    {
      "type": "Feature",
      "geometry": {
        "type": "LineString",
        "coordinates": [
          [
            -108.50471188402032,
            38.375847846769595
          ],
          [
            -108.50310960396378,
            38.37549285101162
          ],
          [
            -108.50144621062017,
            38.37445175069263
          ],
          [
            -108.49921056798269,
            38.37260175701283
          ],
          [
            -108.49742549603721,
            38.36955343589697
          ],
          [
            -108.49620489307692,
            38.367486221131614
          ],
          [
            -108.49512873921432,
            38.366101226025435
          ],
          [
            -108.49354200630042,
            38.364888448820274
          ],
          [
            -108.49137525186882,
            38.36332789229503
          ],
          [
            -108.4902918737547,
            38.36240511318324
          ]
        ]
      },
      "properties": {
        "fault_name": "unnamed faults of Pinto Mesa",
        "age": "undifferentiated Quaternary",
        "slip_rate": "Less than 0.2 mm/yr"
      }
    },
    {
      "type": "Feature",
      "geometry": {
        "type": "LineString",
        "coordinates": [
          [
            -108.95608337379211,
            38.4929763251113
          ],
          [
            -108.9562283807436,
            38.49337687578309
          ],
          [
            -108.95658672859192,
            38.49389575973485
          ],
          [
            -108.95746398736577,
            38.4944146448712
          ],
          [
            -108.95847902434801,
            38.495044083141515
          ],
          [
            -108.95928016886785,
            38.495852964742674
          ],
          [
            -108.9601496509263,
            38.49699739786685
          ],
          [
            -108.96095079364949,
            38.497684058154285
          ],
          [
            -108.96196583512332,
            38.4984351620909
          ],
          [
            -108.96269030843365,
            38.499011267902816
          ],
          [
            -108.96392646572309,
            38.49993070424624
          ],
          [
            -108.96523152559145,
            38.501479565026656
          ],
          [
            -108.96603211674905,
            38.50234510486242
          ],
          [
            -108.96857278323957,
            38.504698951161494
          ],
          [
            -108.97024396767166,
            38.50636225371256
          ],
          [
            -108.97154846788958,
            38.50757112075467
          ],
          [
            -108.97344077712043,
            38.50969608079349
          ],
          [
            -108.97481417362908,
            38.51135938390647
          ],
          [
            -108.97568422072783,
            38.51308324221609
          ],
          [
            -108.97626369966312,
            38.514570991649
          ],
          [
            -108.97749209281353,
            38.516238184289264
          ],
          [
            -108.97843047834921,
            38.518191482296785
          ],
          [
            -108.97879716885157,
            38.519278683809155
          ],
          [
            -108.97900275279594,
            38.52139531077092
          ],
          [
            -108.97891888877592,
            38.52426025800765
          ],
          [
            -108.97831611832197,
            38.526949652266495
          ],
          [
            -108.97750001056446,
            38.53015403676437
          ],
          [
            -108.97683611784025,
            38.53192789166642
          ],
          [
            -108.97624111871181,
            38.5340450762806
          ],
          [
            -108.97557722059771,
            38.535414494270746
          ],
          [
            -108.97498998920153,
            38.536562249772665
          ]
        ]
      },
      "properties": {
        "fault_name": "Sinbad Valley graben",
        "age": "class B",
        "slip_rate": "Less than 0.2 mm/yr"
      }
    },
    {
      "type": "Feature",
      "geometry": {
        "type": "LineString",
        "coordinates": [
          [
            -108.99671075240994,
            38.47815259087096
          ],
          [
            -108.99481902079583,
            38.477973702748955
          ],
          [
            -108.99153834373382,
            38.47664204909402
          ],
          [
            -108.99044719159922,
            38.47618427670026
          ],
          [
            -108.9882648891267,
            38.475200396241924
          ],
          [
            -108.98673927668641,
            38.474399290339285
          ],
          [
            -108.98433585390669,
            38.47318596971169
          ],
          [
            -108.98215355143414,
            38.47249208730603
          ],
          [
            -108.98120740714937,
            38.47209153519014
          ],
          [
            -108.97858286855401,
            38.471339873920854
          ],
          [
            -108.97690447693843,
            38.47110321092305
          ],
          [
            -108.97421105103554,
            38.47081321067459
          ],
          [
            -108.97209764575202,
            38.47051987975956
          ],
          [
            -108.97012146890795,
            38.470626546068566
          ],
          [
            -108.96800806542107,
            38.47090487629686
          ],
          [
            -108.96640578805949,
            38.47078654382954
          ],
          [
            -108.96436127457511,
            38.470610988728765
          ],
          [
            -108.96298011841904,
            38.470549878312276
          ],
          [
            -108.96115672075028,
            38.47059987774783
          ],
          [
            -108.95976834034269,
            38.47036321302449
          ],
          [
            -108.95708268127375,
            38.46863878529403
          ],
          [
            -108.9553353915708,
            38.46714768873636
          ],
          [
            -108.95345086714022,
            38.46456104681133
          ],
          [
            -108.95222247488809,
            38.46226495634605
          ],
          [
            -108.95171856582778,
            38.46146385373993
          ],
          [
            -108.95041406471154,
            38.45962887088723
          ],
          [
            -108.94969680756788,
            38.458190551930045
          ],
          [
            -108.94889566394636,
            38.45721778379663
          ],
          [
            -108.94730115072379,
            38.454978916759
          ],
          [
            -108.94563775109197,
            38.45342615609764
          ],
          [
            -108.94469215208457,
            38.451995612339594
          ],
          [
            -108.9432420960445,
            38.45061062631671
          ],
          [
            -108.94222761332279,
            38.45009618724147
          ],
          [
            -108.94054866744666,
            38.44968785574214
          ],
          [
            -108.93646686113617,
            38.44921452827927
          ],
          [
            -108.9347201337786,
            38.448692310176746
          ],
          [
            -108.93319396977273,
            38.448345088759204
          ],
          [
            -108.93159168971621,
            38.44782231771598
          ],
          [
            -108.93035553422342,
            38.447475097740686
          ],
          [
            -108.92940939083694,
            38.447185100983496
          ],
          [
            -108.92809712288674,
            38.446895658862985
          ],
          [
            -108.92766266437769,
            38.44678121702387
          ]
        ]
      },
      "properties": {
        "fault_name": "Sinbad Valley graben",
        "age": "class B",
        "slip_rate": "Less than 0.2 mm/yr"
      }
    },
    {
      "type": "Feature",
      "geometry": {
        "type": "LineString",
        "coordinates": [
          [
            -108.92529671571835,
            38.39848724725789
          ],
          [
            -108.92602174239092,
            38.39889168788296
          ],
          [
            -108.92747901639424,
            38.3994755713012
          ],
          [
            -108.9294396398075,
            38.40022278701682
          ],
          [
            -108.93104191537245,
            38.40028778675513
          ],
          [
            -108.93249918668086,
            38.40052056079365
          ],
          [
            -108.934178132557,
            38.40098222409394
          ],
          [
            -108.93628376202338,
            38.40173777070505
          ],
          [
            -108.93795437692356,
            38.4025422092284
          ],
          [
            -108.94042668790918,
            38.40369441804734
          ]
        ]
      },
      "properties": {
        "fault_name": "Paradox Valley graben",
        "age": "class B",
        "slip_rate": "Less than 0.2 mm/yr"
      }
    },
    {
      "type": "Feature",
      "geometry": {
        "type": "LineString",
        "coordinates": [
          [
            -108.6659876441955,
            38.2042446888255
          ],
          [
            -108.66751380730304,
            38.2044852442855
          ],
          [
            -108.66874218158885,
            38.204714129693
          ],
          [
            -108.67012278438271,
            38.20495079621468
          ],
          [
            -108.67193895600333,
            38.205309126029746
          ],
          [
            -108.67382346426425,
            38.20589301032321
          ],
          [
            -108.6768674541135,
            38.20693800325809
          ]
        ]
      },
      "properties": {
        "fault_name": "Paradox Valley graben",
        "age": "class B",
        "slip_rate": "Less than 0.2 mm/yr"
      }
    },
    {
      "type": "Feature",
      "geometry": {
        "type": "LineString",
        "coordinates": [
          [
            -108.89362569319681,
            38.30765648530372
          ],
          [
            -108.89493018263495,
            38.30852258782882
          ],
          [
            -108.89616633722945,
            38.30927035926682
          ],
          [
            -108.8971124806159,
            38.309788687256
          ],
          [
            -108.89892087641944,
            38.31065478969412
          ],
          [
            -108.90044648257151,
            38.3115781118411
          ],
          [
            -108.90240765934696,
            38.312096994977196
          ],
          [
            -108.90632890437683,
            38.31359975721243
          ],
          [
            -108.90763395077045,
            38.31463752396789
          ],
          [
            -108.9102429323417,
            38.31613639722007
          ],
          [
            -108.91263856942285,
            38.31723138568335
          ],
          [
            -108.91453085529749,
            38.317929710735186
          ],
          [
            -108.9192537919212,
            38.31949358402368
          ],
          [
            -108.92077217741503,
            38.320180244313995
          ],
          [
            -108.92637236472774,
            38.3219807809987
          ],
          [
            -108.92709683085158,
            38.32209522313746
          ],
          [
            -108.92898911762452,
            38.32255688367047
          ],
          [
            -108.9306602840903,
            38.32325076823958
          ],
          [
            -108.93276591355671,
            38.32423131074043
          ],
          [
            -108.93719106495193,
            38.325962960818615
          ],
          [
            -108.94017449757126,
            38.32683295177535
          ],
          [
            -108.94314959921465,
            38.327820719090944
          ],
          [
            -108.949260913551,
            38.32955625574891
          ],
          [
            -108.95114597876737,
            38.330307915749394
          ],
          [
            -108.95448776192995,
            38.331689011660124
          ],
          [
            -108.95666950385376,
            38.33284455672571
          ],
          [
            -108.95826400629655,
            38.33376399130527
          ],
          [
            -108.96080465482076,
            38.33566397327544
          ],
          [
            -108.96465034794197,
            38.33790672696789
          ],
          [
            -108.96595483917675,
            38.33871560903409
          ],
          [
            -108.96762601013408,
            38.33980671022148
          ],
          [
            -108.96915162077774,
            38.34067225465481
          ],
          [
            -108.9728523078458,
            38.34268667998343
          ],
          [
            -108.97401179392571,
            38.34332334019855
          ],
          [
            -108.976628554009,
            38.34476166031492
          ],
          [
            -108.97865807191633,
            38.34585275921004
          ],
          [
            -108.98026035017624,
            38.34677608323647
          ],
          [
            -108.98410604509407,
            38.3488471731084
          ],
          [
            -108.98679891763477,
            38.35023604824284
          ],
          [
            -108.99172799156503,
            38.3540849002299
          ],
          [
            -108.99296415244771,
            38.35529044421583
          ],
          [
            -108.9948486660985,
            38.35649932120361
          ],
          [
            -108.99854880878749,
            38.359600957123845
          ],
          [
            -109.00044110005203,
            38.36086705611292
          ],
          [
            -109.00254671784035,
            38.362477025780684
          ],
          [
            -109.00457621957798,
            38.364025887948195
          ],
          [
            -109.00987858572964,
            38.36702026665067
          ],
          [
            -109.01096972798274,
            38.367764141177986
          ],
          [
            -109.01380036076552,
            38.36932021918026
          ],
          [
            -109.01808826036512,
            38.37208238519498
          ],
          [
            -109.02113279639008,
            38.37477900625191
          ],
          [
            -109.02498568501672,
            38.37731617925416
          ],
          [
            -109.03079919166667,
            38.3813938786726
          ],
          [
            -109.03261535520247,
            38.38242774721165
          ],
          [
            -109.03544543641965,
            38.38409826811154
          ],
          [
            -109.03712437241431,
            38.38478491811419
          ],
          [
            -109.03886386384228,
            38.385589898748236
          ],
          [
            -109.04155726998223,
            38.38674542734486
          ],
          [
            -109.04344898991825,
            38.38737874209896
          ],
          [
            -109.04548626926962,
            38.388302053333
          ],
          [
            -109.04715687069508,
            38.38893925805022
          ],
          [
            -109.04962916281607,
            38.3901403433256
          ],
          [
            -109.05261202859845,
            38.391754196740365
          ],
          [
            -109.05500820826205,
            38.39291028374494
          ],
          [
            -109.0570221583655,
            38.394141924789515
          ],
          [
            -109.05886110138026,
            38.39526357022622
          ],
          [
            -109.06104283342259,
            38.39653020973671
          ],
          [
            -109.06439238072417,
            38.398601282683494
          ]
        ]
      },
      "properties": {
        "fault_name": "Paradox Valley graben",
        "age": "class B",
        "slip_rate": "Less than 0.2 mm/yr"
      }
    },
    {
      "type": "Feature",
      "geometry": {
        "type": "LineString",
        "coordinates": [
          [
            -108.95120707408816,
            38.40875270325511
          ],
          [
            -108.9528554691598,
            38.409862692649085
          ],
          [
            -108.9545260858566,
            38.41083934890214
          ],
          [
            -108.95612836591314,
            38.41147656616124
          ],
          [
            -108.95823399358292,
            38.41228877979406
          ],
          [
            -108.96143078237043,
            38.41447098117463
          ],
          [
            -108.9635369741822,
            38.41602707568941
          ],
          [
            -108.96608539942183,
            38.41717928771005
          ],
          [
            -108.96841215099205,
            38.418392053937886
          ],
          [
            -108.9708077925648,
            38.41965870903507
          ],
          [
            -108.97371513159135,
            38.422241463339915
          ],
          [
            -108.97596576711094,
            38.42333589615437
          ],
          [
            -108.97792639591407,
            38.42431644228154
          ]
        ]
      },
      "properties": {
        "fault_name": "Paradox Valley graben",
        "age": "class B",
        "slip_rate": "Less than 0.2 mm/yr"
      }
    },
    {
      "type": "Feature",
      "geometry": {
        "type": "LineString",
        "coordinates": [
          [
            -108.94278399387714,
            38.404732187301505
          ],
          [
            -108.9428984419393,
            38.40479329573371
          ],
          [
            -108.94456961379495,
            38.40548329009816
          ],
          [
            -108.94595021838546,
            38.406006062898555
          ],
          [
            -108.94726248633566,
            38.40658216874481
          ],
          [
            -108.95038315458093,
            38.40819215172389
          ],
          [
            -108.95120707408816,
            38.40875270325511
          ]
        ]
      },
      "properties": {
        "fault_name": "Paradox Valley graben",
        "age": "class B",
        "slip_rate": "Less than 0.2 mm/yr"
      }
    },
    {
      "type": "Feature",
      "geometry": {
        "type": "LineString",
        "coordinates": [
          [
            -108.94278399387714,
            38.404732187301505
          ],
          [
            -108.94275343678446,
            38.404789407778395
          ],
          [
            -108.94296734002664,
            38.405769398911744
          ],
          [
            -108.9436156999813,
            38.40662772418844
          ],
          [
            -108.94477574481331,
            38.407718825325674
          ],
          [
            -108.94608801456013,
            38.40847048415432
          ],
          [
            -108.94732361579241,
            38.4088138153271
          ],
          [
            -108.94870477194848,
            38.40904992310597
          ],
          [
            -108.9507492827379,
            38.40899659091575
          ],
          [
            -108.95120707408816,
            38.40875270325511
          ]
        ]
      },
      "properties": {
        "fault_name": "Paradox Valley graben",
        "age": "class B",
        "slip_rate": "Less than 0.2 mm/yr"
      }
    },
    {
      "type": "Feature",
      "geometry": {
        "type": "LineString",
        "coordinates": [
          [
            -108.94042668790918,
            38.40369441804734
          ],
          [
            -108.94108282188428,
            38.403984416309356
          ],
          [
            -108.94195229765451,
            38.404327746970985
          ],
          [
            -108.94278399387714,
            38.404732187301505
          ]
        ]
      },
      "properties": {
        "fault_name": "Paradox Valley graben",
        "age": "class B",
        "slip_rate": "Less than 0.2 mm/yr"
      }
    },
    {
      "type": "Feature",
      "geometry": {
        "type": "LineString",
        "coordinates": [
          [
            -108.6651865248285,
            38.19428865322364
          ],
          [
            -108.66557542887118,
            38.19359032502352
          ],
          [
            -108.66601822284777,
            38.19301810709849
          ],
          [
            -108.66659824256885,
            38.19261755477052
          ],
          [
            -108.66798662477305,
            38.191995892652585
          ],
          [
            -108.66973390728947,
            38.19137811969455
          ],
          [
            -108.67243455744389,
            38.19064590413223
          ],
          [
            -108.67352570688352,
            38.190428127814926
          ],
          [
            -108.6750518708894,
            38.19026424090696
          ],
          [
            -108.67824864530387,
            38.18998924422806
          ],
          [
            -108.68101818725744,
            38.18943647015612
          ],
          [
            -108.68413885011282,
            38.18945535910044
          ],
          [
            -108.68907512763334,
            38.190164799109844
          ],
          [
            -108.69030350281747,
            38.190405353783376
          ],
          [
            -108.69371361723046,
            38.19151145773393
          ],
          [
            -108.69784153406447,
            38.192735893314676
          ],
          [
            -108.69993938142558,
            38.1935486641029
          ],
          [
            -108.70283114366511,
            38.19533754177619
          ],
          [
            -108.70818743119166,
            38.19823307487294
          ],
          [
            -108.71049917460846,
            38.19956417621166
          ],
          [
            -108.71332204415053,
            38.20123527479772
          ],
          [
            -108.71809831465097,
            38.20344025778934
          ],
          [
            -108.71976170440132,
            38.204076920870534
          ],
          [
            -108.72200455601896,
            38.20511857980324
          ],
          [
            -108.72613247195467,
            38.20697245513431
          ],
          [
            -108.72794030720944,
            38.20790300397574
          ],
          [
            -108.73214433560253,
            38.20986798927691
          ],
          [
            -108.73330381988585,
            38.210390206746744
          ],
          [
            -108.73590557271399,
            38.211546307791586
          ],
          [
            -108.73843898980016,
            38.212877411341694
          ],
          [
            -108.74220022421667,
            38.21513183875888
          ],
          [
            -108.74416084403666,
            38.21588349901946
          ],
          [
            -108.74480975555689,
            38.21634516325797
          ],
          [
            -108.74705260717451,
            38.21750459766664
          ],
          [
            -108.74864710512573,
            38.21831348124032
          ],
          [
            -108.75066939428997,
            38.21946902802168
          ],
          [
            -108.75263000782174,
            38.22022068864806
          ],
          [
            -108.75385059820562,
            38.22217789590012
          ],
          [
            -108.75471284433445,
            38.22355121728224
          ],
          [
            -108.7563684465896,
            38.22522176024142
          ],
          [
            -108.75940520320421,
            38.22764396167802
          ],
          [
            -108.76128192396992,
            38.22908617278568
          ],
          [
            -108.76432590303939,
            38.23058893895225
          ],
          [
            -108.76598928739985,
            38.231630597346985
          ],
          [
            -108.7687438122168,
            38.2329005852715
          ],
          [
            -108.77033052536777,
            38.233881132939544
          ],
          [
            -108.7730850501847,
            38.23521223079122
          ],
          [
            -108.77627403440903,
            38.236947772230174
          ],
          [
            -108.78018803811939,
            38.23856942528672
          ],
          [
            -108.78148529791615,
            38.23925997419966
          ],
          [
            -108.78423926667593,
            38.240533851248316
          ],
          [
            -108.78771881457216,
            38.242208279709
          ],
          [
            -108.7895266417421,
            38.24336438173048
          ],
          [
            -108.79221227565823,
            38.244519927058455
          ],
          [
            -108.79677518460059,
            38.247007128220964
          ],
          [
            -108.8003225085884,
            38.24902933220641
          ],
          [
            -108.8048165374097,
            38.251226532694034
          ],
          [
            -108.80618991685037,
            38.25202763410808
          ],
          [
            -108.80901278729075,
            38.25353428287238
          ],
          [
            -108.81082118039932,
            38.25474704791672
          ],
          [
            -108.81430018661145,
            38.256879802760054
          ],
          [
            -108.81574967940782,
            38.25763090603519
          ],
          [
            -108.82002259960005,
            38.26016810120733
          ],
          [
            -108.82357049940795,
            38.26270085089986
          ],
          [
            -108.82435608420876,
            38.2638530622353
          ],
          [
            -108.82623282204246,
            38.26649247826243
          ],
          [
            -108.82846845659509,
            38.268735786687614
          ],
          [
            -108.8318635790243,
            38.2722413070113
          ],
          [
            -108.83483146090774,
            38.274434615862475
          ],
          [
            -108.83678486276442,
            38.27599126621595
          ],
          [
            -108.83837936341057,
            38.27742513972145
          ],
          [
            -108.84410178089075,
            38.28123232285248
          ],
          [
            -108.84569627974028,
            38.28204120334616
          ],
          [
            -108.84779468405686,
            38.28330396634669
          ],
          [
            -108.85395933855816,
            38.28677115194323
          ],
          [
            -108.85569884256253,
            38.287808919675776
          ],
          [
            -108.86164237765496,
            38.29126499265697
          ],
          [
            -108.86381689712387,
            38.292306647947576
          ],
          [
            -108.8667158836149,
            38.2935233018724
          ],
          [
            -108.87056101259412,
            38.295712723304256
          ],
          [
            -108.87150715867554,
            38.296292717658694
          ],
          [
            -108.87346055604065,
            38.29704048686297
          ],
          [
            -108.87484171399335,
            38.297677146215214
          ],
          [
            -108.87622231678719,
            38.29848602674477
          ],
          [
            -108.87963298725734,
            38.299985453763135
          ],
          [
            -108.88108248274865,
            38.3007937812409
          ],
          [
            -108.88253197734164,
            38.301888768732894
          ],
          [
            -108.88427203919983,
            38.303040979306154
          ],
          [
            -108.88659100507148,
            38.3037348610156
          ]
        ]
      },
      "properties": {
        "fault_name": "Paradox Valley graben",
        "age": "class B",
        "slip_rate": "Less than 0.2 mm/yr"
      }
    },
    {
      "type": "Feature",
      "geometry": {
        "type": "LineString",
        "coordinates": [
          [
            -108.7535300236167,
            38.22590064513602
          ],
          [
            -108.75366780541835,
            38.226358416732836
          ],
          [
            -108.75446116064636,
            38.22733507608564
          ],
          [
            -108.75496451005625,
            38.22779674034721
          ],
          [
            -108.75554452528574,
            38.22837284696021
          ],
          [
            -108.75669678082593,
            38.229463950350954
          ],
          [
            -108.75734513089913,
            38.23032560802788
          ],
          [
            -108.75850461069082,
            38.23119171305453
          ],
          [
            -108.75980187138589,
            38.23205781694037
          ],
          [
            -108.76118302215208,
            38.23297669781168
          ],
          [
            -108.76233472343175,
            38.23395724515905
          ],
          [
            -108.76428811181371,
            38.23563223079662
          ],
          [
            -108.7656537055558,
            38.2370088867849
          ],
          [
            -108.76818655760164,
            38.23873720474097
          ],
          [
            -108.76941492829421,
            38.23966053233527
          ],
          [
            -108.77231445467274,
            38.241109962795996
          ],
          [
            -108.77296280923748,
            38.24139996028352
          ],
          [
            -108.77448118484983,
            38.24243717416328
          ],
          [
            -108.77961577355417,
            38.24652658479418
          ],
          [
            -108.78105803760744,
            38.24773601696242
          ],
          [
            -108.7829347556782,
            38.24968933389266
          ],
          [
            -108.78582651881605,
            38.25193986571847
          ],
          [
            -108.78591041068381,
            38.252012088269616
          ],
          [
            -108.78879439800457,
            38.25453372694657
          ],
          [
            -108.79074001955256,
            38.2561437097428
          ],
          [
            -108.7925484171527,
            38.258210911223166
          ],
          [
            -108.79601964844605,
            38.26109087867381
          ],
          [
            -108.79847639971261,
            38.26299085816999
          ],
          [
            -108.80071980828572,
            38.264432509919196
          ],
          [
            -108.8031765595523,
            38.266675817782435
          ],
          [
            -108.80570165195073,
            38.2695557867847
          ],
          [
            -108.80736504529435,
            38.271283548060126
          ],
          [
            -108.81134740001804,
            38.273534633922644
          ],
          [
            -108.8137358146443,
            38.275315726343145
          ],
          [
            -108.8162686801649,
            38.27704792873936
          ],
          [
            -108.81894654814539,
            38.27883290868673
          ],
          [
            -108.82068605304809,
            38.28010345192401
          ],
          [
            -108.82292946431613,
            38.281831213280675
          ],
          [
            -108.82531732378358,
            38.28355952724316
          ],
          [
            -108.82828520387038,
            38.285348397301235
          ],
          [
            -108.83197810703649,
            38.287652260782046
          ],
          [
            -108.83364927440059,
            38.28863280729098
          ],
          [
            -108.83712828240932,
            38.29053611900053
          ],
          [
            -108.83792164212892,
            38.29094833686934
          ],
          [
            -108.83922613066875,
            38.291749438783114
          ],
          [
            -108.84104230139104,
            38.29227220970569
          ],
          [
            -108.84242346114037,
            38.29336664403281
          ],
          [
            -108.8437279496802,
            38.29417552467386
          ],
          [
            -108.84546745368459,
            38.29509495969851
          ],
          [
            -108.8475653010457,
            38.2961327247358
          ],
          [
            -108.84989260238487,
            38.29712049294279
          ],
          [
            -108.85388273562062,
            38.29885602992053
          ],
          [
            -108.85562223872667,
            38.29983657521046
          ],
          [
            -108.85779675729727,
            38.300817119232384
          ],
          [
            -108.86004794617907,
            38.3021482168751
          ],
          [
            -108.86258858572012,
            38.303128762785356
          ],
          [
            -108.86657871895586,
            38.30485652164913
          ],
          [
            -108.87085886339962,
            38.30648150391177
          ]
        ]
      },
      "properties": {
        "fault_name": "Paradox Valley graben",
        "age": "class B",
        "slip_rate": "Less than 0.2 mm/yr"
      }
    },
    {
      "type": "Feature",
      "geometry": {
        "type": "LineString",
        "coordinates": [
          [
            -108.79408984533188,
            38.31669753097244
          ],
          [
            -108.79444819138357,
            38.31704419306917
          ],
          [
            -108.79538655805462,
            38.31795974024256
          ],
          [
            -108.79632492472568,
            38.3187075081077
          ],
          [
            -108.79741607506364,
            38.3196919439795
          ],
          [
            -108.79856833779036,
            38.32055415828411
          ],
          [
            -108.79980449058822,
            38.321419704346155
          ],
          [
            -108.80139899213269,
            38.322571914029176
          ],
          [
            -108.80357350800836,
            38.3237241230171
          ],
          [
            -108.8055263556045,
            38.32516577588963
          ],
          [
            -108.80755587081687,
            38.326604094256986
          ],
          [
            -108.8100126247784,
            38.32862184931843
          ],
          [
            -108.81167601812201,
            38.33006405731416
          ],
          [
            -108.81320218212788,
            38.331272933270746
          ],
          [
            -108.81530003398056,
            38.332711250233345
          ],
          [
            -108.81783290039947,
            38.33450012176319
          ],
          [
            -108.82036632287554,
            38.336514544670536
          ],
          [
            -108.8237764426784,
            38.3387650747723
          ],
          [
            -108.82551595027604,
            38.339970620130096
          ],
          [
            -108.82790436490232,
            38.34146949306493
          ],
          [
            -108.83036889557926,
            38.34325891914476
          ],
          [
            -108.8324667510252,
            38.34515445378067
          ],
          [
            -108.83391624921144,
            38.346257220770276
          ],
          [
            -108.83551130321982,
            38.34711554572115
          ],
          [
            -108.83797528143285,
            38.349018859262834
          ]
        ]
      },
      "properties": {
        "fault_name": "Paradox Valley graben",
        "age": "class B",
        "slip_rate": "Less than 0.2 mm/yr"
      }
    },
    {
      "type": "Feature",
      "geometry": {
        "type": "LineString",
        "coordinates": [
          [
            -108.76809557892463,
            38.28920115599599
          ],
          [
            -108.76860670684657,
            38.289372819172904
          ],
          [
            -108.7698350820307,
            38.28994892495099
          ],
          [
            -108.77194070520888,
            38.29076169335002
          ],
          [
            -108.77548859872859,
            38.29237889734468
          ],
          [
            -108.7800587516854,
            38.2943510981748
          ],
          [
            -108.78491891135863,
            38.29660940723154
          ],
          [
            -108.78818401882013,
            38.297768838350535
          ]
        ]
      },
      "properties": {
        "fault_name": "Paradox Valley graben",
        "age": "class B",
        "slip_rate": "Less than 0.2 mm/yr"
      }
    },
    {
      "type": "Feature",
      "geometry": {
        "type": "LineString",
        "coordinates": [
          [
            -108.70541785330552,
            38.21671515513107
          ],
          [
            -108.70563119330403,
            38.21683348768091
          ],
          [
            -108.7067145633333,
            38.21758459185667
          ],
          [
            -108.70758459156744,
            38.21821792208301
          ],
          [
            -108.7086679606984,
            38.218908472272624
          ],
          [
            -108.70975132893106,
            38.21960291168811
          ],
          [
            -108.71097970231855,
            38.22030068267503
          ],
          [
            -108.7122841908584,
            38.22116290127862
          ],
          [
            -108.71474093943002,
            38.222609000295826
          ],
          [
            -108.71676267074047,
            38.22393621200879
          ],
          [
            -108.7173426895632,
            38.22422232105751
          ],
          [
            -108.71850272810704,
            38.22491675985835
          ],
          [
            -108.71966221059371,
            38.225385646793676
          ],
          [
            -108.72140171369979,
            38.22584730790257
          ],
          [
            -108.72430125714631,
            38.226781745789374
          ]
        ]
      },
      "properties": {
        "fault_name": "Paradox Valley graben",
        "age": "class B",
        "slip_rate": "Less than 0.2 mm/yr"
      }
    },
    {
      "type": "Feature",
      "geometry": {
        "type": "LineString",
        "coordinates": [
          [
            -108.68745725731507,
            38.20917354307275
          ],
          [
            -108.68745725731507,
            38.209230766277166
          ],
          [
            -108.68824339278312,
            38.210550756298346
          ],
          [
            -108.6887467403964,
            38.2113590833274
          ],
          [
            -108.6898990004282,
            38.21256462900911
          ],
          [
            -108.69105125956166,
            38.21354517907178
          ],
          [
            -108.69221074204832,
            38.214239616031335
          ],
          [
            -108.69358411969237,
            38.21481905694027
          ],
          [
            -108.69597197826147,
            38.21551738480011
          ]
        ]
      },
      "properties": {
        "fault_name": "Paradox Valley graben",
        "age": "class B",
        "slip_rate": "Less than 0.2 mm/yr"
      }
    },
    {
      "type": "Feature",
      "geometry": {
        "type": "LineString",
        "coordinates": [
          [
            -108.6651865248285,
            38.19428865322364
          ],
          [
            -108.66657490343944,
            38.19542919930786
          ],
          [
            -108.66910054201358,
            38.19756140666541
          ],
          [
            -108.67140450242671,
            38.19992305564738
          ],
          [
            -108.67370902159199,
            38.202223038862165
          ]
        ]
      },
      "properties": {
        "fault_name": "Paradox Valley graben",
        "age": "class B",
        "slip_rate": "Less than 0.2 mm/yr"
      }
    },
    {
      "type": "Feature",
      "geometry": {
        "type": "LineString",
        "coordinates": [
          [
            -108.6540472670834,
            38.188440917082026
          ],
          [
            -108.65486340538362,
            38.18889091412557
          ],
          [
            -108.65739682336812,
            38.19005035021929
          ],
          [
            -108.66073082262875,
            38.19138589591784
          ],
          [
            -108.66231754206794,
            38.19225144496158
          ],
          [
            -108.66383592396848,
            38.19318254909043
          ],
          [
            -108.6651865248285,
            38.19428865322364
          ]
        ]
      },
      "properties": {
        "fault_name": "Paradox Valley graben",
        "age": "class B",
        "slip_rate": "Less than 0.2 mm/yr"
      }
    },
    {
      "type": "Feature",
      "geometry": {
        "type": "LineString",
        "coordinates": [
          [
            -108.6540472670834,
            38.188440917082026
          ],
          [
            -108.65420727140854,
            38.18928368932044
          ],
          [
            -108.65484840082344,
            38.19043590272759
          ],
          [
            -108.6555656453907,
            38.19170200427067
          ],
          [
            -108.65642789511278,
            38.192960881740454
          ],
          [
            -108.65779349334645,
            38.194689204126554
          ],
          [
            -108.65915909337674,
            38.19566975283134
          ],
          [
            -108.66002912071255,
            38.19670696718805
          ],
          [
            -108.6608835919226,
            38.198603064221835
          ],
          [
            -108.66150916341512,
            38.20106749002455
          ],
          [
            -108.66250085857303,
            38.203825246682925
          ],
          [
            -108.66371422829863,
            38.20640800616623
          ]
        ]
      },
      "properties": {
        "fault_name": "Paradox Valley graben",
        "age": "class B",
        "slip_rate": "Less than 0.2 mm/yr"
      }
    },
    {
      "type": "Feature",
      "geometry": {
        "type": "LineString",
        "coordinates": [
          [
            -108.61313703144047,
            38.161890549662395
          ],
          [
            -108.61378538331027,
            38.16241332378323
          ],
          [
            -108.61435762541763,
            38.162936097687115
          ],
          [
            -108.61550988455109,
            38.163797758946295
          ],
          [
            -108.6169521557909,
            38.16478219698342
          ],
          [
            -108.61818052738175,
            38.165533857206725
          ],
          [
            -108.61962224256439,
            38.166513851951606
          ],
          [
            -108.62164397656979,
            38.167956063792474
          ],
          [
            -108.62423850514644,
            38.17026382432794
          ],
          [
            -108.6271224879756,
            38.1725715852439
          ],
          [
            -108.62964756959425,
            38.1745399031503
          ],
          [
            -108.63231821332322,
            38.17650100233821
          ],
          [
            -108.63628556797832,
            38.179098760738064
          ],
          [
            -108.6374372701563,
            38.17990708882891
          ],
          [
            -108.64169463242612,
            38.18302762322482
          ],
          [
            -108.64422805041063,
            38.18441261231896
          ],
          [
            -108.64914877090705,
            38.186277599699125
          ],
          [
            -108.65327668684277,
            38.18802092001623
          ],
          [
            -108.6540472670834,
            38.188440917082026
          ]
        ]
      },
      "properties": {
        "fault_name": "Paradox Valley graben",
        "age": "class B",
        "slip_rate": "Less than 0.2 mm/yr"
      }
    },
    {
      "type": "Feature",
      "geometry": {
        "type": "LineString",
        "coordinates": [
          [
            -108.86865375090538,
            38.29885213697823
          ],
          [
            -108.8661819995702,
            38.29764715131391
          ],
          [
            -108.86509863043925,
            38.29717770968261
          ],
          [
            -108.86386247764139,
            38.2966627150994
          ],
          [
            -108.86313745276547,
            38.296197163708804
          ],
          [
            -108.86212297184036,
            38.29510606594497
          ],
          [
            -108.86067347724737,
            38.294354963862425
          ],
          [
            -108.85972733475921,
            38.29412218677737
          ],
          [
            -108.85893397683627,
            38.29400385593633
          ],
          [
            -108.85864396742488,
            38.29389329933408
          ]
        ]
      },
      "properties": {
        "fault_name": "Paradox Valley graben",
        "age": "class B",
        "slip_rate": "Less than 0.2 mm/yr"
      }
    },
    {
      "type": "Feature",
      "geometry": {
        "type": "LineString",
        "coordinates": [
          [
            -108.84848862273239,
            38.288465025992295
          ],
          [
            -108.84631410685671,
            38.28777058787801
          ],
          [
            -108.84508572897765,
            38.28672948867892
          ],
          [
            -108.84370512798043,
            38.285981718284376
          ],
          [
            -108.84189673038027,
            38.284600621845385
          ],
          [
            -108.83957720665484,
            38.283048415832816
          ],
          [
            -108.83856994818461,
            38.281949539288675
          ],
          [
            -108.83770046971942,
            38.28074788409564
          ],
          [
            -108.8349459323261,
            38.27913067974163
          ],
          [
            -108.83371755534533,
            38.27797846888563
          ],
          [
            -108.83292419742237,
            38.27757791814096
          ],
          [
            -108.83155081438845,
            38.27648681971429
          ],
          [
            -108.83002520733807,
            38.27584627069574
          ],
          [
            -108.82886516969253,
            38.275209055231215
          ],
          [
            -108.82849904692546,
            38.27509461174933
          ]
        ]
      },
      "properties": {
        "fault_name": "Paradox Valley graben",
        "age": "class B",
        "slip_rate": "Less than 0.2 mm/yr"
      }
    },
    {
      "type": "Feature",
      "geometry": {
        "type": "LineString",
        "coordinates": [
          [
            -108.83164285667078,
            38.349167746735475
          ],
          [
            -108.82953723169594,
            38.34852275428399
          ],
          [
            -108.82852219740865,
            38.34788998287774
          ],
          [
            -108.82721770437723,
            38.34679888367314
          ],
          [
            -108.8255465334199,
            38.34558556329008
          ],
          [
            -108.82330367910731,
            38.344376687284594
          ],
          [
            -108.8219225202563,
            38.3436783612836
          ],
          [
            -108.8204730265616,
            38.34315947733104
          ],
          [
            -108.8190235310703,
            38.342122264747154
          ],
          [
            -108.81771848557499,
            38.34126005196168
          ],
          [
            -108.81634510164274,
            38.33994006566359
          ],
          [
            -108.81336999910106,
            38.33791842134766
          ],
          [
            -108.81134048299035,
            38.33647621324295
          ],
          [
            -108.80989043323851,
            38.3356067798518
          ],
          [
            -108.80742645861875,
            38.33427901416679
          ],
          [
            -108.80561028699812,
            38.33341291207662
          ],
          [
            -108.80445080091819,
            38.33272292008397
          ],
          [
            -108.80322242573406,
            38.33157459805731
          ],
          [
            -108.80061289259723,
            38.330697384692904
          ],
          [
            -108.79879727613546,
            38.32954517591804
          ],
          [
            -108.797202774591,
            38.32850740832287
          ],
          [
            -108.79582939425202,
            38.32758797329156
          ],
          [
            -108.7937998826329,
            38.326657428001354
          ],
          [
            -108.79263984319076,
            38.32608521204965
          ],
          [
            -108.79125924039688,
            38.325276332047
          ],
          [
            -108.78893971756976,
            38.324235231919715
          ],
          [
            -108.78755856141369,
            38.32365523828993
          ],
          [
            -108.78610906771901,
            38.32289969093636
          ],
          [
            -108.78458290461145,
            38.322038035214526
          ],
          [
            -108.78306451821933,
            38.32111471094284
          ],
          [
            -108.781905033936,
            38.320248608691934
          ],
          [
            -108.78074554965272,
            38.319443618121895
          ],
          [
            -108.77901326720489,
            38.31788752125445
          ],
          [
            -108.77843380174437,
            38.31719697477882
          ],
          [
            -108.77757154663237,
            38.31627753865309
          ],
          [
            -108.776923190271,
            38.31558754634233
          ],
          [
            -108.77684652175647,
            38.31541199322412
          ]
        ]
      },
      "properties": {
        "fault_name": "Paradox Valley graben",
        "age": "class B",
        "slip_rate": "Less than 0.2 mm/yr"
      }
    },
    {
      "type": "Feature",
      "geometry": {
        "type": "LineString",
        "coordinates": [
          [
            -108.82380665571634,
            38.27015077466442
          ],
          [
            -108.82200603213667,
            38.267846908721744
          ],
          [
            -108.82041930820594,
            38.266183594082555
          ],
          [
            -108.81925926786548,
            38.26514582827035
          ],
          [
            -108.81825256455411,
            38.26411250599261
          ],
          [
            -108.81621527532126,
            38.26318529367713
          ],
          [
            -108.81505579642786,
            38.26283807515932
          ],
          [
            -108.81302628391042,
            38.26191142002416
          ],
          [
            -108.81179790782797,
            38.26104531769402
          ],
          [
            -108.80904337492619,
            38.259889218285956
          ],
          [
            -108.80744887787328,
            38.25913811507874
          ],
          [
            -108.80599938597523,
            38.25839034831692
          ],
          [
            -108.80418321525295,
            38.257863685860116
          ],
          [
            -108.80215370722708,
            38.25721925023399
          ],
          [
            -108.80041420501932,
            38.25635703727303
          ],
          [
            -108.79933083588837,
            38.25566648923317
          ],
          [
            -108.7971563191144,
            38.254510944757044
          ],
          [
            -108.79454734562799,
            38.25357984503495
          ],
          [
            -108.7934561997816,
            38.25328984887391
          ],
          [
            -108.79040443681018,
            38.25230597227039
          ],
          [
            -108.7890310609628,
            38.25212264022285
          ],
          [
            -108.78757379234932,
            38.25177542386065
          ],
          [
            -108.78597152217426,
            38.25199708773509
          ],
          [
            -108.78591041068381,
            38.252012088269616
          ]
        ]
      },
      "properties": {
        "fault_name": "Paradox Valley graben",
        "age": "class B",
        "slip_rate": "Less than 0.2 mm/yr"
      }
    },
    {
      "type": "Feature",
      "geometry": {
        "type": "LineString",
        "coordinates": [
          [
            -108.81880952542016,
            38.3197836047627
          ],
          [
            -108.81699391075503,
            38.31937527483329
          ],
          [
            -108.81554441885696,
            38.319024166779656
          ],
          [
            -108.81343823692666,
            38.3180441790035
          ],
          [
            -108.81169873561723,
            38.31729251868748
          ],
          [
            -108.80959310615083,
            38.316140311084226
          ],
          [
            -108.80727358332369,
            38.31486643477253
          ],
          [
            -108.80487794714084,
            38.313771447246005
          ],
          [
            -108.80393180465268,
            38.313477560344076
          ],
          [
            -108.80248231455127,
            38.31324145288705
          ],
          [
            -108.80052113687748,
            38.312142576082636
          ],
          [
            -108.79827828256491,
            38.31087259020879
          ],
          [
            -108.79653878035715,
            38.30989204395363
          ],
          [
            -108.79399813901946,
            38.30868261334411
          ],
          [
            -108.79175472864974,
            38.30717985072056
          ],
          [
            -108.7907402504196,
            38.30666096764866
          ],
          [
            -108.7874062475657,
            38.304921540784456
          ],
          [
            -108.7858878638685,
            38.30376933329374
          ],
          [
            -108.78116492993973,
            38.30209101815432
          ],
          [
            -108.77906708257862,
            38.301274916686324
          ],
          [
            -108.77674756244646,
            38.30018381773481
          ],
          [
            -108.7758014208566,
            38.29988604210363
          ],
          [
            -108.7735507907269,
            38.29884494328273
          ],
          [
            -108.77224574612993,
            38.298150503680084
          ],
          [
            -108.7712312687981,
            38.29780717614734
          ],
          [
            -108.7697812217412,
            38.297166072885105
          ],
          [
            -108.76804172043177,
            38.29664385469521
          ],
          [
            -108.76724058399677,
            38.29629274797423
          ],
          [
            -108.76637111002316,
            38.295834974778764
          ],
          [
            -108.76398269629522,
            38.29438943566238
          ],
          [
            -108.76274709955452,
            38.29387055275583
          ],
          [
            -108.76035868672486,
            38.292485567200565
          ],
          [
            -108.75760470628698,
            38.2910400283418
          ],
          [
            -108.75521629255901,
            38.289762264759915
          ],
          [
            -108.75456016307551,
            38.28947615771931
          ],
          [
            -108.75202730114816,
            38.288262837300536
          ],
          [
            -108.7505778083518,
            38.28756840007211
          ],
          [
            -108.74782326107699,
            38.28566508598306
          ],
          [
            -108.74449702505702,
            38.283525110940744
          ],
          [
            -108.74181859293452,
            38.282025682264006
          ],
          [
            -108.74043798744572,
            38.28127069124541
          ],
          [
            -108.73732509411921,
            38.27942460001683
          ],
          [
            -108.73573781323302,
            38.278444056051356
          ],
          [
            -108.73356328837419,
            38.277059070891944
          ],
          [
            -108.73139654202744,
            38.27561353015806
          ],
          [
            -108.72849754655323,
            38.27416743384141
          ],
          [
            -108.72639913505012,
            38.272897448244755
          ],
          [
            -108.72465962655417,
            38.271802459850726
          ],
          [
            -108.72103560800069,
            38.27034913978333
          ],
          [
            -108.71973111766422,
            38.26983025780893
          ],
          [
            -108.71747992608749,
            38.269185819719155
          ],
          [
            -108.71595431724046,
            38.26872415873031
          ],
          [
            -108.71479427600168,
            38.26837305024691
          ],
          [
            -108.71197139567983,
            38.26698084330334
          ],
          [
            -108.71016355144188,
            38.265596411823005
          ],
          [
            -108.70676787295554,
            38.263284769007306
          ],
          [
            -108.70561616089607,
            38.2621325578277
          ],
          [
            -108.70452501055811,
            38.26138867733742
          ],
          [
            -108.70322774267652,
            38.26063701688057
          ],
          [
            -108.70054986840783,
            38.258558149034435
          ],
          [
            -108.69816922420877,
            38.256425949225275
          ],
          [
            -108.69513300299008,
            38.25417485866311
          ],
          [
            -108.6926834687885,
            38.2516993267666
          ],
          [
            -108.6903717181852,
            38.249857122957195
          ],
          [
            -108.68798386141272,
            38.248349913296295
          ],
          [
            -108.68509987768525,
            38.24609937330924
          ],
          [
            -108.68343649062982,
            38.24477938270257
          ],
          [
            -108.67881300828786,
            38.24160218632446
          ],
          [
            -108.67714961943582,
            38.24073219210609
          ],
          [
            -108.67563123573863,
            38.23974775533656
          ],
          [
            -108.67418174384058,
            38.23899664927269
          ],
          [
            -108.67288503291446,
            38.23813443320652
          ],
          [
            -108.66977159880217,
            38.23616611526195
          ],
          [
            -108.66789487084995,
            38.235067232200045
          ],
          [
            -108.6658653592308,
            38.23385446407846
          ],
          [
            -108.66471365256125,
            38.23310280531569
          ],
          [
            -108.66398863127858,
            38.23258391772215
          ],
          [
            -108.66326360640267,
            38.232061700762564
          ],
          [
            -108.66175300211584,
            38.23097059823773
          ],
          [
            -108.6600823908089,
            38.23038671332935
          ],
          [
            -108.65884623711273,
            38.230207269196065
          ],
          [
            -108.65740396677126,
            38.22956671928943
          ],
          [
            -108.65674783369447,
            38.229166166237995
          ],
          [
            -108.65609948002806,
            38.22881505925617
          ],
          [
            -108.65559612971987,
            38.22858616990451
          ]
        ]
      },
      "properties": {
        "fault_name": "Paradox Valley graben",
        "age": "class B",
        "slip_rate": "Less than 0.2 mm/yr"
      }
    },
    {
      "type": "Feature",
      "geometry": {
        "type": "LineString",
        "coordinates": [
          [
            -108.65024760543396,
            38.232507808299104
          ],
          [
            -108.6487981126376,
            38.23232836304848
          ],
          [
            -108.64756195894142,
            38.23242780934886
          ],
          [
            -108.64581467822164,
            38.23247725231203
          ],
          [
            -108.64428906937461,
            38.23235891980376
          ],
          [
            -108.6407333928513,
            38.23164948028345
          ],
          [
            -108.63935223579692,
            38.231527258343924
          ],
          [
            -108.63753661933515,
            38.23128725869904
          ],
          [
            -108.63420984073277,
            38.23023448909909
          ],
          [
            -108.63326425520007,
            38.22971560503304
          ],
          [
            -108.63030360205973,
            38.227918952325275
          ],
          [
            -108.62936523808361,
            38.22728562327556
          ],
          [
            -108.62603846127784,
            38.22514563817431
          ],
          [
            -108.6241617324273,
            38.22387509211397
          ],
          [
            -108.62257501388645,
            38.223005654338145
          ],
          [
            -108.61880599916125,
            38.22143733207416
          ],
          [
            -108.61287746862902,
            38.218595686220105
          ],
          [
            -108.60983347788145,
            38.217661248344164
          ],
          [
            -108.60846009844079,
            38.21708125203161
          ],
          [
            -108.607521735363,
            38.21627236816977
          ],
          [
            -108.60672781958625,
            38.215692928951796
          ],
          [
            -108.60397383914835,
            38.214357382313935
          ],
          [
            -108.60202822029531,
            38.21314850168652
          ],
          [
            -108.60036483144327,
            38.21187406731887
          ],
          [
            -108.5990681232121,
            38.21083296385523
          ],
          [
            -108.59827420833369,
            38.210260747324
          ],
          [
            -108.59712250256244,
            38.20961963780166
          ],
          [
            -108.59603913612641,
            38.2084679799263
          ],
          [
            -108.5947496485535,
            38.207029656775156
          ],
          [
            -108.5931623748538,
            38.20564466716798
          ],
          [
            -108.59244512938824,
            38.20483634020789
          ],
          [
            -108.59165177056698,
            38.20420301070559
          ],
          [
            -108.59071340659087,
            38.2031691291674
          ],
          [
            -108.59021005718098,
            38.20281802167475
          ]
        ]
      },
      "properties": {
        "fault_name": "Paradox Valley graben",
        "age": "class B",
        "slip_rate": "Less than 0.2 mm/yr"
      }
    },
    {
      "type": "Feature",
      "geometry": {
        "type": "LineString",
        "coordinates": [
          [
            -108.8713704350893,
            38.105277233011755
          ],
          [
            -108.87166822211441,
            38.10522001229176
          ],
          [
            -108.87253769698634,
            38.105281120767536
          ],
          [
            -108.8746361004046,
            38.105750562926815
          ],
          [
            -108.87594058535116,
            38.10621556230963
          ],
          [
            -108.87752785725422,
            38.10713499826841
          ],
          [
            -108.87919846406959,
            38.10799721329959
          ],
          [
            -108.88064073441106,
            38.10863054269414
          ],
          [
            -108.88267024333526,
            38.109271095308316
          ],
          [
            -108.88390583917763,
            38.10950387184259
          ],
          [
            -108.88614924685243,
            38.10991220281367
          ]
        ]
      },
      "properties": {
        "fault_name": "Big Gypsum Valley graben",
        "age": "class B",
        "slip_rate": "Less than 0.2 mm/yr"
      }
    },
    {
      "type": "Feature",
      "geometry": {
        "type": "LineString",
        "coordinates": [
          [
            -108.84043208659834,
            38.11987208420135
          ],
          [
            -108.84043208659834,
            38.11992541565496
          ],
          [
            -108.841447119089,
            38.12044818876544
          ],
          [
            -108.84217158611114,
            38.12085652074125
          ],
          [
            -108.84339995860032,
            38.12143262813888
          ],
          [
            -108.84478111475639,
            38.12195484700363
          ],
          [
            -108.84629949575863,
            38.122530954215705
          ],
          [
            -108.84825233526992,
            38.12340094694463
          ],
          [
            -108.84936681665246,
            38.12350372635257
          ]
        ]
      },
      "properties": {
        "fault_name": "Big Gypsum Valley graben",
        "age": "class B",
        "slip_rate": "Less than 0.2 mm/yr"
      }
    },
    {
      "type": "Feature",
      "geometry": {
        "type": "LineString",
        "coordinates": [
          [
            -108.88614924685243,
            38.10991220281367
          ],
          [
            -108.88643925536547,
            38.11014109122166
          ],
          [
            -108.88788874636522,
            38.11072441771531
          ],
          [
            -108.88882710944301,
            38.11112886078046
          ],
          [
            -108.89070383200537,
            38.112395517025966
          ],
          [
            -108.89251221972404,
            38.11371939368405
          ],
          [
            -108.89511396356905,
            38.1154471587446
          ],
          [
            -108.89757070405584,
            38.11728992329525
          ],
          [
            -108.89837183779586,
            38.11803713776157
          ]
        ]
      },
      "properties": {
        "fault_name": "Big Gypsum Valley graben",
        "age": "class B",
        "slip_rate": "Less than 0.2 mm/yr"
      }
    },
    {
      "type": "Feature",
      "geometry": {
        "type": "LineString",
        "coordinates": [
          [
            -108.83224584361871,
            38.086097363722324
          ],
          [
            -108.8326730796729,
            38.08644791768101
          ],
          [
            -108.83368755700472,
            38.08707735776787
          ],
          [
            -108.83512982375295,
            38.08805790712982
          ],
          [
            -108.83708321932143,
            38.0893278967802
          ],
          [
            -108.83766268208703,
            38.08978955892632
          ],
          [
            -108.83895994457872,
            38.09071288790468
          ],
          [
            -108.84148502619735,
            38.092208432646714
          ]
        ]
      },
      "properties": {
        "fault_name": "Big Gypsum Valley graben",
        "age": "class B",
        "slip_rate": "Less than 0.2 mm/yr"
      }
    },
    {
      "type": "Feature",
      "geometry": {
        "type": "LineString",
        "coordinates": [
          [
            -108.9219241724438,
            38.137656416761544
          ],
          [
            -108.92271808372898,
            38.13817141524699
          ],
          [
            -108.92373255836586,
            38.13886140675245
          ],
          [
            -108.92452591359385,
            38.139380291152555
          ],
          [
            -108.92662430713065,
            38.14093305613904
          ],
          [
            -108.92857769730922,
            38.14219971323262
          ],
          [
            -108.92922604738239,
            38.142829151309186
          ],
          [
            -108.93038552178423,
            38.14403802776201
          ],
          [
            -108.93146165857884,
            38.145361905039096
          ],
          [
            -108.93348337821119,
            38.14754022134393
          ],
          [
            -108.93442951620777,
            38.14823410297217
          ],
          [
            -108.9355812138942,
            38.14914965073553
          ],
          [
            -108.93803794809277,
            38.15111074635302
          ],
          [
            -108.94021245318864,
            38.15272017396214
          ],
          [
            -108.94289031038937,
            38.153925719746105
          ],
          [
            -108.94498870572278,
            38.15490960234845
          ],
          [
            -108.94738433202416,
            38.1560084806889
          ],
          [
            -108.94839935912493,
            38.156866805009805
          ],
          [
            -108.95006218563162,
            38.15779012876124
          ],
          [
            -108.95216057916839,
            38.158884565281355
          ],
          [
            -108.95397618844363,
            38.159811778708445
          ],
          [
            -108.95520455823788,
            38.16020844221573
          ],
          [
            -108.95890523183118,
            38.16068121825062
          ],
          [
            -108.96057583864655,
            38.161146769059464
          ],
          [
            -108.96217088816334,
            38.16137954476181
          ],
          [
            -108.96326147525761,
            38.16195953981016
          ],
          [
            -108.96433760935729,
            38.163451191758405
          ],
          [
            -108.96535208040089,
            38.164431182717074
          ],
          [
            -108.96693934332082,
            38.165861725670865
          ],
          [
            -108.96889995415764,
            38.1669567148142
          ],
          [
            -108.97034943976749,
            38.16764726531767
          ],
          [
            -108.9715778086634,
            38.16828003625542
          ]
        ]
      },
      "properties": {
        "fault_name": "Big Gypsum Valley graben",
        "age": "class B",
        "slip_rate": "Less than 0.2 mm/yr"
      }
    },
    {
      "type": "Feature",
      "geometry": {
        "type": "LineString",
        "coordinates": [
          [
            -108.92269480658334,
            38.12957649311247
          ],
          [
            -108.92276369838247,
            38.129690935208906
          ],
          [
            -108.92319870755881,
            38.13026704073141
          ],
          [
            -108.92420595704586,
            38.13124759064724
          ],
          [
            -108.92507542742621,
            38.131880916264805
          ],
          [
            -108.92710493096048,
            38.133086463027325
          ],
          [
            -108.92905832203738,
            38.13423811990221
          ],
          [
            -108.930355023082,
            38.1355047752145
          ],
          [
            -108.93266675302408,
            38.13768642328289
          ],
          [
            -108.93404012258324,
            38.13883474618076
          ],
          [
            -108.93729799321683,
            38.141139170218494
          ],
          [
            -108.93931971644244,
            38.1427524902344
          ],
          [
            -108.94047974959638,
            38.14350026079756
          ],
          [
            -108.94257759066927,
            38.14441969783321
          ],
          [
            -108.94351650531266,
            38.14516746897058
          ],
          [
            -108.94546933673914,
            38.14683800886937
          ],
          [
            -108.94829219100984,
            38.149027435098084
          ],
          [
            -108.94944444385511,
            38.150054091799056
          ],
          [
            -108.95074892520842,
            38.150747975651996
          ],
          [
            -108.95198507531133,
            38.15115241670421
          ],
          [
            -108.9546629298171,
            38.15276629233255
          ],
          [
            -108.95610518758217,
            38.15431460966306
          ],
          [
            -108.9566085342971,
            38.15477627291051
          ],
          [
            -108.95791356811432,
            38.155985705788325
          ],
          [
            -108.95914193521361,
            38.15667625566641
          ],
          [
            -108.96095754359054,
            38.157599025220286
          ],
          [
            -108.96326927802417,
            38.15886179127902
          ],
          [
            -108.96421541242748,
            38.159731781790725
          ],
          [
            -108.96529877077867,
            38.161047880834104
          ]
        ]
      },
      "properties": {
        "fault_name": "Big Gypsum Valley graben",
        "age": "class B",
        "slip_rate": "Less than 0.2 mm/yr"
      }
    },
    {
      "type": "Feature",
      "geometry": {
        "type": "LineString",
        "coordinates": [
          [
            -108.89837183779586,
            38.11803713776157
          ],
          [
            -108.89937908728292,
            38.11907101865035
          ],
          [
            -108.90039356281811,
            38.11964712529421
          ],
          [
            -108.90198082933128,
            38.12114266865489
          ],
          [
            -108.9032775348675,
            38.122062104699594
          ],
          [
            -108.90559705140645,
            38.122984876066056
          ],
          [
            -108.90697042455888,
            38.123625981915765
          ],
          [
            -108.90835157891831,
            38.12443097680643
          ],
          [
            -108.90957994961087,
            38.125239303257544
          ],
          [
            -108.91116666006688,
            38.12655929082666
          ],
          [
            -108.9126850392725,
            38.12765039274193
          ],
          [
            -108.91347839539883,
            38.128169277709226
          ],
          [
            -108.9145617591399,
            38.12909204890872
          ]
        ]
      },
      "properties": {
        "fault_name": "Big Gypsum Valley graben",
        "age": "class B",
        "slip_rate": "Less than 0.2 mm/yr"
      }
    },
    {
      "type": "Feature",
      "geometry": {
        "type": "LineString",
        "coordinates": [
          [
            -108.84800084831289,
            38.08330462599352
          ],
          [
            -108.84814585256942,
            38.08341518167931
          ],
          [
            -108.8493058884183,
            38.08451017214745
          ],
          [
            -108.8505264805988,
            38.08571960631059
          ],
          [
            -108.85175485218967,
            38.08646738126395
          ],
          [
            -108.85341823744844,
            38.087508483082395
          ],
          [
            -108.85558497391375,
            38.088717919964836
          ],
          [
            -108.85739336522568,
            38.08992680021494
          ],
          [
            -108.85869007166022,
            38.09073568176149
          ],
          [
            -108.86006344840592,
            38.09188789630595
          ],
          [
            -108.86143682425332,
            38.09269622379026
          ],
          [
            -108.86317632556275,
            38.09355454974191
          ]
        ]
      },
      "properties": {
        "fault_name": "Big Gypsum Valley graben",
        "age": "class B",
        "slip_rate": "Less than 0.2 mm/yr"
      }
    },
    {
      "type": "Feature",
      "geometry": {
        "type": "LineString",
        "coordinates": [
          [
            -108.84587241960458,
            38.08776402969748
          ],
          [
            -108.84608576139972,
            38.08787458429635
          ],
          [
            -108.84710079299205,
            38.088511800708204
          ],
          [
            -108.84803915606986,
            38.08908402077812
          ],
          [
            -108.84999255163835,
            38.09024345589292
          ],
          [
            -108.85164815928337,
            38.0913956697124
          ],
          [
            -108.8533109893833,
            38.09249455210351
          ],
          [
            -108.85497437284545,
            38.09375343089683
          ],
          [
            -108.85678276415739,
            38.09479453428532
          ]
        ]
      },
      "properties": {
        "fault_name": "Big Gypsum Valley graben",
        "age": "class B",
        "slip_rate": "Less than 0.2 mm/yr"
      }
    },
    {
      "type": "Feature",
      "geometry": {
        "type": "LineString",
        "coordinates": [
          [
            -108.84146213083571,
            38.118044878697795
          ],
          [
            -108.8417521402471,
            38.11815931978945
          ],
          [
            -108.84283550758143,
            38.118845983068326
          ],
          [
            -108.84356053066071,
            38.11936875683953
          ],
          [
            -108.84464389619842,
            38.120005418769445
          ],
          [
            -108.84565837173362,
            38.120638747929256
          ],
          [
            -108.84681062907045,
            38.12161929572744
          ],
          [
            -108.8481840031212,
            38.12265317607305
          ],
          [
            -108.84912236440239,
            38.123400949064674
          ],
          [
            -108.84936681665246,
            38.12350372635257
          ]
        ]
      },
      "properties": {
        "fault_name": "Big Gypsum Valley graben",
        "age": "class B",
        "slip_rate": "Less than 0.2 mm/yr"
      }
    },
    {
      "type": "Feature",
      "geometry": {
        "type": "LineString",
        "coordinates": [
          [
            -108.94802524225013,
            38.186189860697695
          ],
          [
            -108.94774301674067,
            38.185507091159664
          ],
          [
            -108.94701799905128,
            38.18475598573175
          ],
          [
            -108.94542350828661,
            38.18423710076779
          ],
          [
            -108.94440847759256,
            38.18360766279839
          ],
          [
            -108.9433940092439,
            38.18268433910953
          ],
          [
            -108.94267677006654,
            38.181822123673825
          ],
          [
            -108.94180675171387,
            38.180559912799495
          ],
          [
            -108.94080006008062,
            38.1793010356737
          ],
          [
            -108.93978503657308,
            38.17803438174717
          ],
          [
            -108.93885446278713,
            38.17665717207466
          ],
          [
            -108.93762609568783,
            38.17544773677384
          ],
          [
            -108.9362449476166,
            38.17458996805361
          ],
          [
            -108.933925431976,
            38.17377330924188
          ],
          [
            -108.93240761242079,
            38.17308275886655
          ],
          [
            -108.93131646926936,
            38.17239610025395
          ],
          [
            -108.92943919244648,
            38.17147333012134
          ],
          [
            -108.92689855829532,
            38.1706605580902
          ],
          [
            -108.92567019029771,
            38.17013778590441
          ],
          [
            -108.9245107114043,
            38.16961945717337
          ],
          [
            -108.92261843181788,
            38.16904335021868
          ],
          [
            -108.92000890407093,
            38.1686311322771
          ],
          [
            -108.91855941576614,
            38.168169469173414
          ],
          [
            -108.91739993687273,
            38.167651139864454
          ],
          [
            -108.91522542459033,
            38.16695281197975
          ],
          [
            -108.91399705659273,
            38.16626226266666
          ],
          [
            -108.9129059134413,
            38.165915043293644
          ],
          [
            -108.91123530482933,
            38.16545004628741
          ],
          [
            -108.9095719222655,
            38.164751719918186
          ],
          [
            -108.90703906932134,
            38.16354617370737
          ],
          [
            -108.9053756867575,
            38.16262340525266
          ],
          [
            -108.90378119778943,
            38.16152841529705
          ],
          [
            -108.90138501273596,
            38.16089119734943
          ],
          [
            -108.8993555056084,
            38.160193426283136
          ],
          [
            -108.89718154938316,
            38.15932732191941
          ],
          [
            -108.89595318318219,
            38.158465106318914
          ],
          [
            -108.89465592158882,
            38.157538447918114
          ],
          [
            -108.8937864521068,
            38.15702678526541
          ],
          [
            -108.89298531657012,
            38.156622900207054
          ]
        ]
      },
      "properties": {
        "fault_name": "Big Gypsum Valley graben",
        "age": "class B",
        "slip_rate": "Less than 0.2 mm/yr"
      }
    },
    {
      "type": "Feature",
      "geometry": {
        "type": "LineString",
        "coordinates": [
          [
            -108.91782742176025,
            38.12938982466975
          ],
          [
            -108.91703406832887,
            38.12840927806307
          ],
          [
            -108.91544680540896,
            38.126574849330524
          ],
          [
            -108.91494345869403,
            38.12605596574992
          ],
          [
            -108.91350119643738,
            38.124678755123774
          ],
          [
            -108.91198337328892,
            38.123526541781295
          ],
          [
            -108.9106100019331,
            38.122432106216706
          ],
          [
            -108.9098160888513,
            38.12191710974388
          ],
          [
            -108.90894661936927,
            38.121279892754075
          ]
        ]
      },
      "properties": {
        "fault_name": "Big Gypsum Valley graben",
        "age": "class B",
        "slip_rate": "Less than 0.2 mm/yr"
      }
    },
    {
      "type": "Feature",
      "geometry": {
        "type": "LineString",
        "coordinates": [
          [
            -108.88360061230533,
            38.148054639303886
          ],
          [
            -108.88244835856176,
            38.14672742834551
          ],
          [
            -108.8809988720536,
            38.14580799072216
          ],
          [
            -108.8799155074142,
            38.14511355333152
          ],
          [
            -108.87875602941911,
            38.14419467327503
          ],
          [
            -108.87781711297907,
            38.143385788780876
          ],
          [
            -108.87702375864939,
            38.14241301878367
          ],
          [
            -108.87594039490833,
            38.14143636270306
          ],
          [
            -108.87449868691222,
            38.14011303805713
          ],
          [
            -108.8736364416817,
            38.13925082492803
          ],
          [
            -108.87226306942756,
            38.13770194832675
          ],
          [
            -108.87060747256228,
            38.135229745729944
          ],
          [
            -108.86967689428475,
            38.13344865170395
          ],
          [
            -108.86917299241098,
            38.13287643426267
          ],
          [
            -108.86685347677037,
            38.131434221834915
          ],
          [
            -108.8638933886703,
            38.12941645972002
          ],
          [
            -108.86070439636114,
            38.1285464658921
          ],
          [
            -108.85838487982221,
            38.12750147425942
          ],
          [
            -108.85679760612253,
            38.12687203470252
          ],
          [
            -108.85498977176606,
            38.1260598177732
          ],
          [
            -108.85339472224926,
            38.125365378294255
          ],
          [
            -108.85202190066238,
            38.12473204914609
          ],
          [
            -108.85115187332656,
            38.124266497004164
          ],
          [
            -108.84936681665246,
            38.12350372635257
          ]
        ]
      },
      "properties": {
        "fault_name": "Big Gypsum Valley graben",
        "age": "class B",
        "slip_rate": "Less than 0.2 mm/yr"
      }
    },
    {
      "type": "Feature",
      "geometry": {
        "type": "LineString",
        "coordinates": [
          [
            -108.80942554789246,
            38.10204221134286
          ],
          [
            -108.80747214873071,
            38.101291105033454
          ],
          [
            -108.80616766288584,
            38.10071110980794
          ],
          [
            -108.80487040039415,
            38.09973055982048
          ],
          [
            -108.80349702364843,
            38.098517791715025
          ],
          [
            -108.80248976966982,
            38.097487799323126
          ],
          [
            -108.80191030780252,
            38.09690780289439
          ],
          [
            -108.80090305472221,
            38.09564503502228
          ],
          [
            -108.79910244282065,
            38.09443615531637
          ],
          [
            -108.79721793366141,
            38.093680603122884
          ],
          [
            -108.79490619114296,
            38.092928940722565
          ],
          [
            -108.79381504260164,
            38.09263560675028
          ],
          [
            -108.79265555921664,
            38.09234172014874
          ],
          [
            -108.79092327856549,
            38.09181894595424
          ],
          [
            -108.78983268608128,
            38.0914717250892
          ],
          [
            -108.78903877120288,
            38.09118228296569
          ],
          [
            -108.78802429297274,
            38.09083117479394
          ],
          [
            -108.78715426294197,
            38.090545065087134
          ],
          [
            -108.78642979502152,
            38.09042284181924
          ],
          [
            -108.78549142835047,
            38.090304509020626
          ],
          [
            -108.78541475803927,
            38.090308396865964
          ]
        ]
      },
      "properties": {
        "fault_name": "Big Gypsum Valley graben",
        "age": "class B",
        "slip_rate": "Less than 0.2 mm/yr"
      }
    }
  ]
}