{
"type": "FeatureCollection",
"name": "strong_anomaly_zones",
"crs": { "type": "name", "properties": { "name": "urn:ogc:def:crs:EPSG::32610" } },
"features": [
{ "type": "Feature", "properties": { "area_km2": 0.008281 }, "geometry": { "type": "Polygon", "coordinates": [ [ [ 521639.0, 4527901.0 ], [ 521639.0, 4527810.0 ], [ 521730.0, 4527810.0 ], [ 521730.0, 4527901.0 ], [ 521639.0, 4527901.0 ] ] ] } },
{ "type": "Feature", "properties": { "area_km2": 0.008281 }, "geometry": { "type": "Polygon", "coordinates": [ [ [ 523368.0, 4527901.0 ], [ 523368.0, 4527810.0 ], [ 523459.0, 4527810.0 ], [ 523459.0, 4527901.0 ], [ 523368.0, 4527901.0 ] ] ] } },
{ "type": "Feature", "properties": { "area_km2": 0.008281 }, "geometry": { "type": "Polygon", "coordinates": [ [ [ 528373.0, 4527901.0 ], [ 528373.0, 4527810.0 ], [ 528464.0, 4527810.0 ], [ 528464.0, 4527901.0 ], [ 528373.0, 4527901.0 ] ] ] } },
{ "type": "Feature", "properties": { "area_km2": 0.008281 }, "geometry": { "type": "Polygon", "coordinates": [ [ [ 531194.0, 4527901.0 ], [ 531194.0, 4527810.0 ], [ 531285.0, 4527810.0 ], [ 531285.0, 4527901.0 ], [ 531194.0, 4527901.0 ] ] ] } },
{ "type": "Feature", "properties": { "area_km2": 0.008281 }, "geometry": { "type": "Polygon", "coordinates": [ [ [ 549121.0, 4527901.0 ], [ 549121.0, 4527810.0 ], [ 549212.0, 4527810.0 ], [ 549212.0, 4527901.0 ], [ 549121.0, 4527901.0 ] ] ] } },
{ "type": "Feature", "properties": { "area_km2": 0.041405 }, "geometry": { "type": "Polygon", "coordinates": [ [ [ 520183.0, 4527901.0 ], [ 520183.0, 4527719.0 ], [ 520365.0, 4527719.0 ], [ 520365.0, 4527810.0 ], [ 520456.0, 4527810.0 ], [ 520456.0, 4527901.0 ], [ 520183.0, 4527901.0 ] ] ] } },
{ "type": "Feature", "properties": { "area_km2": 0.008281 }, "geometry": { "type": "Polygon", "coordinates": [ [ [ 522458.0, 4527810.0 ], [ 522458.0, 4527719.0 ], [ 522549.0, 4527719.0 ], [ 522549.0, 4527810.0 ], [ 522458.0, 4527810.0 ] ] ] } },
{ "type": "Feature", "properties": { "area_km2": 0.008281 }, "geometry": { "type": "Polygon", "coordinates": [ [ [ 527918.0, 4527810.0 ], [ 527918.0, 4527719.0 ], [ 528009.0, 4527719.0 ], [ 528009.0, 4527810.0 ], [ 527918.0, 4527810.0 ] ] ] } },
{ "type": "Feature", "properties": { "area_km2": 0.008281 }, "geometry": { "type": "Polygon", "coordinates": [ [ [ 531740.0, 4527810.0 ], [ 531740.0, 4527719.0 ], [ 531831.0, 4527719.0 ], [ 531831.0, 4527810.0 ], [ 531740.0, 4527810.0 ] ] ] } },
{ "type": "Feature", "properties": { "area_km2": 0.008281 }, "geometry": { "type": "Polygon", "coordinates": [ [ [ 522640.0, 4527719.0 ], [ 522640.0, 4527628.0 ], [ 522731.0, 4527628.0 ], [ 522731.0, 4527719.0 ], [ 522640.0, 4527719.0 ] ] ] } },
{ "type": "Feature", "properties": { "area_km2": 0.008281 }, "geometry": { "type": "Polygon", "coordinates": [ [ [ 528282.0, 4527719.0 ], [ 528282.0, 4527628.0 ], [ 528373.0, 4527628.0 ], [ 528373.0, 4527719.0 ], [ 528282.0, 4527719.0 ] ] ] } },
{ "type": "Feature", "properties": { "area_km2": 0.008281 }, "geometry": { "type": "Polygon", "coordinates": [ [ [ 531649.0, 4527719.0 ], [ 531649.0, 4527628.0 ], [ 531740.0, 4527628.0 ], [ 531740.0, 4527719.0 ], [ 531649.0, 4527719.0 ] ] ] } },
{ "type": "Feature", "properties": { "area_km2": 0.016562 }, "geometry": { "type": "Polygon", "coordinates": [ [ [ 539657.0, 4527719.0 ], [ 539657.0, 4527628.0 ], [ 539839.0, 4527628.0 ], [ 539839.0, 4527719.0 ], [ 539657.0, 4527719.0 ] ] ] } },
{ "type": "Feature", "properties": { "area_km2": 0.016562 }, "geometry": { "type": "Polygon", "coordinates": [ [ [ 522822.0, 4527719.0 ], [ 522822.0, 4527537.0 ], [ 522913.0, 4527537.0 ], [ 522913.0, 4527719.0 ], [ 522822.0, 4527719.0 ] ] ] } },
{ "type": "Feature", "properties": { "area_km2": 0.024843 }, "geometry": { "type": "Polygon", "coordinates": [ [ [ 528555.0, 4527719.0 ], [ 528555.0, 4527537.0 ], [ 528646.0, 4527537.0 ], [ 528646.0, 4527628.0 ], [ 528737.0, 4527628.0 ], [ 528737.0, 4527719.0 ], [ 528555.0, 4527719.0 ] ] ] } },
{ "type": "Feature", "properties": { "area_km2": 0.008281 }, "geometry": { "type": "Polygon", "coordinates": [ [ [ 526917.0, 4527628.0 ], [ 526917.0, 4527537.0 ], [ 527008.0, 4527537.0 ], [ 527008.0, 4527628.0 ], [ 526917.0, 4527628.0 ] ] ] } },
{ "type": "Feature", "properties": { "area_km2": 0.008281 }, "geometry": { "type": "Polygon", "coordinates": [ [ [ 541386.0, 4527628.0 ], [ 541386.0, 4527537.0 ], [ 541477.0, 4527537.0 ], [ 541477.0, 4527628.0 ], [ 541386.0, 4527628.0 ] ] ] } },
{ "type": "Feature", "properties": { "area_km2": 0.016562 }, "geometry": { "type": "Polygon", "coordinates": [ [ [ 546664.0, 4527628.0 ], [ 546664.0, 4527537.0 ], [ 546846.0, 4527537.0 ], [ 546846.0, 4527628.0 ], [ 546664.0, 4527628.0 ] ] ] } },
{ "type": "Feature", "properties": { "area_km2": 0.016562 }, "geometry": { "type": "Polygon", "coordinates": [ [ [ 528646.0, 4527537.0 ], [ 528646.0, 4527446.0 ], [ 528828.0, 4527446.0 ], [ 528828.0, 4527537.0 ], [ 528646.0, 4527537.0 ] ] ] } },
{ "type": "Feature", "properties": { "area_km2": 0.016562 }, "geometry": { "type": "Polygon", "coordinates": [ [ [ 531740.0, 4527537.0 ], [ 531740.0, 4527446.0 ], [ 531922.0, 4527446.0 ], [ 531922.0, 4527537.0 ], [ 531740.0, 4527537.0 ] ] ] } },
{ "type": "Feature", "properties": { "area_km2": 0.008281 }, "geometry": { "type": "Polygon", "coordinates": [ [ [ 532013.0, 4527537.0 ], [ 532013.0, 4527446.0 ], [ 532104.0, 4527446.0 ], [ 532104.0, 4527537.0 ], [ 532013.0, 4527537.0 ] ] ] } },
{ "type": "Feature", "properties": { "area_km2": 0.008281 }, "geometry": { "type": "Polygon", "coordinates": [ [ [ 521093.0, 4527446.0 ], [ 521093.0, 4527355.0 ], [ 521184.0, 4527355.0 ], [ 521184.0, 4527446.0 ], [ 521093.0, 4527446.0 ] ] ] } },
{ "type": "Feature", "properties": { "area_km2": 0.016562 }, "geometry": { "type": "Polygon", "coordinates": [ [ [ 528373.0, 4527446.0 ], [ 528373.0, 4527355.0 ], [ 528555.0, 4527355.0 ], [ 528555.0, 4527446.0 ], [ 528373.0, 4527446.0 ] ] ] } },
{ "type": "Feature", "properties": { "area_km2": 0.008281 }, "geometry": { "type": "Polygon", "coordinates": [ [ [ 531922.0, 4527446.0 ], [ 531922.0, 4527355.0 ], [ 532013.0, 4527355.0 ], [ 532013.0, 4527446.0 ], [ 531922.0, 4527446.0 ] ] ] } },
{ "type": "Feature", "properties": { "area_km2": 0.033124 }, "geometry": { "type": "Polygon", "coordinates": [ [ [ 532377.0, 4527537.0 ], [ 532377.0, 4527446.0 ], [ 532286.0, 4527446.0 ], [ 532286.0, 4527355.0 ], [ 532468.0, 4527355.0 ], [ 532468.0, 4527446.0 ], [ 532559.0, 4527446.0 ], [ 532559.0, 4527537.0 ], [ 532377.0, 4527537.0 ] ] ] } },
{ "type": "Feature", "properties": { "area_km2": 0.008281 }, "geometry": { "type": "Polygon", "coordinates": [ [ [ 532559.0, 4527446.0 ], [ 532559.0, 4527355.0 ], [ 532650.0, 4527355.0 ], [ 532650.0, 4527446.0 ], [ 532559.0, 4527446.0 ] ] ] } },
{ "type": "Feature", "properties": { "area_km2": 0.008281 }, "geometry": { "type": "Polygon", "coordinates": [ [ [ 541022.0, 4527446.0 ], [ 541022.0, 4527355.0 ], [ 541113.0, 4527355.0 ], [ 541113.0, 4527446.0 ], [ 541022.0, 4527446.0 ] ] ] } },
{ "type": "Feature", "properties": { "area_km2": 0.008281 }, "geometry": { "type": "Polygon", "coordinates": [ [ [ 546482.0, 4527446.0 ], [ 546482.0, 4527355.0 ], [ 546573.0, 4527355.0 ], [ 546573.0, 4527446.0 ], [ 546482.0, 4527446.0 ] ] ] } },
{ "type": "Feature", "properties": { "area_km2": 0.008281 }, "geometry": { "type": "Polygon", "coordinates": [ [ [ 546846.0, 4527446.0 ], [ 546846.0, 4527355.0 ], [ 546937.0, 4527355.0 ], [ 546937.0, 4527446.0 ], [ 546846.0, 4527446.0 ] ] ] } },
{ "type": "Feature", "properties": { "area_km2": 0.124215 }, "geometry": { "type": "Polygon", "coordinates": [ [ [ 522003.0, 4527628.0 ], [ 522003.0, 4527537.0 ], [ 521912.0, 4527537.0 ], [ 521912.0, 4527355.0 ], [ 522003.0, 4527355.0 ], [ 522003.0, 4527264.0 ], [ 522276.0, 4527264.0 ], [ 522276.0, 4527355.0 ], [ 522549.0, 4527355.0 ], [ 522549.0, 4527446.0 ], [ 522276.0, 4527446.0 ], [ 522276.0, 4527537.0 ], [ 522094.0, 4527537.0 ], [ 522094.0, 4527628.0 ], [ 522003.0, 4527628.0 ] ] ] } },
{ "type": "Feature", "properties": { "area_km2": 0.024843 }, "geometry": { "type": "Polygon", "coordinates": [ [ [ 549303.0, 4527446.0 ], [ 549303.0, 4527264.0 ], [ 549485.0, 4527264.0 ], [ 549485.0, 4527355.0 ], [ 549394.0, 4527355.0 ], [ 549394.0, 4527446.0 ], [ 549303.0, 4527446.0 ] ] ] } },
{ "type": "Feature", "properties": { "area_km2": 0.016562 }, "geometry": { "type": "Polygon", "coordinates": [ [ [ 522549.0, 4527355.0 ], [ 522549.0, 4527264.0 ], [ 522731.0, 4527264.0 ], [ 522731.0, 4527355.0 ], [ 522549.0, 4527355.0 ] ] ] } },
{ "type": "Feature", "properties": { "area_km2": 0.008281 }, "geometry": { "type": "Polygon", "coordinates": [ [ [ 522913.0, 4527355.0 ], [ 522913.0, 4527264.0 ], [ 523004.0, 4527264.0 ], [ 523004.0, 4527355.0 ], [ 522913.0, 4527355.0 ] ] ] } },
{ "type": "Feature", "properties": { "area_km2": 0.008281 }, "geometry": { "type": "Polygon", "coordinates": [ [ [ 528646.0, 4527355.0 ], [ 528646.0, 4527264.0 ], [ 528737.0, 4527264.0 ], [ 528737.0, 4527355.0 ], [ 528646.0, 4527355.0 ] ] ] } },
{ "type": "Feature", "properties": { "area_km2": 0.016562 }, "geometry": { "type": "Polygon", "coordinates": [ [ [ 532650.0, 4527355.0 ], [ 532650.0, 4527264.0 ], [ 532832.0, 4527264.0 ], [ 532832.0, 4527355.0 ], [ 532650.0, 4527355.0 ] ] ] } },
{ "type": "Feature", "properties": { "area_km2": 0.008281 }, "geometry": { "type": "Polygon", "coordinates": [ [ [ 546755.0, 4527355.0 ], [ 546755.0, 4527264.0 ], [ 546846.0, 4527264.0 ], [ 546846.0, 4527355.0 ], [ 546755.0, 4527355.0 ] ] ] } },
{ "type": "Feature", "properties": { "area_km2": 0.513422 }, "geometry": { "type": "Polygon", "coordinates": [ [ [ 520547.0, 4527901.0 ], [ 520547.0, 4527628.0 ], [ 520274.0, 4527628.0 ], [ 520274.0, 4527537.0 ], [ 520638.0, 4527537.0 ], [ 520638.0, 4527446.0 ], [ 520820.0, 4527446.0 ], [ 520820.0, 4527537.0 ], [ 521275.0, 4527537.0 ], [ 521275.0, 4527355.0 ], [ 521366.0, 4527355.0 ], [ 521366.0, 4527264.0 ], [ 521457.0, 4527264.0 ], [ 521457.0, 4527173.0 ], [ 521730.0, 4527173.0 ], [ 521730.0, 4527264.0 ], [ 521639.0, 4527264.0 ], [ 521639.0, 4527446.0 ], [ 521821.0, 4527446.0 ], [ 521821.0, 4527628.0 ], [ 521730.0, 4527628.0 ], [ 521730.0, 4527719.0 ], [ 521639.0, 4527719.0 ], [ 521639.0, 4527810.0 ], [ 521457.0, 4527810.0 ], [ 521457.0, 4527719.0 ], [ 521366.0, 4527719.0 ], [ 521366.0, 4527810.0 ], [ 521093.0, 4527810.0 ], [ 521093.0, 4527719.0 ], [ 521002.0, 4527719.0 ], [ 521002.0, 4527901.0 ], [ 520547.0, 4527901.0 ] ], [ [ 520820.0, 4527719.0 ], [ 520911.0, 4527719.0 ], [ 520911.0, 4527628.0 ], [ 520820.0, 4527628.0 ], [ 520820.0, 4527719.0 ] ] ] } },
{ "type": "Feature", "properties": { "area_km2": 0.091091 }, "geometry": { "type": "Polygon", "coordinates": [ [ [ 531285.0, 4527355.0 ], [ 531285.0, 4527173.0 ], [ 531922.0, 4527173.0 ], [ 531922.0, 4527264.0 ], [ 531649.0, 4527264.0 ], [ 531649.0, 4527355.0 ], [ 531285.0, 4527355.0 ] ] ] } },
{ "type": "Feature", "properties": { "area_km2": 0.008281 }, "geometry": { "type": "Polygon", "coordinates": [ [ [ 526371.0, 4527264.0 ], [ 526371.0, 4527173.0 ], [ 526462.0, 4527173.0 ], [ 526462.0, 4527264.0 ], [ 526371.0, 4527264.0 ] ] ] } },
{ "type": "Feature", "properties": { "area_km2": 0.016562 }, "geometry": { "type": "Polygon", "coordinates": [ [ [ 528373.0, 4527264.0 ], [ 528373.0, 4527173.0 ], [ 528555.0, 4527173.0 ], [ 528555.0, 4527264.0 ], [ 528373.0, 4527264.0 ] ] ] } },
{ "type": "Feature", "properties": { "area_km2": 0.008281 }, "geometry": { "type": "Polygon", "coordinates": [ [ [ 548575.0, 4527264.0 ], [ 548575.0, 4527173.0 ], [ 548666.0, 4527173.0 ], [ 548666.0, 4527264.0 ], [ 548575.0, 4527264.0 ] ] ] } },
{ "type": "Feature", "properties": { "area_km2": 0.041405 }, "geometry": { "type": "Polygon", "coordinates": [ [ [ 549485.0, 4527446.0 ], [ 549485.0, 4527355.0 ], [ 549576.0, 4527355.0 ], [ 549576.0, 4527264.0 ], [ 549485.0, 4527264.0 ], [ 549485.0, 4527173.0 ], [ 549667.0, 4527173.0 ], [ 549667.0, 4527446.0 ], [ 549485.0, 4527446.0 ] ] ] } },
{ "type": "Feature", "properties": { "area_km2": 0.008281 }, "geometry": { "type": "Polygon", "coordinates": [ [ [ 549849.0, 4527264.0 ], [ 549849.0, 4527173.0 ], [ 549940.0, 4527173.0 ], [ 549940.0, 4527264.0 ], [ 549849.0, 4527264.0 ] ] ] } },
{ "type": "Feature", "properties": { "area_km2": 0.008281 }, "geometry": { "type": "Polygon", "coordinates": [ [ [ 532832.0, 4527173.0 ], [ 532832.0, 4527082.0 ], [ 532923.0, 4527082.0 ], [ 532923.0, 4527173.0 ], [ 532832.0, 4527173.0 ] ] ] } },
{ "type": "Feature", "properties": { "area_km2": 0.008281 }, "geometry": { "type": "Polygon", "coordinates": [ [ [ 539111.0, 4527173.0 ], [ 539111.0, 4527082.0 ], [ 539202.0, 4527082.0 ], [ 539202.0, 4527173.0 ], [ 539111.0, 4527173.0 ] ] ] } },
{ "type": "Feature", "properties": { "area_km2": 0.008281 }, "geometry": { "type": "Polygon", "coordinates": [ [ [ 542296.0, 4527173.0 ], [ 542296.0, 4527082.0 ], [ 542387.0, 4527082.0 ], [ 542387.0, 4527173.0 ], [ 542296.0, 4527173.0 ] ] ] } },
{ "type": "Feature", "properties": { "area_km2": 0.008281 }, "geometry": { "type": "Polygon", "coordinates": [ [ [ 549758.0, 4527173.0 ], [ 549758.0, 4527082.0 ], [ 549849.0, 4527082.0 ], [ 549849.0, 4527173.0 ], [ 549758.0, 4527173.0 ] ] ] } },
{ "type": "Feature", "properties": { "area_km2": 0.024843 }, "geometry": { "type": "Polygon", "coordinates": [ [ [ 549940.0, 4527173.0 ], [ 549940.0, 4527082.0 ], [ 550213.0, 4527082.0 ], [ 550213.0, 4527173.0 ], [ 549940.0, 4527173.0 ] ] ] } },
{ "type": "Feature", "properties": { "area_km2": 0.024843 }, "geometry": { "type": "Polygon", "coordinates": [ [ [ 532195.0, 4527264.0 ], [ 532195.0, 4526991.0 ], [ 532286.0, 4526991.0 ], [ 532286.0, 4527264.0 ], [ 532195.0, 4527264.0 ] ] ] } },
{ "type": "Feature", "properties": { "area_km2": 0.016562 }, "geometry": { "type": "Polygon", "coordinates": [ [ [ 550304.0, 4527173.0 ], [ 550304.0, 4526991.0 ], [ 550395.0, 4526991.0 ], [ 550395.0, 4527173.0 ], [ 550304.0, 4527173.0 ] ] ] } },
{ "type": "Feature", "properties": { "area_km2": 0.008281 }, "geometry": { "type": "Polygon", "coordinates": [ [ [ 528919.0, 4526991.0 ], [ 528919.0, 4526900.0 ], [ 529010.0, 4526900.0 ], [ 529010.0, 4526991.0 ], [ 528919.0, 4526991.0 ] ] ] } },
{ "type": "Feature", "properties": { "area_km2": 0.008281 }, "geometry": { "type": "Polygon", "coordinates": [ [ [ 531558.0, 4526991.0 ], [ 531558.0, 4526900.0 ], [ 531649.0, 4526900.0 ], [ 531649.0, 4526991.0 ], [ 531558.0, 4526991.0 ] ] ] } },
{ "type": "Feature", "properties": { "area_km2": 0.008281 }, "geometry": { "type": "Polygon", "coordinates": [ [ [ 532377.0, 4526991.0 ], [ 532377.0, 4526900.0 ], [ 532468.0, 4526900.0 ], [ 532468.0, 4526991.0 ], [ 532377.0, 4526991.0 ] ] ] } },
{ "type": "Feature", "properties": { "area_km2": 0.008281 }, "geometry": { "type": "Polygon", "coordinates": [ [ [ 534652.0, 4526991.0 ], [ 534652.0, 4526900.0 ], [ 534743.0, 4526900.0 ], [ 534743.0, 4526991.0 ], [ 534652.0, 4526991.0 ] ] ] } },
{ "type": "Feature", "properties": { "area_km2": 0.033124 }, "geometry": { "type": "Polygon", "coordinates": [ [ [ 522003.0, 4526991.0 ], [ 522003.0, 4526900.0 ], [ 521912.0, 4526900.0 ], [ 521912.0, 4526809.0 ], [ 522185.0, 4526809.0 ], [ 522185.0, 4526900.0 ], [ 522094.0, 4526900.0 ], [ 522094.0, 4526991.0 ], [ 522003.0, 4526991.0 ] ] ] } },
{ "type": "Feature", "properties": { "area_km2": 0.008281 }, "geometry": { "type": "Polygon", "coordinates": [ [ [ 531740.0, 4526900.0 ], [ 531740.0, 4526809.0 ], [ 531831.0, 4526809.0 ], [ 531831.0, 4526900.0 ], [ 531740.0, 4526900.0 ] ] ] } },
{ "type": "Feature", "properties": { "area_km2": 0.008281 }, "geometry": { "type": "Polygon", "coordinates": [ [ [ 536017.0, 4526900.0 ], [ 536017.0, 4526809.0 ], [ 536108.0, 4526809.0 ], [ 536108.0, 4526900.0 ], [ 536017.0, 4526900.0 ] ] ] } },
{ "type": "Feature", "properties": { "area_km2": 0.008281 }, "geometry": { "type": "Polygon", "coordinates": [ [ [ 540749.0, 4526900.0 ], [ 540749.0, 4526809.0 ], [ 540840.0, 4526809.0 ], [ 540840.0, 4526900.0 ], [ 540749.0, 4526900.0 ] ] ] } },
{ "type": "Feature", "properties": { "area_km2": 0.008281 }, "geometry": { "type": "Polygon", "coordinates": [ [ [ 544844.0, 4526900.0 ], [ 544844.0, 4526809.0 ], [ 544935.0, 4526809.0 ], [ 544935.0, 4526900.0 ], [ 544844.0, 4526900.0 ] ] ] } },
{ "type": "Feature", "properties": { "area_km2": 0.033124 }, "geometry": { "type": "Polygon", "coordinates": [ [ [ 521639.0, 4526991.0 ], [ 521639.0, 4526900.0 ], [ 521730.0, 4526900.0 ], [ 521730.0, 4526718.0 ], [ 521821.0, 4526718.0 ], [ 521821.0, 4526991.0 ], [ 521639.0, 4526991.0 ] ] ] } },
{ "type": "Feature", "properties": { "area_km2": 0.008281 }, "geometry": { "type": "Polygon", "coordinates": [ [ [ 522549.0, 4526809.0 ], [ 522549.0, 4526718.0 ], [ 522640.0, 4526718.0 ], [ 522640.0, 4526809.0 ], [ 522549.0, 4526809.0 ] ] ] } },
{ "type": "Feature", "properties": { "area_km2": 0.008281 }, "geometry": { "type": "Polygon", "coordinates": [ [ [ 531558.0, 4526809.0 ], [ 531558.0, 4526718.0 ], [ 531649.0, 4526718.0 ], [ 531649.0, 4526809.0 ], [ 531558.0, 4526809.0 ] ] ] } },
{ "type": "Feature", "properties": { "area_km2": 0.016562 }, "geometry": { "type": "Polygon", "coordinates": [ [ [ 541022.0, 4526809.0 ], [ 541022.0, 4526718.0 ], [ 541204.0, 4526718.0 ], [ 541204.0, 4526809.0 ], [ 541022.0, 4526809.0 ] ] ] } },
{ "type": "Feature", "properties": { "area_km2": 0.016562 }, "geometry": { "type": "Polygon", "coordinates": [ [ [ 545299.0, 4526809.0 ], [ 545299.0, 4526718.0 ], [ 545481.0, 4526718.0 ], [ 545481.0, 4526809.0 ], [ 545299.0, 4526809.0 ] ] ] } },
{ "type": "Feature", "properties": { "area_km2": 0.008281 }, "geometry": { "type": "Polygon", "coordinates": [ [ [ 522913.0, 4526718.0 ], [ 522913.0, 4526627.0 ], [ 523004.0, 4526627.0 ], [ 523004.0, 4526718.0 ], [ 522913.0, 4526718.0 ] ] ] } },
{ "type": "Feature", "properties": { "area_km2": 0.008281 }, "geometry": { "type": "Polygon", "coordinates": [ [ [ 523186.0, 4526718.0 ], [ 523186.0, 4526627.0 ], [ 523277.0, 4526627.0 ], [ 523277.0, 4526718.0 ], [ 523186.0, 4526718.0 ] ] ] } },
{ "type": "Feature", "properties": { "area_km2": 0.008281 }, "geometry": { "type": "Polygon", "coordinates": [ [ [ 531376.0, 4526718.0 ], [ 531376.0, 4526627.0 ], [ 531467.0, 4526627.0 ], [ 531467.0, 4526718.0 ], [ 531376.0, 4526718.0 ] ] ] } },
{ "type": "Feature", "properties": { "area_km2": 0.024843 }, "geometry": { "type": "Polygon", "coordinates": [ [ [ 521821.0, 4526718.0 ], [ 521821.0, 4526627.0 ], [ 521730.0, 4526627.0 ], [ 521730.0, 4526536.0 ], [ 521912.0, 4526536.0 ], [ 521912.0, 4526718.0 ], [ 521821.0, 4526718.0 ] ] ] } },
{ "type": "Feature", "properties": { "area_km2": 0.008281 }, "geometry": { "type": "Polygon", "coordinates": [ [ [ 523641.0, 4526627.0 ], [ 523641.0, 4526536.0 ], [ 523732.0, 4526536.0 ], [ 523732.0, 4526627.0 ], [ 523641.0, 4526627.0 ] ] ] } },
{ "type": "Feature", "properties": { "area_km2": 0.008281 }, "geometry": { "type": "Polygon", "coordinates": [ [ [ 523914.0, 4526627.0 ], [ 523914.0, 4526536.0 ], [ 524005.0, 4526536.0 ], [ 524005.0, 4526627.0 ], [ 523914.0, 4526627.0 ] ] ] } },
{ "type": "Feature", "properties": { "area_km2": 0.008281 }, "geometry": { "type": "Polygon", "coordinates": [ [ [ 532195.0, 4526627.0 ], [ 532195.0, 4526536.0 ], [ 532286.0, 4526536.0 ], [ 532286.0, 4526627.0 ], [ 532195.0, 4526627.0 ] ] ] } },
{ "type": "Feature", "properties": { "area_km2": 0.008281 }, "geometry": { "type": "Polygon", "coordinates": [ [ [ 548939.0, 4526627.0 ], [ 548939.0, 4526536.0 ], [ 549030.0, 4526536.0 ], [ 549030.0, 4526627.0 ], [ 548939.0, 4526627.0 ] ] ] } },
{ "type": "Feature", "properties": { "area_km2": 0.008281 }, "geometry": { "type": "Polygon", "coordinates": [ [ [ 549940.0, 4526627.0 ], [ 549940.0, 4526536.0 ], [ 550031.0, 4526536.0 ], [ 550031.0, 4526627.0 ], [ 549940.0, 4526627.0 ] ] ] } },
{ "type": "Feature", "properties": { "area_km2": 0.016562 }, "geometry": { "type": "Polygon", "coordinates": [ [ [ 533105.0, 4526627.0 ], [ 533105.0, 4526445.0 ], [ 533196.0, 4526445.0 ], [ 533196.0, 4526627.0 ], [ 533105.0, 4526627.0 ] ] ] } },
{ "type": "Feature", "properties": { "area_km2": 0.008281 }, "geometry": { "type": "Polygon", "coordinates": [ [ [ 523004.0, 4526536.0 ], [ 523004.0, 4526445.0 ], [ 523095.0, 4526445.0 ], [ 523095.0, 4526536.0 ], [ 523004.0, 4526536.0 ] ] ] } },
{ "type": "Feature", "properties": { "area_km2": 0.008281 }, "geometry": { "type": "Polygon", "coordinates": [ [ [ 531376.0, 4526536.0 ], [ 531376.0, 4526445.0 ], [ 531467.0, 4526445.0 ], [ 531467.0, 4526536.0 ], [ 531376.0, 4526536.0 ] ] ] } },
{ "type": "Feature", "properties": { "area_km2": 0.024843 }, "geometry": { "type": "Polygon", "coordinates": [ [ [ 523277.0, 4526445.0 ], [ 523277.0, 4526354.0 ], [ 523550.0, 4526354.0 ], [ 523550.0, 4526445.0 ], [ 523277.0, 4526445.0 ] ] ] } },
{ "type": "Feature", "properties": { "area_km2": 0.016562 }, "geometry": { "type": "Polygon", "coordinates": [ [ [ 532104.0, 4526445.0 ], [ 532104.0, 4526354.0 ], [ 532286.0, 4526354.0 ], [ 532286.0, 4526445.0 ], [ 532104.0, 4526445.0 ] ] ] } },
{ "type": "Feature", "properties": { "area_km2": 0.008281 }, "geometry": { "type": "Polygon", "coordinates": [ [ [ 532650.0, 4526445.0 ], [ 532650.0, 4526354.0 ], [ 532741.0, 4526354.0 ], [ 532741.0, 4526445.0 ], [ 532650.0, 4526445.0 ] ] ] } },
{ "type": "Feature", "properties": { "area_km2": 0.024843 }, "geometry": { "type": "Polygon", "coordinates": [ [ [ 533651.0, 4526445.0 ], [ 533651.0, 4526354.0 ], [ 533924.0, 4526354.0 ], [ 533924.0, 4526445.0 ], [ 533651.0, 4526445.0 ] ] ] } },
{ "type": "Feature", "properties": { "area_km2": 0.041405 }, "geometry": { "type": "Polygon", "coordinates": [ [ [ 532923.0, 4526536.0 ], [ 532923.0, 4526263.0 ], [ 533105.0, 4526263.0 ], [ 533105.0, 4526445.0 ], [ 533014.0, 4526445.0 ], [ 533014.0, 4526536.0 ], [ 532923.0, 4526536.0 ] ] ] } },
{ "type": "Feature", "properties": { "area_km2": 0.008281 }, "geometry": { "type": "Polygon", "coordinates": [ [ [ 524096.0, 4526354.0 ], [ 524096.0, 4526263.0 ], [ 524187.0, 4526263.0 ], [ 524187.0, 4526354.0 ], [ 524096.0, 4526354.0 ] ] ] } },
{ "type": "Feature", "properties": { "area_km2": 0.008281 }, "geometry": { "type": "Polygon", "coordinates": [ [ [ 529829.0, 4526354.0 ], [ 529829.0, 4526263.0 ], [ 529920.0, 4526263.0 ], [ 529920.0, 4526354.0 ], [ 529829.0, 4526354.0 ] ] ] } },
{ "type": "Feature", "properties": { "area_km2": 0.016562 }, "geometry": { "type": "Polygon", "coordinates": [ [ [ 531376.0, 4526354.0 ], [ 531376.0, 4526263.0 ], [ 531558.0, 4526263.0 ], [ 531558.0, 4526354.0 ], [ 531376.0, 4526354.0 ] ] ] } },
{ "type": "Feature", "properties": { "area_km2": 0.024843 }, "geometry": { "type": "Polygon", "coordinates": [ [ [ 532377.0, 4526445.0 ], [ 532377.0, 4526354.0 ], [ 532286.0, 4526354.0 ], [ 532286.0, 4526263.0 ], [ 532468.0, 4526263.0 ], [ 532468.0, 4526445.0 ], [ 532377.0, 4526445.0 ] ] ] } },
{ "type": "Feature", "properties": { "area_km2": 2.583672 }, "geometry": { "type": "Polygon", "coordinates": [ [ [ 528646.0, 4527901.0 ], [ 528646.0, 4527810.0 ], [ 528737.0, 4527810.0 ], [ 528737.0, 4527719.0 ], [ 528828.0, 4527719.0 ], [ 528828.0, 4527810.0 ], [ 528919.0, 4527810.0 ], [ 528919.0, 4527719.0 ], [ 529192.0, 4527719.0 ], [ 529192.0, 4527628.0 ], [ 529374.0, 4527628.0 ], [ 529374.0, 4527537.0 ], [ 529283.0, 4527537.0 ], [ 529283.0, 4527446.0 ], [ 529192.0, 4527446.0 ], [ 529192.0, 4527537.0 ], [ 529101.0, 4527537.0 ], [ 529101.0, 4527628.0 ], [ 528919.0, 4527628.0 ], [ 528919.0, 4527537.0 ], [ 529010.0, 4527537.0 ], [ 529010.0, 4527446.0 ], [ 529101.0, 4527446.0 ], [ 529101.0, 4527264.0 ], [ 529010.0, 4527264.0 ], [ 529010.0, 4527355.0 ], [ 528828.0, 4527355.0 ], [ 528828.0, 4527082.0 ], [ 528919.0, 4527082.0 ], [ 528919.0, 4527173.0 ], [ 529010.0, 4527173.0 ], [ 529010.0, 4526991.0 ], [ 529192.0, 4526991.0 ], [ 529192.0, 4526900.0 ], [ 529374.0, 4526900.0 ], [ 529374.0, 4526809.0 ], [ 529556.0, 4526809.0 ], [ 529556.0, 4526718.0 ], [ 529647.0, 4526718.0 ], [ 529647.0, 4526627.0 ], [ 529465.0, 4526627.0 ], [ 529465.0, 4526718.0 ], [ 529010.0, 4526718.0 ], [ 529010.0, 4526627.0 ], [ 529283.0, 4526627.0 ], [ 529283.0, 4526536.0 ], [ 529465.0, 4526536.0 ], [ 529465.0, 4526445.0 ], [ 530011.0, 4526445.0 ], [ 530011.0, 4526263.0 ], [ 530102.0, 4526263.0 ], [ 530102.0, 4526354.0 ], [ 530284.0, 4526354.0 ], [ 530284.0, 4526445.0 ], [ 530375.0, 4526445.0 ], [ 530375.0, 4526263.0 ], [ 530466.0, 4526263.0 ], [ 530466.0, 4526354.0 ], [ 530557.0, 4526354.0 ], [ 530557.0, 4526263.0 ], [ 530739.0, 4526263.0 ], [ 530739.0, 4526354.0 ], [ 531012.0, 4526354.0 ], [ 531012.0, 4526172.0 ], [ 531103.0, 4526172.0 ], [ 531103.0, 4526354.0 ], [ 531285.0, 4526354.0 ], [ 531285.0, 4526536.0 ], [ 531103.0, 4526536.0 ], [ 531103.0, 4526445.0 ], [ 531012.0, 4526445.0 ], [ 531012.0, 4526536.0 ], [ 530921.0, 4526536.0 ], [ 530921.0, 4526445.0 ], [ 530830.0, 4526445.0 ], [ 530830.0, 4526627.0 ], [ 530921.0, 4526627.0 ], [ 530921.0, 4526809.0 ], [ 531376.0, 4526809.0 ], [ 531376.0, 4526991.0 ], [ 531103.0, 4526991.0 ], [ 531103.0, 4527082.0 ], [ 530921.0, 4527082.0 ], [ 530921.0, 4527264.0 ], [ 531194.0, 4527264.0 ], [ 531194.0, 4527446.0 ], [ 531285.0, 4527446.0 ], [ 531285.0, 4527537.0 ], [ 531558.0, 4527537.0 ], [ 531558.0, 4527628.0 ], [ 531194.0, 4527628.0 ], [ 531194.0, 4527719.0 ], [ 530921.0, 4527719.0 ], [ 530921.0, 4527810.0 ], [ 530375.0, 4527810.0 ], [ 530375.0, 4527901.0 ], [ 530102.0, 4527901.0 ], [ 530102.0, 4527719.0 ], [ 530011.0, 4527719.0 ], [ 530011.0, 4527810.0 ], [ 529647.0, 4527810.0 ], [ 529647.0, 4527901.0 ], [ 528646.0, 4527901.0 ] ], [ [ 529374.0, 4527719.0 ], [ 529556.0, 4527719.0 ], [ 529556.0, 4527628.0 ], [ 529374.0, 4527628.0 ], [ 529374.0, 4527719.0 ] ], [ [ 530648.0, 4527719.0 ], [ 530739.0, 4527719.0 ], [ 530739.0, 4527628.0 ], [ 530648.0, 4527628.0 ], [ 530648.0, 4527719.0 ] ], [ [ 529738.0, 4527628.0 ], [ 529829.0, 4527628.0 ], [ 529829.0, 4527537.0 ], [ 529920.0, 4527537.0 ], [ 529920.0, 4527446.0 ], [ 529556.0, 4527446.0 ], [ 529556.0, 4527537.0 ], [ 529738.0, 4527537.0 ], [ 529738.0, 4527628.0 ] ], [ [ 531012.0, 4527628.0 ], [ 531194.0, 4527628.0 ], [ 531194.0, 4527537.0 ], [ 531012.0, 4527537.0 ], [ 531012.0, 4527628.0 ] ], [ [ 530102.0, 4527537.0 ], [ 530193.0, 4527537.0 ], [ 530193.0, 4527446.0 ], [ 530375.0, 4527446.0 ], [ 530375.0, 4527355.0 ], [ 530102.0, 4527355.0 ], [ 530102.0, 4527537.0 ] ], [ [ 530921.0, 4527537.0 ], [ 531012.0, 4527537.0 ], [ 531012.0, 4527446.0 ], [ 530921.0, 4527446.0 ], [ 530921.0, 4527537.0 ] ], [ [ 529283.0, 4527355.0 ], [ 529465.0, 4527355.0 ], [ 529465.0, 4527264.0 ], [ 529374.0, 4527264.0 ], [ 529374.0, 4527173.0 ], [ 529283.0, 4527173.0 ], [ 529283.0, 4527355.0 ] ], [ [ 529920.0, 4527355.0 ], [ 530011.0, 4527355.0 ], [ 530011.0, 4527264.0 ], [ 529920.0, 4527264.0 ], [ 529920.0, 4527355.0 ] ], [ [ 530557.0, 4527355.0 ], [ 530739.0, 4527355.0 ], [ 530739.0, 4527264.0 ], [ 530557.0, 4527264.0 ], [ 530557.0, 4527355.0 ] ], [ [ 529647.0, 4527264.0 ], [ 529920.0, 4527264.0 ], [ 529920.0, 4527173.0 ], [ 529829.0, 4527173.0 ], [ 529829.0, 4527082.0 ], [ 529647.0, 4527082.0 ], [ 529647.0, 4527264.0 ] ], [ [ 530193.0, 4527264.0 ], [ 530284.0, 4527264.0 ], [ 530284.0, 4527082.0 ], [ 530193.0, 4527082.0 ], [ 530193.0, 4527264.0 ] ], [ [ 529192.0, 4527173.0 ], [ 529283.0, 4527173.0 ], [ 529283.0, 4527082.0 ], [ 529192.0, 4527082.0 ], [ 529192.0, 4527173.0 ] ], [ [ 529556.0, 4527082.0 ], [ 529647.0, 4527082.0 ], [ 529647.0, 4526991.0 ], [ 529556.0, 4526991.0 ], [ 529556.0, 4527082.0 ] ], [ [ 529829.0, 4527082.0 ], [ 529920.0, 4527082.0 ], [ 529920.0, 4526991.0 ], [ 530011.0, 4526991.0 ], [ 530011.0, 4526900.0 ], [ 529829.0, 4526900.0 ], [ 529829.0, 4527082.0 ] ], [ [ 530011.0, 4527082.0 ], [ 530102.0, 4527082.0 ], [ 530102.0, 4526991.0 ], [ 530011.0, 4526991.0 ], [ 530011.0, 4527082.0 ] ], [ [ 530557.0, 4527082.0 ], [ 530830.0, 4527082.0 ], [ 530830.0, 4526991.0 ], [ 530739.0, 4526991.0 ], [ 530739.0, 4526900.0 ], [ 530648.0, 4526900.0 ], [ 530648.0, 4526991.0 ], [ 530557.0, 4526991.0 ], [ 530557.0, 4527082.0 ] ], [ [ 531012.0, 4526991.0 ], [ 531103.0, 4526991.0 ], [ 531103.0, 4526900.0 ], [ 531012.0, 4526900.0 ], [ 531012.0, 4526991.0 ] ], [ [ 530466.0, 4526900.0 ], [ 530557.0, 4526900.0 ], [ 530557.0, 4526718.0 ], [ 530466.0, 4526718.0 ], [ 530466.0, 4526900.0 ] ], [ [ 530830.0, 4526900.0 ], [ 530921.0, 4526900.0 ], [ 530921.0, 4526809.0 ], [ 530830.0, 4526809.0 ], [ 530830.0, 4526900.0 ] ], [ [ 530648.0, 4526809.0 ], [ 530739.0, 4526809.0 ], [ 530739.0, 4526718.0 ], [ 530648.0, 4526718.0 ], [ 530648.0, 4526809.0 ] ], [ [ 529920.0, 4526718.0 ], [ 530102.0, 4526718.0 ], [ 530102.0, 4526627.0 ], [ 529920.0, 4526627.0 ], [ 529920.0, 4526718.0 ] ], [ [ 530557.0, 4526445.0 ], [ 530648.0, 4526445.0 ], [ 530648.0, 4526354.0 ], [ 530557.0, 4526354.0 ], [ 530557.0, 4526445.0 ] ] ] } },
{ "type": "Feature", "properties": { "area_km2": 0.008281 }, "geometry": { "type": "Polygon", "coordinates": [ [ [ 524278.0, 4526263.0 ], [ 524278.0, 4526172.0 ], [ 524369.0, 4526172.0 ], [ 524369.0, 4526263.0 ], [ 524278.0, 4526263.0 ] ] ] } },
{ "type": "Feature", "properties": { "area_km2": 0.008281 }, "geometry": { "type": "Polygon", "coordinates": [ [ [ 530466.0, 4526263.0 ], [ 530466.0, 4526172.0 ], [ 530557.0, 4526172.0 ], [ 530557.0, 4526263.0 ], [ 530466.0, 4526263.0 ] ] ] } },
{ "type": "Feature", "properties": { "area_km2": 0.008281 }, "geometry": { "type": "Polygon", "coordinates": [ [ [ 532741.0, 4526263.0 ], [ 532741.0, 4526172.0 ], [ 532832.0, 4526172.0 ], [ 532832.0, 4526263.0 ], [ 532741.0, 4526263.0 ] ] ] } },
{ "type": "Feature", "properties": { "area_km2": 0.008281 }, "geometry": { "type": "Polygon", "coordinates": [ [ [ 534015.0, 4526172.0 ], [ 534015.0, 4526081.0 ], [ 534106.0, 4526081.0 ], [ 534106.0, 4526172.0 ], [ 534015.0, 4526172.0 ] ] ] } },
{ "type": "Feature", "properties": { "area_km2": 0.008281 }, "geometry": { "type": "Polygon", "coordinates": [ [ [ 543570.0, 4526172.0 ], [ 543570.0, 4526081.0 ], [ 543661.0, 4526081.0 ], [ 543661.0, 4526172.0 ], [ 543570.0, 4526172.0 ] ] ] } },
{ "type": "Feature", "properties": { "area_km2": 0.008281 }, "geometry": { "type": "Polygon", "coordinates": [ [ [ 547574.0, 4526172.0 ], [ 547574.0, 4526081.0 ], [ 547665.0, 4526081.0 ], [ 547665.0, 4526172.0 ], [ 547574.0, 4526172.0 ] ] ] } },
{ "type": "Feature", "properties": { "area_km2": 0.008281 }, "geometry": { "type": "Polygon", "coordinates": [ [ [ 529374.0, 4526081.0 ], [ 529374.0, 4525990.0 ], [ 529465.0, 4525990.0 ], [ 529465.0, 4526081.0 ], [ 529374.0, 4526081.0 ] ] ] } },
{ "type": "Feature", "properties": { "area_km2": 0.024843 }, "geometry": { "type": "Polygon", "coordinates": [ [ [ 529738.0, 4526081.0 ], [ 529738.0, 4525990.0 ], [ 530011.0, 4525990.0 ], [ 530011.0, 4526081.0 ], [ 529738.0, 4526081.0 ] ] ] } },
{ "type": "Feature", "properties": { "area_km2": 0.008281 }, "geometry": { "type": "Polygon", "coordinates": [ [ [ 532650.0, 4526081.0 ], [ 532650.0, 4525990.0 ], [ 532741.0, 4525990.0 ], [ 532741.0, 4526081.0 ], [ 532650.0, 4526081.0 ] ] ] } },
{ "type": "Feature", "properties": { "area_km2": 0.008281 }, "geometry": { "type": "Polygon", "coordinates": [ [ [ 539930.0, 4526081.0 ], [ 539930.0, 4525990.0 ], [ 540021.0, 4525990.0 ], [ 540021.0, 4526081.0 ], [ 539930.0, 4526081.0 ] ] ] } },
{ "type": "Feature", "properties": { "area_km2": 0.008281 }, "geometry": { "type": "Polygon", "coordinates": [ [ [ 544480.0, 4526081.0 ], [ 544480.0, 4525990.0 ], [ 544571.0, 4525990.0 ], [ 544571.0, 4526081.0 ], [ 544480.0, 4526081.0 ] ] ] } },
{ "type": "Feature", "properties": { "area_km2": 0.008281 }, "geometry": { "type": "Polygon", "coordinates": [ [ [ 549030.0, 4526081.0 ], [ 549030.0, 4525990.0 ], [ 549121.0, 4525990.0 ], [ 549121.0, 4526081.0 ], [ 549030.0, 4526081.0 ] ] ] } },
{ "type": "Feature", "properties": { "area_km2": 0.008281 }, "geometry": { "type": "Polygon", "coordinates": [ [ [ 522822.0, 4525990.0 ], [ 522822.0, 4525899.0 ], [ 522913.0, 4525899.0 ], [ 522913.0, 4525990.0 ], [ 522822.0, 4525990.0 ] ] ] } },
{ "type": "Feature", "properties": { "area_km2": 0.008281 }, "geometry": { "type": "Polygon", "coordinates": [ [ [ 529647.0, 4525990.0 ], [ 529647.0, 4525899.0 ], [ 529738.0, 4525899.0 ], [ 529738.0, 4525990.0 ], [ 529647.0, 4525990.0 ] ] ] } },
{ "type": "Feature", "properties": { "area_km2": 0.008281 }, "geometry": { "type": "Polygon", "coordinates": [ [ [ 540021.0, 4525990.0 ], [ 540021.0, 4525899.0 ], [ 540112.0, 4525899.0 ], [ 540112.0, 4525990.0 ], [ 540021.0, 4525990.0 ] ] ] } },
{ "type": "Feature", "properties": { "area_km2": 1.482299 }, "geometry": { "type": "Polygon", "coordinates": [ [ [ 520183.0, 4527446.0 ], [ 520183.0, 4527173.0 ], [ 520274.0, 4527173.0 ], [ 520274.0, 4527082.0 ], [ 520183.0, 4527082.0 ], [ 520183.0, 4526900.0 ], [ 520365.0, 4526900.0 ], [ 520365.0, 4526809.0 ], [ 520183.0, 4526809.0 ], [ 520183.0, 4526627.0 ], [ 520547.0, 4526627.0 ], [ 520547.0, 4526536.0 ], [ 520911.0, 4526536.0 ], [ 520911.0, 4526718.0 ], [ 521184.0, 4526718.0 ], [ 521184.0, 4526536.0 ], [ 521093.0, 4526536.0 ], [ 521093.0, 4526627.0 ], [ 521002.0, 4526627.0 ], [ 521002.0, 4526445.0 ], [ 520365.0, 4526445.0 ], [ 520365.0, 4526536.0 ], [ 520274.0, 4526536.0 ], [ 520274.0, 4526445.0 ], [ 520183.0, 4526445.0 ], [ 520183.0, 4525899.0 ], [ 520547.0, 4525899.0 ], [ 520547.0, 4526081.0 ], [ 520638.0, 4526081.0 ], [ 520638.0, 4525808.0 ], [ 520729.0, 4525808.0 ], [ 520729.0, 4525899.0 ], [ 520911.0, 4525899.0 ], [ 520911.0, 4525808.0 ], [ 521002.0, 4525808.0 ], [ 521002.0, 4525899.0 ], [ 521184.0, 4525899.0 ], [ 521184.0, 4525990.0 ], [ 521457.0, 4525990.0 ], [ 521457.0, 4526263.0 ], [ 521366.0, 4526263.0 ], [ 521366.0, 4526354.0 ], [ 521275.0, 4526354.0 ], [ 521275.0, 4526445.0 ], [ 521730.0, 4526445.0 ], [ 521730.0, 4526536.0 ], [ 521548.0, 4526536.0 ], [ 521548.0, 4526718.0 ], [ 521457.0, 4526718.0 ], [ 521457.0, 4526900.0 ], [ 521548.0, 4526900.0 ], [ 521548.0, 4527082.0 ], [ 521457.0, 4527082.0 ], [ 521457.0, 4527173.0 ], [ 521093.0, 4527173.0 ], [ 521093.0, 4527264.0 ], [ 520820.0, 4527264.0 ], [ 520820.0, 4527355.0 ], [ 520274.0, 4527355.0 ], [ 520274.0, 4527446.0 ], [ 520183.0, 4527446.0 ] ], [ [ 520729.0, 4527082.0 ], [ 520820.0, 4527082.0 ], [ 520820.0, 4526991.0 ], [ 520729.0, 4526991.0 ], [ 520729.0, 4527082.0 ] ], [ [ 520911.0, 4527082.0 ], [ 521093.0, 4527082.0 ], [ 521093.0, 4526991.0 ], [ 521184.0, 4526991.0 ], [ 521184.0, 4527082.0 ], [ 521275.0, 4527082.0 ], [ 521275.0, 4526991.0 ], [ 521366.0, 4526991.0 ], [ 521366.0, 4526900.0 ], [ 521184.0, 4526900.0 ], [ 521184.0, 4526809.0 ], [ 521093.0, 4526809.0 ], [ 521093.0, 4526900.0 ], [ 520911.0, 4526900.0 ], [ 520911.0, 4527082.0 ] ], [ [ 520729.0, 4526809.0 ], [ 520820.0, 4526809.0 ], [ 520820.0, 4526718.0 ], [ 520729.0, 4526718.0 ], [ 520729.0, 4526809.0 ] ], [ [ 521093.0, 4526445.0 ], [ 521184.0, 4526445.0 ], [ 521184.0, 4526263.0 ], [ 521093.0, 4526263.0 ], [ 521093.0, 4526445.0 ] ], [ [ 520911.0, 4526354.0 ], [ 521002.0, 4526354.0 ], [ 521002.0, 4526263.0 ], [ 520911.0, 4526263.0 ], [ 520911.0, 4526354.0 ] ], [ [ 520365.0, 4526172.0 ], [ 520456.0, 4526172.0 ], [ 520456.0, 4526081.0 ], [ 520365.0, 4526081.0 ], [ 520365.0, 4526172.0 ] ], [ [ 520820.0, 4526081.0 ], [ 520911.0, 4526081.0 ], [ 520911.0, 4525990.0 ], [ 520820.0, 4525990.0 ], [ 520820.0, 4526081.0 ] ] ] } },
{ "type": "Feature", "properties": { "area_km2": 0.033124 }, "geometry": { "type": "Polygon", "coordinates": [ [ [ 529283.0, 4525990.0 ], [ 529283.0, 4525808.0 ], [ 529556.0, 4525808.0 ], [ 529556.0, 4525899.0 ], [ 529374.0, 4525899.0 ], [ 529374.0, 4525990.0 ], [ 529283.0, 4525990.0 ] ] ] } },
{ "type": "Feature", "properties": { "area_km2": 0.016562 }, "geometry": { "type": "Polygon", "coordinates": [ [ [ 533651.0, 4525899.0 ], [ 533651.0, 4525808.0 ], [ 533833.0, 4525808.0 ], [ 533833.0, 4525899.0 ], [ 533651.0, 4525899.0 ] ] ] } },
{ "type": "Feature", "properties": { "area_km2": 0.008281 }, "geometry": { "type": "Polygon", "coordinates": [ [ [ 537655.0, 4525899.0 ], [ 537655.0, 4525808.0 ], [ 537746.0, 4525808.0 ], [ 537746.0, 4525899.0 ], [ 537655.0, 4525899.0 ] ] ] } },
{ "type": "Feature", "properties": { "area_km2": 0.008281 }, "geometry": { "type": "Polygon", "coordinates": [ [ [ 549667.0, 4525899.0 ], [ 549667.0, 4525808.0 ], [ 549758.0, 4525808.0 ], [ 549758.0, 4525899.0 ], [ 549667.0, 4525899.0 ] ] ] } },
{ "type": "Feature", "properties": { "area_km2": 0.066248 }, "geometry": { "type": "Polygon", "coordinates": [ [ [ 521184.0, 4525899.0 ], [ 521184.0, 4525717.0 ], [ 521548.0, 4525717.0 ], [ 521548.0, 4525899.0 ], [ 521184.0, 4525899.0 ] ] ] } },
{ "type": "Feature", "properties": { "area_km2": 0.149058 }, "geometry": { "type": "Polygon", "coordinates": [ [ [ 530284.0, 4526081.0 ], [ 530284.0, 4525990.0 ], [ 530102.0, 4525990.0 ], [ 530102.0, 4525899.0 ], [ 529738.0, 4525899.0 ], [ 529738.0, 4525717.0 ], [ 529829.0, 4525717.0 ], [ 529829.0, 4525808.0 ], [ 530102.0, 4525808.0 ], [ 530102.0, 4525717.0 ], [ 530284.0, 4525717.0 ], [ 530284.0, 4525808.0 ], [ 530466.0, 4525808.0 ], [ 530466.0, 4525899.0 ], [ 530648.0, 4525899.0 ], [ 530648.0, 4526081.0 ], [ 530557.0, 4526081.0 ], [ 530557.0, 4525990.0 ], [ 530375.0, 4525990.0 ], [ 530375.0, 4526081.0 ], [ 530284.0, 4526081.0 ] ], [ [ 530193.0, 4525899.0 ], [ 530284.0, 4525899.0 ], [ 530284.0, 4525808.0 ], [ 530193.0, 4525808.0 ], [ 530193.0, 4525899.0 ] ] ] } },
{ "type": "Feature", "properties": { "area_km2": 0.008281 }, "geometry": { "type": "Polygon", "coordinates": [ [ [ 535471.0, 4525808.0 ], [ 535471.0, 4525717.0 ], [ 535562.0, 4525717.0 ], [ 535562.0, 4525808.0 ], [ 535471.0, 4525808.0 ] ] ] } },
{ "type": "Feature", "properties": { "area_km2": 0.008281 }, "geometry": { "type": "Polygon", "coordinates": [ [ [ 548848.0, 4525808.0 ], [ 548848.0, 4525717.0 ], [ 548939.0, 4525717.0 ], [ 548939.0, 4525808.0 ], [ 548848.0, 4525808.0 ] ] ] } },
{ "type": "Feature", "properties": { "area_km2": 0.008281 }, "geometry": { "type": "Polygon", "coordinates": [ [ [ 531740.0, 4525717.0 ], [ 531740.0, 4525626.0 ], [ 531831.0, 4525626.0 ], [ 531831.0, 4525717.0 ], [ 531740.0, 4525717.0 ] ] ] } },
{ "type": "Feature", "properties": { "area_km2": 0.016562 }, "geometry": { "type": "Polygon", "coordinates": [ [ [ 534288.0, 4525717.0 ], [ 534288.0, 4525626.0 ], [ 534470.0, 4525626.0 ], [ 534470.0, 4525717.0 ], [ 534288.0, 4525717.0 ] ] ] } },
{ "type": "Feature", "properties": { "area_km2": 0.008281 }, "geometry": { "type": "Polygon", "coordinates": [ [ [ 535926.0, 4525717.0 ], [ 535926.0, 4525626.0 ], [ 536017.0, 4525626.0 ], [ 536017.0, 4525717.0 ], [ 535926.0, 4525717.0 ] ] ] } },
{ "type": "Feature", "properties": { "area_km2": 0.149058 }, "geometry": { "type": "Polygon", "coordinates": [ [ [ 520183.0, 4525808.0 ], [ 520183.0, 4525535.0 ], [ 520274.0, 4525535.0 ], [ 520274.0, 4525626.0 ], [ 520365.0, 4525626.0 ], [ 520365.0, 4525535.0 ], [ 520456.0, 4525535.0 ], [ 520456.0, 4525626.0 ], [ 520638.0, 4525626.0 ], [ 520638.0, 4525535.0 ], [ 521093.0, 4525535.0 ], [ 521093.0, 4525717.0 ], [ 521002.0, 4525717.0 ], [ 521002.0, 4525626.0 ], [ 520820.0, 4525626.0 ], [ 520820.0, 4525717.0 ], [ 520638.0, 4525717.0 ], [ 520638.0, 4525808.0 ], [ 520547.0, 4525808.0 ], [ 520547.0, 4525717.0 ], [ 520365.0, 4525717.0 ], [ 520365.0, 4525808.0 ], [ 520183.0, 4525808.0 ] ] ] } },
{ "type": "Feature", "properties": { "area_km2": 0.024843 }, "geometry": { "type": "Polygon", "coordinates": [ [ [ 549212.0, 4525717.0 ], [ 549212.0, 4525626.0 ], [ 549303.0, 4525626.0 ], [ 549303.0, 4525535.0 ], [ 549394.0, 4525535.0 ], [ 549394.0, 4525717.0 ], [ 549212.0, 4525717.0 ] ] ] } },
{ "type": "Feature", "properties": { "area_km2": 0.008281 }, "geometry": { "type": "Polygon", "coordinates": [ [ [ 522276.0, 4525626.0 ], [ 522276.0, 4525535.0 ], [ 522367.0, 4525535.0 ], [ 522367.0, 4525626.0 ], [ 522276.0, 4525626.0 ] ] ] } },
{ "type": "Feature", "properties": { "area_km2": 0.008281 }, "geometry": { "type": "Polygon", "coordinates": [ [ [ 523732.0, 4525626.0 ], [ 523732.0, 4525535.0 ], [ 523823.0, 4525535.0 ], [ 523823.0, 4525626.0 ], [ 523732.0, 4525626.0 ] ] ] } },
{ "type": "Feature", "properties": { "area_km2": 0.008281 }, "geometry": { "type": "Polygon", "coordinates": [ [ [ 534561.0, 4525626.0 ], [ 534561.0, 4525535.0 ], [ 534652.0, 4525535.0 ], [ 534652.0, 4525626.0 ], [ 534561.0, 4525626.0 ] ] ] } },
{ "type": "Feature", "properties": { "area_km2": 0.008281 }, "geometry": { "type": "Polygon", "coordinates": [ [ [ 536290.0, 4525626.0 ], [ 536290.0, 4525535.0 ], [ 536381.0, 4525535.0 ], [ 536381.0, 4525626.0 ], [ 536290.0, 4525626.0 ] ] ] } },
{ "type": "Feature", "properties": { "area_km2": 0.008281 }, "geometry": { "type": "Polygon", "coordinates": [ [ [ 547392.0, 4525626.0 ], [ 547392.0, 4525535.0 ], [ 547483.0, 4525535.0 ], [ 547483.0, 4525626.0 ], [ 547392.0, 4525626.0 ] ] ] } },
{ "type": "Feature", "properties": { "area_km2": 0.149058 }, "geometry": { "type": "Polygon", "coordinates": [ [ [ 530648.0, 4525899.0 ], [ 530648.0, 4525717.0 ], [ 530466.0, 4525717.0 ], [ 530466.0, 4525626.0 ], [ 530557.0, 4525626.0 ], [ 530557.0, 4525535.0 ], [ 530739.0, 4525535.0 ], [ 530739.0, 4525444.0 ], [ 531103.0, 4525444.0 ], [ 531103.0, 4525899.0 ], [ 531012.0, 4525899.0 ], [ 531012.0, 4525717.0 ], [ 530921.0, 4525717.0 ], [ 530921.0, 4525535.0 ], [ 530830.0, 4525535.0 ], [ 530830.0, 4525626.0 ], [ 530739.0, 4525626.0 ], [ 530739.0, 4525899.0 ], [ 530648.0, 4525899.0 ] ] ] } },
{ "type": "Feature", "properties": { "area_km2": 0.016562 }, "geometry": { "type": "Polygon", "coordinates": [ [ [ 532923.0, 4525626.0 ], [ 532923.0, 4525444.0 ], [ 533014.0, 4525444.0 ], [ 533014.0, 4525626.0 ], [ 532923.0, 4525626.0 ] ] ] } },
{ "type": "Feature", "properties": { "area_km2": 0.057967 }, "geometry": { "type": "Polygon", "coordinates": [ [ [ 549849.0, 4525717.0 ], [ 549849.0, 4525626.0 ], [ 549485.0, 4525626.0 ], [ 549485.0, 4525535.0 ], [ 549849.0, 4525535.0 ], [ 549849.0, 4525444.0 ], [ 549940.0, 4525444.0 ], [ 549940.0, 4525717.0 ], [ 549849.0, 4525717.0 ] ] ] } },
{ "type": "Feature", "properties": { "area_km2": 0.041405 }, "geometry": { "type": "Polygon", "coordinates": [ [ [ 521184.0, 4525535.0 ], [ 521184.0, 4525444.0 ], [ 521639.0, 4525444.0 ], [ 521639.0, 4525535.0 ], [ 521184.0, 4525535.0 ] ] ] } },
{ "type": "Feature", "properties": { "area_km2": 0.016562 }, "geometry": { "type": "Polygon", "coordinates": [ [ [ 523004.0, 4525535.0 ], [ 523004.0, 4525444.0 ], [ 523186.0, 4525444.0 ], [ 523186.0, 4525535.0 ], [ 523004.0, 4525535.0 ] ] ] } },
{ "type": "Feature", "properties": { "area_km2": 0.008281 }, "geometry": { "type": "Polygon", "coordinates": [ [ [ 528919.0, 4525535.0 ], [ 528919.0, 4525444.0 ], [ 529010.0, 4525444.0 ], [ 529010.0, 4525535.0 ], [ 528919.0, 4525535.0 ] ] ] } },
{ "type": "Feature", "properties": { "area_km2": 0.008281 }, "geometry": { "type": "Polygon", "coordinates": [ [ [ 535016.0, 4525535.0 ], [ 535016.0, 4525444.0 ], [ 535107.0, 4525444.0 ], [ 535107.0, 4525535.0 ], [ 535016.0, 4525535.0 ] ] ] } },
{ "type": "Feature", "properties": { "area_km2": 0.008281 }, "geometry": { "type": "Polygon", "coordinates": [ [ [ 535198.0, 4525535.0 ], [ 535198.0, 4525444.0 ], [ 535289.0, 4525444.0 ], [ 535289.0, 4525535.0 ], [ 535198.0, 4525535.0 ] ] ] } },
{ "type": "Feature", "properties": { "area_km2": 0.016562 }, "geometry": { "type": "Polygon", "coordinates": [ [ [ 520274.0, 4525535.0 ], [ 520274.0, 4525353.0 ], [ 520365.0, 4525353.0 ], [ 520365.0, 4525535.0 ], [ 520274.0, 4525535.0 ] ] ] } },
{ "type": "Feature", "properties": { "area_km2": 0.008281 }, "geometry": { "type": "Polygon", "coordinates": [ [ [ 520456.0, 4525444.0 ], [ 520456.0, 4525353.0 ], [ 520547.0, 4525353.0 ], [ 520547.0, 4525444.0 ], [ 520456.0, 4525444.0 ] ] ] } },
{ "type": "Feature", "properties": { "area_km2": 0.008281 }, "geometry": { "type": "Polygon", "coordinates": [ [ [ 521002.0, 4525444.0 ], [ 521002.0, 4525353.0 ], [ 521093.0, 4525353.0 ], [ 521093.0, 4525444.0 ], [ 521002.0, 4525444.0 ] ] ] } },
{ "type": "Feature", "properties": { "area_km2": 0.008281 }, "geometry": { "type": "Polygon", "coordinates": [ [ [ 522003.0, 4525444.0 ], [ 522003.0, 4525353.0 ], [ 522094.0, 4525353.0 ], [ 522094.0, 4525444.0 ], [ 522003.0, 4525444.0 ] ] ] } },
{ "type": "Feature", "properties": { "area_km2": 0.008281 }, "geometry": { "type": "Polygon", "coordinates": [ [ [ 522913.0, 4525444.0 ], [ 522913.0, 4525353.0 ], [ 523004.0, 4525353.0 ], [ 523004.0, 4525444.0 ], [ 522913.0, 4525444.0 ] ] ] } },
{ "type": "Feature", "properties": { "area_km2": 0.016562 }, "geometry": { "type": "Polygon", "coordinates": [ [ [ 523732.0, 4525444.0 ], [ 523732.0, 4525353.0 ], [ 523914.0, 4525353.0 ], [ 523914.0, 4525444.0 ], [ 523732.0, 4525444.0 ] ] ] } },
{ "type": "Feature", "properties": { "area_km2": 0.033124 }, "geometry": { "type": "Polygon", "coordinates": [ [ [ 529556.0, 4525535.0 ], [ 529556.0, 4525444.0 ], [ 529465.0, 4525444.0 ], [ 529465.0, 4525353.0 ], [ 529647.0, 4525353.0 ], [ 529647.0, 4525444.0 ], [ 529738.0, 4525444.0 ], [ 529738.0, 4525535.0 ], [ 529556.0, 4525535.0 ] ] ] } },
{ "type": "Feature", "properties": { "area_km2": 0.008281 }, "geometry": { "type": "Polygon", "coordinates": [ [ [ 529829.0, 4525444.0 ], [ 529829.0, 4525353.0 ], [ 529920.0, 4525353.0 ], [ 529920.0, 4525444.0 ], [ 529829.0, 4525444.0 ] ] ] } },
{ "type": "Feature", "properties": { "area_km2": 0.008281 }, "geometry": { "type": "Polygon", "coordinates": [ [ [ 535562.0, 4525444.0 ], [ 535562.0, 4525353.0 ], [ 535653.0, 4525353.0 ], [ 535653.0, 4525444.0 ], [ 535562.0, 4525444.0 ] ] ] } },
{ "type": "Feature", "properties": { "area_km2": 0.016562 }, "geometry": { "type": "Polygon", "coordinates": [ [ [ 547392.0, 4525444.0 ], [ 547392.0, 4525353.0 ], [ 547574.0, 4525353.0 ], [ 547574.0, 4525444.0 ], [ 547392.0, 4525444.0 ] ] ] } },
{ "type": "Feature", "properties": { "area_km2": 0.016562 }, "geometry": { "type": "Polygon", "coordinates": [ [ [ 549667.0, 4525444.0 ], [ 549667.0, 4525353.0 ], [ 549849.0, 4525353.0 ], [ 549849.0, 4525444.0 ], [ 549667.0, 4525444.0 ] ] ] } },
{ "type": "Feature", "properties": { "area_km2": 0.041405 }, "geometry": { "type": "Polygon", "coordinates": [ [ [ 533014.0, 4525444.0 ], [ 533014.0, 4525353.0 ], [ 533196.0, 4525353.0 ], [ 533196.0, 4525262.0 ], [ 533287.0, 4525262.0 ], [ 533287.0, 4525353.0 ], [ 533378.0, 4525353.0 ], [ 533378.0, 4525444.0 ], [ 533014.0, 4525444.0 ] ] ] } },
{ "type": "Feature", "properties": { "area_km2": 0.041405 }, "geometry": { "type": "Polygon", "coordinates": [ [ [ 520547.0, 4525353.0 ], [ 520547.0, 4525262.0 ], [ 521002.0, 4525262.0 ], [ 521002.0, 4525353.0 ], [ 520547.0, 4525353.0 ] ] ] } },
{ "type": "Feature", "properties": { "area_km2": 0.008281 }, "geometry": { "type": "Polygon", "coordinates": [ [ [ 522731.0, 4525353.0 ], [ 522731.0, 4525262.0 ], [ 522822.0, 4525262.0 ], [ 522822.0, 4525353.0 ], [ 522731.0, 4525353.0 ] ] ] } },
{ "type": "Feature", "properties": { "area_km2": 0.008281 }, "geometry": { "type": "Polygon", "coordinates": [ [ [ 524096.0, 4525353.0 ], [ 524096.0, 4525262.0 ], [ 524187.0, 4525262.0 ], [ 524187.0, 4525353.0 ], [ 524096.0, 4525353.0 ] ] ] } },
{ "type": "Feature", "properties": { "area_km2": 0.016562 }, "geometry": { "type": "Polygon", "coordinates": [ [ [ 533469.0, 4525353.0 ], [ 533469.0, 4525262.0 ], [ 533651.0, 4525262.0 ], [ 533651.0, 4525353.0 ], [ 533469.0, 4525353.0 ] ] ] } },
{ "type": "Feature", "properties": { "area_km2": 0.066248 }, "geometry": { "type": "Polygon", "coordinates": [ [ [ 530102.0, 4525444.0 ], [ 530102.0, 4525353.0 ], [ 530193.0, 4525353.0 ], [ 530193.0, 4525262.0 ], [ 530466.0, 4525262.0 ], [ 530466.0, 4525171.0 ], [ 530557.0, 4525171.0 ], [ 530557.0, 4525262.0 ], [ 530648.0, 4525262.0 ], [ 530648.0, 4525353.0 ], [ 530284.0, 4525353.0 ], [ 530284.0, 4525444.0 ], [ 530102.0, 4525444.0 ] ] ] } },
{ "type": "Feature", "properties": { "area_km2": 0.049686 }, "geometry": { "type": "Polygon", "coordinates": [ [ [ 522094.0, 4525353.0 ], [ 522094.0, 4525262.0 ], [ 522458.0, 4525262.0 ], [ 522458.0, 4525171.0 ], [ 522549.0, 4525171.0 ], [ 522549.0, 4525353.0 ], [ 522094.0, 4525353.0 ] ] ] } },
{ "type": "Feature", "properties": { "area_km2": 0.008281 }, "geometry": { "type": "Polygon", "coordinates": [ [ [ 521366.0, 4525262.0 ], [ 521366.0, 4525171.0 ], [ 521457.0, 4525171.0 ], [ 521457.0, 4525262.0 ], [ 521366.0, 4525262.0 ] ] ] } },
{ "type": "Feature", "properties": { "area_km2": 0.008281 }, "geometry": { "type": "Polygon", "coordinates": [ [ [ 523732.0, 4525262.0 ], [ 523732.0, 4525171.0 ], [ 523823.0, 4525171.0 ], [ 523823.0, 4525262.0 ], [ 523732.0, 4525262.0 ] ] ] } },
{ "type": "Feature", "properties": { "area_km2": 0.008281 }, "geometry": { "type": "Polygon", "coordinates": [ [ [ 529556.0, 4525262.0 ], [ 529556.0, 4525171.0 ], [ 529647.0, 4525171.0 ], [ 529647.0, 4525262.0 ], [ 529556.0, 4525262.0 ] ] ] } },
{ "type": "Feature", "properties": { "area_km2": 0.016562 }, "geometry": { "type": "Polygon", "coordinates": [ [ [ 532650.0, 4525262.0 ], [ 532650.0, 4525171.0 ], [ 532832.0, 4525171.0 ], [ 532832.0, 4525262.0 ], [ 532650.0, 4525262.0 ] ] ] } },
{ "type": "Feature", "properties": { "area_km2": 0.008281 }, "geometry": { "type": "Polygon", "coordinates": [ [ [ 549667.0, 4525262.0 ], [ 549667.0, 4525171.0 ], [ 549758.0, 4525171.0 ], [ 549758.0, 4525262.0 ], [ 549667.0, 4525262.0 ] ] ] } },
{ "type": "Feature", "properties": { "area_km2": 0.016562 }, "geometry": { "type": "Polygon", "coordinates": [ [ [ 520183.0, 4525262.0 ], [ 520183.0, 4525080.0 ], [ 520274.0, 4525080.0 ], [ 520274.0, 4525262.0 ], [ 520183.0, 4525262.0 ] ] ] } },
{ "type": "Feature", "properties": { "area_km2": 0.049686 }, "geometry": { "type": "Polygon", "coordinates": [ [ [ 530921.0, 4525353.0 ], [ 530921.0, 4525262.0 ], [ 530648.0, 4525262.0 ], [ 530648.0, 4525080.0 ], [ 530739.0, 4525080.0 ], [ 530739.0, 4525171.0 ], [ 531012.0, 4525171.0 ], [ 531012.0, 4525353.0 ], [ 530921.0, 4525353.0 ] ] ] } },
{ "type": "Feature", "properties": { "area_km2": 0.008281 }, "geometry": { "type": "Polygon", "coordinates": [ [ [ 531103.0, 4525171.0 ], [ 531103.0, 4525080.0 ], [ 531194.0, 4525080.0 ], [ 531194.0, 4525171.0 ], [ 531103.0, 4525171.0 ] ] ] } },
{ "type": "Feature", "properties": { "area_km2": 0.008281 }, "geometry": { "type": "Polygon", "coordinates": [ [ [ 533924.0, 4525171.0 ], [ 533924.0, 4525080.0 ], [ 534015.0, 4525080.0 ], [ 534015.0, 4525171.0 ], [ 533924.0, 4525171.0 ] ] ] } },
{ "type": "Feature", "properties": { "area_km2": 0.016562 }, "geometry": { "type": "Polygon", "coordinates": [ [ [ 535744.0, 4525171.0 ], [ 535744.0, 4525080.0 ], [ 535926.0, 4525080.0 ], [ 535926.0, 4525171.0 ], [ 535744.0, 4525171.0 ] ] ] } },
{ "type": "Feature", "properties": { "area_km2": 0.008281 }, "geometry": { "type": "Polygon", "coordinates": [ [ [ 549485.0, 4525171.0 ], [ 549485.0, 4525080.0 ], [ 549576.0, 4525080.0 ], [ 549576.0, 4525171.0 ], [ 549485.0, 4525171.0 ] ] ] } },
{ "type": "Feature", "properties": { "area_km2": 0.024843 }, "geometry": { "type": "Polygon", "coordinates": [ [ [ 529738.0, 4525171.0 ], [ 529738.0, 4524989.0 ], [ 529920.0, 4524989.0 ], [ 529920.0, 4525080.0 ], [ 529829.0, 4525080.0 ], [ 529829.0, 4525171.0 ], [ 529738.0, 4525171.0 ] ] ] } },
{ "type": "Feature", "properties": { "area_km2": 0.033124 }, "geometry": { "type": "Polygon", "coordinates": [ [ [ 530011.0, 4525171.0 ], [ 530011.0, 4524989.0 ], [ 530193.0, 4524989.0 ], [ 530193.0, 4525171.0 ], [ 530011.0, 4525171.0 ] ] ] } },
{ "type": "Feature", "properties": { "area_km2": 0.008281 }, "geometry": { "type": "Polygon", "coordinates": [ [ [ 520911.0, 4525080.0 ], [ 520911.0, 4524989.0 ], [ 521002.0, 4524989.0 ], [ 521002.0, 4525080.0 ], [ 520911.0, 4525080.0 ] ] ] } },
{ "type": "Feature", "properties": { "area_km2": 0.008281 }, "geometry": { "type": "Polygon", "coordinates": [ [ [ 521821.0, 4525080.0 ], [ 521821.0, 4524989.0 ], [ 521912.0, 4524989.0 ], [ 521912.0, 4525080.0 ], [ 521821.0, 4525080.0 ] ] ] } },
{ "type": "Feature", "properties": { "area_km2": 0.008281 }, "geometry": { "type": "Polygon", "coordinates": [ [ [ 529556.0, 4525080.0 ], [ 529556.0, 4524989.0 ], [ 529647.0, 4524989.0 ], [ 529647.0, 4525080.0 ], [ 529556.0, 4525080.0 ] ] ] } },
{ "type": "Feature", "properties": { "area_km2": 0.016562 }, "geometry": { "type": "Polygon", "coordinates": [ [ [ 534834.0, 4525080.0 ], [ 534834.0, 4524989.0 ], [ 535016.0, 4524989.0 ], [ 535016.0, 4525080.0 ], [ 534834.0, 4525080.0 ] ] ] } },
{ "type": "Feature", "properties": { "area_km2": 0.016562 }, "geometry": { "type": "Polygon", "coordinates": [ [ [ 536108.0, 4525080.0 ], [ 536108.0, 4524989.0 ], [ 536290.0, 4524989.0 ], [ 536290.0, 4525080.0 ], [ 536108.0, 4525080.0 ] ] ] } },
{ "type": "Feature", "properties": { "area_km2": 0.008281 }, "geometry": { "type": "Polygon", "coordinates": [ [ [ 530193.0, 4524989.0 ], [ 530193.0, 4524898.0 ], [ 530284.0, 4524898.0 ], [ 530284.0, 4524989.0 ], [ 530193.0, 4524989.0 ] ] ] } },
{ "type": "Feature", "properties": { "area_km2": 0.041405 }, "geometry": { "type": "Polygon", "coordinates": [ [ [ 520274.0, 4525080.0 ], [ 520274.0, 4524807.0 ], [ 520456.0, 4524807.0 ], [ 520456.0, 4524989.0 ], [ 520365.0, 4524989.0 ], [ 520365.0, 4525080.0 ], [ 520274.0, 4525080.0 ] ] ] } },
{ "type": "Feature", "properties": { "area_km2": 0.033124 }, "geometry": { "type": "Polygon", "coordinates": [ [ [ 530466.0, 4525080.0 ], [ 530466.0, 4524898.0 ], [ 530557.0, 4524898.0 ], [ 530557.0, 4524807.0 ], [ 530648.0, 4524807.0 ], [ 530648.0, 4524989.0 ], [ 530557.0, 4524989.0 ], [ 530557.0, 4525080.0 ], [ 530466.0, 4525080.0 ] ] ] } },
{ "type": "Feature", "properties": { "area_km2": 0.024843 }, "geometry": { "type": "Polygon", "coordinates": [ [ [ 549576.0, 4524989.0 ], [ 549576.0, 4524807.0 ], [ 549758.0, 4524807.0 ], [ 549758.0, 4524898.0 ], [ 549667.0, 4524898.0 ], [ 549667.0, 4524989.0 ], [ 549576.0, 4524989.0 ] ] ] } },
{ "type": "Feature", "properties": { "area_km2": 0.008281 }, "geometry": { "type": "Polygon", "coordinates": [ [ [ 532013.0, 4524898.0 ], [ 532013.0, 4524807.0 ], [ 532104.0, 4524807.0 ], [ 532104.0, 4524898.0 ], [ 532013.0, 4524898.0 ] ] ] } },
{ "type": "Feature", "properties": { "area_km2": 0.008281 }, "geometry": { "type": "Polygon", "coordinates": [ [ [ 532195.0, 4524898.0 ], [ 532195.0, 4524807.0 ], [ 532286.0, 4524807.0 ], [ 532286.0, 4524898.0 ], [ 532195.0, 4524898.0 ] ] ] } },
{ "type": "Feature", "properties": { "area_km2": 0.016562 }, "geometry": { "type": "Polygon", "coordinates": [ [ [ 535562.0, 4524898.0 ], [ 535562.0, 4524807.0 ], [ 535744.0, 4524807.0 ], [ 535744.0, 4524898.0 ], [ 535562.0, 4524898.0 ] ] ] } },
{ "type": "Feature", "properties": { "area_km2": 0.008281 }, "geometry": { "type": "Polygon", "coordinates": [ [ [ 536290.0, 4524898.0 ], [ 536290.0, 4524807.0 ], [ 536381.0, 4524807.0 ], [ 536381.0, 4524898.0 ], [ 536290.0, 4524898.0 ] ] ] } },
{ "type": "Feature", "properties": { "area_km2": 0.008281 }, "geometry": { "type": "Polygon", "coordinates": [ [ [ 549394.0, 4524898.0 ], [ 549394.0, 4524807.0 ], [ 549485.0, 4524807.0 ], [ 549485.0, 4524898.0 ], [ 549394.0, 4524898.0 ] ] ] } },
{ "type": "Feature", "properties": { "area_km2": 0.008281 }, "geometry": { "type": "Polygon", "coordinates": [ [ [ 532559.0, 4524807.0 ], [ 532559.0, 4524716.0 ], [ 532650.0, 4524716.0 ], [ 532650.0, 4524807.0 ], [ 532559.0, 4524807.0 ] ] ] } },
{ "type": "Feature", "properties": { "area_km2": 0.008281 }, "geometry": { "type": "Polygon", "coordinates": [ [ [ 532923.0, 4524807.0 ], [ 532923.0, 4524716.0 ], [ 533014.0, 4524716.0 ], [ 533014.0, 4524807.0 ], [ 532923.0, 4524807.0 ] ] ] } },
{ "type": "Feature", "properties": { "area_km2": 0.016562 }, "geometry": { "type": "Polygon", "coordinates": [ [ [ 534379.0, 4524807.0 ], [ 534379.0, 4524716.0 ], [ 534561.0, 4524716.0 ], [ 534561.0, 4524807.0 ], [ 534379.0, 4524807.0 ] ] ] } },
{ "type": "Feature", "properties": { "area_km2": 0.008281 }, "geometry": { "type": "Polygon", "coordinates": [ [ [ 536563.0, 4524807.0 ], [ 536563.0, 4524716.0 ], [ 536654.0, 4524716.0 ], [ 536654.0, 4524807.0 ], [ 536563.0, 4524807.0 ] ] ] } },
{ "type": "Feature", "properties": { "area_km2": 0.132496 }, "geometry": { "type": "Polygon", "coordinates": [ [ [ 530739.0, 4524989.0 ], [ 530739.0, 4524898.0 ], [ 530830.0, 4524898.0 ], [ 530830.0, 4524625.0 ], [ 531103.0, 4524625.0 ], [ 531103.0, 4524716.0 ], [ 531376.0, 4524716.0 ], [ 531376.0, 4524807.0 ], [ 531285.0, 4524807.0 ], [ 531285.0, 4524989.0 ], [ 531194.0, 4524989.0 ], [ 531194.0, 4524807.0 ], [ 531012.0, 4524807.0 ], [ 531012.0, 4524989.0 ], [ 530739.0, 4524989.0 ] ] ] } },
{ "type": "Feature", "properties": { "area_km2": 0.016562 }, "geometry": { "type": "Polygon", "coordinates": [ [ [ 531467.0, 4524716.0 ], [ 531467.0, 4524625.0 ], [ 531649.0, 4524625.0 ], [ 531649.0, 4524716.0 ], [ 531467.0, 4524716.0 ] ] ] } },
{ "type": "Feature", "properties": { "area_km2": 0.091091 }, "geometry": { "type": "Polygon", "coordinates": [ [ [ 536017.0, 4524989.0 ], [ 536017.0, 4524898.0 ], [ 535926.0, 4524898.0 ], [ 535926.0, 4524807.0 ], [ 535744.0, 4524807.0 ], [ 535744.0, 4524716.0 ], [ 536108.0, 4524716.0 ], [ 536108.0, 4524625.0 ], [ 536199.0, 4524625.0 ], [ 536199.0, 4524534.0 ], [ 536290.0, 4524534.0 ], [ 536290.0, 4524716.0 ], [ 536199.0, 4524716.0 ], [ 536199.0, 4524807.0 ], [ 536108.0, 4524807.0 ], [ 536108.0, 4524989.0 ], [ 536017.0, 4524989.0 ] ] ] } },
{ "type": "Feature", "properties": { "area_km2": 0.049686 }, "geometry": { "type": "Polygon", "coordinates": [ [ [ 532377.0, 4524716.0 ], [ 532377.0, 4524534.0 ], [ 532832.0, 4524534.0 ], [ 532832.0, 4524625.0 ], [ 532468.0, 4524625.0 ], [ 532468.0, 4524716.0 ], [ 532377.0, 4524716.0 ] ] ] } },
{ "type": "Feature", "properties": { "area_km2": 0.008281 }, "geometry": { "type": "Polygon", "coordinates": [ [ [ 529374.0, 4524625.0 ], [ 529374.0, 4524534.0 ], [ 529465.0, 4524534.0 ], [ 529465.0, 4524625.0 ], [ 529374.0, 4524625.0 ] ] ] } },
{ "type": "Feature", "properties": { "area_km2": 0.016562 }, "geometry": { "type": "Polygon", "coordinates": [ [ [ 531194.0, 4524625.0 ], [ 531194.0, 4524534.0 ], [ 531376.0, 4524534.0 ], [ 531376.0, 4524625.0 ], [ 531194.0, 4524625.0 ] ] ] } },
{ "type": "Feature", "properties": { "area_km2": 0.016562 }, "geometry": { "type": "Polygon", "coordinates": [ [ [ 536472.0, 4524625.0 ], [ 536472.0, 4524534.0 ], [ 536654.0, 4524534.0 ], [ 536654.0, 4524625.0 ], [ 536472.0, 4524625.0 ] ] ] } },
{ "type": "Feature", "properties": { "area_km2": 0.016562 }, "geometry": { "type": "Polygon", "coordinates": [ [ [ 529010.0, 4524625.0 ], [ 529010.0, 4524443.0 ], [ 529101.0, 4524443.0 ], [ 529101.0, 4524625.0 ], [ 529010.0, 4524625.0 ] ] ] } },
{ "type": "Feature", "properties": { "area_km2": 0.016562 }, "geometry": { "type": "Polygon", "coordinates": [ [ [ 532013.0, 4524534.0 ], [ 532013.0, 4524443.0 ], [ 532195.0, 4524443.0 ], [ 532195.0, 4524534.0 ], [ 532013.0, 4524534.0 ] ] ] } },
{ "type": "Feature", "properties": { "area_km2": 0.033124 }, "geometry": { "type": "Polygon", "coordinates": [ [ [ 532832.0, 4524534.0 ], [ 532832.0, 4524443.0 ], [ 533196.0, 4524443.0 ], [ 533196.0, 4524534.0 ], [ 532832.0, 4524534.0 ] ] ] } },
{ "type": "Feature", "properties": { "area_km2": 0.008281 }, "geometry": { "type": "Polygon", "coordinates": [ [ [ 534015.0, 4524534.0 ], [ 534015.0, 4524443.0 ], [ 534106.0, 4524443.0 ], [ 534106.0, 4524534.0 ], [ 534015.0, 4524534.0 ] ] ] } },
{ "type": "Feature", "properties": { "area_km2": 0.008281 }, "geometry": { "type": "Polygon", "coordinates": [ [ [ 537382.0, 4524534.0 ], [ 537382.0, 4524443.0 ], [ 537473.0, 4524443.0 ], [ 537473.0, 4524534.0 ], [ 537382.0, 4524534.0 ] ] ] } },
{ "type": "Feature", "properties": { "area_km2": 0.008281 }, "geometry": { "type": "Polygon", "coordinates": [ [ [ 528191.0, 4524443.0 ], [ 528191.0, 4524352.0 ], [ 528282.0, 4524352.0 ], [ 528282.0, 4524443.0 ], [ 528191.0, 4524443.0 ] ] ] } },
{ "type": "Feature", "properties": { "area_km2": 0.008281 }, "geometry": { "type": "Polygon", "coordinates": [ [ [ 529465.0, 4524443.0 ], [ 529465.0, 4524352.0 ], [ 529556.0, 4524352.0 ], [ 529556.0, 4524443.0 ], [ 529465.0, 4524443.0 ] ] ] } },
{ "type": "Feature", "properties": { "area_km2": 0.008281 }, "geometry": { "type": "Polygon", "coordinates": [ [ [ 529647.0, 4524443.0 ], [ 529647.0, 4524352.0 ], [ 529738.0, 4524352.0 ], [ 529738.0, 4524443.0 ], [ 529647.0, 4524443.0 ] ] ] } },
{ "type": "Feature", "properties": { "area_km2": 0.008281 }, "geometry": { "type": "Polygon", "coordinates": [ [ [ 531922.0, 4524443.0 ], [ 531922.0, 4524352.0 ], [ 532013.0, 4524352.0 ], [ 532013.0, 4524443.0 ], [ 531922.0, 4524443.0 ] ] ] } },
{ "type": "Feature", "properties": { "area_km2": 0.008281 }, "geometry": { "type": "Polygon", "coordinates": [ [ [ 534288.0, 4524443.0 ], [ 534288.0, 4524352.0 ], [ 534379.0, 4524352.0 ], [ 534379.0, 4524443.0 ], [ 534288.0, 4524443.0 ] ] ] } },
{ "type": "Feature", "properties": { "area_km2": 0.008281 }, "geometry": { "type": "Polygon", "coordinates": [ [ [ 547483.0, 4524443.0 ], [ 547483.0, 4524352.0 ], [ 547574.0, 4524352.0 ], [ 547574.0, 4524443.0 ], [ 547483.0, 4524443.0 ] ] ] } },
{ "type": "Feature", "properties": { "area_km2": 0.008281 }, "geometry": { "type": "Polygon", "coordinates": [ [ [ 531194.0, 4524352.0 ], [ 531194.0, 4524261.0 ], [ 531285.0, 4524261.0 ], [ 531285.0, 4524352.0 ], [ 531194.0, 4524352.0 ] ] ] } },
{ "type": "Feature", "properties": { "area_km2": 0.008281 }, "geometry": { "type": "Polygon", "coordinates": [ [ [ 533833.0, 4524352.0 ], [ 533833.0, 4524261.0 ], [ 533924.0, 4524261.0 ], [ 533924.0, 4524352.0 ], [ 533833.0, 4524352.0 ] ] ] } },
{ "type": "Feature", "properties": { "area_km2": 0.008281 }, "geometry": { "type": "Polygon", "coordinates": [ [ [ 529283.0, 4524261.0 ], [ 529283.0, 4524170.0 ], [ 529374.0, 4524170.0 ], [ 529374.0, 4524261.0 ], [ 529283.0, 4524261.0 ] ] ] } },
{ "type": "Feature", "properties": { "area_km2": 0.008281 }, "geometry": { "type": "Polygon", "coordinates": [ [ [ 530193.0, 4524261.0 ], [ 530193.0, 4524170.0 ], [ 530284.0, 4524170.0 ], [ 530284.0, 4524261.0 ], [ 530193.0, 4524261.0 ] ] ] } },
{ "type": "Feature", "properties": { "area_km2": 0.008281 }, "geometry": { "type": "Polygon", "coordinates": [ [ [ 534288.0, 4524261.0 ], [ 534288.0, 4524170.0 ], [ 534379.0, 4524170.0 ], [ 534379.0, 4524261.0 ], [ 534288.0, 4524261.0 ] ] ] } },
{ "type": "Feature", "properties": { "area_km2": 0.024843 }, "geometry": { "type": "Polygon", "coordinates": [ [ [ 520183.0, 4524261.0 ], [ 520183.0, 4524079.0 ], [ 520365.0, 4524079.0 ], [ 520365.0, 4524170.0 ], [ 520274.0, 4524170.0 ], [ 520274.0, 4524261.0 ], [ 520183.0, 4524261.0 ] ] ] } },
{ "type": "Feature", "properties": { "area_km2": 0.016562 }, "geometry": { "type": "Polygon", "coordinates": [ [ [ 520547.0, 4524261.0 ], [ 520547.0, 4524079.0 ], [ 520638.0, 4524079.0 ], [ 520638.0, 4524261.0 ], [ 520547.0, 4524261.0 ] ] ] } },
{ "type": "Feature", "properties": { "area_km2": 0.008281 }, "geometry": { "type": "Polygon", "coordinates": [ [ [ 520820.0, 4524170.0 ], [ 520820.0, 4524079.0 ], [ 520911.0, 4524079.0 ], [ 520911.0, 4524170.0 ], [ 520820.0, 4524170.0 ] ] ] } },
{ "type": "Feature", "properties": { "area_km2": 0.016562 }, "geometry": { "type": "Polygon", "coordinates": [ [ [ 547665.0, 4524170.0 ], [ 547665.0, 4524079.0 ], [ 547847.0, 4524079.0 ], [ 547847.0, 4524170.0 ], [ 547665.0, 4524170.0 ] ] ] } },
{ "type": "Feature", "properties": { "area_km2": 0.008281 }, "geometry": { "type": "Polygon", "coordinates": [ [ [ 521093.0, 4524079.0 ], [ 521093.0, 4523988.0 ], [ 521184.0, 4523988.0 ], [ 521184.0, 4524079.0 ], [ 521093.0, 4524079.0 ] ] ] } },
{ "type": "Feature", "properties": { "area_km2": 0.008281 }, "geometry": { "type": "Polygon", "coordinates": [ [ [ 528282.0, 4524079.0 ], [ 528282.0, 4523988.0 ], [ 528373.0, 4523988.0 ], [ 528373.0, 4524079.0 ], [ 528282.0, 4524079.0 ] ] ] } },
{ "type": "Feature", "properties": { "area_km2": 0.008281 }, "geometry": { "type": "Polygon", "coordinates": [ [ [ 531103.0, 4524079.0 ], [ 531103.0, 4523988.0 ], [ 531194.0, 4523988.0 ], [ 531194.0, 4524079.0 ], [ 531103.0, 4524079.0 ] ] ] } },
{ "type": "Feature", "properties": { "area_km2": 0.008281 }, "geometry": { "type": "Polygon", "coordinates": [ [ [ 549030.0, 4524079.0 ], [ 549030.0, 4523988.0 ], [ 549121.0, 4523988.0 ], [ 549121.0, 4524079.0 ], [ 549030.0, 4524079.0 ] ] ] } },
{ "type": "Feature", "properties": { "area_km2": 0.008281 }, "geometry": { "type": "Polygon", "coordinates": [ [ [ 533833.0, 4523988.0 ], [ 533833.0, 4523897.0 ], [ 533924.0, 4523897.0 ], [ 533924.0, 4523988.0 ], [ 533833.0, 4523988.0 ] ] ] } },
{ "type": "Feature", "properties": { "area_km2": 0.008281 }, "geometry": { "type": "Polygon", "coordinates": [ [ [ 534834.0, 4523988.0 ], [ 534834.0, 4523897.0 ], [ 534925.0, 4523897.0 ], [ 534925.0, 4523988.0 ], [ 534834.0, 4523988.0 ] ] ] } },
{ "type": "Feature", "properties": { "area_km2": 0.008281 }, "geometry": { "type": "Polygon", "coordinates": [ [ [ 536472.0, 4523988.0 ], [ 536472.0, 4523897.0 ], [ 536563.0, 4523897.0 ], [ 536563.0, 4523988.0 ], [ 536472.0, 4523988.0 ] ] ] } },
{ "type": "Feature", "properties": { "area_km2": 0.008281 }, "geometry": { "type": "Polygon", "coordinates": [ [ [ 536836.0, 4523988.0 ], [ 536836.0, 4523897.0 ], [ 536927.0, 4523897.0 ], [ 536927.0, 4523988.0 ], [ 536836.0, 4523988.0 ] ] ] } },
{ "type": "Feature", "properties": { "area_km2": 0.008281 }, "geometry": { "type": "Polygon", "coordinates": [ [ [ 548575.0, 4523988.0 ], [ 548575.0, 4523897.0 ], [ 548666.0, 4523897.0 ], [ 548666.0, 4523988.0 ], [ 548575.0, 4523988.0 ] ] ] } },
{ "type": "Feature", "properties": { "area_km2": 0.033124 }, "geometry": { "type": "Polygon", "coordinates": [ [ [ 528828.0, 4523988.0 ], [ 528828.0, 4523806.0 ], [ 528919.0, 4523806.0 ], [ 528919.0, 4523897.0 ], [ 529101.0, 4523897.0 ], [ 529101.0, 4523988.0 ], [ 528828.0, 4523988.0 ] ] ] } },
{ "type": "Feature", "properties": { "area_km2": 0.016562 }, "geometry": { "type": "Polygon", "coordinates": [ [ [ 529283.0, 4523897.0 ], [ 529283.0, 4523806.0 ], [ 529465.0, 4523806.0 ], [ 529465.0, 4523897.0 ], [ 529283.0, 4523897.0 ] ] ] } },
{ "type": "Feature", "properties": { "area_km2": 0.008281 }, "geometry": { "type": "Polygon", "coordinates": [ [ [ 547938.0, 4523897.0 ], [ 547938.0, 4523806.0 ], [ 548029.0, 4523806.0 ], [ 548029.0, 4523897.0 ], [ 547938.0, 4523897.0 ] ] ] } },
{ "type": "Feature", "properties": { "area_km2": 0.008281 }, "geometry": { "type": "Polygon", "coordinates": [ [ [ 549121.0, 4523897.0 ], [ 549121.0, 4523806.0 ], [ 549212.0, 4523806.0 ], [ 549212.0, 4523897.0 ], [ 549121.0, 4523897.0 ] ] ] } },
{ "type": "Feature", "properties": { "area_km2": 0.016562 }, "geometry": { "type": "Polygon", "coordinates": [ [ [ 520183.0, 4523897.0 ], [ 520183.0, 4523715.0 ], [ 520274.0, 4523715.0 ], [ 520274.0, 4523897.0 ], [ 520183.0, 4523897.0 ] ] ] } },
{ "type": "Feature", "properties": { "area_km2": 0.016562 }, "geometry": { "type": "Polygon", "coordinates": [ [ [ 529738.0, 4523806.0 ], [ 529738.0, 4523715.0 ], [ 529920.0, 4523715.0 ], [ 529920.0, 4523806.0 ], [ 529738.0, 4523806.0 ] ] ] } },
{ "type": "Feature", "properties": { "area_km2": 0.008281 }, "geometry": { "type": "Polygon", "coordinates": [ [ [ 533287.0, 4523806.0 ], [ 533287.0, 4523715.0 ], [ 533378.0, 4523715.0 ], [ 533378.0, 4523806.0 ], [ 533287.0, 4523806.0 ] ] ] } },
{ "type": "Feature", "properties": { "area_km2": 0.008281 }, "geometry": { "type": "Polygon", "coordinates": [ [ [ 548120.0, 4523806.0 ], [ 548120.0, 4523715.0 ], [ 548211.0, 4523715.0 ], [ 548211.0, 4523806.0 ], [ 548120.0, 4523806.0 ] ] ] } },
{ "type": "Feature", "properties": { "area_km2": 0.041405 }, "geometry": { "type": "Polygon", "coordinates": [ [ [ 535835.0, 4523897.0 ], [ 535835.0, 4523806.0 ], [ 535744.0, 4523806.0 ], [ 535744.0, 4523715.0 ], [ 535926.0, 4523715.0 ], [ 535926.0, 4523624.0 ], [ 536017.0, 4523624.0 ], [ 536017.0, 4523806.0 ], [ 535926.0, 4523806.0 ], [ 535926.0, 4523897.0 ], [ 535835.0, 4523897.0 ] ] ] } },
{ "type": "Feature", "properties": { "area_km2": 0.008281 }, "geometry": { "type": "Polygon", "coordinates": [ [ [ 528828.0, 4523715.0 ], [ 528828.0, 4523624.0 ], [ 528919.0, 4523624.0 ], [ 528919.0, 4523715.0 ], [ 528828.0, 4523715.0 ] ] ] } },
{ "type": "Feature", "properties": { "area_km2": 0.008281 }, "geometry": { "type": "Polygon", "coordinates": [ [ [ 548666.0, 4523715.0 ], [ 548666.0, 4523624.0 ], [ 548757.0, 4523624.0 ], [ 548757.0, 4523715.0 ], [ 548666.0, 4523715.0 ] ] ] } },
{ "type": "Feature", "properties": { "area_km2": 0.016562 }, "geometry": { "type": "Polygon", "coordinates": [ [ [ 532559.0, 4523715.0 ], [ 532559.0, 4523533.0 ], [ 532650.0, 4523533.0 ], [ 532650.0, 4523715.0 ], [ 532559.0, 4523715.0 ] ] ] } },
{ "type": "Feature", "properties": { "area_km2": 0.008281 }, "geometry": { "type": "Polygon", "coordinates": [ [ [ 520820.0, 4523624.0 ], [ 520820.0, 4523533.0 ], [ 520911.0, 4523533.0 ], [ 520911.0, 4523624.0 ], [ 520820.0, 4523624.0 ] ] ] } },
{ "type": "Feature", "properties": { "area_km2": 0.008281 }, "geometry": { "type": "Polygon", "coordinates": [ [ [ 534197.0, 4523624.0 ], [ 534197.0, 4523533.0 ], [ 534288.0, 4523533.0 ], [ 534288.0, 4523624.0 ], [ 534197.0, 4523624.0 ] ] ] } },
{ "type": "Feature", "properties": { "area_km2": 0.008281 }, "geometry": { "type": "Polygon", "coordinates": [ [ [ 534379.0, 4523624.0 ], [ 534379.0, 4523533.0 ], [ 534470.0, 4523533.0 ], [ 534470.0, 4523624.0 ], [ 534379.0, 4523624.0 ] ] ] } },
{ "type": "Feature", "properties": { "area_km2": 0.008281 }, "geometry": { "type": "Polygon", "coordinates": [ [ [ 536472.0, 4523624.0 ], [ 536472.0, 4523533.0 ], [ 536563.0, 4523533.0 ], [ 536563.0, 4523624.0 ], [ 536472.0, 4523624.0 ] ] ] } },
{ "type": "Feature", "properties": { "area_km2": 0.008281 }, "geometry": { "type": "Polygon", "coordinates": [ [ [ 534743.0, 4523533.0 ], [ 534743.0, 4523442.0 ], [ 534834.0, 4523442.0 ], [ 534834.0, 4523533.0 ], [ 534743.0, 4523533.0 ] ] ] } },
{ "type": "Feature", "properties": { "area_km2": 0.008281 }, "geometry": { "type": "Polygon", "coordinates": [ [ [ 535198.0, 4523442.0 ], [ 535198.0, 4523351.0 ], [ 535289.0, 4523351.0 ], [ 535289.0, 4523442.0 ], [ 535198.0, 4523442.0 ] ] ] } },
{ "type": "Feature", "properties": { "area_km2": 0.008281 }, "geometry": { "type": "Polygon", "coordinates": [ [ [ 537291.0, 4523442.0 ], [ 537291.0, 4523351.0 ], [ 537382.0, 4523351.0 ], [ 537382.0, 4523442.0 ], [ 537291.0, 4523442.0 ] ] ] } },
{ "type": "Feature", "properties": { "area_km2": 0.008281 }, "geometry": { "type": "Polygon", "coordinates": [ [ [ 528737.0, 4523351.0 ], [ 528737.0, 4523260.0 ], [ 528828.0, 4523260.0 ], [ 528828.0, 4523351.0 ], [ 528737.0, 4523351.0 ] ] ] } },
{ "type": "Feature", "properties": { "area_km2": 0.008281 }, "geometry": { "type": "Polygon", "coordinates": [ [ [ 548120.0, 4523351.0 ], [ 548120.0, 4523260.0 ], [ 548211.0, 4523260.0 ], [ 548211.0, 4523351.0 ], [ 548120.0, 4523351.0 ] ] ] } },
{ "type": "Feature", "properties": { "area_km2": 0.016562 }, "geometry": { "type": "Polygon", "coordinates": [ [ [ 535926.0, 4523260.0 ], [ 535926.0, 4523169.0 ], [ 536108.0, 4523169.0 ], [ 536108.0, 4523260.0 ], [ 535926.0, 4523260.0 ] ] ] } },
{ "type": "Feature", "properties": { "area_km2": 0.008281 }, "geometry": { "type": "Polygon", "coordinates": [ [ [ 539293.0, 4523260.0 ], [ 539293.0, 4523169.0 ], [ 539384.0, 4523169.0 ], [ 539384.0, 4523260.0 ], [ 539293.0, 4523260.0 ] ] ] } },
{ "type": "Feature", "properties": { "area_km2": 0.008281 }, "geometry": { "type": "Polygon", "coordinates": [ [ [ 547665.0, 4523260.0 ], [ 547665.0, 4523169.0 ], [ 547756.0, 4523169.0 ], [ 547756.0, 4523260.0 ], [ 547665.0, 4523260.0 ] ] ] } },
{ "type": "Feature", "properties": { "area_km2": 0.008281 }, "geometry": { "type": "Polygon", "coordinates": [ [ [ 536472.0, 4523169.0 ], [ 536472.0, 4523078.0 ], [ 536563.0, 4523078.0 ], [ 536563.0, 4523169.0 ], [ 536472.0, 4523169.0 ] ] ] } },
{ "type": "Feature", "properties": { "area_km2": 0.008281 }, "geometry": { "type": "Polygon", "coordinates": [ [ [ 548120.0, 4523169.0 ], [ 548120.0, 4523078.0 ], [ 548211.0, 4523078.0 ], [ 548211.0, 4523169.0 ], [ 548120.0, 4523169.0 ] ] ] } },
{ "type": "Feature", "properties": { "area_km2": 0.008281 }, "geometry": { "type": "Polygon", "coordinates": [ [ [ 548666.0, 4523169.0 ], [ 548666.0, 4523078.0 ], [ 548757.0, 4523078.0 ], [ 548757.0, 4523169.0 ], [ 548666.0, 4523169.0 ] ] ] } },
{ "type": "Feature", "properties": { "area_km2": 0.008281 }, "geometry": { "type": "Polygon", "coordinates": [ [ [ 548029.0, 4523078.0 ], [ 548029.0, 4522987.0 ], [ 548120.0, 4522987.0 ], [ 548120.0, 4523078.0 ], [ 548029.0, 4523078.0 ] ] ] } },
{ "type": "Feature", "properties": { "area_km2": 0.016562 }, "geometry": { "type": "Polygon", "coordinates": [ [ [ 536654.0, 4523078.0 ], [ 536654.0, 4522896.0 ], [ 536745.0, 4522896.0 ], [ 536745.0, 4523078.0 ], [ 536654.0, 4523078.0 ] ] ] } },
{ "type": "Feature", "properties": { "area_km2": 0.008281 }, "geometry": { "type": "Polygon", "coordinates": [ [ [ 529920.0, 4522987.0 ], [ 529920.0, 4522896.0 ], [ 530011.0, 4522896.0 ], [ 530011.0, 4522987.0 ], [ 529920.0, 4522987.0 ] ] ] } },
{ "type": "Feature", "properties": { "area_km2": 0.008281 }, "geometry": { "type": "Polygon", "coordinates": [ [ [ 536927.0, 4522987.0 ], [ 536927.0, 4522896.0 ], [ 537018.0, 4522896.0 ], [ 537018.0, 4522987.0 ], [ 536927.0, 4522987.0 ] ] ] } },
{ "type": "Feature", "properties": { "area_km2": 0.016562 }, "geometry": { "type": "Polygon", "coordinates": [ [ [ 547847.0, 4522987.0 ], [ 547847.0, 4522896.0 ], [ 548029.0, 4522896.0 ], [ 548029.0, 4522987.0 ], [ 547847.0, 4522987.0 ] ] ] } },
{ "type": "Feature", "properties": { "area_km2": 0.008281 }, "geometry": { "type": "Polygon", "coordinates": [ [ [ 549121.0, 4522987.0 ], [ 549121.0, 4522896.0 ], [ 549212.0, 4522896.0 ], [ 549212.0, 4522987.0 ], [ 549121.0, 4522987.0 ] ] ] } },
{ "type": "Feature", "properties": { "area_km2": 0.008281 }, "geometry": { "type": "Polygon", "coordinates": [ [ [ 548211.0, 4522896.0 ], [ 548211.0, 4522805.0 ], [ 548302.0, 4522805.0 ], [ 548302.0, 4522896.0 ], [ 548211.0, 4522896.0 ] ] ] } },
{ "type": "Feature", "properties": { "area_km2": 0.008281 }, "geometry": { "type": "Polygon", "coordinates": [ [ [ 520729.0, 4522805.0 ], [ 520729.0, 4522714.0 ], [ 520820.0, 4522714.0 ], [ 520820.0, 4522805.0 ], [ 520729.0, 4522805.0 ] ] ] } },
{ "type": "Feature", "properties": { "area_km2": 0.008281 }, "geometry": { "type": "Polygon", "coordinates": [ [ [ 546573.0, 4522805.0 ], [ 546573.0, 4522714.0 ], [ 546664.0, 4522714.0 ], [ 546664.0, 4522805.0 ], [ 546573.0, 4522805.0 ] ] ] } },
{ "type": "Feature", "properties": { "area_km2": 0.008281 }, "geometry": { "type": "Polygon", "coordinates": [ [ [ 535198.0, 4522714.0 ], [ 535198.0, 4522623.0 ], [ 535289.0, 4522623.0 ], [ 535289.0, 4522714.0 ], [ 535198.0, 4522714.0 ] ] ] } },
{ "type": "Feature", "properties": { "area_km2": 0.033124 }, "geometry": { "type": "Polygon", "coordinates": [ [ [ 547847.0, 4522714.0 ], [ 547847.0, 4522441.0 ], [ 548029.0, 4522441.0 ], [ 548029.0, 4522532.0 ], [ 547938.0, 4522532.0 ], [ 547938.0, 4522714.0 ], [ 547847.0, 4522714.0 ] ] ] } },
{ "type": "Feature", "properties": { "area_km2": 0.008281 }, "geometry": { "type": "Polygon", "coordinates": [ [ [ 528646.0, 4522532.0 ], [ 528646.0, 4522441.0 ], [ 528737.0, 4522441.0 ], [ 528737.0, 4522532.0 ], [ 528646.0, 4522532.0 ] ] ] } },
{ "type": "Feature", "properties": { "area_km2": 0.008281 }, "geometry": { "type": "Polygon", "coordinates": [ [ [ 521639.0, 4522441.0 ], [ 521639.0, 4522350.0 ], [ 521730.0, 4522350.0 ], [ 521730.0, 4522441.0 ], [ 521639.0, 4522441.0 ] ] ] } },
{ "type": "Feature", "properties": { "area_km2": 0.008281 }, "geometry": { "type": "Polygon", "coordinates": [ [ [ 529283.0, 4522441.0 ], [ 529283.0, 4522350.0 ], [ 529374.0, 4522350.0 ], [ 529374.0, 4522441.0 ], [ 529283.0, 4522441.0 ] ] ] } },
{ "type": "Feature", "properties": { "area_km2": 0.008281 }, "geometry": { "type": "Polygon", "coordinates": [ [ [ 548120.0, 4522441.0 ], [ 548120.0, 4522350.0 ], [ 548211.0, 4522350.0 ], [ 548211.0, 4522441.0 ], [ 548120.0, 4522441.0 ] ] ] } },
{ "type": "Feature", "properties": { "area_km2": 0.008281 }, "geometry": { "type": "Polygon", "coordinates": [ [ [ 530648.0, 4522350.0 ], [ 530648.0, 4522259.0 ], [ 530739.0, 4522259.0 ], [ 530739.0, 4522350.0 ], [ 530648.0, 4522350.0 ] ] ] } },
{ "type": "Feature", "properties": { "area_km2": 0.008281 }, "geometry": { "type": "Polygon", "coordinates": [ [ [ 530466.0, 4522259.0 ], [ 530466.0, 4522168.0 ], [ 530557.0, 4522168.0 ], [ 530557.0, 4522259.0 ], [ 530466.0, 4522259.0 ] ] ] } },
{ "type": "Feature", "properties": { "area_km2": 0.008281 }, "geometry": { "type": "Polygon", "coordinates": [ [ [ 537200.0, 4522259.0 ], [ 537200.0, 4522168.0 ], [ 537291.0, 4522168.0 ], [ 537291.0, 4522259.0 ], [ 537200.0, 4522259.0 ] ] ] } },
{ "type": "Feature", "properties": { "area_km2": 0.008281 }, "geometry": { "type": "Polygon", "coordinates": [ [ [ 544480.0, 4522259.0 ], [ 544480.0, 4522168.0 ], [ 544571.0, 4522168.0 ], [ 544571.0, 4522259.0 ], [ 544480.0, 4522259.0 ] ] ] } },
{ "type": "Feature", "properties": { "area_km2": 0.008281 }, "geometry": { "type": "Polygon", "coordinates": [ [ [ 534470.0, 4522168.0 ], [ 534470.0, 4522077.0 ], [ 534561.0, 4522077.0 ], [ 534561.0, 4522168.0 ], [ 534470.0, 4522168.0 ] ] ] } },
{ "type": "Feature", "properties": { "area_km2": 0.008281 }, "geometry": { "type": "Polygon", "coordinates": [ [ [ 524824.0, 4521986.0 ], [ 524824.0, 4521895.0 ], [ 524915.0, 4521895.0 ], [ 524915.0, 4521986.0 ], [ 524824.0, 4521986.0 ] ] ] } },
{ "type": "Feature", "properties": { "area_km2": 0.008281 }, "geometry": { "type": "Polygon", "coordinates": [ [ [ 542478.0, 4521895.0 ], [ 542478.0, 4521804.0 ], [ 542569.0, 4521804.0 ], [ 542569.0, 4521895.0 ], [ 542478.0, 4521895.0 ] ] ] } },
{ "type": "Feature", "properties": { "area_km2": 0.008281 }, "geometry": { "type": "Polygon", "coordinates": [ [ [ 533105.0, 4521804.0 ], [ 533105.0, 4521713.0 ], [ 533196.0, 4521713.0 ], [ 533196.0, 4521804.0 ], [ 533105.0, 4521804.0 ] ] ] } },
{ "type": "Feature", "properties": { "area_km2": 0.016562 }, "geometry": { "type": "Polygon", "coordinates": [ [ [ 542751.0, 4521804.0 ], [ 542751.0, 4521713.0 ], [ 542933.0, 4521713.0 ], [ 542933.0, 4521804.0 ], [ 542751.0, 4521804.0 ] ] ] } },
{ "type": "Feature", "properties": { "area_km2": 0.008281 }, "geometry": { "type": "Polygon", "coordinates": [ [ [ 520456.0, 4521713.0 ], [ 520456.0, 4521622.0 ], [ 520547.0, 4521622.0 ], [ 520547.0, 4521713.0 ], [ 520456.0, 4521713.0 ] ] ] } },
{ "type": "Feature", "properties": { "area_km2": 0.024843 }, "geometry": { "type": "Polygon", "coordinates": [ [ [ 541113.0, 4521804.0 ], [ 541113.0, 4521713.0 ], [ 541022.0, 4521713.0 ], [ 541022.0, 4521622.0 ], [ 541204.0, 4521622.0 ], [ 541204.0, 4521804.0 ], [ 541113.0, 4521804.0 ] ] ] } },
{ "type": "Feature", "properties": { "area_km2": 0.016562 }, "geometry": { "type": "Polygon", "coordinates": [ [ [ 529010.0, 4521622.0 ], [ 529010.0, 4521531.0 ], [ 529192.0, 4521531.0 ], [ 529192.0, 4521622.0 ], [ 529010.0, 4521622.0 ] ] ] } },
{ "type": "Feature", "properties": { "area_km2": 0.008281 }, "geometry": { "type": "Polygon", "coordinates": [ [ [ 534925.0, 4521622.0 ], [ 534925.0, 4521531.0 ], [ 535016.0, 4521531.0 ], [ 535016.0, 4521622.0 ], [ 534925.0, 4521622.0 ] ] ] } },
{ "type": "Feature", "properties": { "area_km2": 0.008281 }, "geometry": { "type": "Polygon", "coordinates": [ [ [ 535380.0, 4521622.0 ], [ 535380.0, 4521531.0 ], [ 535471.0, 4521531.0 ], [ 535471.0, 4521622.0 ], [ 535380.0, 4521622.0 ] ] ] } },
{ "type": "Feature", "properties": { "area_km2": 0.008281 }, "geometry": { "type": "Polygon", "coordinates": [ [ [ 541659.0, 4521622.0 ], [ 541659.0, 4521531.0 ], [ 541750.0, 4521531.0 ], [ 541750.0, 4521622.0 ], [ 541659.0, 4521622.0 ] ] ] } },
{ "type": "Feature", "properties": { "area_km2": 0.008281 }, "geometry": { "type": "Polygon", "coordinates": [ [ [ 548211.0, 4521622.0 ], [ 548211.0, 4521531.0 ], [ 548302.0, 4521531.0 ], [ 548302.0, 4521622.0 ], [ 548211.0, 4521622.0 ] ] ] } },
{ "type": "Feature", "properties": { "area_km2": 0.008281 }, "geometry": { "type": "Polygon", "coordinates": [ [ [ 535653.0, 4521531.0 ], [ 535653.0, 4521440.0 ], [ 535744.0, 4521440.0 ], [ 535744.0, 4521531.0 ], [ 535653.0, 4521531.0 ] ] ] } },
{ "type": "Feature", "properties": { "area_km2": 0.008281 }, "geometry": { "type": "Polygon", "coordinates": [ [ [ 540385.0, 4521531.0 ], [ 540385.0, 4521440.0 ], [ 540476.0, 4521440.0 ], [ 540476.0, 4521531.0 ], [ 540385.0, 4521531.0 ] ] ] } },
{ "type": "Feature", "properties": { "area_km2": 0.008281 }, "geometry": { "type": "Polygon", "coordinates": [ [ [ 545754.0, 4521531.0 ], [ 545754.0, 4521440.0 ], [ 545845.0, 4521440.0 ], [ 545845.0, 4521531.0 ], [ 545754.0, 4521531.0 ] ] ] } },
{ "type": "Feature", "properties": { "area_km2": 0.008281 }, "geometry": { "type": "Polygon", "coordinates": [ [ [ 529192.0, 4521440.0 ], [ 529192.0, 4521349.0 ], [ 529283.0, 4521349.0 ], [ 529283.0, 4521440.0 ], [ 529192.0, 4521440.0 ] ] ] } },
{ "type": "Feature", "properties": { "area_km2": 0.024843 }, "geometry": { "type": "Polygon", "coordinates": [ [ [ 547847.0, 4521440.0 ], [ 547847.0, 4521349.0 ], [ 547938.0, 4521349.0 ], [ 547938.0, 4521258.0 ], [ 548029.0, 4521258.0 ], [ 548029.0, 4521440.0 ], [ 547847.0, 4521440.0 ] ] ] } },
{ "type": "Feature", "properties": { "area_km2": 0.008281 }, "geometry": { "type": "Polygon", "coordinates": [ [ [ 534288.0, 4521349.0 ], [ 534288.0, 4521258.0 ], [ 534379.0, 4521258.0 ], [ 534379.0, 4521349.0 ], [ 534288.0, 4521349.0 ] ] ] } },
{ "type": "Feature", "properties": { "area_km2": 0.008281 }, "geometry": { "type": "Polygon", "coordinates": [ [ [ 541659.0, 4521349.0 ], [ 541659.0, 4521258.0 ], [ 541750.0, 4521258.0 ], [ 541750.0, 4521349.0 ], [ 541659.0, 4521349.0 ] ] ] } },
{ "type": "Feature", "properties": { "area_km2": 0.008281 }, "geometry": { "type": "Polygon", "coordinates": [ [ [ 545026.0, 4521349.0 ], [ 545026.0, 4521258.0 ], [ 545117.0, 4521258.0 ], [ 545117.0, 4521349.0 ], [ 545026.0, 4521349.0 ] ] ] } },
{ "type": "Feature", "properties": { "area_km2": 0.016562 }, "geometry": { "type": "Polygon", "coordinates": [ [ [ 542023.0, 4521258.0 ], [ 542023.0, 4521167.0 ], [ 542205.0, 4521167.0 ], [ 542205.0, 4521258.0 ], [ 542023.0, 4521258.0 ] ] ] } },
{ "type": "Feature", "properties": { "area_km2": 0.008281 }, "geometry": { "type": "Polygon", "coordinates": [ [ [ 545299.0, 4521258.0 ], [ 545299.0, 4521167.0 ], [ 545390.0, 4521167.0 ], [ 545390.0, 4521258.0 ], [ 545299.0, 4521258.0 ] ] ] } },
{ "type": "Feature", "properties": { "area_km2": 0.008281 }, "geometry": { "type": "Polygon", "coordinates": [ [ [ 536017.0, 4521167.0 ], [ 536017.0, 4521076.0 ], [ 536108.0, 4521076.0 ], [ 536108.0, 4521167.0 ], [ 536017.0, 4521167.0 ] ] ] } },
{ "type": "Feature", "properties": { "area_km2": 0.008281 }, "geometry": { "type": "Polygon", "coordinates": [ [ [ 542387.0, 4521167.0 ], [ 542387.0, 4521076.0 ], [ 542478.0, 4521076.0 ], [ 542478.0, 4521167.0 ], [ 542387.0, 4521167.0 ] ] ] } },
{ "type": "Feature", "properties": { "area_km2": 0.008281 }, "geometry": { "type": "Polygon", "coordinates": [ [ [ 542569.0, 4521167.0 ], [ 542569.0, 4521076.0 ], [ 542660.0, 4521076.0 ], [ 542660.0, 4521167.0 ], [ 542569.0, 4521167.0 ] ] ] } },
{ "type": "Feature", "properties": { "area_km2": 0.016562 }, "geometry": { "type": "Polygon", "coordinates": [ [ [ 545117.0, 4521167.0 ], [ 545117.0, 4521076.0 ], [ 545299.0, 4521076.0 ], [ 545299.0, 4521167.0 ], [ 545117.0, 4521167.0 ] ] ] } },
{ "type": "Feature", "properties": { "area_km2": 0.008281 }, "geometry": { "type": "Polygon", "coordinates": [ [ [ 548029.0, 4521167.0 ], [ 548029.0, 4521076.0 ], [ 548120.0, 4521076.0 ], [ 548120.0, 4521167.0 ], [ 548029.0, 4521167.0 ] ] ] } },
{ "type": "Feature", "properties": { "area_km2": 0.008281 }, "geometry": { "type": "Polygon", "coordinates": [ [ [ 548575.0, 4521167.0 ], [ 548575.0, 4521076.0 ], [ 548666.0, 4521076.0 ], [ 548666.0, 4521167.0 ], [ 548575.0, 4521167.0 ] ] ] } },
{ "type": "Feature", "properties": { "area_km2": 0.024843 }, "geometry": { "type": "Polygon", "coordinates": [ [ [ 542933.0, 4521076.0 ], [ 542933.0, 4520985.0 ], [ 543206.0, 4520985.0 ], [ 543206.0, 4521076.0 ], [ 542933.0, 4521076.0 ] ] ] } },
{ "type": "Feature", "properties": { "area_km2": 0.008281 }, "geometry": { "type": "Polygon", "coordinates": [ [ [ 547938.0, 4521076.0 ], [ 547938.0, 4520985.0 ], [ 548029.0, 4520985.0 ], [ 548029.0, 4521076.0 ], [ 547938.0, 4521076.0 ] ] ] } },
{ "type": "Feature", "properties": { "area_km2": 0.008281 }, "geometry": { "type": "Polygon", "coordinates": [ [ [ 522003.0, 4520985.0 ], [ 522003.0, 4520894.0 ], [ 522094.0, 4520894.0 ], [ 522094.0, 4520985.0 ], [ 522003.0, 4520985.0 ] ] ] } },
{ "type": "Feature", "properties": { "area_km2": 0.024843 }, "geometry": { "type": "Polygon", "coordinates": [ [ [ 541659.0, 4521076.0 ], [ 541659.0, 4520985.0 ], [ 541568.0, 4520985.0 ], [ 541568.0, 4520894.0 ], [ 541750.0, 4520894.0 ], [ 541750.0, 4521076.0 ], [ 541659.0, 4521076.0 ] ] ] } },
{ "type": "Feature", "properties": { "area_km2": 0.008281 }, "geometry": { "type": "Polygon", "coordinates": [ [ [ 542296.0, 4520985.0 ], [ 542296.0, 4520894.0 ], [ 542387.0, 4520894.0 ], [ 542387.0, 4520985.0 ], [ 542296.0, 4520985.0 ] ] ] } },
{ "type": "Feature", "properties": { "area_km2": 0.008281 }, "geometry": { "type": "Polygon", "coordinates": [ [ [ 543661.0, 4520985.0 ], [ 543661.0, 4520894.0 ], [ 543752.0, 4520894.0 ], [ 543752.0, 4520985.0 ], [ 543661.0, 4520985.0 ] ] ] } },
{ "type": "Feature", "properties": { "area_km2": 0.008281 }, "geometry": { "type": "Polygon", "coordinates": [ [ [ 544025.0, 4520985.0 ], [ 544025.0, 4520894.0 ], [ 544116.0, 4520894.0 ], [ 544116.0, 4520985.0 ], [ 544025.0, 4520985.0 ] ] ] } },
{ "type": "Feature", "properties": { "area_km2": 0.016562 }, "geometry": { "type": "Polygon", "coordinates": [ [ [ 521821.0, 4520894.0 ], [ 521821.0, 4520803.0 ], [ 522003.0, 4520803.0 ], [ 522003.0, 4520894.0 ], [ 521821.0, 4520894.0 ] ] ] } },
{ "type": "Feature", "properties": { "area_km2": 0.008281 }, "geometry": { "type": "Polygon", "coordinates": [ [ [ 536654.0, 4520894.0 ], [ 536654.0, 4520803.0 ], [ 536745.0, 4520803.0 ], [ 536745.0, 4520894.0 ], [ 536654.0, 4520894.0 ] ] ] } },
{ "type": "Feature", "properties": { "area_km2": 0.008281 }, "geometry": { "type": "Polygon", "coordinates": [ [ [ 541750.0, 4520894.0 ], [ 541750.0, 4520803.0 ], [ 541841.0, 4520803.0 ], [ 541841.0, 4520894.0 ], [ 541750.0, 4520894.0 ] ] ] } },
{ "type": "Feature", "properties": { "area_km2": 0.008281 }, "geometry": { "type": "Polygon", "coordinates": [ [ [ 543843.0, 4520894.0 ], [ 543843.0, 4520803.0 ], [ 543934.0, 4520803.0 ], [ 543934.0, 4520894.0 ], [ 543843.0, 4520894.0 ] ] ] } },
{ "type": "Feature", "properties": { "area_km2": 0.008281 }, "geometry": { "type": "Polygon", "coordinates": [ [ [ 520183.0, 4520803.0 ], [ 520183.0, 4520712.0 ], [ 520274.0, 4520712.0 ], [ 520274.0, 4520803.0 ], [ 520183.0, 4520803.0 ] ] ] } },
{ "type": "Feature", "properties": { "area_km2": 0.008281 }, "geometry": { "type": "Polygon", "coordinates": [ [ [ 534470.0, 4520803.0 ], [ 534470.0, 4520712.0 ], [ 534561.0, 4520712.0 ], [ 534561.0, 4520803.0 ], [ 534470.0, 4520803.0 ] ] ] } },
{ "type": "Feature", "properties": { "area_km2": 0.008281 }, "geometry": { "type": "Polygon", "coordinates": [ [ [ 541477.0, 4520803.0 ], [ 541477.0, 4520712.0 ], [ 541568.0, 4520712.0 ], [ 541568.0, 4520803.0 ], [ 541477.0, 4520803.0 ] ] ] } },
{ "type": "Feature", "properties": { "area_km2": 0.016562 }, "geometry": { "type": "Polygon", "coordinates": [ [ [ 542387.0, 4520803.0 ], [ 542387.0, 4520712.0 ], [ 542569.0, 4520712.0 ], [ 542569.0, 4520803.0 ], [ 542387.0, 4520803.0 ] ] ] } },
{ "type": "Feature", "properties": { "area_km2": 0.008281 }, "geometry": { "type": "Polygon", "coordinates": [ [ [ 545936.0, 4520803.0 ], [ 545936.0, 4520712.0 ], [ 546027.0, 4520712.0 ], [ 546027.0, 4520803.0 ], [ 545936.0, 4520803.0 ] ] ] } },
{ "type": "Feature", "properties": { "area_km2": 0.008281 }, "geometry": { "type": "Polygon", "coordinates": [ [ [ 547847.0, 4520803.0 ], [ 547847.0, 4520712.0 ], [ 547938.0, 4520712.0 ], [ 547938.0, 4520803.0 ], [ 547847.0, 4520803.0 ] ] ] } },
{ "type": "Feature", "properties": { "area_km2": 0.033124 }, "geometry": { "type": "Polygon", "coordinates": [ [ [ 542023.0, 4520803.0 ], [ 542023.0, 4520621.0 ], [ 542296.0, 4520621.0 ], [ 542296.0, 4520712.0 ], [ 542114.0, 4520712.0 ], [ 542114.0, 4520803.0 ], [ 542023.0, 4520803.0 ] ] ] } },
{ "type": "Feature", "properties": { "area_km2": 0.008281 }, "geometry": { "type": "Polygon", "coordinates": [ [ [ 537564.0, 4520712.0 ], [ 537564.0, 4520621.0 ], [ 537655.0, 4520621.0 ], [ 537655.0, 4520712.0 ], [ 537564.0, 4520712.0 ] ] ] } },
{ "type": "Feature", "properties": { "area_km2": 0.008281 }, "geometry": { "type": "Polygon", "coordinates": [ [ [ 540749.0, 4520712.0 ], [ 540749.0, 4520621.0 ], [ 540840.0, 4520621.0 ], [ 540840.0, 4520712.0 ], [ 540749.0, 4520712.0 ] ] ] } },
{ "type": "Feature", "properties": { "area_km2": 0.008281 }, "geometry": { "type": "Polygon", "coordinates": [ [ [ 541113.0, 4520712.0 ], [ 541113.0, 4520621.0 ], [ 541204.0, 4520621.0 ], [ 541204.0, 4520712.0 ], [ 541113.0, 4520712.0 ] ] ] } },
{ "type": "Feature", "properties": { "area_km2": 0.016562 }, "geometry": { "type": "Polygon", "coordinates": [ [ [ 547938.0, 4520712.0 ], [ 547938.0, 4520530.0 ], [ 548029.0, 4520530.0 ], [ 548029.0, 4520712.0 ], [ 547938.0, 4520712.0 ] ] ] } },
{ "type": "Feature", "properties": { "area_km2": 0.008281 }, "geometry": { "type": "Polygon", "coordinates": [ [ [ 541568.0, 4520621.0 ], [ 541568.0, 4520530.0 ], [ 541659.0, 4520530.0 ], [ 541659.0, 4520621.0 ], [ 541568.0, 4520621.0 ] ] ] } },
{ "type": "Feature", "properties": { "area_km2": 0.008281 }, "geometry": { "type": "Polygon", "coordinates": [ [ [ 541841.0, 4520621.0 ], [ 541841.0, 4520530.0 ], [ 541932.0, 4520530.0 ], [ 541932.0, 4520621.0 ], [ 541841.0, 4520621.0 ] ] ] } },
{ "type": "Feature", "properties": { "area_km2": 0.008281 }, "geometry": { "type": "Polygon", "coordinates": [ [ [ 542387.0, 4520621.0 ], [ 542387.0, 4520530.0 ], [ 542478.0, 4520530.0 ], [ 542478.0, 4520621.0 ], [ 542387.0, 4520621.0 ] ] ] } },
{ "type": "Feature", "properties": { "area_km2": 0.008281 }, "geometry": { "type": "Polygon", "coordinates": [ [ [ 543297.0, 4520621.0 ], [ 543297.0, 4520530.0 ], [ 543388.0, 4520530.0 ], [ 543388.0, 4520621.0 ], [ 543297.0, 4520621.0 ] ] ] } },
{ "type": "Feature", "properties": { "area_km2": 0.008281 }, "geometry": { "type": "Polygon", "coordinates": [ [ [ 541932.0, 4520530.0 ], [ 541932.0, 4520439.0 ], [ 542023.0, 4520439.0 ], [ 542023.0, 4520530.0 ], [ 541932.0, 4520530.0 ] ] ] } },
{ "type": "Feature", "properties": { "area_km2": 0.024843 }, "geometry": { "type": "Polygon", "coordinates": [ [ [ 542205.0, 4520530.0 ], [ 542205.0, 4520348.0 ], [ 542296.0, 4520348.0 ], [ 542296.0, 4520439.0 ], [ 542387.0, 4520439.0 ], [ 542387.0, 4520530.0 ], [ 542205.0, 4520530.0 ] ] ] } },
{ "type": "Feature", "properties": { "area_km2": 0.024843 }, "geometry": { "type": "Polygon", "coordinates": [ [ [ 543206.0, 4520530.0 ], [ 543206.0, 4520348.0 ], [ 543388.0, 4520348.0 ], [ 543388.0, 4520439.0 ], [ 543297.0, 4520439.0 ], [ 543297.0, 4520530.0 ], [ 543206.0, 4520530.0 ] ] ] } },
{ "type": "Feature", "properties": { "area_km2": 0.057967 }, "geometry": { "type": "Polygon", "coordinates": [ [ [ 543661.0, 4520621.0 ], [ 543661.0, 4520530.0 ], [ 543570.0, 4520530.0 ], [ 543570.0, 4520348.0 ], [ 543843.0, 4520348.0 ], [ 543843.0, 4520530.0 ], [ 543752.0, 4520530.0 ], [ 543752.0, 4520621.0 ], [ 543661.0, 4520621.0 ] ] ] } },
{ "type": "Feature", "properties": { "area_km2": 0.008281 }, "geometry": { "type": "Polygon", "coordinates": [ [ [ 521912.0, 4520439.0 ], [ 521912.0, 4520348.0 ], [ 522003.0, 4520348.0 ], [ 522003.0, 4520439.0 ], [ 521912.0, 4520439.0 ] ] ] } },
{ "type": "Feature", "properties": { "area_km2": 0.008281 }, "geometry": { "type": "Polygon", "coordinates": [ [ [ 544753.0, 4520439.0 ], [ 544753.0, 4520348.0 ], [ 544844.0, 4520348.0 ], [ 544844.0, 4520439.0 ], [ 544753.0, 4520439.0 ] ] ] } },
{ "type": "Feature", "properties": { "area_km2": 0.016562 }, "geometry": { "type": "Polygon", "coordinates": [ [ [ 548393.0, 4520439.0 ], [ 548393.0, 4520257.0 ], [ 548484.0, 4520257.0 ], [ 548484.0, 4520439.0 ], [ 548393.0, 4520439.0 ] ] ] } },
{ "type": "Feature", "properties": { "area_km2": 0.008281 }, "geometry": { "type": "Polygon", "coordinates": [ [ [ 522276.0, 4520348.0 ], [ 522276.0, 4520257.0 ], [ 522367.0, 4520257.0 ], [ 522367.0, 4520348.0 ], [ 522276.0, 4520348.0 ] ] ] } },
{ "type": "Feature", "properties": { "area_km2": 0.016562 }, "geometry": { "type": "Polygon", "coordinates": [ [ [ 536745.0, 4520348.0 ], [ 536745.0, 4520257.0 ], [ 536927.0, 4520257.0 ], [ 536927.0, 4520348.0 ], [ 536745.0, 4520348.0 ] ] ] } },
{ "type": "Feature", "properties": { "area_km2": 0.008281 }, "geometry": { "type": "Polygon", "coordinates": [ [ [ 541113.0, 4520348.0 ], [ 541113.0, 4520257.0 ], [ 541204.0, 4520257.0 ], [ 541204.0, 4520348.0 ], [ 541113.0, 4520348.0 ] ] ] } },
{ "type": "Feature", "properties": { "area_km2": 0.008281 }, "geometry": { "type": "Polygon", "coordinates": [ [ [ 542023.0, 4520348.0 ], [ 542023.0, 4520257.0 ], [ 542114.0, 4520257.0 ], [ 542114.0, 4520348.0 ], [ 542023.0, 4520348.0 ] ] ] } },
{ "type": "Feature", "properties": { "area_km2": 0.016562 }, "geometry": { "type": "Polygon", "coordinates": [ [ [ 544025.0, 4520348.0 ], [ 544025.0, 4520257.0 ], [ 544207.0, 4520257.0 ], [ 544207.0, 4520348.0 ], [ 544025.0, 4520348.0 ] ] ] } },
{ "type": "Feature", "properties": { "area_km2": 0.008281 }, "geometry": { "type": "Polygon", "coordinates": [ [ [ 544844.0, 4520348.0 ], [ 544844.0, 4520257.0 ], [ 544935.0, 4520257.0 ], [ 544935.0, 4520348.0 ], [ 544844.0, 4520348.0 ] ] ] } },
{ "type": "Feature", "properties": { "area_km2": 0.107653 }, "geometry": { "type": "Polygon", "coordinates": [ [ [ 548029.0, 4520530.0 ], [ 548029.0, 4520439.0 ], [ 547938.0, 4520439.0 ], [ 547938.0, 4520348.0 ], [ 547756.0, 4520348.0 ], [ 547756.0, 4520439.0 ], [ 547574.0, 4520439.0 ], [ 547574.0, 4520257.0 ], [ 548120.0, 4520257.0 ], [ 548120.0, 4520166.0 ], [ 548211.0, 4520166.0 ], [ 548211.0, 4520348.0 ], [ 548120.0, 4520348.0 ], [ 548120.0, 4520530.0 ], [ 548029.0, 4520530.0 ] ] ] } },
{ "type": "Feature", "properties": { "area_km2": 0.256711 }, "geometry": { "type": "Polygon", "coordinates": [ [ [ 542569.0, 4520712.0 ], [ 542569.0, 4520439.0 ], [ 542478.0, 4520439.0 ], [ 542478.0, 4520348.0 ], [ 542387.0, 4520348.0 ], [ 542387.0, 4520257.0 ], [ 542751.0, 4520257.0 ], [ 542751.0, 4520166.0 ], [ 543479.0, 4520166.0 ], [ 543479.0, 4520257.0 ], [ 543115.0, 4520257.0 ], [ 543115.0, 4520348.0 ], [ 542842.0, 4520348.0 ], [ 542842.0, 4520439.0 ], [ 542933.0, 4520439.0 ], [ 542933.0, 4520712.0 ], [ 542569.0, 4520712.0 ] ], [ [ 542751.0, 4520621.0 ], [ 542842.0, 4520621.0 ], [ 542842.0, 4520530.0 ], [ 542751.0, 4520530.0 ], [ 542751.0, 4520621.0 ] ] ] } },
{ "type": "Feature", "properties": { "area_km2": 0.008281 }, "geometry": { "type": "Polygon", "coordinates": [ [ [ 521548.0, 4520257.0 ], [ 521548.0, 4520166.0 ], [ 521639.0, 4520166.0 ], [ 521639.0, 4520257.0 ], [ 521548.0, 4520257.0 ] ] ] } },
{ "type": "Feature", "properties": { "area_km2": 0.024843 }, "geometry": { "type": "Polygon", "coordinates": [ [ [ 522549.0, 4520257.0 ], [ 522549.0, 4520166.0 ], [ 522822.0, 4520166.0 ], [ 522822.0, 4520257.0 ], [ 522549.0, 4520257.0 ] ] ] } },
{ "type": "Feature", "properties": { "area_km2": 0.008281 }, "geometry": { "type": "Polygon", "coordinates": [ [ [ 541841.0, 4520166.0 ], [ 541841.0, 4520075.0 ], [ 541932.0, 4520075.0 ], [ 541932.0, 4520166.0 ], [ 541841.0, 4520166.0 ] ] ] } },
{ "type": "Feature", "properties": { "area_km2": 0.008281 }, "geometry": { "type": "Polygon", "coordinates": [ [ [ 542114.0, 4520166.0 ], [ 542114.0, 4520075.0 ], [ 542205.0, 4520075.0 ], [ 542205.0, 4520166.0 ], [ 542114.0, 4520166.0 ] ] ] } },
{ "type": "Feature", "properties": { "area_km2": 0.024843 }, "geometry": { "type": "Polygon", "coordinates": [ [ [ 543661.0, 4520257.0 ], [ 543661.0, 4520166.0 ], [ 543570.0, 4520166.0 ], [ 543570.0, 4520075.0 ], [ 543752.0, 4520075.0 ], [ 543752.0, 4520257.0 ], [ 543661.0, 4520257.0 ] ] ] } },
{ "type": "Feature", "properties": { "area_km2": 0.008281 }, "geometry": { "type": "Polygon", "coordinates": [ [ [ 546027.0, 4520166.0 ], [ 546027.0, 4520075.0 ], [ 546118.0, 4520075.0 ], [ 546118.0, 4520166.0 ], [ 546027.0, 4520166.0 ] ] ] } },
{ "type": "Feature", "properties": { "area_km2": 0.033124 }, "geometry": { "type": "Polygon", "coordinates": [ [ [ 548211.0, 4520166.0 ], [ 548211.0, 4520075.0 ], [ 548575.0, 4520075.0 ], [ 548575.0, 4520166.0 ], [ 548211.0, 4520166.0 ] ] ] } },
{ "type": "Feature", "properties": { "area_km2": 0.016562 }, "geometry": { "type": "Polygon", "coordinates": [ [ [ 541477.0, 4520166.0 ], [ 541477.0, 4519984.0 ], [ 541568.0, 4519984.0 ], [ 541568.0, 4520166.0 ], [ 541477.0, 4520166.0 ] ] ] } },
{ "type": "Feature", "properties": { "area_km2": 0.008281 }, "geometry": { "type": "Polygon", "coordinates": [ [ [ 521457.0, 4520075.0 ], [ 521457.0, 4519984.0 ], [ 521548.0, 4519984.0 ], [ 521548.0, 4520075.0 ], [ 521457.0, 4520075.0 ] ] ] } },
{ "type": "Feature", "properties": { "area_km2": 0.008281 }, "geometry": { "type": "Polygon", "coordinates": [ [ [ 537928.0, 4520075.0 ], [ 537928.0, 4519984.0 ], [ 538019.0, 4519984.0 ], [ 538019.0, 4520075.0 ], [ 537928.0, 4520075.0 ] ] ] } },
{ "type": "Feature", "properties": { "area_km2": 0.008281 }, "geometry": { "type": "Polygon", "coordinates": [ [ [ 541204.0, 4520075.0 ], [ 541204.0, 4519984.0 ], [ 541295.0, 4519984.0 ], [ 541295.0, 4520075.0 ], [ 541204.0, 4520075.0 ] ] ] } },
{ "type": "Feature", "properties": { "area_km2": 0.008281 }, "geometry": { "type": "Polygon", "coordinates": [ [ [ 541659.0, 4520075.0 ], [ 541659.0, 4519984.0 ], [ 541750.0, 4519984.0 ], [ 541750.0, 4520075.0 ], [ 541659.0, 4520075.0 ] ] ] } },
{ "type": "Feature", "properties": { "area_km2": 0.008281 }, "geometry": { "type": "Polygon", "coordinates": [ [ [ 545481.0, 4520075.0 ], [ 545481.0, 4519984.0 ], [ 545572.0, 4519984.0 ], [ 545572.0, 4520075.0 ], [ 545481.0, 4520075.0 ] ] ] } },
{ "type": "Feature", "properties": { "area_km2": 0.024843 }, "geometry": { "type": "Polygon", "coordinates": [ [ [ 547847.0, 4520075.0 ], [ 547847.0, 4519984.0 ], [ 548120.0, 4519984.0 ], [ 548120.0, 4520075.0 ], [ 547847.0, 4520075.0 ] ] ] } },
{ "type": "Feature", "properties": { "area_km2": 0.016562 }, "geometry": { "type": "Polygon", "coordinates": [ [ [ 542387.0, 4520075.0 ], [ 542387.0, 4519893.0 ], [ 542478.0, 4519893.0 ], [ 542478.0, 4520075.0 ], [ 542387.0, 4520075.0 ] ] ] } },
{ "type": "Feature", "properties": { "area_km2": 0.008281 }, "geometry": { "type": "Polygon", "coordinates": [ [ [ 533014.0, 4519984.0 ], [ 533014.0, 4519893.0 ], [ 533105.0, 4519893.0 ], [ 533105.0, 4519984.0 ], [ 533014.0, 4519984.0 ] ] ] } },
{ "type": "Feature", "properties": { "area_km2": 0.008281 }, "geometry": { "type": "Polygon", "coordinates": [ [ [ 534379.0, 4519984.0 ], [ 534379.0, 4519893.0 ], [ 534470.0, 4519893.0 ], [ 534470.0, 4519984.0 ], [ 534379.0, 4519984.0 ] ] ] } },
{ "type": "Feature", "properties": { "area_km2": 0.008281 }, "geometry": { "type": "Polygon", "coordinates": [ [ [ 540658.0, 4519984.0 ], [ 540658.0, 4519893.0 ], [ 540749.0, 4519893.0 ], [ 540749.0, 4519984.0 ], [ 540658.0, 4519984.0 ] ] ] } },
{ "type": "Feature", "properties": { "area_km2": 0.008281 }, "geometry": { "type": "Polygon", "coordinates": [ [ [ 542751.0, 4519984.0 ], [ 542751.0, 4519893.0 ], [ 542842.0, 4519893.0 ], [ 542842.0, 4519984.0 ], [ 542751.0, 4519984.0 ] ] ] } },
{ "type": "Feature", "properties": { "area_km2": 0.008281 }, "geometry": { "type": "Polygon", "coordinates": [ [ [ 545845.0, 4519984.0 ], [ 545845.0, 4519893.0 ], [ 545936.0, 4519893.0 ], [ 545936.0, 4519984.0 ], [ 545845.0, 4519984.0 ] ] ] } },
{ "type": "Feature", "properties": { "area_km2": 0.016562 }, "geometry": { "type": "Polygon", "coordinates": [ [ [ 548211.0, 4519984.0 ], [ 548211.0, 4519893.0 ], [ 548393.0, 4519893.0 ], [ 548393.0, 4519984.0 ], [ 548211.0, 4519984.0 ] ] ] } },
{ "type": "Feature", "properties": { "area_km2": 0.024843 }, "geometry": { "type": "Polygon", "coordinates": [ [ [ 540931.0, 4519984.0 ], [ 540931.0, 4519893.0 ], [ 541022.0, 4519893.0 ], [ 541022.0, 4519802.0 ], [ 541113.0, 4519802.0 ], [ 541113.0, 4519984.0 ], [ 540931.0, 4519984.0 ] ] ] } },
{ "type": "Feature", "properties": { "area_km2": 0.016562 }, "geometry": { "type": "Polygon", "coordinates": [ [ [ 545208.0, 4519893.0 ], [ 545208.0, 4519802.0 ], [ 545390.0, 4519802.0 ], [ 545390.0, 4519893.0 ], [ 545208.0, 4519893.0 ] ] ] } },
{ "type": "Feature", "properties": { "area_km2": 0.016562 }, "geometry": { "type": "Polygon", "coordinates": [ [ [ 543388.0, 4519893.0 ], [ 543388.0, 4519711.0 ], [ 543479.0, 4519711.0 ], [ 543479.0, 4519893.0 ], [ 543388.0, 4519893.0 ] ] ] } },
{ "type": "Feature", "properties": { "area_km2": 0.008281 }, "geometry": { "type": "Polygon", "coordinates": [ [ [ 535198.0, 4519802.0 ], [ 535198.0, 4519711.0 ], [ 535289.0, 4519711.0 ], [ 535289.0, 4519802.0 ], [ 535198.0, 4519802.0 ] ] ] } },
{ "type": "Feature", "properties": { "area_km2": 0.008281 }, "geometry": { "type": "Polygon", "coordinates": [ [ [ 535380.0, 4519802.0 ], [ 535380.0, 4519711.0 ], [ 535471.0, 4519711.0 ], [ 535471.0, 4519802.0 ], [ 535380.0, 4519802.0 ] ] ] } },
{ "type": "Feature", "properties": { "area_km2": 0.008281 }, "geometry": { "type": "Polygon", "coordinates": [ [ [ 539384.0, 4519802.0 ], [ 539384.0, 4519711.0 ], [ 539475.0, 4519711.0 ], [ 539475.0, 4519802.0 ], [ 539384.0, 4519802.0 ] ] ] } },
{ "type": "Feature", "properties": { "area_km2": 0.008281 }, "geometry": { "type": "Polygon", "coordinates": [ [ [ 545663.0, 4519802.0 ], [ 545663.0, 4519711.0 ], [ 545754.0, 4519711.0 ], [ 545754.0, 4519802.0 ], [ 545663.0, 4519802.0 ] ] ] } },
{ "type": "Feature", "properties": { "area_km2": 0.024843 }, "geometry": { "type": "Polygon", "coordinates": [ [ [ 547938.0, 4519893.0 ], [ 547938.0, 4519802.0 ], [ 547847.0, 4519802.0 ], [ 547847.0, 4519711.0 ], [ 548029.0, 4519711.0 ], [ 548029.0, 4519893.0 ], [ 547938.0, 4519893.0 ] ] ] } },
{ "type": "Feature", "properties": { "area_km2": 0.016562 }, "geometry": { "type": "Polygon", "coordinates": [ [ [ 544571.0, 4519802.0 ], [ 544571.0, 4519620.0 ], [ 544662.0, 4519620.0 ], [ 544662.0, 4519802.0 ], [ 544571.0, 4519802.0 ] ] ] } },
{ "type": "Feature", "properties": { "area_km2": 0.016562 }, "geometry": { "type": "Polygon", "coordinates": [ [ [ 548302.0, 4519802.0 ], [ 548302.0, 4519620.0 ], [ 548393.0, 4519620.0 ], [ 548393.0, 4519802.0 ], [ 548302.0, 4519802.0 ] ] ] } },
{ "type": "Feature", "properties": { "area_km2": 0.008281 }, "geometry": { "type": "Polygon", "coordinates": [ [ [ 522185.0, 4519711.0 ], [ 522185.0, 4519620.0 ], [ 522276.0, 4519620.0 ], [ 522276.0, 4519711.0 ], [ 522185.0, 4519711.0 ] ] ] } },
{ "type": "Feature", "properties": { "area_km2": 0.008281 }, "geometry": { "type": "Polygon", "coordinates": [ [ [ 547574.0, 4519711.0 ], [ 547574.0, 4519620.0 ], [ 547665.0, 4519620.0 ], [ 547665.0, 4519711.0 ], [ 547574.0, 4519711.0 ] ] ] } },
{ "type": "Feature", "properties": { "area_km2": 0.016562 }, "geometry": { "type": "Polygon", "coordinates": [ [ [ 547756.0, 4519711.0 ], [ 547756.0, 4519529.0 ], [ 547847.0, 4519529.0 ], [ 547847.0, 4519711.0 ], [ 547756.0, 4519711.0 ] ] ] } },
{ "type": "Feature", "properties": { "area_km2": 0.008281 }, "geometry": { "type": "Polygon", "coordinates": [ [ [ 544844.0, 4519620.0 ], [ 544844.0, 4519529.0 ], [ 544935.0, 4519529.0 ], [ 544935.0, 4519620.0 ], [ 544844.0, 4519620.0 ] ] ] } },
{ "type": "Feature", "properties": { "area_km2": 0.016562 }, "geometry": { "type": "Polygon", "coordinates": [ [ [ 541477.0, 4519620.0 ], [ 541477.0, 4519438.0 ], [ 541568.0, 4519438.0 ], [ 541568.0, 4519620.0 ], [ 541477.0, 4519620.0 ] ] ] } },
{ "type": "Feature", "properties": { "area_km2": 0.008281 }, "geometry": { "type": "Polygon", "coordinates": [ [ [ 541932.0, 4519529.0 ], [ 541932.0, 4519438.0 ], [ 542023.0, 4519438.0 ], [ 542023.0, 4519529.0 ], [ 541932.0, 4519529.0 ] ] ] } },
{ "type": "Feature", "properties": { "area_km2": 0.008281 }, "geometry": { "type": "Polygon", "coordinates": [ [ [ 545026.0, 4519529.0 ], [ 545026.0, 4519438.0 ], [ 545117.0, 4519438.0 ], [ 545117.0, 4519529.0 ], [ 545026.0, 4519529.0 ] ] ] } },
{ "type": "Feature", "properties": { "area_km2": 0.024843 }, "geometry": { "type": "Polygon", "coordinates": [ [ [ 547938.0, 4519620.0 ], [ 547938.0, 4519529.0 ], [ 547847.0, 4519529.0 ], [ 547847.0, 4519438.0 ], [ 548029.0, 4519438.0 ], [ 548029.0, 4519620.0 ], [ 547938.0, 4519620.0 ] ] ] } },
{ "type": "Feature", "properties": { "area_km2": 0.563108 }, "geometry": { "type": "Polygon", "coordinates": [ [ [ 541932.0, 4520075.0 ], [ 541932.0, 4519984.0 ], [ 541750.0, 4519984.0 ], [ 541750.0, 4519893.0 ], [ 541386.0, 4519893.0 ], [ 541386.0, 4519984.0 ], [ 541295.0, 4519984.0 ], [ 541295.0, 4519802.0 ], [ 541568.0, 4519802.0 ], [ 541568.0, 4519711.0 ], [ 541659.0, 4519711.0 ], [ 541659.0, 4519802.0 ], [ 541750.0, 4519802.0 ], [ 541750.0, 4519711.0 ], [ 541841.0, 4519711.0 ], [ 541841.0, 4519620.0 ], [ 542205.0, 4519620.0 ], [ 542205.0, 4519529.0 ], [ 542296.0, 4519529.0 ], [ 542296.0, 4519438.0 ], [ 542387.0, 4519438.0 ], [ 542387.0, 4519529.0 ], [ 542569.0, 4519529.0 ], [ 542569.0, 4519438.0 ], [ 543115.0, 4519438.0 ], [ 543115.0, 4519347.0 ], [ 543388.0, 4519347.0 ], [ 543388.0, 4519438.0 ], [ 543297.0, 4519438.0 ], [ 543297.0, 4519529.0 ], [ 543206.0, 4519529.0 ], [ 543206.0, 4519620.0 ], [ 543115.0, 4519620.0 ], [ 543115.0, 4519711.0 ], [ 543206.0, 4519711.0 ], [ 543206.0, 4519893.0 ], [ 543115.0, 4519893.0 ], [ 543115.0, 4519802.0 ], [ 542933.0, 4519802.0 ], [ 542933.0, 4519893.0 ], [ 542842.0, 4519893.0 ], [ 542842.0, 4519711.0 ], [ 542660.0, 4519711.0 ], [ 542660.0, 4519802.0 ], [ 542387.0, 4519802.0 ], [ 542387.0, 4519893.0 ], [ 542296.0, 4519893.0 ], [ 542296.0, 4519984.0 ], [ 542205.0, 4519984.0 ], [ 542205.0, 4519802.0 ], [ 542114.0, 4519802.0 ], [ 542114.0, 4520075.0 ], [ 541932.0, 4520075.0 ] ], [ [ 541841.0, 4519893.0 ], [ 542023.0, 4519893.0 ], [ 542023.0, 4519802.0 ], [ 541841.0, 4519802.0 ], [ 541841.0, 4519893.0 ] ], [ [ 542296.0, 4519802.0 ], [ 542387.0, 4519802.0 ], [ 542387.0, 4519620.0 ], [ 542296.0, 4519620.0 ], [ 542296.0, 4519802.0 ] ], [ [ 542569.0, 4519711.0 ], [ 542660.0, 4519711.0 ], [ 542660.0, 4519620.0 ], [ 542569.0, 4519620.0 ], [ 542569.0, 4519711.0 ] ] ] } },
{ "type": "Feature", "properties": { "area_km2": 0.016562 }, "geometry": { "type": "Polygon", "coordinates": [ [ [ 548120.0, 4519529.0 ], [ 548120.0, 4519347.0 ], [ 548211.0, 4519347.0 ], [ 548211.0, 4519529.0 ], [ 548120.0, 4519529.0 ] ] ] } },
{ "type": "Feature", "properties": { "area_km2": 0.008281 }, "geometry": { "type": "Polygon", "coordinates": [ [ [ 532377.0, 4519438.0 ], [ 532377.0, 4519347.0 ], [ 532468.0, 4519347.0 ], [ 532468.0, 4519438.0 ], [ 532377.0, 4519438.0 ] ] ] } },
{ "type": "Feature", "properties": { "area_km2": 0.008281 }, "geometry": { "type": "Polygon", "coordinates": [ [ [ 540931.0, 4519438.0 ], [ 540931.0, 4519347.0 ], [ 541022.0, 4519347.0 ], [ 541022.0, 4519438.0 ], [ 540931.0, 4519438.0 ] ] ] } },
{ "type": "Feature", "properties": { "area_km2": 0.008281 }, "geometry": { "type": "Polygon", "coordinates": [ [ [ 541841.0, 4519438.0 ], [ 541841.0, 4519347.0 ], [ 541932.0, 4519347.0 ], [ 541932.0, 4519438.0 ], [ 541841.0, 4519438.0 ] ] ] } },
{ "type": "Feature", "properties": { "area_km2": 0.008281 }, "geometry": { "type": "Polygon", "coordinates": [ [ [ 542205.0, 4519438.0 ], [ 542205.0, 4519347.0 ], [ 542296.0, 4519347.0 ], [ 542296.0, 4519438.0 ], [ 542205.0, 4519438.0 ] ] ] } },
{ "type": "Feature", "properties": { "area_km2": 0.008281 }, "geometry": { "type": "Polygon", "coordinates": [ [ [ 545481.0, 4519438.0 ], [ 545481.0, 4519347.0 ], [ 545572.0, 4519347.0 ], [ 545572.0, 4519438.0 ], [ 545481.0, 4519438.0 ] ] ] } },
{ "type": "Feature", "properties": { "area_km2": 0.008281 }, "geometry": { "type": "Polygon", "coordinates": [ [ [ 547119.0, 4519438.0 ], [ 547119.0, 4519347.0 ], [ 547210.0, 4519347.0 ], [ 547210.0, 4519438.0 ], [ 547119.0, 4519438.0 ] ] ] } },
{ "type": "Feature", "properties": { "area_km2": 0.033124 }, "geometry": { "type": "Polygon", "coordinates": [ [ [ 537655.0, 4519438.0 ], [ 537655.0, 4519256.0 ], [ 537837.0, 4519256.0 ], [ 537837.0, 4519438.0 ], [ 537655.0, 4519438.0 ] ] ] } },
{ "type": "Feature", "properties": { "area_km2": 0.008281 }, "geometry": { "type": "Polygon", "coordinates": [ [ [ 542296.0, 4519347.0 ], [ 542296.0, 4519256.0 ], [ 542387.0, 4519256.0 ], [ 542387.0, 4519347.0 ], [ 542296.0, 4519347.0 ] ] ] } },
{ "type": "Feature", "properties": { "area_km2": 0.008281 }, "geometry": { "type": "Polygon", "coordinates": [ [ [ 543752.0, 4519347.0 ], [ 543752.0, 4519256.0 ], [ 543843.0, 4519256.0 ], [ 543843.0, 4519347.0 ], [ 543752.0, 4519347.0 ] ] ] } },
{ "type": "Feature", "properties": { "area_km2": 0.008281 }, "geometry": { "type": "Polygon", "coordinates": [ [ [ 543934.0, 4519347.0 ], [ 543934.0, 4519256.0 ], [ 544025.0, 4519256.0 ], [ 544025.0, 4519347.0 ], [ 543934.0, 4519347.0 ] ] ] } },
{ "type": "Feature", "properties": { "area_km2": 0.057967 }, "geometry": { "type": "Polygon", "coordinates": [ [ [ 541568.0, 4519438.0 ], [ 541568.0, 4519347.0 ], [ 541477.0, 4519347.0 ], [ 541477.0, 4519256.0 ], [ 541568.0, 4519256.0 ], [ 541568.0, 4519165.0 ], [ 541750.0, 4519165.0 ], [ 541750.0, 4519256.0 ], [ 541841.0, 4519256.0 ], [ 541841.0, 4519347.0 ], [ 541659.0, 4519347.0 ], [ 541659.0, 4519438.0 ], [ 541568.0, 4519438.0 ] ] ] } },
{ "type": "Feature", "properties": { "area_km2": 0.008281 }, "geometry": { "type": "Polygon", "coordinates": [ [ [ 538019.0, 4519256.0 ], [ 538019.0, 4519165.0 ], [ 538110.0, 4519165.0 ], [ 538110.0, 4519256.0 ], [ 538019.0, 4519256.0 ] ] ] } },
{ "type": "Feature", "properties": { "area_km2": 0.008281 }, "geometry": { "type": "Polygon", "coordinates": [ [ [ 538474.0, 4519256.0 ], [ 538474.0, 4519165.0 ], [ 538565.0, 4519165.0 ], [ 538565.0, 4519256.0 ], [ 538474.0, 4519256.0 ] ] ] } },
{ "type": "Feature", "properties": { "area_km2": 0.057967 }, "geometry": { "type": "Polygon", "coordinates": [ [ [ 541932.0, 4519347.0 ], [ 541932.0, 4519256.0 ], [ 541841.0, 4519256.0 ], [ 541841.0, 4519165.0 ], [ 542296.0, 4519165.0 ], [ 542296.0, 4519256.0 ], [ 542114.0, 4519256.0 ], [ 542114.0, 4519347.0 ], [ 541932.0, 4519347.0 ] ] ] } },
{ "type": "Feature", "properties": { "area_km2": 0.016562 }, "geometry": { "type": "Polygon", "coordinates": [ [ [ 545663.0, 4519256.0 ], [ 545663.0, 4519165.0 ], [ 545845.0, 4519165.0 ], [ 545845.0, 4519256.0 ], [ 545663.0, 4519256.0 ] ] ] } },
{ "type": "Feature", "properties": { "area_km2": 0.140777 }, "geometry": { "type": "Polygon", "coordinates": [ [ [ 547483.0, 4519438.0 ], [ 547483.0, 4519256.0 ], [ 547665.0, 4519256.0 ], [ 547665.0, 4519165.0 ], [ 547938.0, 4519165.0 ], [ 547938.0, 4519074.0 ], [ 548029.0, 4519074.0 ], [ 548029.0, 4519165.0 ], [ 548211.0, 4519165.0 ], [ 548211.0, 4519256.0 ], [ 548120.0, 4519256.0 ], [ 548120.0, 4519347.0 ], [ 547756.0, 4519347.0 ], [ 547756.0, 4519438.0 ], [ 547483.0, 4519438.0 ] ] ] } },
{ "type": "Feature", "properties": { "area_km2": 0.107653 }, "geometry": { "type": "Polygon", "coordinates": [ [ [ 544116.0, 4519347.0 ], [ 544116.0, 4519165.0 ], [ 544298.0, 4519165.0 ], [ 544298.0, 4519256.0 ], [ 544389.0, 4519256.0 ], [ 544389.0, 4519165.0 ], [ 544480.0, 4519165.0 ], [ 544480.0, 4519074.0 ], [ 544844.0, 4519074.0 ], [ 544844.0, 4519165.0 ], [ 544662.0, 4519165.0 ], [ 544662.0, 4519256.0 ], [ 544480.0, 4519256.0 ], [ 544480.0, 4519347.0 ], [ 544116.0, 4519347.0 ] ] ] } },
{ "type": "Feature", "properties": { "area_km2": 0.008281 }, "geometry": { "type": "Polygon", "coordinates": [ [ [ 538565.0, 4519165.0 ], [ 538565.0, 4519074.0 ], [ 538656.0, 4519074.0 ], [ 538656.0, 4519165.0 ], [ 538565.0, 4519165.0 ] ] ] } },
{ "type": "Feature", "properties": { "area_km2": 0.008281 }, "geometry": { "type": "Polygon", "coordinates": [ [ [ 540112.0, 4519165.0 ], [ 540112.0, 4519074.0 ], [ 540203.0, 4519074.0 ], [ 540203.0, 4519165.0 ], [ 540112.0, 4519165.0 ] ] ] } },
{ "type": "Feature", "properties": { "area_km2": 0.016562 }, "geometry": { "type": "Polygon", "coordinates": [ [ [ 541386.0, 4519165.0 ], [ 541386.0, 4519074.0 ], [ 541568.0, 4519074.0 ], [ 541568.0, 4519165.0 ], [ 541386.0, 4519165.0 ] ] ] } },
{ "type": "Feature", "properties": { "area_km2": 0.008281 }, "geometry": { "type": "Polygon", "coordinates": [ [ [ 542296.0, 4519165.0 ], [ 542296.0, 4519074.0 ], [ 542387.0, 4519074.0 ], [ 542387.0, 4519165.0 ], [ 542296.0, 4519165.0 ] ] ] } },
{ "type": "Feature", "properties": { "area_km2": 0.008281 }, "geometry": { "type": "Polygon", "coordinates": [ [ [ 544935.0, 4519165.0 ], [ 544935.0, 4519074.0 ], [ 545026.0, 4519074.0 ], [ 545026.0, 4519165.0 ], [ 544935.0, 4519165.0 ] ] ] } },
{ "type": "Feature", "properties": { "area_km2": 0.049686 }, "geometry": { "type": "Polygon", "coordinates": [ [ [ 542478.0, 4519165.0 ], [ 542478.0, 4519074.0 ], [ 542569.0, 4519074.0 ], [ 542569.0, 4518983.0 ], [ 542751.0, 4518983.0 ], [ 542751.0, 4519074.0 ], [ 542842.0, 4519074.0 ], [ 542842.0, 4519165.0 ], [ 542478.0, 4519165.0 ] ] ] } },
{ "type": "Feature", "properties": { "area_km2": 0.008281 }, "geometry": { "type": "Polygon", "coordinates": [ [ [ 535289.0, 4519074.0 ], [ 535289.0, 4518983.0 ], [ 535380.0, 4518983.0 ], [ 535380.0, 4519074.0 ], [ 535289.0, 4519074.0 ] ] ] } },
{ "type": "Feature", "properties": { "area_km2": 0.008281 }, "geometry": { "type": "Polygon", "coordinates": [ [ [ 538110.0, 4519074.0 ], [ 538110.0, 4518983.0 ], [ 538201.0, 4518983.0 ], [ 538201.0, 4519074.0 ], [ 538110.0, 4519074.0 ] ] ] } },
{ "type": "Feature", "properties": { "area_km2": 0.008281 }, "geometry": { "type": "Polygon", "coordinates": [ [ [ 538838.0, 4519074.0 ], [ 538838.0, 4518983.0 ], [ 538929.0, 4518983.0 ], [ 538929.0, 4519074.0 ], [ 538838.0, 4519074.0 ] ] ] } },
{ "type": "Feature", "properties": { "area_km2": 0.008281 }, "geometry": { "type": "Polygon", "coordinates": [ [ [ 541022.0, 4519074.0 ], [ 541022.0, 4518983.0 ], [ 541113.0, 4518983.0 ], [ 541113.0, 4519074.0 ], [ 541022.0, 4519074.0 ] ] ] } },
{ "type": "Feature", "properties": { "area_km2": 0.016562 }, "geometry": { "type": "Polygon", "coordinates": [ [ [ 541568.0, 4519074.0 ], [ 541568.0, 4518983.0 ], [ 541750.0, 4518983.0 ], [ 541750.0, 4519074.0 ], [ 541568.0, 4519074.0 ] ] ] } },
{ "type": "Feature", "properties": { "area_km2": 0.008281 }, "geometry": { "type": "Polygon", "coordinates": [ [ [ 541841.0, 4519074.0 ], [ 541841.0, 4518983.0 ], [ 541932.0, 4518983.0 ], [ 541932.0, 4519074.0 ], [ 541841.0, 4519074.0 ] ] ] } },
{ "type": "Feature", "properties": { "area_km2": 0.008281 }, "geometry": { "type": "Polygon", "coordinates": [ [ [ 542114.0, 4519074.0 ], [ 542114.0, 4518983.0 ], [ 542205.0, 4518983.0 ], [ 542205.0, 4519074.0 ], [ 542114.0, 4519074.0 ] ] ] } },
{ "type": "Feature", "properties": { "area_km2": 0.016562 }, "geometry": { "type": "Polygon", "coordinates": [ [ [ 543570.0, 4519074.0 ], [ 543570.0, 4518983.0 ], [ 543752.0, 4518983.0 ], [ 543752.0, 4519074.0 ], [ 543570.0, 4519074.0 ] ] ] } },
{ "type": "Feature", "properties": { "area_km2": 0.008281 }, "geometry": { "type": "Polygon", "coordinates": [ [ [ 544844.0, 4519074.0 ], [ 544844.0, 4518983.0 ], [ 544935.0, 4518983.0 ], [ 544935.0, 4519074.0 ], [ 544844.0, 4519074.0 ] ] ] } },
{ "type": "Feature", "properties": { "area_km2": 0.008281 }, "geometry": { "type": "Polygon", "coordinates": [ [ [ 546209.0, 4519074.0 ], [ 546209.0, 4518983.0 ], [ 546300.0, 4518983.0 ], [ 546300.0, 4519074.0 ], [ 546209.0, 4519074.0 ] ] ] } },
{ "type": "Feature", "properties": { "area_km2": 0.024843 }, "geometry": { "type": "Polygon", "coordinates": [ [ [ 543206.0, 4519165.0 ], [ 543206.0, 4518892.0 ], [ 543297.0, 4518892.0 ], [ 543297.0, 4519165.0 ], [ 543206.0, 4519165.0 ] ] ] } },
{ "type": "Feature", "properties": { "area_km2": 0.074529 }, "geometry": { "type": "Polygon", "coordinates": [ [ [ 545117.0, 4519165.0 ], [ 545117.0, 4518983.0 ], [ 545208.0, 4518983.0 ], [ 545208.0, 4518892.0 ], [ 545299.0, 4518892.0 ], [ 545299.0, 4518983.0 ], [ 545572.0, 4518983.0 ], [ 545572.0, 4518892.0 ], [ 545663.0, 4518892.0 ], [ 545663.0, 4519074.0 ], [ 545208.0, 4519074.0 ], [ 545208.0, 4519165.0 ], [ 545117.0, 4519165.0 ] ] ] } },
{ "type": "Feature", "properties": { "area_km2": 0.049686 }, "geometry": { "type": "Polygon", "coordinates": [ [ [ 547665.0, 4519074.0 ], [ 547665.0, 4518892.0 ], [ 547938.0, 4518892.0 ], [ 547938.0, 4519074.0 ], [ 547665.0, 4519074.0 ] ] ] } },
{ "type": "Feature", "properties": { "area_km2": 0.008281 }, "geometry": { "type": "Polygon", "coordinates": [ [ [ 520638.0, 4518983.0 ], [ 520638.0, 4518892.0 ], [ 520729.0, 4518892.0 ], [ 520729.0, 4518983.0 ], [ 520638.0, 4518983.0 ] ] ] } },
{ "type": "Feature", "properties": { "area_km2": 0.008281 }, "geometry": { "type": "Polygon", "coordinates": [ [ [ 540931.0, 4518983.0 ], [ 540931.0, 4518892.0 ], [ 541022.0, 4518892.0 ], [ 541022.0, 4518983.0 ], [ 540931.0, 4518983.0 ] ] ] } },
{ "type": "Feature", "properties": { "area_km2": 0.008281 }, "geometry": { "type": "Polygon", "coordinates": [ [ [ 541932.0, 4518983.0 ], [ 541932.0, 4518892.0 ], [ 542023.0, 4518892.0 ], [ 542023.0, 4518983.0 ], [ 541932.0, 4518983.0 ] ] ] } },
{ "type": "Feature", "properties": { "area_km2": 0.008281 }, "geometry": { "type": "Polygon", "coordinates": [ [ [ 546846.0, 4518983.0 ], [ 546846.0, 4518892.0 ], [ 546937.0, 4518892.0 ], [ 546937.0, 4518983.0 ], [ 546846.0, 4518983.0 ] ] ] } },
{ "type": "Feature", "properties": { "area_km2": 0.008281 }, "geometry": { "type": "Polygon", "coordinates": [ [ [ 540203.0, 4518892.0 ], [ 540203.0, 4518801.0 ], [ 540294.0, 4518801.0 ], [ 540294.0, 4518892.0 ], [ 540203.0, 4518892.0 ] ] ] } },
{ "type": "Feature", "properties": { "area_km2": 0.008281 }, "geometry": { "type": "Polygon", "coordinates": [ [ [ 541295.0, 4518892.0 ], [ 541295.0, 4518801.0 ], [ 541386.0, 4518801.0 ], [ 541386.0, 4518892.0 ], [ 541295.0, 4518892.0 ] ] ] } },
{ "type": "Feature", "properties": { "area_km2": 0.008281 }, "geometry": { "type": "Polygon", "coordinates": [ [ [ 542296.0, 4518892.0 ], [ 542296.0, 4518801.0 ], [ 542387.0, 4518801.0 ], [ 542387.0, 4518892.0 ], [ 542296.0, 4518892.0 ] ] ] } },
{ "type": "Feature", "properties": { "area_km2": 0.024843 }, "geometry": { "type": "Polygon", "coordinates": [ [ [ 543479.0, 4518892.0 ], [ 543479.0, 4518801.0 ], [ 543752.0, 4518801.0 ], [ 543752.0, 4518892.0 ], [ 543479.0, 4518892.0 ] ] ] } },
{ "type": "Feature", "properties": { "area_km2": 0.024843 }, "geometry": { "type": "Polygon", "coordinates": [ [ [ 543934.0, 4518892.0 ], [ 543934.0, 4518710.0 ], [ 544116.0, 4518710.0 ], [ 544116.0, 4518801.0 ], [ 544025.0, 4518801.0 ], [ 544025.0, 4518892.0 ], [ 543934.0, 4518892.0 ] ] ] } },
{ "type": "Feature", "properties": { "area_km2": 0.008281 }, "geometry": { "type": "Polygon", "coordinates": [ [ [ 543024.0, 4518801.0 ], [ 543024.0, 4518710.0 ], [ 543115.0, 4518710.0 ], [ 543115.0, 4518801.0 ], [ 543024.0, 4518801.0 ] ] ] } },
{ "type": "Feature", "properties": { "area_km2": 0.008281 }, "geometry": { "type": "Polygon", "coordinates": [ [ [ 543297.0, 4518801.0 ], [ 543297.0, 4518710.0 ], [ 543388.0, 4518710.0 ], [ 543388.0, 4518801.0 ], [ 543297.0, 4518801.0 ] ] ] } },
{ "type": "Feature", "properties": { "area_km2": 0.008281 }, "geometry": { "type": "Polygon", "coordinates": [ [ [ 544298.0, 4518801.0 ], [ 544298.0, 4518710.0 ], [ 544389.0, 4518710.0 ], [ 544389.0, 4518801.0 ], [ 544298.0, 4518801.0 ] ] ] } },
{ "type": "Feature", "properties": { "area_km2": 0.008281 }, "geometry": { "type": "Polygon", "coordinates": [ [ [ 545026.0, 4518801.0 ], [ 545026.0, 4518710.0 ], [ 545117.0, 4518710.0 ], [ 545117.0, 4518801.0 ], [ 545026.0, 4518801.0 ] ] ] } },
{ "type": "Feature", "properties": { "area_km2": 0.115934 }, "geometry": { "type": "Polygon", "coordinates": [ [ [ 541750.0, 4518983.0 ], [ 541750.0, 4518892.0 ], [ 541659.0, 4518892.0 ], [ 541659.0, 4518801.0 ], [ 541386.0, 4518801.0 ], [ 541386.0, 4518710.0 ], [ 541750.0, 4518710.0 ], [ 541750.0, 4518619.0 ], [ 541841.0, 4518619.0 ], [ 541841.0, 4518710.0 ], [ 541932.0, 4518710.0 ], [ 541932.0, 4518619.0 ], [ 542114.0, 4518619.0 ], [ 542114.0, 4518710.0 ], [ 542023.0, 4518710.0 ], [ 542023.0, 4518801.0 ], [ 541932.0, 4518801.0 ], [ 541932.0, 4518892.0 ], [ 541841.0, 4518892.0 ], [ 541841.0, 4518983.0 ], [ 541750.0, 4518983.0 ] ] ] } },
{ "type": "Feature", "properties": { "area_km2": 0.008281 }, "geometry": { "type": "Polygon", "coordinates": [ [ [ 543115.0, 4518710.0 ], [ 543115.0, 4518619.0 ], [ 543206.0, 4518619.0 ], [ 543206.0, 4518710.0 ], [ 543115.0, 4518710.0 ] ] ] } },
{ "type": "Feature", "properties": { "area_km2": 0.008281 }, "geometry": { "type": "Polygon", "coordinates": [ [ [ 543570.0, 4518710.0 ], [ 543570.0, 4518619.0 ], [ 543661.0, 4518619.0 ], [ 543661.0, 4518710.0 ], [ 543570.0, 4518710.0 ] ] ] } },
{ "type": "Feature", "properties": { "area_km2": 0.008281 }, "geometry": { "type": "Polygon", "coordinates": [ [ [ 543752.0, 4518710.0 ], [ 543752.0, 4518619.0 ], [ 543843.0, 4518619.0 ], [ 543843.0, 4518710.0 ], [ 543752.0, 4518710.0 ] ] ] } },
{ "type": "Feature", "properties": { "area_km2": 0.024843 }, "geometry": { "type": "Polygon", "coordinates": [ [ [ 544480.0, 4518710.0 ], [ 544480.0, 4518619.0 ], [ 544753.0, 4518619.0 ], [ 544753.0, 4518710.0 ], [ 544480.0, 4518710.0 ] ] ] } },
{ "type": "Feature", "properties": { "area_km2": 0.016562 }, "geometry": { "type": "Polygon", "coordinates": [ [ [ 545936.0, 4518710.0 ], [ 545936.0, 4518528.0 ], [ 546027.0, 4518528.0 ], [ 546027.0, 4518710.0 ], [ 545936.0, 4518710.0 ] ] ] } },
{ "type": "Feature", "properties": { "area_km2": 0.008281 }, "geometry": { "type": "Polygon", "coordinates": [ [ [ 534561.0, 4518619.0 ], [ 534561.0, 4518528.0 ], [ 534652.0, 4518528.0 ], [ 534652.0, 4518619.0 ], [ 534561.0, 4518619.0 ] ] ] } },
{ "type": "Feature", "properties": { "area_km2": 0.008281 }, "geometry": { "type": "Polygon", "coordinates": [ [ [ 541204.0, 4518619.0 ], [ 541204.0, 4518528.0 ], [ 541295.0, 4518528.0 ], [ 541295.0, 4518619.0 ], [ 541204.0, 4518619.0 ] ] ] } },
{ "type": "Feature", "properties": { "area_km2": 0.016562 }, "geometry": { "type": "Polygon", "coordinates": [ [ [ 544025.0, 4518619.0 ], [ 544025.0, 4518528.0 ], [ 544207.0, 4518528.0 ], [ 544207.0, 4518619.0 ], [ 544025.0, 4518619.0 ] ] ] } },
{ "type": "Feature", "properties": { "area_km2": 0.008281 }, "geometry": { "type": "Polygon", "coordinates": [ [ [ 544298.0, 4518619.0 ], [ 544298.0, 4518528.0 ], [ 544389.0, 4518528.0 ], [ 544389.0, 4518619.0 ], [ 544298.0, 4518619.0 ] ] ] } },
{ "type": "Feature", "properties": { "area_km2": 0.008281 }, "geometry": { "type": "Polygon", "coordinates": [ [ [ 544935.0, 4518619.0 ], [ 544935.0, 4518528.0 ], [ 545026.0, 4518528.0 ], [ 545026.0, 4518619.0 ], [ 544935.0, 4518619.0 ] ] ] } },
{ "type": "Feature", "properties": { "area_km2": 0.016562 }, "geometry": { "type": "Polygon", "coordinates": [ [ [ 521093.0, 4518528.0 ], [ 521093.0, 4518437.0 ], [ 521275.0, 4518437.0 ], [ 521275.0, 4518528.0 ], [ 521093.0, 4518528.0 ] ] ] } },
{ "type": "Feature", "properties": { "area_km2": 0.008281 }, "geometry": { "type": "Polygon", "coordinates": [ [ [ 541659.0, 4518528.0 ], [ 541659.0, 4518437.0 ], [ 541750.0, 4518437.0 ], [ 541750.0, 4518528.0 ], [ 541659.0, 4518528.0 ] ] ] } },
{ "type": "Feature", "properties": { "area_km2": 0.016562 }, "geometry": { "type": "Polygon", "coordinates": [ [ [ 545117.0, 4518528.0 ], [ 545117.0, 4518437.0 ], [ 545299.0, 4518437.0 ], [ 545299.0, 4518528.0 ], [ 545117.0, 4518528.0 ] ] ] } },
{ "type": "Feature", "properties": { "area_km2": 0.016562 }, "geometry": { "type": "Polygon", "coordinates": [ [ [ 546209.0, 4518528.0 ], [ 546209.0, 4518437.0 ], [ 546391.0, 4518437.0 ], [ 546391.0, 4518528.0 ], [ 546209.0, 4518528.0 ] ] ] } },
{ "type": "Feature", "properties": { "area_km2": 0.099372 }, "geometry": { "type": "Polygon", "coordinates": [ [ [ 542478.0, 4518892.0 ], [ 542478.0, 4518710.0 ], [ 542205.0, 4518710.0 ], [ 542205.0, 4518619.0 ], [ 542296.0, 4518619.0 ], [ 542296.0, 4518528.0 ], [ 542387.0, 4518528.0 ], [ 542387.0, 4518346.0 ], [ 542478.0, 4518346.0 ], [ 542478.0, 4518619.0 ], [ 542569.0, 4518619.0 ], [ 542569.0, 4518710.0 ], [ 542660.0, 4518710.0 ], [ 542660.0, 4518892.0 ], [ 542478.0, 4518892.0 ] ] ] } },
{ "type": "Feature", "properties": { "area_km2": 0.041405 }, "geometry": { "type": "Polygon", "coordinates": [ [ [ 544389.0, 4518528.0 ], [ 544389.0, 4518437.0 ], [ 544662.0, 4518437.0 ], [ 544662.0, 4518346.0 ], [ 544753.0, 4518346.0 ], [ 544753.0, 4518528.0 ], [ 544389.0, 4518528.0 ] ] ] } },
{ "type": "Feature", "properties": { "area_km2": 0.008281 }, "geometry": { "type": "Polygon", "coordinates": [ [ [ 535107.0, 4518437.0 ], [ 535107.0, 4518346.0 ], [ 535198.0, 4518346.0 ], [ 535198.0, 4518437.0 ], [ 535107.0, 4518437.0 ] ] ] } },
{ "type": "Feature", "properties": { "area_km2": 0.066248 }, "geometry": { "type": "Polygon", "coordinates": [ [ [ 542751.0, 4518710.0 ], [ 542751.0, 4518619.0 ], [ 542569.0, 4518619.0 ], [ 542569.0, 4518528.0 ], [ 542751.0, 4518528.0 ], [ 542751.0, 4518437.0 ], [ 542660.0, 4518437.0 ], [ 542660.0, 4518346.0 ], [ 542842.0, 4518346.0 ], [ 542842.0, 4518528.0 ], [ 542933.0, 4518528.0 ], [ 542933.0, 4518619.0 ], [ 542842.0, 4518619.0 ], [ 542842.0, 4518710.0 ], [ 542751.0, 4518710.0 ] ] ] } },
{ "type": "Feature", "properties": { "area_km2": 0.008281 }, "geometry": { "type": "Polygon", "coordinates": [ [ [ 543661.0, 4518437.0 ], [ 543661.0, 4518346.0 ], [ 543752.0, 4518346.0 ], [ 543752.0, 4518437.0 ], [ 543661.0, 4518437.0 ] ] ] } },
{ "type": "Feature", "properties": { "area_km2": 0.008281 }, "geometry": { "type": "Polygon", "coordinates": [ [ [ 543934.0, 4518437.0 ], [ 543934.0, 4518346.0 ], [ 544025.0, 4518346.0 ], [ 544025.0, 4518437.0 ], [ 543934.0, 4518437.0 ] ] ] } },
{ "type": "Feature", "properties": { "area_km2": 0.008281 }, "geometry": { "type": "Polygon", "coordinates": [ [ [ 544935.0, 4518437.0 ], [ 544935.0, 4518346.0 ], [ 545026.0, 4518346.0 ], [ 545026.0, 4518437.0 ], [ 544935.0, 4518437.0 ] ] ] } },
{ "type": "Feature", "properties": { "area_km2": 0.008281 }, "geometry": { "type": "Polygon", "coordinates": [ [ [ 545754.0, 4518437.0 ], [ 545754.0, 4518346.0 ], [ 545845.0, 4518346.0 ], [ 545845.0, 4518437.0 ], [ 545754.0, 4518437.0 ] ] ] } },
{ "type": "Feature", "properties": { "area_km2": 0.008281 }, "geometry": { "type": "Polygon", "coordinates": [ [ [ 546027.0, 4518437.0 ], [ 546027.0, 4518346.0 ], [ 546118.0, 4518346.0 ], [ 546118.0, 4518437.0 ], [ 546027.0, 4518437.0 ] ] ] } },
{ "type": "Feature", "properties": { "area_km2": 0.008281 }, "geometry": { "type": "Polygon", "coordinates": [ [ [ 536381.0, 4518346.0 ], [ 536381.0, 4518255.0 ], [ 536472.0, 4518255.0 ], [ 536472.0, 4518346.0 ], [ 536381.0, 4518346.0 ] ] ] } },
{ "type": "Feature", "properties": { "area_km2": 0.008281 }, "geometry": { "type": "Polygon", "coordinates": [ [ [ 542114.0, 4518346.0 ], [ 542114.0, 4518255.0 ], [ 542205.0, 4518255.0 ], [ 542205.0, 4518346.0 ], [ 542114.0, 4518346.0 ] ] ] } },
{ "type": "Feature", "properties": { "area_km2": 0.008281 }, "geometry": { "type": "Polygon", "coordinates": [ [ [ 542842.0, 4518346.0 ], [ 542842.0, 4518255.0 ], [ 542933.0, 4518255.0 ], [ 542933.0, 4518346.0 ], [ 542842.0, 4518346.0 ] ] ] } },
{ "type": "Feature", "properties": { "area_km2": 0.016562 }, "geometry": { "type": "Polygon", "coordinates": [ [ [ 543752.0, 4518346.0 ], [ 543752.0, 4518255.0 ], [ 543934.0, 4518255.0 ], [ 543934.0, 4518346.0 ], [ 543752.0, 4518346.0 ] ] ] } },
{ "type": "Feature", "properties": { "area_km2": 0.008281 }, "geometry": { "type": "Polygon", "coordinates": [ [ [ 545117.0, 4518346.0 ], [ 545117.0, 4518255.0 ], [ 545208.0, 4518255.0 ], [ 545208.0, 4518346.0 ], [ 545117.0, 4518346.0 ] ] ] } },
{ "type": "Feature", "properties": { "area_km2": 0.008281 }, "geometry": { "type": "Polygon", "coordinates": [ [ [ 545390.0, 4518346.0 ], [ 545390.0, 4518255.0 ], [ 545481.0, 4518255.0 ], [ 545481.0, 4518346.0 ], [ 545390.0, 4518346.0 ] ] ] } },
{ "type": "Feature", "properties": { "area_km2": 0.057967 }, "geometry": { "type": "Polygon", "coordinates": [ [ [ 544207.0, 4518437.0 ], [ 544207.0, 4518164.0 ], [ 544480.0, 4518164.0 ], [ 544480.0, 4518346.0 ], [ 544298.0, 4518346.0 ], [ 544298.0, 4518437.0 ], [ 544207.0, 4518437.0 ] ] ] } },
{ "type": "Feature", "properties": { "area_km2": 0.024843 }, "geometry": { "type": "Polygon", "coordinates": [ [ [ 541477.0, 4518255.0 ], [ 541477.0, 4518164.0 ], [ 541750.0, 4518164.0 ], [ 541750.0, 4518255.0 ], [ 541477.0, 4518255.0 ] ] ] } },
{ "type": "Feature", "properties": { "area_km2": 0.008281 }, "geometry": { "type": "Polygon", "coordinates": [ [ [ 543024.0, 4518255.0 ], [ 543024.0, 4518164.0 ], [ 543115.0, 4518164.0 ], [ 543115.0, 4518255.0 ], [ 543024.0, 4518255.0 ] ] ] } },
{ "type": "Feature", "properties": { "area_km2": 0.008281 }, "geometry": { "type": "Polygon", "coordinates": [ [ [ 544935.0, 4518255.0 ], [ 544935.0, 4518164.0 ], [ 545026.0, 4518164.0 ], [ 545026.0, 4518255.0 ], [ 544935.0, 4518255.0 ] ] ] } },
{ "type": "Feature", "properties": { "area_km2": 0.008281 }, "geometry": { "type": "Polygon", "coordinates": [ [ [ 545754.0, 4518255.0 ], [ 545754.0, 4518164.0 ], [ 545845.0, 4518164.0 ], [ 545845.0, 4518255.0 ], [ 545754.0, 4518255.0 ] ] ] } },
{ "type": "Feature", "properties": { "area_km2": 0.033124 }, "geometry": { "type": "Polygon", "coordinates": [ [ [ 544571.0, 4518346.0 ], [ 544571.0, 4518164.0 ], [ 544662.0, 4518164.0 ], [ 544662.0, 4518073.0 ], [ 544753.0, 4518073.0 ], [ 544753.0, 4518255.0 ], [ 544662.0, 4518255.0 ], [ 544662.0, 4518346.0 ], [ 544571.0, 4518346.0 ] ] ] } },
{ "type": "Feature", "properties": { "area_km2": 0.008281 }, "geometry": { "type": "Polygon", "coordinates": [ [ [ 542296.0, 4518164.0 ], [ 542296.0, 4518073.0 ], [ 542387.0, 4518073.0 ], [ 542387.0, 4518164.0 ], [ 542296.0, 4518164.0 ] ] ] } },
{ "type": "Feature", "properties": { "area_km2": 0.008281 }, "geometry": { "type": "Polygon", "coordinates": [ [ [ 543388.0, 4518164.0 ], [ 543388.0, 4518073.0 ], [ 543479.0, 4518073.0 ], [ 543479.0, 4518164.0 ], [ 543388.0, 4518164.0 ] ] ] } },
{ "type": "Feature", "properties": { "area_km2": 0.008281 }, "geometry": { "type": "Polygon", "coordinates": [ [ [ 543934.0, 4518164.0 ], [ 543934.0, 4518073.0 ], [ 544025.0, 4518073.0 ], [ 544025.0, 4518164.0 ], [ 543934.0, 4518164.0 ] ] ] } },
{ "type": "Feature", "properties": { "area_km2": 0.008281 }, "geometry": { "type": "Polygon", "coordinates": [ [ [ 545117.0, 4518164.0 ], [ 545117.0, 4518073.0 ], [ 545208.0, 4518073.0 ], [ 545208.0, 4518164.0 ], [ 545117.0, 4518164.0 ] ] ] } },
{ "type": "Feature", "properties": { "area_km2": 0.008281 }, "geometry": { "type": "Polygon", "coordinates": [ [ [ 546118.0, 4518164.0 ], [ 546118.0, 4518073.0 ], [ 546209.0, 4518073.0 ], [ 546209.0, 4518164.0 ], [ 546118.0, 4518164.0 ] ] ] } },
{ "type": "Feature", "properties": { "area_km2": 0.008281 }, "geometry": { "type": "Polygon", "coordinates": [ [ [ 546755.0, 4518164.0 ], [ 546755.0, 4518073.0 ], [ 546846.0, 4518073.0 ], [ 546846.0, 4518164.0 ], [ 546755.0, 4518164.0 ] ] ] } },
{ "type": "Feature", "properties": { "area_km2": 0.057967 }, "geometry": { "type": "Polygon", "coordinates": [ [ [ 545299.0, 4518255.0 ], [ 545299.0, 4517982.0 ], [ 545481.0, 4517982.0 ], [ 545481.0, 4518073.0 ], [ 545572.0, 4518073.0 ], [ 545572.0, 4518255.0 ], [ 545481.0, 4518255.0 ], [ 545481.0, 4518164.0 ], [ 545390.0, 4518164.0 ], [ 545390.0, 4518255.0 ], [ 545299.0, 4518255.0 ] ] ] } },
{ "type": "Feature", "properties": { "area_km2": 0.016562 }, "geometry": { "type": "Polygon", "coordinates": [ [ [ 537382.0, 4518164.0 ], [ 537382.0, 4517982.0 ], [ 537473.0, 4517982.0 ], [ 537473.0, 4518164.0 ], [ 537382.0, 4518164.0 ] ] ] } },
{ "type": "Feature", "properties": { "area_km2": 0.049686 }, "geometry": { "type": "Polygon", "coordinates": [ [ [ 547028.0, 4518164.0 ], [ 547028.0, 4518073.0 ], [ 547210.0, 4518073.0 ], [ 547210.0, 4517982.0 ], [ 547301.0, 4517982.0 ], [ 547301.0, 4518073.0 ], [ 547483.0, 4518073.0 ], [ 547483.0, 4518164.0 ], [ 547028.0, 4518164.0 ] ] ] } },
{ "type": "Feature", "properties": { "area_km2": 0.008281 }, "geometry": { "type": "Polygon", "coordinates": [ [ [ 541295.0, 4518073.0 ], [ 541295.0, 4517982.0 ], [ 541386.0, 4517982.0 ], [ 541386.0, 4518073.0 ], [ 541295.0, 4518073.0 ] ] ] } },
{ "type": "Feature", "properties": { "area_km2": 0.008281 }, "geometry": { "type": "Polygon", "coordinates": [ [ [ 544207.0, 4518073.0 ], [ 544207.0, 4517982.0 ], [ 544298.0, 4517982.0 ], [ 544298.0, 4518073.0 ], [ 544207.0, 4518073.0 ] ] ] } },
{ "type": "Feature", "properties": { "area_km2": 0.024843 }, "geometry": { "type": "Polygon", "coordinates": [ [ [ 547483.0, 4518073.0 ], [ 547483.0, 4517982.0 ], [ 547756.0, 4517982.0 ], [ 547756.0, 4518073.0 ], [ 547483.0, 4518073.0 ] ] ] } },
{ "type": "Feature", "properties": { "area_km2": 0.016562 }, "geometry": { "type": "Polygon", "coordinates": [ [ [ 541113.0, 4517982.0 ], [ 541113.0, 4517891.0 ], [ 541295.0, 4517891.0 ], [ 541295.0, 4517982.0 ], [ 541113.0, 4517982.0 ] ] ] } },
{ "type": "Feature", "properties": { "area_km2": 0.008281 }, "geometry": { "type": "Polygon", "coordinates": [ [ [ 541568.0, 4517982.0 ], [ 541568.0, 4517891.0 ], [ 541659.0, 4517891.0 ], [ 541659.0, 4517982.0 ], [ 541568.0, 4517982.0 ] ] ] } },
{ "type": "Feature", "properties": { "area_km2": 0.008281 }, "geometry": { "type": "Polygon", "coordinates": [ [ [ 542751.0, 4517982.0 ], [ 542751.0, 4517891.0 ], [ 542842.0, 4517891.0 ], [ 542842.0, 4517982.0 ], [ 542751.0, 4517982.0 ] ] ] } },
{ "type": "Feature", "properties": { "area_km2": 0.008281 }, "geometry": { "type": "Polygon", "coordinates": [ [ [ 547301.0, 4517982.0 ], [ 547301.0, 4517891.0 ], [ 547392.0, 4517891.0 ], [ 547392.0, 4517982.0 ], [ 547301.0, 4517982.0 ] ] ] } },
{ "type": "Feature", "properties": { "area_km2": 0.041405 }, "geometry": { "type": "Polygon", "coordinates": [ [ [ 542387.0, 4518073.0 ], [ 542387.0, 4517891.0 ], [ 542478.0, 4517891.0 ], [ 542478.0, 4517800.0 ], [ 542569.0, 4517800.0 ], [ 542569.0, 4518073.0 ], [ 542387.0, 4518073.0 ] ] ] } },
{ "type": "Feature", "properties": { "area_km2": 0.049686 }, "geometry": { "type": "Polygon", "coordinates": [ [ [ 545936.0, 4518073.0 ], [ 545936.0, 4517982.0 ], [ 545754.0, 4517982.0 ], [ 545754.0, 4517891.0 ], [ 545845.0, 4517891.0 ], [ 545845.0, 4517800.0 ], [ 545936.0, 4517800.0 ], [ 545936.0, 4517891.0 ], [ 546118.0, 4517891.0 ], [ 546118.0, 4517982.0 ], [ 546027.0, 4517982.0 ], [ 546027.0, 4518073.0 ], [ 545936.0, 4518073.0 ] ] ] } },
{ "type": "Feature", "properties": { "area_km2": 0.008281 }, "geometry": { "type": "Polygon", "coordinates": [ [ [ 541659.0, 4517891.0 ], [ 541659.0, 4517800.0 ], [ 541750.0, 4517800.0 ], [ 541750.0, 4517891.0 ], [ 541659.0, 4517891.0 ] ] ] } },
{ "type": "Feature", "properties": { "area_km2": 0.008281 }, "geometry": { "type": "Polygon", "coordinates": [ [ [ 541932.0, 4517891.0 ], [ 541932.0, 4517800.0 ], [ 542023.0, 4517800.0 ], [ 542023.0, 4517891.0 ], [ 541932.0, 4517891.0 ] ] ] } },
{ "type": "Feature", "properties": { "area_km2": 0.008281 }, "geometry": { "type": "Polygon", "coordinates": [ [ [ 543024.0, 4517891.0 ], [ 543024.0, 4517800.0 ], [ 543115.0, 4517800.0 ], [ 543115.0, 4517891.0 ], [ 543024.0, 4517891.0 ] ] ] } },
{ "type": "Feature", "properties": { "area_km2": 0.008281 }, "geometry": { "type": "Polygon", "coordinates": [ [ [ 544025.0, 4517891.0 ], [ 544025.0, 4517800.0 ], [ 544116.0, 4517800.0 ], [ 544116.0, 4517891.0 ], [ 544025.0, 4517891.0 ] ] ] } },
{ "type": "Feature", "properties": { "area_km2": 0.041405 }, "geometry": { "type": "Polygon", "coordinates": [ [ [ 546664.0, 4517891.0 ], [ 546664.0, 4517800.0 ], [ 546755.0, 4517800.0 ], [ 546755.0, 4517709.0 ], [ 546937.0, 4517709.0 ], [ 546937.0, 4517891.0 ], [ 546664.0, 4517891.0 ] ] ] } },
{ "type": "Feature", "properties": { "area_km2": 0.008281 }, "geometry": { "type": "Polygon", "coordinates": [ [ [ 542296.0, 4517800.0 ], [ 542296.0, 4517709.0 ], [ 542387.0, 4517709.0 ], [ 542387.0, 4517800.0 ], [ 542296.0, 4517800.0 ] ] ] } },
{ "type": "Feature", "properties": { "area_km2": 0.008281 }, "geometry": { "type": "Polygon", "coordinates": [ [ [ 542842.0, 4517800.0 ], [ 542842.0, 4517709.0 ], [ 542933.0, 4517709.0 ], [ 542933.0, 4517800.0 ], [ 542842.0, 4517800.0 ] ] ] } },
{ "type": "Feature", "properties": { "area_km2": 0.033124 }, "geometry": { "type": "Polygon", "coordinates": [ [ [ 543388.0, 4517891.0 ], [ 543388.0, 4517800.0 ], [ 543206.0, 4517800.0 ], [ 543206.0, 4517709.0 ], [ 543479.0, 4517709.0 ], [ 543479.0, 4517891.0 ], [ 543388.0, 4517891.0 ] ] ] } },
{ "type": "Feature", "properties": { "area_km2": 0.016562 }, "geometry": { "type": "Polygon", "coordinates": [ [ [ 542569.0, 4517709.0 ], [ 542569.0, 4517618.0 ], [ 542751.0, 4517618.0 ], [ 542751.0, 4517709.0 ], [ 542569.0, 4517709.0 ] ] ] } },
{ "type": "Feature", "properties": { "area_km2": 0.024843 }, "geometry": { "type": "Polygon", "coordinates": [ [ [ 545663.0, 4517709.0 ], [ 545663.0, 4517618.0 ], [ 545936.0, 4517618.0 ], [ 545936.0, 4517709.0 ], [ 545663.0, 4517709.0 ] ] ] } },
{ "type": "Feature", "properties": { "area_km2": 0.132496 }, "geometry": { "type": "Polygon", "coordinates": [ [ [ 543570.0, 4517891.0 ], [ 543570.0, 4517800.0 ], [ 543661.0, 4517800.0 ], [ 543661.0, 4517709.0 ], [ 543479.0, 4517709.0 ], [ 543479.0, 4517618.0 ], [ 543843.0, 4517618.0 ], [ 543843.0, 4517709.0 ], [ 543934.0, 4517709.0 ], [ 543934.0, 4517527.0 ], [ 544025.0, 4517527.0 ], [ 544025.0, 4517618.0 ], [ 544207.0, 4517618.0 ], [ 544207.0, 4517800.0 ], [ 544116.0, 4517800.0 ], [ 544116.0, 4517709.0 ], [ 544025.0, 4517709.0 ], [ 544025.0, 4517800.0 ], [ 543934.0, 4517800.0 ], [ 543934.0, 4517891.0 ], [ 543843.0, 4517891.0 ], [ 543843.0, 4517800.0 ], [ 543752.0, 4517800.0 ], [ 543752.0, 4517891.0 ], [ 543570.0, 4517891.0 ] ] ] } },
{ "type": "Feature", "properties": { "area_km2": 0.844662 }, "geometry": { "type": "Polygon", "coordinates": [ [ [ 545754.0, 4518983.0 ], [ 545754.0, 4518801.0 ], [ 546118.0, 4518801.0 ], [ 546118.0, 4518710.0 ], [ 546573.0, 4518710.0 ], [ 546573.0, 4518619.0 ], [ 547119.0, 4518619.0 ], [ 547119.0, 4518528.0 ], [ 547210.0, 4518528.0 ], [ 547210.0, 4518437.0 ], [ 547301.0, 4518437.0 ], [ 547301.0, 4518528.0 ], [ 547392.0, 4518528.0 ], [ 547392.0, 4518437.0 ], [ 547756.0, 4518437.0 ], [ 547756.0, 4518346.0 ], [ 547847.0, 4518346.0 ], [ 547847.0, 4518255.0 ], [ 547665.0, 4518255.0 ], [ 547665.0, 4518164.0 ], [ 547938.0, 4518164.0 ], [ 547938.0, 4517982.0 ], [ 547847.0, 4517982.0 ], [ 547847.0, 4517709.0 ], [ 547574.0, 4517709.0 ], [ 547574.0, 4517800.0 ], [ 547665.0, 4517800.0 ], [ 547665.0, 4517891.0 ], [ 547483.0, 4517891.0 ], [ 547483.0, 4517800.0 ], [ 547301.0, 4517800.0 ], [ 547301.0, 4517709.0 ], [ 547028.0, 4517709.0 ], [ 547028.0, 4517618.0 ], [ 547392.0, 4517618.0 ], [ 547392.0, 4517527.0 ], [ 547574.0, 4517527.0 ], [ 547574.0, 4517618.0 ], [ 547938.0, 4517618.0 ], [ 547938.0, 4517709.0 ], [ 548029.0, 4517709.0 ], [ 548029.0, 4517800.0 ], [ 547938.0, 4517800.0 ], [ 547938.0, 4517891.0 ], [ 548029.0, 4517891.0 ], [ 548029.0, 4518255.0 ], [ 548120.0, 4518255.0 ], [ 548120.0, 4518710.0 ], [ 548029.0, 4518710.0 ], [ 548029.0, 4518801.0 ], [ 547756.0, 4518801.0 ], [ 547756.0, 4518619.0 ], [ 547665.0, 4518619.0 ], [ 547665.0, 4518710.0 ], [ 547574.0, 4518710.0 ], [ 547574.0, 4518892.0 ], [ 547483.0, 4518892.0 ], [ 547483.0, 4518801.0 ], [ 547392.0, 4518801.0 ], [ 547392.0, 4518710.0 ], [ 547119.0, 4518710.0 ], [ 547119.0, 4518801.0 ], [ 546937.0, 4518801.0 ], [ 546937.0, 4518710.0 ], [ 546846.0, 4518710.0 ], [ 546846.0, 4518892.0 ], [ 546300.0, 4518892.0 ], [ 546300.0, 4518801.0 ], [ 546209.0, 4518801.0 ], [ 546209.0, 4518983.0 ], [ 545754.0, 4518983.0 ] ], [ [ 547483.0, 4518710.0 ], [ 547574.0, 4518710.0 ], [ 547574.0, 4518619.0 ], [ 547483.0, 4518619.0 ], [ 547483.0, 4518710.0 ] ] ] } },
{ "type": "Feature", "properties": { "area_km2": 0.016562 }, "geometry": { "type": "Polygon", "coordinates": [ [ [ 537291.0, 4517618.0 ], [ 537291.0, 4517527.0 ], [ 537473.0, 4517527.0 ], [ 537473.0, 4517618.0 ], [ 537291.0, 4517618.0 ] ] ] } },
{ "type": "Feature", "properties": { "area_km2": 0.008281 }, "geometry": { "type": "Polygon", "coordinates": [ [ [ 541659.0, 4517618.0 ], [ 541659.0, 4517527.0 ], [ 541750.0, 4517527.0 ], [ 541750.0, 4517618.0 ], [ 541659.0, 4517618.0 ] ] ] } },
{ "type": "Feature", "properties": { "area_km2": 0.008281 }, "geometry": { "type": "Polygon", "coordinates": [ [ [ 543115.0, 4517618.0 ], [ 543115.0, 4517527.0 ], [ 543206.0, 4517527.0 ], [ 543206.0, 4517618.0 ], [ 543115.0, 4517618.0 ] ] ] } },
{ "type": "Feature", "properties": { "area_km2": 0.008281 }, "geometry": { "type": "Polygon", "coordinates": [ [ [ 544571.0, 4517618.0 ], [ 544571.0, 4517527.0 ], [ 544662.0, 4517527.0 ], [ 544662.0, 4517618.0 ], [ 544571.0, 4517618.0 ] ] ] } },
{ "type": "Feature", "properties": { "area_km2": 0.033124 }, "geometry": { "type": "Polygon", "coordinates": [ [ [ 544207.0, 4517618.0 ], [ 544207.0, 4517436.0 ], [ 544298.0, 4517436.0 ], [ 544298.0, 4517527.0 ], [ 544480.0, 4517527.0 ], [ 544480.0, 4517618.0 ], [ 544207.0, 4517618.0 ] ] ] } },
{ "type": "Feature", "properties": { "area_km2": 0.008281 }, "geometry": { "type": "Polygon", "coordinates": [ [ [ 536108.0, 4517527.0 ], [ 536108.0, 4517436.0 ], [ 536199.0, 4517436.0 ], [ 536199.0, 4517527.0 ], [ 536108.0, 4517527.0 ] ] ] } },
{ "type": "Feature", "properties": { "area_km2": 0.008281 }, "geometry": { "type": "Polygon", "coordinates": [ [ [ 540749.0, 4517527.0 ], [ 540749.0, 4517436.0 ], [ 540840.0, 4517436.0 ], [ 540840.0, 4517527.0 ], [ 540749.0, 4517527.0 ] ] ] } },
{ "type": "Feature", "properties": { "area_km2": 0.008281 }, "geometry": { "type": "Polygon", "coordinates": [ [ [ 540931.0, 4517527.0 ], [ 540931.0, 4517436.0 ], [ 541022.0, 4517436.0 ], [ 541022.0, 4517527.0 ], [ 540931.0, 4517527.0 ] ] ] } },
{ "type": "Feature", "properties": { "area_km2": 0.008281 }, "geometry": { "type": "Polygon", "coordinates": [ [ [ 546937.0, 4517527.0 ], [ 546937.0, 4517436.0 ], [ 547028.0, 4517436.0 ], [ 547028.0, 4517527.0 ], [ 546937.0, 4517527.0 ] ] ] } },
{ "type": "Feature", "properties": { "area_km2": 0.008281 }, "geometry": { "type": "Polygon", "coordinates": [ [ [ 547665.0, 4517527.0 ], [ 547665.0, 4517436.0 ], [ 547756.0, 4517436.0 ], [ 547756.0, 4517527.0 ], [ 547665.0, 4517527.0 ] ] ] } },
{ "type": "Feature", "properties": { "area_km2": 0.066248 }, "geometry": { "type": "Polygon", "coordinates": [ [ [ 541932.0, 4517527.0 ], [ 541932.0, 4517436.0 ], [ 542205.0, 4517436.0 ], [ 542205.0, 4517345.0 ], [ 542569.0, 4517345.0 ], [ 542569.0, 4517436.0 ], [ 542296.0, 4517436.0 ], [ 542296.0, 4517527.0 ], [ 541932.0, 4517527.0 ] ] ] } },
{ "type": "Feature", "properties": { "area_km2": 0.016562 }, "geometry": { "type": "Polygon", "coordinates": [ [ [ 545026.0, 4517527.0 ], [ 545026.0, 4517345.0 ], [ 545117.0, 4517345.0 ], [ 545117.0, 4517527.0 ], [ 545026.0, 4517527.0 ] ] ] } },
{ "type": "Feature", "properties": { "area_km2": 0.008281 }, "geometry": { "type": "Polygon", "coordinates": [ [ [ 540021.0, 4517436.0 ], [ 540021.0, 4517345.0 ], [ 540112.0, 4517345.0 ], [ 540112.0, 4517436.0 ], [ 540021.0, 4517436.0 ] ] ] } },
{ "type": "Feature", "properties": { "area_km2": 0.024843 }, "geometry": { "type": "Polygon", "coordinates": [ [ [ 541022.0, 4517436.0 ], [ 541022.0, 4517345.0 ], [ 541295.0, 4517345.0 ], [ 541295.0, 4517436.0 ], [ 541022.0, 4517436.0 ] ] ] } },
{ "type": "Feature", "properties": { "area_km2": 0.016562 }, "geometry": { "type": "Polygon", "coordinates": [ [ [ 542660.0, 4517436.0 ], [ 542660.0, 4517345.0 ], [ 542842.0, 4517345.0 ], [ 542842.0, 4517436.0 ], [ 542660.0, 4517436.0 ] ] ] } },
{ "type": "Feature", "properties": { "area_km2": 0.016562 }, "geometry": { "type": "Polygon", "coordinates": [ [ [ 543024.0, 4517436.0 ], [ 543024.0, 4517345.0 ], [ 543206.0, 4517345.0 ], [ 543206.0, 4517436.0 ], [ 543024.0, 4517436.0 ] ] ] } },
{ "type": "Feature", "properties": { "area_km2": 0.008281 }, "geometry": { "type": "Polygon", "coordinates": [ [ [ 544753.0, 4517436.0 ], [ 544753.0, 4517345.0 ], [ 544844.0, 4517345.0 ], [ 544844.0, 4517436.0 ], [ 544753.0, 4517436.0 ] ] ] } },
{ "type": "Feature", "properties": { "area_km2": 0.016562 }, "geometry": { "type": "Polygon", "coordinates": [ [ [ 545481.0, 4517436.0 ], [ 545481.0, 4517345.0 ], [ 545663.0, 4517345.0 ], [ 545663.0, 4517436.0 ], [ 545481.0, 4517436.0 ] ] ] } },
{ "type": "Feature", "properties": { "area_km2": 0.016562 }, "geometry": { "type": "Polygon", "coordinates": [ [ [ 547301.0, 4517436.0 ], [ 547301.0, 4517345.0 ], [ 547483.0, 4517345.0 ], [ 547483.0, 4517436.0 ], [ 547301.0, 4517436.0 ] ] ] } },
{ "type": "Feature", "properties": { "area_km2": 0.016562 }, "geometry": { "type": "Polygon", "coordinates": [ [ [ 521002.0, 4517436.0 ], [ 521002.0, 4517254.0 ], [ 521093.0, 4517254.0 ], [ 521093.0, 4517436.0 ], [ 521002.0, 4517436.0 ] ] ] } },
{ "type": "Feature", "properties": { "area_km2": 0.008281 }, "geometry": { "type": "Polygon", "coordinates": [ [ [ 521366.0, 4517345.0 ], [ 521366.0, 4517254.0 ], [ 521457.0, 4517254.0 ], [ 521457.0, 4517345.0 ], [ 521366.0, 4517345.0 ] ] ] } },
{ "type": "Feature", "properties": { "area_km2": 0.008281 }, "geometry": { "type": "Polygon", "coordinates": [ [ [ 536927.0, 4517345.0 ], [ 536927.0, 4517254.0 ], [ 537018.0, 4517254.0 ], [ 537018.0, 4517345.0 ], [ 536927.0, 4517345.0 ] ] ] } },
{ "type": "Feature", "properties": { "area_km2": 0.057967 }, "geometry": { "type": "Polygon", "coordinates": [ [ [ 541477.0, 4517436.0 ], [ 541477.0, 4517345.0 ], [ 541295.0, 4517345.0 ], [ 541295.0, 4517254.0 ], [ 541841.0, 4517254.0 ], [ 541841.0, 4517345.0 ], [ 541568.0, 4517345.0 ], [ 541568.0, 4517436.0 ], [ 541477.0, 4517436.0 ] ] ] } },
{ "type": "Feature", "properties": { "area_km2": 0.016562 }, "geometry": { "type": "Polygon", "coordinates": [ [ [ 543843.0, 4517345.0 ], [ 543843.0, 4517254.0 ], [ 544025.0, 4517254.0 ], [ 544025.0, 4517345.0 ], [ 543843.0, 4517345.0 ] ] ] } },
{ "type": "Feature", "properties": { "area_km2": 0.016562 }, "geometry": { "type": "Polygon", "coordinates": [ [ [ 545936.0, 4517345.0 ], [ 545936.0, 4517163.0 ], [ 546027.0, 4517163.0 ], [ 546027.0, 4517345.0 ], [ 545936.0, 4517345.0 ] ] ] } },
{ "type": "Feature", "properties": { "area_km2": 0.033124 }, "geometry": { "type": "Polygon", "coordinates": [ [ [ 542023.0, 4517254.0 ], [ 542023.0, 4517163.0 ], [ 542387.0, 4517163.0 ], [ 542387.0, 4517254.0 ], [ 542023.0, 4517254.0 ] ] ] } },
{ "type": "Feature", "properties": { "area_km2": 0.08281 }, "geometry": { "type": "Polygon", "coordinates": [ [ [ 543297.0, 4517527.0 ], [ 543297.0, 4517254.0 ], [ 543115.0, 4517254.0 ], [ 543115.0, 4517163.0 ], [ 543388.0, 4517163.0 ], [ 543388.0, 4517436.0 ], [ 543570.0, 4517436.0 ], [ 543570.0, 4517345.0 ], [ 543661.0, 4517345.0 ], [ 543661.0, 4517527.0 ], [ 543297.0, 4517527.0 ] ] ] } },
{ "type": "Feature", "properties": { "area_km2": 0.008281 }, "geometry": { "type": "Polygon", "coordinates": [ [ [ 543661.0, 4517254.0 ], [ 543661.0, 4517163.0 ], [ 543752.0, 4517163.0 ], [ 543752.0, 4517254.0 ], [ 543661.0, 4517254.0 ] ] ] } },
{ "type": "Feature", "properties": { "area_km2": 0.008281 }, "geometry": { "type": "Polygon", "coordinates": [ [ [ 546482.0, 4517254.0 ], [ 546482.0, 4517163.0 ], [ 546573.0, 4517163.0 ], [ 546573.0, 4517254.0 ], [ 546482.0, 4517254.0 ] ] ] } },
{ "type": "Feature", "properties": { "area_km2": 0.008281 }, "geometry": { "type": "Polygon", "coordinates": [ [ [ 541022.0, 4517163.0 ], [ 541022.0, 4517072.0 ], [ 541113.0, 4517072.0 ], [ 541113.0, 4517163.0 ], [ 541022.0, 4517163.0 ] ] ] } },
{ "type": "Feature", "properties": { "area_km2": 0.008281 }, "geometry": { "type": "Polygon", "coordinates": [ [ [ 541295.0, 4517163.0 ], [ 541295.0, 4517072.0 ], [ 541386.0, 4517072.0 ], [ 541386.0, 4517163.0 ], [ 541295.0, 4517163.0 ] ] ] } },
{ "type": "Feature", "properties": { "area_km2": 0.008281 }, "geometry": { "type": "Polygon", "coordinates": [ [ [ 542569.0, 4517163.0 ], [ 542569.0, 4517072.0 ], [ 542660.0, 4517072.0 ], [ 542660.0, 4517163.0 ], [ 542569.0, 4517163.0 ] ] ] } },
{ "type": "Feature", "properties": { "area_km2": 0.008281 }, "geometry": { "type": "Polygon", "coordinates": [ [ [ 543570.0, 4517163.0 ], [ 543570.0, 4517072.0 ], [ 543661.0, 4517072.0 ], [ 543661.0, 4517163.0 ], [ 543570.0, 4517163.0 ] ] ] } },
{ "type": "Feature", "properties": { "area_km2": 0.008281 }, "geometry": { "type": "Polygon", "coordinates": [ [ [ 547210.0, 4517163.0 ], [ 547210.0, 4517072.0 ], [ 547301.0, 4517072.0 ], [ 547301.0, 4517163.0 ], [ 547210.0, 4517163.0 ] ] ] } },
{ "type": "Feature", "properties": { "area_km2": 0.008281 }, "geometry": { "type": "Polygon", "coordinates": [ [ [ 547665.0, 4517163.0 ], [ 547665.0, 4517072.0 ], [ 547756.0, 4517072.0 ], [ 547756.0, 4517163.0 ], [ 547665.0, 4517163.0 ] ] ] } },
{ "type": "Feature", "properties": { "area_km2": 0.008281 }, "geometry": { "type": "Polygon", "coordinates": [ [ [ 540931.0, 4517072.0 ], [ 540931.0, 4516981.0 ], [ 541022.0, 4516981.0 ], [ 541022.0, 4517072.0 ], [ 540931.0, 4517072.0 ] ] ] } },
{ "type": "Feature", "properties": { "area_km2": 0.024843 }, "geometry": { "type": "Polygon", "coordinates": [ [ [ 542842.0, 4517072.0 ], [ 542842.0, 4516981.0 ], [ 543115.0, 4516981.0 ], [ 543115.0, 4517072.0 ], [ 542842.0, 4517072.0 ] ] ] } },
{ "type": "Feature", "properties": { "area_km2": 0.008281 }, "geometry": { "type": "Polygon", "coordinates": [ [ [ 545572.0, 4517072.0 ], [ 545572.0, 4516981.0 ], [ 545663.0, 4516981.0 ], [ 545663.0, 4517072.0 ], [ 545572.0, 4517072.0 ] ] ] } },
{ "type": "Feature", "properties": { "area_km2": 0.008281 }, "geometry": { "type": "Polygon", "coordinates": [ [ [ 545754.0, 4517072.0 ], [ 545754.0, 4516981.0 ], [ 545845.0, 4516981.0 ], [ 545845.0, 4517072.0 ], [ 545754.0, 4517072.0 ] ] ] } },
{ "type": "Feature", "properties": { "area_km2": 0.008281 }, "geometry": { "type": "Polygon", "coordinates": [ [ [ 546573.0, 4517072.0 ], [ 546573.0, 4516981.0 ], [ 546664.0, 4516981.0 ], [ 546664.0, 4517072.0 ], [ 546573.0, 4517072.0 ] ] ] } },
{ "type": "Feature", "properties": { "area_km2": 0.008281 }, "geometry": { "type": "Polygon", "coordinates": [ [ [ 542478.0, 4516981.0 ], [ 542478.0, 4516890.0 ], [ 542569.0, 4516890.0 ], [ 542569.0, 4516981.0 ], [ 542478.0, 4516981.0 ] ] ] } },
{ "type": "Feature", "properties": { "area_km2": 0.008281 }, "geometry": { "type": "Polygon", "coordinates": [ [ [ 542751.0, 4516981.0 ], [ 542751.0, 4516890.0 ], [ 542842.0, 4516890.0 ], [ 542842.0, 4516981.0 ], [ 542751.0, 4516981.0 ] ] ] } },
{ "type": "Feature", "properties": { "area_km2": 0.008281 }, "geometry": { "type": "Polygon", "coordinates": [ [ [ 546118.0, 4516981.0 ], [ 546118.0, 4516890.0 ], [ 546209.0, 4516890.0 ], [ 546209.0, 4516981.0 ], [ 546118.0, 4516981.0 ] ] ] } },
{ "type": "Feature", "properties": { "area_km2": 0.057967 }, "geometry": { "type": "Polygon", "coordinates": [ [ [ 541386.0, 4517072.0 ], [ 541386.0, 4516981.0 ], [ 541568.0, 4516981.0 ], [ 541568.0, 4516799.0 ], [ 541750.0, 4516799.0 ], [ 541750.0, 4516890.0 ], [ 541659.0, 4516890.0 ], [ 541659.0, 4516981.0 ], [ 541750.0, 4516981.0 ], [ 541750.0, 4517072.0 ], [ 541386.0, 4517072.0 ] ] ] } },
{ "type": "Feature", "properties": { "area_km2": 0.057967 }, "geometry": { "type": "Polygon", "coordinates": [ [ [ 543388.0, 4517163.0 ], [ 543388.0, 4516981.0 ], [ 543206.0, 4516981.0 ], [ 543206.0, 4516890.0 ], [ 543479.0, 4516890.0 ], [ 543479.0, 4516799.0 ], [ 543570.0, 4516799.0 ], [ 543570.0, 4516981.0 ], [ 543479.0, 4516981.0 ], [ 543479.0, 4517163.0 ], [ 543388.0, 4517163.0 ] ] ] } },
{ "type": "Feature", "properties": { "area_km2": 0.016562 }, "geometry": { "type": "Polygon", "coordinates": [ [ [ 546300.0, 4516981.0 ], [ 546300.0, 4516799.0 ], [ 546391.0, 4516799.0 ], [ 546391.0, 4516981.0 ], [ 546300.0, 4516981.0 ] ] ] } },
{ "type": "Feature", "properties": { "area_km2": 0.049686 }, "geometry": { "type": "Polygon", "coordinates": [ [ [ 546482.0, 4516981.0 ], [ 546482.0, 4516799.0 ], [ 546846.0, 4516799.0 ], [ 546846.0, 4516981.0 ], [ 546755.0, 4516981.0 ], [ 546755.0, 4516890.0 ], [ 546573.0, 4516890.0 ], [ 546573.0, 4516981.0 ], [ 546482.0, 4516981.0 ] ] ] } },
{ "type": "Feature", "properties": { "area_km2": 0.057967 }, "geometry": { "type": "Polygon", "coordinates": [ [ [ 547483.0, 4517072.0 ], [ 547483.0, 4516981.0 ], [ 547392.0, 4516981.0 ], [ 547392.0, 4516799.0 ], [ 547665.0, 4516799.0 ], [ 547665.0, 4516890.0 ], [ 547574.0, 4516890.0 ], [ 547574.0, 4516981.0 ], [ 547665.0, 4516981.0 ], [ 547665.0, 4517072.0 ], [ 547483.0, 4517072.0 ] ] ] } },
{ "type": "Feature", "properties": { "area_km2": 0.008281 }, "geometry": { "type": "Polygon", "coordinates": [ [ [ 542387.0, 4516890.0 ], [ 542387.0, 4516799.0 ], [ 542478.0, 4516799.0 ], [ 542478.0, 4516890.0 ], [ 542387.0, 4516890.0 ] ] ] } },
{ "type": "Feature", "properties": { "area_km2": 0.008281 }, "geometry": { "type": "Polygon", "coordinates": [ [ [ 542660.0, 4516890.0 ], [ 542660.0, 4516799.0 ], [ 542751.0, 4516799.0 ], [ 542751.0, 4516890.0 ], [ 542660.0, 4516890.0 ] ] ] } },
{ "type": "Feature", "properties": { "area_km2": 0.008281 }, "geometry": { "type": "Polygon", "coordinates": [ [ [ 542933.0, 4516890.0 ], [ 542933.0, 4516799.0 ], [ 543024.0, 4516799.0 ], [ 543024.0, 4516890.0 ], [ 542933.0, 4516890.0 ] ] ] } },
{ "type": "Feature", "properties": { "area_km2": 0.074529 }, "geometry": { "type": "Polygon", "coordinates": [ [ [ 542114.0, 4517072.0 ], [ 542114.0, 4516981.0 ], [ 541932.0, 4516981.0 ], [ 541932.0, 4516890.0 ], [ 542114.0, 4516890.0 ], [ 542114.0, 4516799.0 ], [ 542205.0, 4516799.0 ], [ 542205.0, 4516708.0 ], [ 542296.0, 4516708.0 ], [ 542296.0, 4517072.0 ], [ 542114.0, 4517072.0 ] ] ] } },
{ "type": "Feature", "properties": { "area_km2": 0.008281 }, "geometry": { "type": "Polygon", "coordinates": [ [ [ 541841.0, 4516799.0 ], [ 541841.0, 4516708.0 ], [ 541932.0, 4516708.0 ], [ 541932.0, 4516799.0 ], [ 541841.0, 4516799.0 ] ] ] } },
{ "type": "Feature", "properties": { "area_km2": 0.008281 }, "geometry": { "type": "Polygon", "coordinates": [ [ [ 544025.0, 4516799.0 ], [ 544025.0, 4516708.0 ], [ 544116.0, 4516708.0 ], [ 544116.0, 4516799.0 ], [ 544025.0, 4516799.0 ] ] ] } },
{ "type": "Feature", "properties": { "area_km2": 0.008281 }, "geometry": { "type": "Polygon", "coordinates": [ [ [ 544207.0, 4516799.0 ], [ 544207.0, 4516708.0 ], [ 544298.0, 4516708.0 ], [ 544298.0, 4516799.0 ], [ 544207.0, 4516799.0 ] ] ] } },
{ "type": "Feature", "properties": { "area_km2": 0.008281 }, "geometry": { "type": "Polygon", "coordinates": [ [ [ 545663.0, 4516799.0 ], [ 545663.0, 4516708.0 ], [ 545754.0, 4516708.0 ], [ 545754.0, 4516799.0 ], [ 545663.0, 4516799.0 ] ] ] } },
{ "type": "Feature", "properties": { "area_km2": 0.016562 }, "geometry": { "type": "Polygon", "coordinates": [ [ [ 546937.0, 4516799.0 ], [ 546937.0, 4516708.0 ], [ 547119.0, 4516708.0 ], [ 547119.0, 4516799.0 ], [ 546937.0, 4516799.0 ] ] ] } },
{ "type": "Feature", "properties": { "area_km2": 0.008281 }, "geometry": { "type": "Polygon", "coordinates": [ [ [ 544389.0, 4516708.0 ], [ 544389.0, 4516617.0 ], [ 544480.0, 4516617.0 ], [ 544480.0, 4516708.0 ], [ 544389.0, 4516708.0 ] ] ] } },
{ "type": "Feature", "properties": { "area_km2": 0.008281 }, "geometry": { "type": "Polygon", "coordinates": [ [ [ 545936.0, 4516708.0 ], [ 545936.0, 4516617.0 ], [ 546027.0, 4516617.0 ], [ 546027.0, 4516708.0 ], [ 545936.0, 4516708.0 ] ] ] } },
{ "type": "Feature", "properties": { "area_km2": 0.008281 }, "geometry": { "type": "Polygon", "coordinates": [ [ [ 546664.0, 4516708.0 ], [ 546664.0, 4516617.0 ], [ 546755.0, 4516617.0 ], [ 546755.0, 4516708.0 ], [ 546664.0, 4516708.0 ] ] ] } },
{ "type": "Feature", "properties": { "area_km2": 0.033124 }, "geometry": { "type": "Polygon", "coordinates": [ [ [ 547119.0, 4516708.0 ], [ 547119.0, 4516617.0 ], [ 547483.0, 4516617.0 ], [ 547483.0, 4516708.0 ], [ 547119.0, 4516708.0 ] ] ] } },
{ "type": "Feature", "properties": { "area_km2": 0.041405 }, "geometry": { "type": "Polygon", "coordinates": [ [ [ 542478.0, 4516708.0 ], [ 542478.0, 4516617.0 ], [ 542569.0, 4516617.0 ], [ 542569.0, 4516526.0 ], [ 542751.0, 4516526.0 ], [ 542751.0, 4516708.0 ], [ 542478.0, 4516708.0 ] ] ] } },
{ "type": "Feature", "properties": { "area_km2": 0.008281 }, "geometry": { "type": "Polygon", "coordinates": [ [ [ 543843.0, 4516617.0 ], [ 543843.0, 4516526.0 ], [ 543934.0, 4516526.0 ], [ 543934.0, 4516617.0 ], [ 543843.0, 4516617.0 ] ] ] } },
{ "type": "Feature", "properties": { "area_km2": 0.016562 }, "geometry": { "type": "Polygon", "coordinates": [ [ [ 546391.0, 4516617.0 ], [ 546391.0, 4516526.0 ], [ 546573.0, 4516526.0 ], [ 546573.0, 4516617.0 ], [ 546391.0, 4516617.0 ] ] ] } },
{ "type": "Feature", "properties": { "area_km2": 0.008281 }, "geometry": { "type": "Polygon", "coordinates": [ [ [ 547483.0, 4516617.0 ], [ 547483.0, 4516526.0 ], [ 547574.0, 4516526.0 ], [ 547574.0, 4516617.0 ], [ 547483.0, 4516617.0 ] ] ] } },
{ "type": "Feature", "properties": { "area_km2": 0.049686 }, "geometry": { "type": "Polygon", "coordinates": [ [ [ 542933.0, 4516708.0 ], [ 542933.0, 4516435.0 ], [ 543206.0, 4516435.0 ], [ 543206.0, 4516526.0 ], [ 543115.0, 4516526.0 ], [ 543115.0, 4516617.0 ], [ 543024.0, 4516617.0 ], [ 543024.0, 4516708.0 ], [ 542933.0, 4516708.0 ] ] ] } },
{ "type": "Feature", "properties": { "area_km2": 0.024843 }, "geometry": { "type": "Polygon", "coordinates": [ [ [ 544116.0, 4516617.0 ], [ 544116.0, 4516435.0 ], [ 544298.0, 4516435.0 ], [ 544298.0, 4516526.0 ], [ 544207.0, 4516526.0 ], [ 544207.0, 4516617.0 ], [ 544116.0, 4516617.0 ] ] ] } },
{ "type": "Feature", "properties": { "area_km2": 0.016562 }, "geometry": { "type": "Polygon", "coordinates": [ [ [ 545663.0, 4516526.0 ], [ 545663.0, 4516435.0 ], [ 545845.0, 4516435.0 ], [ 545845.0, 4516526.0 ], [ 545663.0, 4516526.0 ] ] ] } },
{ "type": "Feature", "properties": { "area_km2": 0.016562 }, "geometry": { "type": "Polygon", "coordinates": [ [ [ 547028.0, 4516526.0 ], [ 547028.0, 4516435.0 ], [ 547210.0, 4516435.0 ], [ 547210.0, 4516526.0 ], [ 547028.0, 4516526.0 ] ] ] } },
{ "type": "Feature", "properties": { "area_km2": 0.033124 }, "geometry": { "type": "Polygon", "coordinates": [ [ [ 546755.0, 4516617.0 ], [ 546755.0, 4516435.0 ], [ 546846.0, 4516435.0 ], [ 546846.0, 4516344.0 ], [ 546937.0, 4516344.0 ], [ 546937.0, 4516526.0 ], [ 546846.0, 4516526.0 ], [ 546846.0, 4516617.0 ], [ 546755.0, 4516617.0 ] ] ] } },
{ "type": "Feature", "properties": { "area_km2": 0.016562 }, "geometry": { "type": "Polygon", "coordinates": [ [ [ 542114.0, 4516435.0 ], [ 542114.0, 4516344.0 ], [ 542296.0, 4516344.0 ], [ 542296.0, 4516435.0 ], [ 542114.0, 4516435.0 ] ] ] } },
{ "type": "Feature", "properties": { "area_km2": 0.008281 }, "geometry": { "type": "Polygon", "coordinates": [ [ [ 543388.0, 4516435.0 ], [ 543388.0, 4516344.0 ], [ 543479.0, 4516344.0 ], [ 543479.0, 4516435.0 ], [ 543388.0, 4516435.0 ] ] ] } },
{ "type": "Feature", "properties": { "area_km2": 0.024843 }, "geometry": { "type": "Polygon", "coordinates": [ [ [ 543752.0, 4516526.0 ], [ 543752.0, 4516435.0 ], [ 543661.0, 4516435.0 ], [ 543661.0, 4516344.0 ], [ 543843.0, 4516344.0 ], [ 543843.0, 4516526.0 ], [ 543752.0, 4516526.0 ] ] ] } },
{ "type": "Feature", "properties": { "area_km2": 0.008281 }, "geometry": { "type": "Polygon", "coordinates": [ [ [ 545936.0, 4516435.0 ], [ 545936.0, 4516344.0 ], [ 546027.0, 4516344.0 ], [ 546027.0, 4516435.0 ], [ 545936.0, 4516435.0 ] ] ] } },
{ "type": "Feature", "properties": { "area_km2": 0.024843 }, "geometry": { "type": "Polygon", "coordinates": [ [ [ 543934.0, 4516435.0 ], [ 543934.0, 4516253.0 ], [ 544116.0, 4516253.0 ], [ 544116.0, 4516344.0 ], [ 544025.0, 4516344.0 ], [ 544025.0, 4516435.0 ], [ 543934.0, 4516435.0 ] ] ] } },
{ "type": "Feature", "properties": { "area_km2": 0.008281 }, "geometry": { "type": "Polygon", "coordinates": [ [ [ 537928.0, 4516344.0 ], [ 537928.0, 4516253.0 ], [ 538019.0, 4516253.0 ], [ 538019.0, 4516344.0 ], [ 537928.0, 4516344.0 ] ] ] } },
{ "type": "Feature", "properties": { "area_km2": 0.033124 }, "geometry": { "type": "Polygon", "coordinates": [ [ [ 546209.0, 4516344.0 ], [ 546209.0, 4516253.0 ], [ 546573.0, 4516253.0 ], [ 546573.0, 4516344.0 ], [ 546209.0, 4516344.0 ] ] ] } },
{ "type": "Feature", "properties": { "area_km2": 0.008281 }, "geometry": { "type": "Polygon", "coordinates": [ [ [ 525279.0, 4516253.0 ], [ 525279.0, 4516162.0 ], [ 525370.0, 4516162.0 ], [ 525370.0, 4516253.0 ], [ 525279.0, 4516253.0 ] ] ] } },
{ "type": "Feature", "properties": { "area_km2": 0.008281 }, "geometry": { "type": "Polygon", "coordinates": [ [ [ 540658.0, 4516253.0 ], [ 540658.0, 4516162.0 ], [ 540749.0, 4516162.0 ], [ 540749.0, 4516253.0 ], [ 540658.0, 4516253.0 ] ] ] } },
{ "type": "Feature", "properties": { "area_km2": 0.008281 }, "geometry": { "type": "Polygon", "coordinates": [ [ [ 541477.0, 4516253.0 ], [ 541477.0, 4516162.0 ], [ 541568.0, 4516162.0 ], [ 541568.0, 4516253.0 ], [ 541477.0, 4516253.0 ] ] ] } },
{ "type": "Feature", "properties": { "area_km2": 0.008281 }, "geometry": { "type": "Polygon", "coordinates": [ [ [ 543115.0, 4516253.0 ], [ 543115.0, 4516162.0 ], [ 543206.0, 4516162.0 ], [ 543206.0, 4516253.0 ], [ 543115.0, 4516253.0 ] ] ] } },
{ "type": "Feature", "properties": { "area_km2": 0.008281 }, "geometry": { "type": "Polygon", "coordinates": [ [ [ 544298.0, 4516253.0 ], [ 544298.0, 4516162.0 ], [ 544389.0, 4516162.0 ], [ 544389.0, 4516253.0 ], [ 544298.0, 4516253.0 ] ] ] } },
{ "type": "Feature", "properties": { "area_km2": 0.008281 }, "geometry": { "type": "Polygon", "coordinates": [ [ [ 546755.0, 4516253.0 ], [ 546755.0, 4516162.0 ], [ 546846.0, 4516162.0 ], [ 546846.0, 4516253.0 ], [ 546755.0, 4516253.0 ] ] ] } },
{ "type": "Feature", "properties": { "area_km2": 0.008281 }, "geometry": { "type": "Polygon", "coordinates": [ [ [ 547028.0, 4516253.0 ], [ 547028.0, 4516162.0 ], [ 547119.0, 4516162.0 ], [ 547119.0, 4516253.0 ], [ 547028.0, 4516253.0 ] ] ] } },
{ "type": "Feature", "properties": { "area_km2": 0.08281 }, "geometry": { "type": "Polygon", "coordinates": [ [ [ 545572.0, 4516344.0 ], [ 545572.0, 4516162.0 ], [ 545936.0, 4516162.0 ], [ 545936.0, 4516071.0 ], [ 546027.0, 4516071.0 ], [ 546027.0, 4516162.0 ], [ 546118.0, 4516162.0 ], [ 546118.0, 4516344.0 ], [ 546027.0, 4516344.0 ], [ 546027.0, 4516253.0 ], [ 545754.0, 4516253.0 ], [ 545754.0, 4516344.0 ], [ 545572.0, 4516344.0 ] ] ] } },
{ "type": "Feature", "properties": { "area_km2": 0.016562 }, "geometry": { "type": "Polygon", "coordinates": [ [ [ 541932.0, 4516253.0 ], [ 541932.0, 4516071.0 ], [ 542023.0, 4516071.0 ], [ 542023.0, 4516253.0 ], [ 541932.0, 4516253.0 ] ] ] } },
{ "type": "Feature", "properties": { "area_km2": 0.074529 }, "geometry": { "type": "Polygon", "coordinates": [ [ [ 520183.0, 4516344.0 ], [ 520183.0, 4516253.0 ], [ 520274.0, 4516253.0 ], [ 520274.0, 4516162.0 ], [ 520183.0, 4516162.0 ], [ 520183.0, 4516071.0 ], [ 520456.0, 4516071.0 ], [ 520456.0, 4516253.0 ], [ 520547.0, 4516253.0 ], [ 520547.0, 4516344.0 ], [ 520183.0, 4516344.0 ] ] ] } },
{ "type": "Feature", "properties": { "area_km2": 0.008281 }, "geometry": { "type": "Polygon", "coordinates": [ [ [ 520729.0, 4516162.0 ], [ 520729.0, 4516071.0 ], [ 520820.0, 4516071.0 ], [ 520820.0, 4516162.0 ], [ 520729.0, 4516162.0 ] ] ] } },
{ "type": "Feature", "properties": { "area_km2": 0.008281 }, "geometry": { "type": "Polygon", "coordinates": [ [ [ 537564.0, 4516162.0 ], [ 537564.0, 4516071.0 ], [ 537655.0, 4516071.0 ], [ 537655.0, 4516162.0 ], [ 537564.0, 4516162.0 ] ] ] } },
{ "type": "Feature", "properties": { "area_km2": 0.024843 }, "geometry": { "type": "Polygon", "coordinates": [ [ [ 542296.0, 4516162.0 ], [ 542296.0, 4516071.0 ], [ 542569.0, 4516071.0 ], [ 542569.0, 4516162.0 ], [ 542296.0, 4516162.0 ] ] ] } },
{ "type": "Feature", "properties": { "area_km2": 0.008281 }, "geometry": { "type": "Polygon", "coordinates": [ [ [ 543388.0, 4516162.0 ], [ 543388.0, 4516071.0 ], [ 543479.0, 4516071.0 ], [ 543479.0, 4516162.0 ], [ 543388.0, 4516162.0 ] ] ] } },
{ "type": "Feature", "properties": { "area_km2": 0.008281 }, "geometry": { "type": "Polygon", "coordinates": [ [ [ 545208.0, 4516162.0 ], [ 545208.0, 4516071.0 ], [ 545299.0, 4516071.0 ], [ 545299.0, 4516162.0 ], [ 545208.0, 4516162.0 ] ] ] } },
{ "type": "Feature", "properties": { "area_km2": 0.016562 }, "geometry": { "type": "Polygon", "coordinates": [ [ [ 547210.0, 4516162.0 ], [ 547210.0, 4515980.0 ], [ 547301.0, 4515980.0 ], [ 547301.0, 4516162.0 ], [ 547210.0, 4516162.0 ] ] ] } },
{ "type": "Feature", "properties": { "area_km2": 0.008281 }, "geometry": { "type": "Polygon", "coordinates": [ [ [ 537837.0, 4516071.0 ], [ 537837.0, 4515980.0 ], [ 537928.0, 4515980.0 ], [ 537928.0, 4516071.0 ], [ 537837.0, 4516071.0 ] ] ] } },
{ "type": "Feature", "properties": { "area_km2": 0.008281 }, "geometry": { "type": "Polygon", "coordinates": [ [ [ 539111.0, 4516071.0 ], [ 539111.0, 4515980.0 ], [ 539202.0, 4515980.0 ], [ 539202.0, 4516071.0 ], [ 539111.0, 4516071.0 ] ] ] } },
{ "type": "Feature", "properties": { "area_km2": 0.016562 }, "geometry": { "type": "Polygon", "coordinates": [ [ [ 543843.0, 4516071.0 ], [ 543843.0, 4515980.0 ], [ 544025.0, 4515980.0 ], [ 544025.0, 4516071.0 ], [ 543843.0, 4516071.0 ] ] ] } },
{ "type": "Feature", "properties": { "area_km2": 0.008281 }, "geometry": { "type": "Polygon", "coordinates": [ [ [ 546027.0, 4516071.0 ], [ 546027.0, 4515980.0 ], [ 546118.0, 4515980.0 ], [ 546118.0, 4516071.0 ], [ 546027.0, 4516071.0 ] ] ] } },
{ "type": "Feature", "properties": { "area_km2": 0.033124 }, "geometry": { "type": "Polygon", "coordinates": [ [ [ 546482.0, 4516162.0 ], [ 546482.0, 4516071.0 ], [ 546391.0, 4516071.0 ], [ 546391.0, 4515980.0 ], [ 546664.0, 4515980.0 ], [ 546664.0, 4516071.0 ], [ 546573.0, 4516071.0 ], [ 546573.0, 4516162.0 ], [ 546482.0, 4516162.0 ] ] ] } },
{ "type": "Feature", "properties": { "area_km2": 0.008281 }, "geometry": { "type": "Polygon", "coordinates": [ [ [ 520365.0, 4515980.0 ], [ 520365.0, 4515889.0 ], [ 520456.0, 4515889.0 ], [ 520456.0, 4515980.0 ], [ 520365.0, 4515980.0 ] ] ] } },
{ "type": "Feature", "properties": { "area_km2": 0.008281 }, "geometry": { "type": "Polygon", "coordinates": [ [ [ 538383.0, 4515980.0 ], [ 538383.0, 4515889.0 ], [ 538474.0, 4515889.0 ], [ 538474.0, 4515980.0 ], [ 538383.0, 4515980.0 ] ] ] } },
{ "type": "Feature", "properties": { "area_km2": 0.016562 }, "geometry": { "type": "Polygon", "coordinates": [ [ [ 545845.0, 4515980.0 ], [ 545845.0, 4515889.0 ], [ 546027.0, 4515889.0 ], [ 546027.0, 4515980.0 ], [ 545845.0, 4515980.0 ] ] ] } },
{ "type": "Feature", "properties": { "area_km2": 0.016562 }, "geometry": { "type": "Polygon", "coordinates": [ [ [ 546209.0, 4515980.0 ], [ 546209.0, 4515889.0 ], [ 546391.0, 4515889.0 ], [ 546391.0, 4515980.0 ], [ 546209.0, 4515980.0 ] ] ] } },
{ "type": "Feature", "properties": { "area_km2": 0.016562 }, "geometry": { "type": "Polygon", "coordinates": [ [ [ 546937.0, 4515980.0 ], [ 546937.0, 4515889.0 ], [ 547119.0, 4515889.0 ], [ 547119.0, 4515980.0 ], [ 546937.0, 4515980.0 ] ] ] } },
{ "type": "Feature", "properties": { "area_km2": 0.057967 }, "geometry": { "type": "Polygon", "coordinates": [ [ [ 542660.0, 4516071.0 ], [ 542660.0, 4515980.0 ], [ 542751.0, 4515980.0 ], [ 542751.0, 4515798.0 ], [ 542842.0, 4515798.0 ], [ 542842.0, 4515980.0 ], [ 543115.0, 4515980.0 ], [ 543115.0, 4516071.0 ], [ 542660.0, 4516071.0 ] ] ] } },
{ "type": "Feature", "properties": { "area_km2": 0.016562 }, "geometry": { "type": "Polygon", "coordinates": [ [ [ 546664.0, 4515889.0 ], [ 546664.0, 4515798.0 ], [ 546846.0, 4515798.0 ], [ 546846.0, 4515889.0 ], [ 546664.0, 4515889.0 ] ] ] } },
{ "type": "Feature", "properties": { "area_km2": 0.008281 }, "geometry": { "type": "Polygon", "coordinates": [ [ [ 537837.0, 4515798.0 ], [ 537837.0, 4515707.0 ], [ 537928.0, 4515707.0 ], [ 537928.0, 4515798.0 ], [ 537837.0, 4515798.0 ] ] ] } },
{ "type": "Feature", "properties": { "area_km2": 0.008281 }, "geometry": { "type": "Polygon", "coordinates": [ [ [ 539384.0, 4515798.0 ], [ 539384.0, 4515707.0 ], [ 539475.0, 4515707.0 ], [ 539475.0, 4515798.0 ], [ 539384.0, 4515798.0 ] ] ] } },
{ "type": "Feature", "properties": { "area_km2": 0.016562 }, "geometry": { "type": "Polygon", "coordinates": [ [ [ 543843.0, 4515798.0 ], [ 543843.0, 4515707.0 ], [ 544025.0, 4515707.0 ], [ 544025.0, 4515798.0 ], [ 543843.0, 4515798.0 ] ] ] } },
{ "type": "Feature", "properties": { "area_km2": 0.08281 }, "geometry": { "type": "Polygon", "coordinates": [ [ [ 543115.0, 4515980.0 ], [ 543115.0, 4515889.0 ], [ 543206.0, 4515889.0 ], [ 543206.0, 4515798.0 ], [ 543388.0, 4515798.0 ], [ 543388.0, 4515889.0 ], [ 543479.0, 4515889.0 ], [ 543479.0, 4515616.0 ], [ 543570.0, 4515616.0 ], [ 543570.0, 4515980.0 ], [ 543115.0, 4515980.0 ] ] ] } },
{ "type": "Feature", "properties": { "area_km2": 0.008281 }, "geometry": { "type": "Polygon", "coordinates": [ [ [ 536017.0, 4515707.0 ], [ 536017.0, 4515616.0 ], [ 536108.0, 4515616.0 ], [ 536108.0, 4515707.0 ], [ 536017.0, 4515707.0 ] ] ] } },
{ "type": "Feature", "properties": { "area_km2": 0.008281 }, "geometry": { "type": "Polygon", "coordinates": [ [ [ 544207.0, 4515707.0 ], [ 544207.0, 4515616.0 ], [ 544298.0, 4515616.0 ], [ 544298.0, 4515707.0 ], [ 544207.0, 4515707.0 ] ] ] } },
{ "type": "Feature", "properties": { "area_km2": 0.008281 }, "geometry": { "type": "Polygon", "coordinates": [ [ [ 544389.0, 4515707.0 ], [ 544389.0, 4515616.0 ], [ 544480.0, 4515616.0 ], [ 544480.0, 4515707.0 ], [ 544389.0, 4515707.0 ] ] ] } },
{ "type": "Feature", "properties": { "area_km2": 0.008281 }, "geometry": { "type": "Polygon", "coordinates": [ [ [ 544662.0, 4515707.0 ], [ 544662.0, 4515616.0 ], [ 544753.0, 4515616.0 ], [ 544753.0, 4515707.0 ], [ 544662.0, 4515707.0 ] ] ] } },
{ "type": "Feature", "properties": { "area_km2": 0.016562 }, "geometry": { "type": "Polygon", "coordinates": [ [ [ 537837.0, 4515616.0 ], [ 537837.0, 4515525.0 ], [ 538019.0, 4515525.0 ], [ 538019.0, 4515616.0 ], [ 537837.0, 4515616.0 ] ] ] } },
{ "type": "Feature", "properties": { "area_km2": 0.016562 }, "geometry": { "type": "Polygon", "coordinates": [ [ [ 542296.0, 4515616.0 ], [ 542296.0, 4515525.0 ], [ 542478.0, 4515525.0 ], [ 542478.0, 4515616.0 ], [ 542296.0, 4515616.0 ] ] ] } },
{ "type": "Feature", "properties": { "area_km2": 0.016562 }, "geometry": { "type": "Polygon", "coordinates": [ [ [ 543661.0, 4515616.0 ], [ 543661.0, 4515525.0 ], [ 543843.0, 4515525.0 ], [ 543843.0, 4515616.0 ], [ 543661.0, 4515616.0 ] ] ] } },
{ "type": "Feature", "properties": { "area_km2": 0.024843 }, "geometry": { "type": "Polygon", "coordinates": [ [ [ 544844.0, 4515616.0 ], [ 544844.0, 4515525.0 ], [ 545117.0, 4515525.0 ], [ 545117.0, 4515616.0 ], [ 544844.0, 4515616.0 ] ] ] } },
{ "type": "Feature", "properties": { "area_km2": 0.008281 }, "geometry": { "type": "Polygon", "coordinates": [ [ [ 545208.0, 4515616.0 ], [ 545208.0, 4515525.0 ], [ 545299.0, 4515525.0 ], [ 545299.0, 4515616.0 ], [ 545208.0, 4515616.0 ] ] ] } },
{ "type": "Feature", "properties": { "area_km2": 0.041405 }, "geometry": { "type": "Polygon", "coordinates": [ [ [ 545390.0, 4515798.0 ], [ 545390.0, 4515434.0 ], [ 545572.0, 4515434.0 ], [ 545572.0, 4515525.0 ], [ 545481.0, 4515525.0 ], [ 545481.0, 4515798.0 ], [ 545390.0, 4515798.0 ] ] ] } },
{ "type": "Feature", "properties": { "area_km2": 0.008281 }, "geometry": { "type": "Polygon", "coordinates": [ [ [ 538383.0, 4515525.0 ], [ 538383.0, 4515434.0 ], [ 538474.0, 4515434.0 ], [ 538474.0, 4515525.0 ], [ 538383.0, 4515525.0 ] ] ] } },
{ "type": "Feature", "properties": { "area_km2": 0.008281 }, "geometry": { "type": "Polygon", "coordinates": [ [ [ 544298.0, 4515525.0 ], [ 544298.0, 4515434.0 ], [ 544389.0, 4515434.0 ], [ 544389.0, 4515525.0 ], [ 544298.0, 4515525.0 ] ] ] } },
{ "type": "Feature", "properties": { "area_km2": 0.008281 }, "geometry": { "type": "Polygon", "coordinates": [ [ [ 544480.0, 4515525.0 ], [ 544480.0, 4515434.0 ], [ 544571.0, 4515434.0 ], [ 544571.0, 4515525.0 ], [ 544480.0, 4515525.0 ] ] ] } },
{ "type": "Feature", "properties": { "area_km2": 0.008281 }, "geometry": { "type": "Polygon", "coordinates": [ [ [ 545663.0, 4515525.0 ], [ 545663.0, 4515434.0 ], [ 545754.0, 4515434.0 ], [ 545754.0, 4515525.0 ], [ 545663.0, 4515525.0 ] ] ] } },
{ "type": "Feature", "properties": { "area_km2": 0.024843 }, "geometry": { "type": "Polygon", "coordinates": [ [ [ 537564.0, 4515616.0 ], [ 537564.0, 4515343.0 ], [ 537655.0, 4515343.0 ], [ 537655.0, 4515616.0 ], [ 537564.0, 4515616.0 ] ] ] } },
{ "type": "Feature", "properties": { "area_km2": 0.016562 }, "geometry": { "type": "Polygon", "coordinates": [ [ [ 544571.0, 4515434.0 ], [ 544571.0, 4515343.0 ], [ 544753.0, 4515343.0 ], [ 544753.0, 4515434.0 ], [ 544571.0, 4515434.0 ] ] ] } },
{ "type": "Feature", "properties": { "area_km2": 0.008281 }, "geometry": { "type": "Polygon", "coordinates": [ [ [ 545936.0, 4515434.0 ], [ 545936.0, 4515343.0 ], [ 546027.0, 4515343.0 ], [ 546027.0, 4515434.0 ], [ 545936.0, 4515434.0 ] ] ] } },
{ "type": "Feature", "properties": { "area_km2": 0.016562 }, "geometry": { "type": "Polygon", "coordinates": [ [ [ 546209.0, 4515434.0 ], [ 546209.0, 4515252.0 ], [ 546300.0, 4515252.0 ], [ 546300.0, 4515434.0 ], [ 546209.0, 4515434.0 ] ] ] } },
{ "type": "Feature", "properties": { "area_km2": 0.008281 }, "geometry": { "type": "Polygon", "coordinates": [ [ [ 537473.0, 4515343.0 ], [ 537473.0, 4515252.0 ], [ 537564.0, 4515252.0 ], [ 537564.0, 4515343.0 ], [ 537473.0, 4515343.0 ] ] ] } },
{ "type": "Feature", "properties": { "area_km2": 0.008281 }, "geometry": { "type": "Polygon", "coordinates": [ [ [ 537746.0, 4515343.0 ], [ 537746.0, 4515252.0 ], [ 537837.0, 4515252.0 ], [ 537837.0, 4515343.0 ], [ 537746.0, 4515343.0 ] ] ] } },
{ "type": "Feature", "properties": { "area_km2": 0.008281 }, "geometry": { "type": "Polygon", "coordinates": [ [ [ 538201.0, 4515252.0 ], [ 538201.0, 4515161.0 ], [ 538292.0, 4515161.0 ], [ 538292.0, 4515252.0 ], [ 538201.0, 4515252.0 ] ] ] } },
{ "type": "Feature", "properties": { "area_km2": 0.008281 }, "geometry": { "type": "Polygon", "coordinates": [ [ [ 538474.0, 4515252.0 ], [ 538474.0, 4515161.0 ], [ 538565.0, 4515161.0 ], [ 538565.0, 4515252.0 ], [ 538474.0, 4515252.0 ] ] ] } },
{ "type": "Feature", "properties": { "area_km2": 0.008281 }, "geometry": { "type": "Polygon", "coordinates": [ [ [ 543843.0, 4515252.0 ], [ 543843.0, 4515161.0 ], [ 543934.0, 4515161.0 ], [ 543934.0, 4515252.0 ], [ 543843.0, 4515252.0 ] ] ] } },
{ "type": "Feature", "properties": { "area_km2": 0.016562 }, "geometry": { "type": "Polygon", "coordinates": [ [ [ 545481.0, 4515252.0 ], [ 545481.0, 4515161.0 ], [ 545663.0, 4515161.0 ], [ 545663.0, 4515252.0 ], [ 545481.0, 4515252.0 ] ] ] } },
{ "type": "Feature", "properties": { "area_km2": 0.016562 }, "geometry": { "type": "Polygon", "coordinates": [ [ [ 537564.0, 4515252.0 ], [ 537564.0, 4515070.0 ], [ 537655.0, 4515070.0 ], [ 537655.0, 4515252.0 ], [ 537564.0, 4515252.0 ] ] ] } },
{ "type": "Feature", "properties": { "area_km2": 0.008281 }, "geometry": { "type": "Polygon", "coordinates": [ [ [ 520274.0, 4515161.0 ], [ 520274.0, 4515070.0 ], [ 520365.0, 4515070.0 ], [ 520365.0, 4515161.0 ], [ 520274.0, 4515161.0 ] ] ] } },
{ "type": "Feature", "properties": { "area_km2": 0.008281 }, "geometry": { "type": "Polygon", "coordinates": [ [ [ 538656.0, 4515161.0 ], [ 538656.0, 4515070.0 ], [ 538747.0, 4515070.0 ], [ 538747.0, 4515161.0 ], [ 538656.0, 4515161.0 ] ] ] } },
{ "type": "Feature", "properties": { "area_km2": 0.008281 }, "geometry": { "type": "Polygon", "coordinates": [ [ [ 545845.0, 4515161.0 ], [ 545845.0, 4515070.0 ], [ 545936.0, 4515070.0 ], [ 545936.0, 4515161.0 ], [ 545845.0, 4515161.0 ] ] ] } },
{ "type": "Feature", "properties": { "area_km2": 0.008281 }, "geometry": { "type": "Polygon", "coordinates": [ [ [ 538929.0, 4515070.0 ], [ 538929.0, 4514979.0 ], [ 539020.0, 4514979.0 ], [ 539020.0, 4515070.0 ], [ 538929.0, 4515070.0 ] ] ] } },
{ "type": "Feature", "properties": { "area_km2": 0.008281 }, "geometry": { "type": "Polygon", "coordinates": [ [ [ 539748.0, 4515070.0 ], [ 539748.0, 4514979.0 ], [ 539839.0, 4514979.0 ], [ 539839.0, 4515070.0 ], [ 539748.0, 4515070.0 ] ] ] } },
{ "type": "Feature", "properties": { "area_km2": 0.024843 }, "geometry": { "type": "Polygon", "coordinates": [ [ [ 538383.0, 4515070.0 ], [ 538383.0, 4514888.0 ], [ 538565.0, 4514888.0 ], [ 538565.0, 4514979.0 ], [ 538474.0, 4514979.0 ], [ 538474.0, 4515070.0 ], [ 538383.0, 4515070.0 ] ] ] } },
{ "type": "Feature", "properties": { "area_km2": 0.008281 }, "geometry": { "type": "Polygon", "coordinates": [ [ [ 534197.0, 4514979.0 ], [ 534197.0, 4514888.0 ], [ 534288.0, 4514888.0 ], [ 534288.0, 4514979.0 ], [ 534197.0, 4514979.0 ] ] ] } },
{ "type": "Feature", "properties": { "area_km2": 0.016562 }, "geometry": { "type": "Polygon", "coordinates": [ [ [ 537018.0, 4514979.0 ], [ 537018.0, 4514888.0 ], [ 537200.0, 4514888.0 ], [ 537200.0, 4514979.0 ], [ 537018.0, 4514979.0 ] ] ] } },
{ "type": "Feature", "properties": { "area_km2": 0.008281 }, "geometry": { "type": "Polygon", "coordinates": [ [ [ 546755.0, 4514979.0 ], [ 546755.0, 4514888.0 ], [ 546846.0, 4514888.0 ], [ 546846.0, 4514979.0 ], [ 546755.0, 4514979.0 ] ] ] } },
{ "type": "Feature", "properties": { "area_km2": 0.008281 }, "geometry": { "type": "Polygon", "coordinates": [ [ [ 542660.0, 4514888.0 ], [ 542660.0, 4514797.0 ], [ 542751.0, 4514797.0 ], [ 542751.0, 4514888.0 ], [ 542660.0, 4514888.0 ] ] ] } },
{ "type": "Feature", "properties": { "area_km2": 0.008281 }, "geometry": { "type": "Polygon", "coordinates": [ [ [ 536745.0, 4514797.0 ], [ 536745.0, 4514706.0 ], [ 536836.0, 4514706.0 ], [ 536836.0, 4514797.0 ], [ 536745.0, 4514797.0 ] ] ] } },
{ "type": "Feature", "properties": { "area_km2": 0.008281 }, "geometry": { "type": "Polygon", "coordinates": [ [ [ 539111.0, 4514797.0 ], [ 539111.0, 4514706.0 ], [ 539202.0, 4514706.0 ], [ 539202.0, 4514797.0 ], [ 539111.0, 4514797.0 ] ] ] } },
{ "type": "Feature", "properties": { "area_km2": 0.008281 }, "geometry": { "type": "Polygon", "coordinates": [ [ [ 544025.0, 4514797.0 ], [ 544025.0, 4514706.0 ], [ 544116.0, 4514706.0 ], [ 544116.0, 4514797.0 ], [ 544025.0, 4514797.0 ] ] ] } },
{ "type": "Feature", "properties": { "area_km2": 0.008281 }, "geometry": { "type": "Polygon", "coordinates": [ [ [ 545572.0, 4514797.0 ], [ 545572.0, 4514706.0 ], [ 545663.0, 4514706.0 ], [ 545663.0, 4514797.0 ], [ 545572.0, 4514797.0 ] ] ] } },
{ "type": "Feature", "properties": { "area_km2": 0.008281 }, "geometry": { "type": "Polygon", "coordinates": [ [ [ 534288.0, 4514706.0 ], [ 534288.0, 4514615.0 ], [ 534379.0, 4514615.0 ], [ 534379.0, 4514706.0 ], [ 534288.0, 4514706.0 ] ] ] } },
{ "type": "Feature", "properties": { "area_km2": 0.008281 }, "geometry": { "type": "Polygon", "coordinates": [ [ [ 543570.0, 4514706.0 ], [ 543570.0, 4514615.0 ], [ 543661.0, 4514615.0 ], [ 543661.0, 4514706.0 ], [ 543570.0, 4514706.0 ] ] ] } },
{ "type": "Feature", "properties": { "area_km2": 0.024843 }, "geometry": { "type": "Polygon", "coordinates": [ [ [ 537382.0, 4514706.0 ], [ 537382.0, 4514615.0 ], [ 537291.0, 4514615.0 ], [ 537291.0, 4514524.0 ], [ 537473.0, 4514524.0 ], [ 537473.0, 4514706.0 ], [ 537382.0, 4514706.0 ] ] ] } },
{ "type": "Feature", "properties": { "area_km2": 0.016562 }, "geometry": { "type": "Polygon", "coordinates": [ [ [ 538838.0, 4514615.0 ], [ 538838.0, 4514524.0 ], [ 539020.0, 4514524.0 ], [ 539020.0, 4514615.0 ], [ 538838.0, 4514615.0 ] ] ] } },
{ "type": "Feature", "properties": { "area_km2": 0.016562 }, "geometry": { "type": "Polygon", "coordinates": [ [ [ 544935.0, 4514615.0 ], [ 544935.0, 4514524.0 ], [ 545117.0, 4514524.0 ], [ 545117.0, 4514615.0 ], [ 544935.0, 4514615.0 ] ] ] } },
{ "type": "Feature", "properties": { "area_km2": 0.008281 }, "geometry": { "type": "Polygon", "coordinates": [ [ [ 546664.0, 4514615.0 ], [ 546664.0, 4514524.0 ], [ 546755.0, 4514524.0 ], [ 546755.0, 4514615.0 ], [ 546664.0, 4514615.0 ] ] ] } },
{ "type": "Feature", "properties": { "area_km2": 0.008281 }, "geometry": { "type": "Polygon", "coordinates": [ [ [ 544480.0, 4514524.0 ], [ 544480.0, 4514433.0 ], [ 544571.0, 4514433.0 ], [ 544571.0, 4514524.0 ], [ 544480.0, 4514524.0 ] ] ] } },
{ "type": "Feature", "properties": { "area_km2": 0.033124 }, "geometry": { "type": "Polygon", "coordinates": [ [ [ 539293.0, 4514524.0 ], [ 539293.0, 4514342.0 ], [ 539475.0, 4514342.0 ], [ 539475.0, 4514524.0 ], [ 539293.0, 4514524.0 ] ] ] } },
{ "type": "Feature", "properties": { "area_km2": 0.008281 }, "geometry": { "type": "Polygon", "coordinates": [ [ [ 536108.0, 4514433.0 ], [ 536108.0, 4514342.0 ], [ 536199.0, 4514342.0 ], [ 536199.0, 4514433.0 ], [ 536108.0, 4514433.0 ] ] ] } },
{ "type": "Feature", "properties": { "area_km2": 0.008281 }, "geometry": { "type": "Polygon", "coordinates": [ [ [ 536836.0, 4514433.0 ], [ 536836.0, 4514342.0 ], [ 536927.0, 4514342.0 ], [ 536927.0, 4514433.0 ], [ 536836.0, 4514433.0 ] ] ] } },
{ "type": "Feature", "properties": { "area_km2": 0.024843 }, "geometry": { "type": "Polygon", "coordinates": [ [ [ 537109.0, 4514524.0 ], [ 537109.0, 4514433.0 ], [ 537018.0, 4514433.0 ], [ 537018.0, 4514342.0 ], [ 537200.0, 4514342.0 ], [ 537200.0, 4514524.0 ], [ 537109.0, 4514524.0 ] ] ] } },
{ "type": "Feature", "properties": { "area_km2": 0.008281 }, "geometry": { "type": "Polygon", "coordinates": [ [ [ 545390.0, 4514433.0 ], [ 545390.0, 4514342.0 ], [ 545481.0, 4514342.0 ], [ 545481.0, 4514433.0 ], [ 545390.0, 4514433.0 ] ] ] } },
{ "type": "Feature", "properties": { "area_km2": 0.024843 }, "geometry": { "type": "Polygon", "coordinates": [ [ [ 537382.0, 4514433.0 ], [ 537382.0, 4514342.0 ], [ 537473.0, 4514342.0 ], [ 537473.0, 4514251.0 ], [ 537564.0, 4514251.0 ], [ 537564.0, 4514433.0 ], [ 537382.0, 4514433.0 ] ] ] } },
{ "type": "Feature", "properties": { "area_km2": 0.008281 }, "geometry": { "type": "Polygon", "coordinates": [ [ [ 536199.0, 4514342.0 ], [ 536199.0, 4514251.0 ], [ 536290.0, 4514251.0 ], [ 536290.0, 4514342.0 ], [ 536199.0, 4514342.0 ] ] ] } },
{ "type": "Feature", "properties": { "area_km2": 0.008281 }, "geometry": { "type": "Polygon", "coordinates": [ [ [ 536563.0, 4514342.0 ], [ 536563.0, 4514251.0 ], [ 536654.0, 4514251.0 ], [ 536654.0, 4514342.0 ], [ 536563.0, 4514342.0 ] ] ] } },
{ "type": "Feature", "properties": { "area_km2": 0.008281 }, "geometry": { "type": "Polygon", "coordinates": [ [ [ 540203.0, 4514342.0 ], [ 540203.0, 4514251.0 ], [ 540294.0, 4514251.0 ], [ 540294.0, 4514342.0 ], [ 540203.0, 4514342.0 ] ] ] } },
{ "type": "Feature", "properties": { "area_km2": 0.008281 }, "geometry": { "type": "Polygon", "coordinates": [ [ [ 535562.0, 4514251.0 ], [ 535562.0, 4514160.0 ], [ 535653.0, 4514160.0 ], [ 535653.0, 4514251.0 ], [ 535562.0, 4514251.0 ] ] ] } },
{ "type": "Feature", "properties": { "area_km2": 0.008281 }, "geometry": { "type": "Polygon", "coordinates": [ [ [ 535835.0, 4514251.0 ], [ 535835.0, 4514160.0 ], [ 535926.0, 4514160.0 ], [ 535926.0, 4514251.0 ], [ 535835.0, 4514251.0 ] ] ] } },
{ "type": "Feature", "properties": { "area_km2": 0.008281 }, "geometry": { "type": "Polygon", "coordinates": [ [ [ 536745.0, 4514251.0 ], [ 536745.0, 4514160.0 ], [ 536836.0, 4514160.0 ], [ 536836.0, 4514251.0 ], [ 536745.0, 4514251.0 ] ] ] } },
{ "type": "Feature", "properties": { "area_km2": 0.008281 }, "geometry": { "type": "Polygon", "coordinates": [ [ [ 537564.0, 4514251.0 ], [ 537564.0, 4514160.0 ], [ 537655.0, 4514160.0 ], [ 537655.0, 4514251.0 ], [ 537564.0, 4514251.0 ] ] ] } },
{ "type": "Feature", "properties": { "area_km2": 0.008281 }, "geometry": { "type": "Polygon", "coordinates": [ [ [ 545390.0, 4514251.0 ], [ 545390.0, 4514160.0 ], [ 545481.0, 4514160.0 ], [ 545481.0, 4514251.0 ], [ 545390.0, 4514251.0 ] ] ] } },
{ "type": "Feature", "properties": { "area_km2": 0.016562 }, "geometry": { "type": "Polygon", "coordinates": [ [ [ 544571.0, 4514251.0 ], [ 544571.0, 4514069.0 ], [ 544662.0, 4514069.0 ], [ 544662.0, 4514251.0 ], [ 544571.0, 4514251.0 ] ] ] } },
{ "type": "Feature", "properties": { "area_km2": 0.008281 }, "geometry": { "type": "Polygon", "coordinates": [ [ [ 520183.0, 4514160.0 ], [ 520183.0, 4514069.0 ], [ 520274.0, 4514069.0 ], [ 520274.0, 4514160.0 ], [ 520183.0, 4514160.0 ] ] ] } },
{ "type": "Feature", "properties": { "area_km2": 0.008281 }, "geometry": { "type": "Polygon", "coordinates": [ [ [ 536017.0, 4514069.0 ], [ 536017.0, 4513978.0 ], [ 536108.0, 4513978.0 ], [ 536108.0, 4514069.0 ], [ 536017.0, 4514069.0 ] ] ] } },
{ "type": "Feature", "properties": { "area_km2": 0.016562 }, "geometry": { "type": "Polygon", "coordinates": [ [ [ 546118.0, 4514069.0 ], [ 546118.0, 4513978.0 ], [ 546300.0, 4513978.0 ], [ 546300.0, 4514069.0 ], [ 546118.0, 4514069.0 ] ] ] } },
{ "type": "Feature", "properties": { "area_km2": 0.033124 }, "geometry": { "type": "Polygon", "coordinates": [ [ [ 536290.0, 4514160.0 ], [ 536290.0, 4513978.0 ], [ 536381.0, 4513978.0 ], [ 536381.0, 4513887.0 ], [ 536472.0, 4513887.0 ], [ 536472.0, 4514069.0 ], [ 536381.0, 4514069.0 ], [ 536381.0, 4514160.0 ], [ 536290.0, 4514160.0 ] ] ] } },
{ "type": "Feature", "properties": { "area_km2": 0.041405 }, "geometry": { "type": "Polygon", "coordinates": [ [ [ 537200.0, 4514069.0 ], [ 537200.0, 4513887.0 ], [ 537291.0, 4513887.0 ], [ 537291.0, 4513978.0 ], [ 537564.0, 4513978.0 ], [ 537564.0, 4514069.0 ], [ 537200.0, 4514069.0 ] ] ] } },
{ "type": "Feature", "properties": { "area_km2": 0.008281 }, "geometry": { "type": "Polygon", "coordinates": [ [ [ 530921.0, 4513978.0 ], [ 530921.0, 4513887.0 ], [ 531012.0, 4513887.0 ], [ 531012.0, 4513978.0 ], [ 530921.0, 4513978.0 ] ] ] } },
{ "type": "Feature", "properties": { "area_km2": 0.008281 }, "geometry": { "type": "Polygon", "coordinates": [ [ [ 532377.0, 4513978.0 ], [ 532377.0, 4513887.0 ], [ 532468.0, 4513887.0 ], [ 532468.0, 4513978.0 ], [ 532377.0, 4513978.0 ] ] ] } },
{ "type": "Feature", "properties": { "area_km2": 0.008281 }, "geometry": { "type": "Polygon", "coordinates": [ [ [ 532650.0, 4513978.0 ], [ 532650.0, 4513887.0 ], [ 532741.0, 4513887.0 ], [ 532741.0, 4513978.0 ], [ 532650.0, 4513978.0 ] ] ] } },
{ "type": "Feature", "properties": { "area_km2": 0.008281 }, "geometry": { "type": "Polygon", "coordinates": [ [ [ 535107.0, 4513978.0 ], [ 535107.0, 4513887.0 ], [ 535198.0, 4513887.0 ], [ 535198.0, 4513978.0 ], [ 535107.0, 4513978.0 ] ] ] } },
{ "type": "Feature", "properties": { "area_km2": 0.008281 }, "geometry": { "type": "Polygon", "coordinates": [ [ [ 537018.0, 4513978.0 ], [ 537018.0, 4513887.0 ], [ 537109.0, 4513887.0 ], [ 537109.0, 4513978.0 ], [ 537018.0, 4513978.0 ] ] ] } },
{ "type": "Feature", "properties": { "area_km2": 0.008281 }, "geometry": { "type": "Polygon", "coordinates": [ [ [ 544389.0, 4513978.0 ], [ 544389.0, 4513887.0 ], [ 544480.0, 4513887.0 ], [ 544480.0, 4513978.0 ], [ 544389.0, 4513978.0 ] ] ] } },
{ "type": "Feature", "properties": { "area_km2": 0.016562 }, "geometry": { "type": "Polygon", "coordinates": [ [ [ 544844.0, 4513978.0 ], [ 544844.0, 4513887.0 ], [ 545026.0, 4513887.0 ], [ 545026.0, 4513978.0 ], [ 544844.0, 4513978.0 ] ] ] } },
{ "type": "Feature", "properties": { "area_km2": 0.016562 }, "geometry": { "type": "Polygon", "coordinates": [ [ [ 532832.0, 4513887.0 ], [ 532832.0, 4513796.0 ], [ 533014.0, 4513796.0 ], [ 533014.0, 4513887.0 ], [ 532832.0, 4513887.0 ] ] ] } },
{ "type": "Feature", "properties": { "area_km2": 0.008281 }, "geometry": { "type": "Polygon", "coordinates": [ [ [ 537109.0, 4513887.0 ], [ 537109.0, 4513796.0 ], [ 537200.0, 4513796.0 ], [ 537200.0, 4513887.0 ], [ 537109.0, 4513887.0 ] ] ] } },
{ "type": "Feature", "properties": { "area_km2": 0.008281 }, "geometry": { "type": "Polygon", "coordinates": [ [ [ 540749.0, 4513887.0 ], [ 540749.0, 4513796.0 ], [ 540840.0, 4513796.0 ], [ 540840.0, 4513887.0 ], [ 540749.0, 4513887.0 ] ] ] } },
{ "type": "Feature", "properties": { "area_km2": 0.024843 }, "geometry": { "type": "Polygon", "coordinates": [ [ [ 545117.0, 4513978.0 ], [ 545117.0, 4513887.0 ], [ 545026.0, 4513887.0 ], [ 545026.0, 4513796.0 ], [ 545208.0, 4513796.0 ], [ 545208.0, 4513978.0 ], [ 545117.0, 4513978.0 ] ] ] } },
{ "type": "Feature", "properties": { "area_km2": 0.008281 }, "geometry": { "type": "Polygon", "coordinates": [ [ [ 532195.0, 4513796.0 ], [ 532195.0, 4513705.0 ], [ 532286.0, 4513705.0 ], [ 532286.0, 4513796.0 ], [ 532195.0, 4513796.0 ] ] ] } },
{ "type": "Feature", "properties": { "area_km2": 0.016562 }, "geometry": { "type": "Polygon", "coordinates": [ [ [ 535198.0, 4513796.0 ], [ 535198.0, 4513705.0 ], [ 535380.0, 4513705.0 ], [ 535380.0, 4513796.0 ], [ 535198.0, 4513796.0 ] ] ] } },
{ "type": "Feature", "properties": { "area_km2": 0.008281 }, "geometry": { "type": "Polygon", "coordinates": [ [ [ 536836.0, 4513796.0 ], [ 536836.0, 4513705.0 ], [ 536927.0, 4513705.0 ], [ 536927.0, 4513796.0 ], [ 536836.0, 4513796.0 ] ] ] } },
{ "type": "Feature", "properties": { "area_km2": 0.008281 }, "geometry": { "type": "Polygon", "coordinates": [ [ [ 544844.0, 4513796.0 ], [ 544844.0, 4513705.0 ], [ 544935.0, 4513705.0 ], [ 544935.0, 4513796.0 ], [ 544844.0, 4513796.0 ] ] ] } },
{ "type": "Feature", "properties": { "area_km2": 0.016562 }, "geometry": { "type": "Polygon", "coordinates": [ [ [ 545663.0, 4513796.0 ], [ 545663.0, 4513705.0 ], [ 545845.0, 4513705.0 ], [ 545845.0, 4513796.0 ], [ 545663.0, 4513796.0 ] ] ] } },
{ "type": "Feature", "properties": { "area_km2": 0.008281 }, "geometry": { "type": "Polygon", "coordinates": [ [ [ 546027.0, 4513796.0 ], [ 546027.0, 4513705.0 ], [ 546118.0, 4513705.0 ], [ 546118.0, 4513796.0 ], [ 546027.0, 4513796.0 ] ] ] } },
{ "type": "Feature", "properties": { "area_km2": 0.074529 }, "geometry": { "type": "Polygon", "coordinates": [ [ [ 535471.0, 4513796.0 ], [ 535471.0, 4513614.0 ], [ 535835.0, 4513614.0 ], [ 535835.0, 4513705.0 ], [ 535926.0, 4513705.0 ], [ 535926.0, 4513796.0 ], [ 535471.0, 4513796.0 ] ] ] } },
{ "type": "Feature", "properties": { "area_km2": 0.008281 }, "geometry": { "type": "Polygon", "coordinates": [ [ [ 523004.0, 4513705.0 ], [ 523004.0, 4513614.0 ], [ 523095.0, 4513614.0 ], [ 523095.0, 4513705.0 ], [ 523004.0, 4513705.0 ] ] ] } },
{ "type": "Feature", "properties": { "area_km2": 0.008281 }, "geometry": { "type": "Polygon", "coordinates": [ [ [ 530466.0, 4513705.0 ], [ 530466.0, 4513614.0 ], [ 530557.0, 4513614.0 ], [ 530557.0, 4513705.0 ], [ 530466.0, 4513705.0 ] ] ] } },
{ "type": "Feature", "properties": { "area_km2": 0.008281 }, "geometry": { "type": "Polygon", "coordinates": [ [ [ 531285.0, 4513705.0 ], [ 531285.0, 4513614.0 ], [ 531376.0, 4513614.0 ], [ 531376.0, 4513705.0 ], [ 531285.0, 4513705.0 ] ] ] } },
{ "type": "Feature", "properties": { "area_km2": 0.008281 }, "geometry": { "type": "Polygon", "coordinates": [ [ [ 532650.0, 4513705.0 ], [ 532650.0, 4513614.0 ], [ 532741.0, 4513614.0 ], [ 532741.0, 4513705.0 ], [ 532650.0, 4513705.0 ] ] ] } },
{ "type": "Feature", "properties": { "area_km2": 0.008281 }, "geometry": { "type": "Polygon", "coordinates": [ [ [ 535926.0, 4513705.0 ], [ 535926.0, 4513614.0 ], [ 536017.0, 4513614.0 ], [ 536017.0, 4513705.0 ], [ 535926.0, 4513705.0 ] ] ] } },
{ "type": "Feature", "properties": { "area_km2": 0.066248 }, "geometry": { "type": "Polygon", "coordinates": [ [ [ 537382.0, 4513887.0 ], [ 537382.0, 4513796.0 ], [ 537291.0, 4513796.0 ], [ 537291.0, 4513705.0 ], [ 537200.0, 4513705.0 ], [ 537200.0, 4513614.0 ], [ 537655.0, 4513614.0 ], [ 537655.0, 4513705.0 ], [ 537473.0, 4513705.0 ], [ 537473.0, 4513887.0 ], [ 537382.0, 4513887.0 ] ] ] } },
{ "type": "Feature", "properties": { "area_km2": 0.024843 }, "geometry": { "type": "Polygon", "coordinates": [ [ [ 539111.0, 4513705.0 ], [ 539111.0, 4513614.0 ], [ 539384.0, 4513614.0 ], [ 539384.0, 4513705.0 ], [ 539111.0, 4513705.0 ] ] ] } },
{ "type": "Feature", "properties": { "area_km2": 0.008281 }, "geometry": { "type": "Polygon", "coordinates": [ [ [ 544389.0, 4513705.0 ], [ 544389.0, 4513614.0 ], [ 544480.0, 4513614.0 ], [ 544480.0, 4513705.0 ], [ 544389.0, 4513705.0 ] ] ] } },
{ "type": "Feature", "properties": { "area_km2": 0.008281 }, "geometry": { "type": "Polygon", "coordinates": [ [ [ 532013.0, 4513614.0 ], [ 532013.0, 4513523.0 ], [ 532104.0, 4513523.0 ], [ 532104.0, 4513614.0 ], [ 532013.0, 4513614.0 ] ] ] } },
{ "type": "Feature", "properties": { "area_km2": 0.008281 }, "geometry": { "type": "Polygon", "coordinates": [ [ [ 532741.0, 4513614.0 ], [ 532741.0, 4513523.0 ], [ 532832.0, 4513523.0 ], [ 532832.0, 4513614.0 ], [ 532741.0, 4513614.0 ] ] ] } },
{ "type": "Feature", "properties": { "area_km2": 0.008281 }, "geometry": { "type": "Polygon", "coordinates": [ [ [ 532923.0, 4513614.0 ], [ 532923.0, 4513523.0 ], [ 533014.0, 4513523.0 ], [ 533014.0, 4513614.0 ], [ 532923.0, 4513614.0 ] ] ] } },
{ "type": "Feature", "properties": { "area_km2": 0.049686 }, "geometry": { "type": "Polygon", "coordinates": [ [ [ 533105.0, 4513887.0 ], [ 533105.0, 4513796.0 ], [ 533196.0, 4513796.0 ], [ 533196.0, 4513614.0 ], [ 533105.0, 4513614.0 ], [ 533105.0, 4513523.0 ], [ 533287.0, 4513523.0 ], [ 533287.0, 4513887.0 ], [ 533105.0, 4513887.0 ] ] ] } },
{ "type": "Feature", "properties": { "area_km2": 0.008281 }, "geometry": { "type": "Polygon", "coordinates": [ [ [ 533924.0, 4513614.0 ], [ 533924.0, 4513523.0 ], [ 534015.0, 4513523.0 ], [ 534015.0, 4513614.0 ], [ 533924.0, 4513614.0 ] ] ] } },
{ "type": "Feature", "properties": { "area_km2": 0.008281 }, "geometry": { "type": "Polygon", "coordinates": [ [ [ 535835.0, 4513614.0 ], [ 535835.0, 4513523.0 ], [ 535926.0, 4513523.0 ], [ 535926.0, 4513614.0 ], [ 535835.0, 4513614.0 ] ] ] } },
{ "type": "Feature", "properties": { "area_km2": 0.008281 }, "geometry": { "type": "Polygon", "coordinates": [ [ [ 540931.0, 4513614.0 ], [ 540931.0, 4513523.0 ], [ 541022.0, 4513523.0 ], [ 541022.0, 4513614.0 ], [ 540931.0, 4513614.0 ] ] ] } },
{ "type": "Feature", "properties": { "area_km2": 0.008281 }, "geometry": { "type": "Polygon", "coordinates": [ [ [ 545663.0, 4513614.0 ], [ 545663.0, 4513523.0 ], [ 545754.0, 4513523.0 ], [ 545754.0, 4513614.0 ], [ 545663.0, 4513614.0 ] ] ] } },
{ "type": "Feature", "properties": { "area_km2": 0.057967 }, "geometry": { "type": "Polygon", "coordinates": [ [ [ 545026.0, 4513614.0 ], [ 545026.0, 4513523.0 ], [ 545117.0, 4513523.0 ], [ 545117.0, 4513432.0 ], [ 545572.0, 4513432.0 ], [ 545572.0, 4513523.0 ], [ 545208.0, 4513523.0 ], [ 545208.0, 4513614.0 ], [ 545026.0, 4513614.0 ] ] ] } },
{ "type": "Feature", "properties": { "area_km2": 0.008281 }, "geometry": { "type": "Polygon", "coordinates": [ [ [ 536017.0, 4513523.0 ], [ 536017.0, 4513432.0 ], [ 536108.0, 4513432.0 ], [ 536108.0, 4513523.0 ], [ 536017.0, 4513523.0 ] ] ] } },
{ "type": "Feature", "properties": { "area_km2": 0.008281 }, "geometry": { "type": "Polygon", "coordinates": [ [ [ 546209.0, 4513523.0 ], [ 546209.0, 4513432.0 ], [ 546300.0, 4513432.0 ], [ 546300.0, 4513523.0 ], [ 546209.0, 4513523.0 ] ] ] } },
{ "type": "Feature", "properties": { "area_km2": 0.024843 }, "geometry": { "type": "Polygon", "coordinates": [ [ [ 533287.0, 4513523.0 ], [ 533287.0, 4513341.0 ], [ 533378.0, 4513341.0 ], [ 533378.0, 4513432.0 ], [ 533469.0, 4513432.0 ], [ 533469.0, 4513523.0 ], [ 533287.0, 4513523.0 ] ] ] } },
{ "type": "Feature", "properties": { "area_km2": 0.008281 }, "geometry": { "type": "Polygon", "coordinates": [ [ [ 531376.0, 4513432.0 ], [ 531376.0, 4513341.0 ], [ 531467.0, 4513341.0 ], [ 531467.0, 4513432.0 ], [ 531376.0, 4513432.0 ] ] ] } },
{ "type": "Feature", "properties": { "area_km2": 0.016562 }, "geometry": { "type": "Polygon", "coordinates": [ [ [ 533651.0, 4513432.0 ], [ 533651.0, 4513341.0 ], [ 533833.0, 4513341.0 ], [ 533833.0, 4513432.0 ], [ 533651.0, 4513432.0 ] ] ] } },
{ "type": "Feature", "properties": { "area_km2": 0.008281 }, "geometry": { "type": "Polygon", "coordinates": [ [ [ 534470.0, 4513432.0 ], [ 534470.0, 4513341.0 ], [ 534561.0, 4513341.0 ], [ 534561.0, 4513432.0 ], [ 534470.0, 4513432.0 ] ] ] } },
{ "type": "Feature", "properties": { "area_km2": 0.008281 }, "geometry": { "type": "Polygon", "coordinates": [ [ [ 535744.0, 4513432.0 ], [ 535744.0, 4513341.0 ], [ 535835.0, 4513341.0 ], [ 535835.0, 4513432.0 ], [ 535744.0, 4513432.0 ] ] ] } },
{ "type": "Feature", "properties": { "area_km2": 0.066248 }, "geometry": { "type": "Polygon", "coordinates": [ [ [ 536199.0, 4513614.0 ], [ 536199.0, 4513523.0 ], [ 536381.0, 4513523.0 ], [ 536381.0, 4513432.0 ], [ 536290.0, 4513432.0 ], [ 536290.0, 4513341.0 ], [ 536563.0, 4513341.0 ], [ 536563.0, 4513432.0 ], [ 536472.0, 4513432.0 ], [ 536472.0, 4513523.0 ], [ 536563.0, 4513523.0 ], [ 536563.0, 4513614.0 ], [ 536199.0, 4513614.0 ] ] ] } },
{ "type": "Feature", "properties": { "area_km2": 0.008281 }, "geometry": { "type": "Polygon", "coordinates": [ [ [ 537564.0, 4513432.0 ], [ 537564.0, 4513341.0 ], [ 537655.0, 4513341.0 ], [ 537655.0, 4513432.0 ], [ 537564.0, 4513432.0 ] ] ] } },
{ "type": "Feature", "properties": { "area_km2": 0.008281 }, "geometry": { "type": "Polygon", "coordinates": [ [ [ 537837.0, 4513432.0 ], [ 537837.0, 4513341.0 ], [ 537928.0, 4513341.0 ], [ 537928.0, 4513432.0 ], [ 537837.0, 4513432.0 ] ] ] } },
{ "type": "Feature", "properties": { "area_km2": 0.008281 }, "geometry": { "type": "Polygon", "coordinates": [ [ [ 540749.0, 4513432.0 ], [ 540749.0, 4513341.0 ], [ 540840.0, 4513341.0 ], [ 540840.0, 4513432.0 ], [ 540749.0, 4513432.0 ] ] ] } },
{ "type": "Feature", "properties": { "area_km2": 0.008281 }, "geometry": { "type": "Polygon", "coordinates": [ [ [ 540931.0, 4513432.0 ], [ 540931.0, 4513341.0 ], [ 541022.0, 4513341.0 ], [ 541022.0, 4513432.0 ], [ 540931.0, 4513432.0 ] ] ] } },
{ "type": "Feature", "properties": { "area_km2": 0.008281 }, "geometry": { "type": "Polygon", "coordinates": [ [ [ 545663.0, 4513432.0 ], [ 545663.0, 4513341.0 ], [ 545754.0, 4513341.0 ], [ 545754.0, 4513432.0 ], [ 545663.0, 4513432.0 ] ] ] } },
{ "type": "Feature", "properties": { "area_km2": 0.033124 }, "geometry": { "type": "Polygon", "coordinates": [ [ [ 536654.0, 4513614.0 ], [ 536654.0, 4513250.0 ], [ 536745.0, 4513250.0 ], [ 536745.0, 4513614.0 ], [ 536654.0, 4513614.0 ] ] ] } },
{ "type": "Feature", "properties": { "area_km2": 0.008281 }, "geometry": { "type": "Polygon", "coordinates": [ [ [ 531649.0, 4513341.0 ], [ 531649.0, 4513250.0 ], [ 531740.0, 4513250.0 ], [ 531740.0, 4513341.0 ], [ 531649.0, 4513341.0 ] ] ] } },
{ "type": "Feature", "properties": { "area_km2": 0.008281 }, "geometry": { "type": "Polygon", "coordinates": [ [ [ 533560.0, 4513341.0 ], [ 533560.0, 4513250.0 ], [ 533651.0, 4513250.0 ], [ 533651.0, 4513341.0 ], [ 533560.0, 4513341.0 ] ] ] } },
{ "type": "Feature", "properties": { "area_km2": 0.008281 }, "geometry": { "type": "Polygon", "coordinates": [ [ [ 537382.0, 4513341.0 ], [ 537382.0, 4513250.0 ], [ 537473.0, 4513250.0 ], [ 537473.0, 4513341.0 ], [ 537382.0, 4513341.0 ] ] ] } },
{ "type": "Feature", "properties": { "area_km2": 0.008281 }, "geometry": { "type": "Polygon", "coordinates": [ [ [ 537655.0, 4513341.0 ], [ 537655.0, 4513250.0 ], [ 537746.0, 4513250.0 ], [ 537746.0, 4513341.0 ], [ 537655.0, 4513341.0 ] ] ] } },
{ "type": "Feature", "properties": { "area_km2": 0.016562 }, "geometry": { "type": "Polygon", "coordinates": [ [ [ 539020.0, 4513341.0 ], [ 539020.0, 4513250.0 ], [ 539202.0, 4513250.0 ], [ 539202.0, 4513341.0 ], [ 539020.0, 4513341.0 ] ] ] } },
{ "type": "Feature", "properties": { "area_km2": 0.016562 }, "geometry": { "type": "Polygon", "coordinates": [ [ [ 544753.0, 4513341.0 ], [ 544753.0, 4513250.0 ], [ 544935.0, 4513250.0 ], [ 544935.0, 4513341.0 ], [ 544753.0, 4513341.0 ] ] ] } },
{ "type": "Feature", "properties": { "area_km2": 0.041405 }, "geometry": { "type": "Polygon", "coordinates": [ [ [ 535835.0, 4513341.0 ], [ 535835.0, 4513250.0 ], [ 535926.0, 4513250.0 ], [ 535926.0, 4513159.0 ], [ 536108.0, 4513159.0 ], [ 536108.0, 4513341.0 ], [ 535835.0, 4513341.0 ] ] ] } },
{ "type": "Feature", "properties": { "area_km2": 0.008281 }, "geometry": { "type": "Polygon", "coordinates": [ [ [ 533105.0, 4513250.0 ], [ 533105.0, 4513159.0 ], [ 533196.0, 4513159.0 ], [ 533196.0, 4513250.0 ], [ 533105.0, 4513250.0 ] ] ] } },
{ "type": "Feature", "properties": { "area_km2": 0.008281 }, "geometry": { "type": "Polygon", "coordinates": [ [ [ 534106.0, 4513250.0 ], [ 534106.0, 4513159.0 ], [ 534197.0, 4513159.0 ], [ 534197.0, 4513250.0 ], [ 534106.0, 4513250.0 ] ] ] } },
{ "type": "Feature", "properties": { "area_km2": 0.008281 }, "geometry": { "type": "Polygon", "coordinates": [ [ [ 536199.0, 4513250.0 ], [ 536199.0, 4513159.0 ], [ 536290.0, 4513159.0 ], [ 536290.0, 4513250.0 ], [ 536199.0, 4513250.0 ] ] ] } },
{ "type": "Feature", "properties": { "area_km2": 0.016562 }, "geometry": { "type": "Polygon", "coordinates": [ [ [ 536381.0, 4513250.0 ], [ 536381.0, 4513159.0 ], [ 536563.0, 4513159.0 ], [ 536563.0, 4513250.0 ], [ 536381.0, 4513250.0 ] ] ] } },
{ "type": "Feature", "properties": { "area_km2": 0.016562 }, "geometry": { "type": "Polygon", "coordinates": [ [ [ 545208.0, 4513250.0 ], [ 545208.0, 4513159.0 ], [ 545390.0, 4513159.0 ], [ 545390.0, 4513250.0 ], [ 545208.0, 4513250.0 ] ] ] } },
{ "type": "Feature", "properties": { "area_km2": 0.041405 }, "geometry": { "type": "Polygon", "coordinates": [ [ [ 546209.0, 4513341.0 ], [ 546209.0, 4513250.0 ], [ 546118.0, 4513250.0 ], [ 546118.0, 4513159.0 ], [ 546391.0, 4513159.0 ], [ 546391.0, 4513341.0 ], [ 546209.0, 4513341.0 ] ] ] } },
{ "type": "Feature", "properties": { "area_km2": 0.033124 }, "geometry": { "type": "Polygon", "coordinates": [ [ [ 532559.0, 4513250.0 ], [ 532559.0, 4513068.0 ], [ 532832.0, 4513068.0 ], [ 532832.0, 4513159.0 ], [ 532650.0, 4513159.0 ], [ 532650.0, 4513250.0 ], [ 532559.0, 4513250.0 ] ] ] } },
{ "type": "Feature", "properties": { "area_km2": 0.016562 }, "geometry": { "type": "Polygon", "coordinates": [ [ [ 537746.0, 4513250.0 ], [ 537746.0, 4513068.0 ], [ 537837.0, 4513068.0 ], [ 537837.0, 4513250.0 ], [ 537746.0, 4513250.0 ] ] ] } },
{ "type": "Feature", "properties": { "area_km2": 0.024843 }, "geometry": { "type": "Polygon", "coordinates": [ [ [ 546573.0, 4513250.0 ], [ 546573.0, 4513159.0 ], [ 546664.0, 4513159.0 ], [ 546664.0, 4513068.0 ], [ 546755.0, 4513068.0 ], [ 546755.0, 4513250.0 ], [ 546573.0, 4513250.0 ] ] ] } },
{ "type": "Feature", "properties": { "area_km2": 0.008281 }, "geometry": { "type": "Polygon", "coordinates": [ [ [ 531831.0, 4513159.0 ], [ 531831.0, 4513068.0 ], [ 531922.0, 4513068.0 ], [ 531922.0, 4513159.0 ], [ 531831.0, 4513159.0 ] ] ] } },
{ "type": "Feature", "properties": { "area_km2": 0.016562 }, "geometry": { "type": "Polygon", "coordinates": [ [ [ 541932.0, 4513159.0 ], [ 541932.0, 4513068.0 ], [ 542114.0, 4513068.0 ], [ 542114.0, 4513159.0 ], [ 541932.0, 4513159.0 ] ] ] } },
{ "type": "Feature", "properties": { "area_km2": 0.008281 }, "geometry": { "type": "Polygon", "coordinates": [ [ [ 543024.0, 4513159.0 ], [ 543024.0, 4513068.0 ], [ 543115.0, 4513068.0 ], [ 543115.0, 4513159.0 ], [ 543024.0, 4513159.0 ] ] ] } },
{ "type": "Feature", "properties": { "area_km2": 0.033124 }, "geometry": { "type": "Polygon", "coordinates": [ [ [ 545754.0, 4513250.0 ], [ 545754.0, 4513159.0 ], [ 545663.0, 4513159.0 ], [ 545663.0, 4513068.0 ], [ 545936.0, 4513068.0 ], [ 545936.0, 4513159.0 ], [ 545845.0, 4513159.0 ], [ 545845.0, 4513250.0 ], [ 545754.0, 4513250.0 ] ] ] } },
{ "type": "Feature", "properties": { "area_km2": 0.066248 }, "geometry": { "type": "Polygon", "coordinates": [ [ [ 531922.0, 4513341.0 ], [ 531922.0, 4513159.0 ], [ 532286.0, 4513159.0 ], [ 532286.0, 4512977.0 ], [ 532377.0, 4512977.0 ], [ 532377.0, 4513250.0 ], [ 532013.0, 4513250.0 ], [ 532013.0, 4513341.0 ], [ 531922.0, 4513341.0 ] ] ] } },
{ "type": "Feature", "properties": { "area_km2": 0.107653 }, "geometry": { "type": "Polygon", "coordinates": [ [ [ 537018.0, 4513614.0 ], [ 537018.0, 4513250.0 ], [ 536927.0, 4513250.0 ], [ 536927.0, 4513068.0 ], [ 537018.0, 4513068.0 ], [ 537018.0, 4512977.0 ], [ 537291.0, 4512977.0 ], [ 537291.0, 4513068.0 ], [ 537109.0, 4513068.0 ], [ 537109.0, 4513341.0 ], [ 537200.0, 4513341.0 ], [ 537200.0, 4513523.0 ], [ 537109.0, 4513523.0 ], [ 537109.0, 4513614.0 ], [ 537018.0, 4513614.0 ] ] ] } },
{ "type": "Feature", "properties": { "area_km2": 0.041405 }, "geometry": { "type": "Polygon", "coordinates": [ [ [ 530739.0, 4513250.0 ], [ 530739.0, 4513068.0 ], [ 530557.0, 4513068.0 ], [ 530557.0, 4512977.0 ], [ 530830.0, 4512977.0 ], [ 530830.0, 4513250.0 ], [ 530739.0, 4513250.0 ] ] ] } },
{ "type": "Feature", "properties": { "area_km2": 0.008281 }, "geometry": { "type": "Polygon", "coordinates": [ [ [ 531376.0, 4513068.0 ], [ 531376.0, 4512977.0 ], [ 531467.0, 4512977.0 ], [ 531467.0, 4513068.0 ], [ 531376.0, 4513068.0 ] ] ] } },
{ "type": "Feature", "properties": { "area_km2": 0.024843 }, "geometry": { "type": "Polygon", "coordinates": [ [ [ 533287.0, 4513068.0 ], [ 533287.0, 4512977.0 ], [ 533560.0, 4512977.0 ], [ 533560.0, 4513068.0 ], [ 533287.0, 4513068.0 ] ] ] } },
{ "type": "Feature", "properties": { "area_km2": 0.008281 }, "geometry": { "type": "Polygon", "coordinates": [ [ [ 536290.0, 4513068.0 ], [ 536290.0, 4512977.0 ], [ 536381.0, 4512977.0 ], [ 536381.0, 4513068.0 ], [ 536290.0, 4513068.0 ] ] ] } },
{ "type": "Feature", "properties": { "area_km2": 0.016562 }, "geometry": { "type": "Polygon", "coordinates": [ [ [ 536745.0, 4513068.0 ], [ 536745.0, 4512977.0 ], [ 536927.0, 4512977.0 ], [ 536927.0, 4513068.0 ], [ 536745.0, 4513068.0 ] ] ] } },
{ "type": "Feature", "properties": { "area_km2": 0.008281 }, "geometry": { "type": "Polygon", "coordinates": [ [ [ 537382.0, 4513068.0 ], [ 537382.0, 4512977.0 ], [ 537473.0, 4512977.0 ], [ 537473.0, 4513068.0 ], [ 537382.0, 4513068.0 ] ] ] } },
{ "type": "Feature", "properties": { "area_km2": 0.024843 }, "geometry": { "type": "Polygon", "coordinates": [ [ [ 546118.0, 4513068.0 ], [ 546118.0, 4512977.0 ], [ 546391.0, 4512977.0 ], [ 546391.0, 4513068.0 ], [ 546118.0, 4513068.0 ] ] ] } },
{ "type": "Feature", "properties": { "area_km2": 0.049686 }, "geometry": { "type": "Polygon", "coordinates": [ [ [ 532923.0, 4513159.0 ], [ 532923.0, 4512886.0 ], [ 533014.0, 4512886.0 ], [ 533014.0, 4512977.0 ], [ 533196.0, 4512977.0 ], [ 533196.0, 4513068.0 ], [ 533105.0, 4513068.0 ], [ 533105.0, 4513159.0 ], [ 532923.0, 4513159.0 ] ] ] } },
{ "type": "Feature", "properties": { "area_km2": 0.024843 }, "geometry": { "type": "Polygon", "coordinates": [ [ [ 531558.0, 4512977.0 ], [ 531558.0, 4512886.0 ], [ 531831.0, 4512886.0 ], [ 531831.0, 4512977.0 ], [ 531558.0, 4512977.0 ] ] ] } },
{ "type": "Feature", "properties": { "area_km2": 0.024843 }, "geometry": { "type": "Polygon", "coordinates": [ [ [ 533651.0, 4512977.0 ], [ 533651.0, 4512886.0 ], [ 533924.0, 4512886.0 ], [ 533924.0, 4512977.0 ], [ 533651.0, 4512977.0 ] ] ] } },
{ "type": "Feature", "properties": { "area_km2": 0.008281 }, "geometry": { "type": "Polygon", "coordinates": [ [ [ 540385.0, 4512977.0 ], [ 540385.0, 4512886.0 ], [ 540476.0, 4512886.0 ], [ 540476.0, 4512977.0 ], [ 540385.0, 4512977.0 ] ] ] } },
{ "type": "Feature", "properties": { "area_km2": 0.041405 }, "geometry": { "type": "Polygon", "coordinates": [ [ [ 537655.0, 4513068.0 ], [ 537655.0, 4512886.0 ], [ 537746.0, 4512886.0 ], [ 537746.0, 4512795.0 ], [ 537837.0, 4512795.0 ], [ 537837.0, 4512886.0 ], [ 537928.0, 4512886.0 ], [ 537928.0, 4512977.0 ], [ 537746.0, 4512977.0 ], [ 537746.0, 4513068.0 ], [ 537655.0, 4513068.0 ] ] ] } },
{ "type": "Feature", "properties": { "area_km2": 0.024843 }, "geometry": { "type": "Polygon", "coordinates": [ [ [ 532013.0, 4512977.0 ], [ 532013.0, 4512795.0 ], [ 532104.0, 4512795.0 ], [ 532104.0, 4512886.0 ], [ 532195.0, 4512886.0 ], [ 532195.0, 4512977.0 ], [ 532013.0, 4512977.0 ] ] ] } },
{ "type": "Feature", "properties": { "area_km2": 0.008281 }, "geometry": { "type": "Polygon", "coordinates": [ [ [ 531831.0, 4512886.0 ], [ 531831.0, 4512795.0 ], [ 531922.0, 4512795.0 ], [ 531922.0, 4512886.0 ], [ 531831.0, 4512886.0 ] ] ] } },
{ "type": "Feature", "properties": { "area_km2": 0.016562 }, "geometry": { "type": "Polygon", "coordinates": [ [ [ 533105.0, 4512886.0 ], [ 533105.0, 4512795.0 ], [ 533287.0, 4512795.0 ], [ 533287.0, 4512886.0 ], [ 533105.0, 4512886.0 ] ] ] } },
{ "type": "Feature", "properties": { "area_km2": 0.008281 }, "geometry": { "type": "Polygon", "coordinates": [ [ [ 533924.0, 4512886.0 ], [ 533924.0, 4512795.0 ], [ 534015.0, 4512795.0 ], [ 534015.0, 4512886.0 ], [ 533924.0, 4512886.0 ] ] ] } },
{ "type": "Feature", "properties": { "area_km2": 0.008281 }, "geometry": { "type": "Polygon", "coordinates": [ [ [ 534652.0, 4512886.0 ], [ 534652.0, 4512795.0 ], [ 534743.0, 4512795.0 ], [ 534743.0, 4512886.0 ], [ 534652.0, 4512886.0 ] ] ] } },
{ "type": "Feature", "properties": { "area_km2": 0.008281 }, "geometry": { "type": "Polygon", "coordinates": [ [ [ 534925.0, 4512886.0 ], [ 534925.0, 4512795.0 ], [ 535016.0, 4512795.0 ], [ 535016.0, 4512886.0 ], [ 534925.0, 4512886.0 ] ] ] } },
{ "type": "Feature", "properties": { "area_km2": 0.008281 }, "geometry": { "type": "Polygon", "coordinates": [ [ [ 538838.0, 4512886.0 ], [ 538838.0, 4512795.0 ], [ 538929.0, 4512795.0 ], [ 538929.0, 4512886.0 ], [ 538838.0, 4512886.0 ] ] ] } },
{ "type": "Feature", "properties": { "area_km2": 0.008281 }, "geometry": { "type": "Polygon", "coordinates": [ [ [ 531740.0, 4512795.0 ], [ 531740.0, 4512704.0 ], [ 531831.0, 4512704.0 ], [ 531831.0, 4512795.0 ], [ 531740.0, 4512795.0 ] ] ] } },
{ "type": "Feature", "properties": { "area_km2": 0.008281 }, "geometry": { "type": "Polygon", "coordinates": [ [ [ 532832.0, 4512795.0 ], [ 532832.0, 4512704.0 ], [ 532923.0, 4512704.0 ], [ 532923.0, 4512795.0 ], [ 532832.0, 4512795.0 ] ] ] } },
{ "type": "Feature", "properties": { "area_km2": 0.016562 }, "geometry": { "type": "Polygon", "coordinates": [ [ [ 534379.0, 4512795.0 ], [ 534379.0, 4512704.0 ], [ 534561.0, 4512704.0 ], [ 534561.0, 4512795.0 ], [ 534379.0, 4512795.0 ] ] ] } },
{ "type": "Feature", "properties": { "area_km2": 0.016562 }, "geometry": { "type": "Polygon", "coordinates": [ [ [ 529920.0, 4512704.0 ], [ 529920.0, 4512613.0 ], [ 530102.0, 4512613.0 ], [ 530102.0, 4512704.0 ], [ 529920.0, 4512704.0 ] ] ] } },
{ "type": "Feature", "properties": { "area_km2": 0.008281 }, "geometry": { "type": "Polygon", "coordinates": [ [ [ 532104.0, 4512704.0 ], [ 532104.0, 4512613.0 ], [ 532195.0, 4512613.0 ], [ 532195.0, 4512704.0 ], [ 532104.0, 4512704.0 ] ] ] } },
{ "type": "Feature", "properties": { "area_km2": 0.016562 }, "geometry": { "type": "Polygon", "coordinates": [ [ [ 534925.0, 4512704.0 ], [ 534925.0, 4512613.0 ], [ 535107.0, 4512613.0 ], [ 535107.0, 4512704.0 ], [ 534925.0, 4512704.0 ] ] ] } },
{ "type": "Feature", "properties": { "area_km2": 0.024843 }, "geometry": { "type": "Polygon", "coordinates": [ [ [ 530830.0, 4512704.0 ], [ 530830.0, 4512613.0 ], [ 530921.0, 4512613.0 ], [ 530921.0, 4512522.0 ], [ 531012.0, 4512522.0 ], [ 531012.0, 4512704.0 ], [ 530830.0, 4512704.0 ] ] ] } },
{ "type": "Feature", "properties": { "area_km2": 0.024843 }, "geometry": { "type": "Polygon", "coordinates": [ [ [ 533378.0, 4512704.0 ], [ 533378.0, 4512522.0 ], [ 533469.0, 4512522.0 ], [ 533469.0, 4512613.0 ], [ 533560.0, 4512613.0 ], [ 533560.0, 4512704.0 ], [ 533378.0, 4512704.0 ] ] ] } },
{ "type": "Feature", "properties": { "area_km2": 0.008281 }, "geometry": { "type": "Polygon", "coordinates": [ [ [ 529101.0, 4512613.0 ], [ 529101.0, 4512522.0 ], [ 529192.0, 4512522.0 ], [ 529192.0, 4512613.0 ], [ 529101.0, 4512613.0 ] ] ] } },
{ "type": "Feature", "properties": { "area_km2": 0.008281 }, "geometry": { "type": "Polygon", "coordinates": [ [ [ 529829.0, 4512613.0 ], [ 529829.0, 4512522.0 ], [ 529920.0, 4512522.0 ], [ 529920.0, 4512613.0 ], [ 529829.0, 4512613.0 ] ] ] } },
{ "type": "Feature", "properties": { "area_km2": 0.008281 }, "geometry": { "type": "Polygon", "coordinates": [ [ [ 539475.0, 4512613.0 ], [ 539475.0, 4512522.0 ], [ 539566.0, 4512522.0 ], [ 539566.0, 4512613.0 ], [ 539475.0, 4512613.0 ] ] ] } },
{ "type": "Feature", "properties": { "area_km2": 0.049686 }, "geometry": { "type": "Polygon", "coordinates": [ [ [ 531194.0, 4512613.0 ], [ 531194.0, 4512522.0 ], [ 531376.0, 4512522.0 ], [ 531376.0, 4512431.0 ], [ 531558.0, 4512431.0 ], [ 531558.0, 4512613.0 ], [ 531194.0, 4512613.0 ] ] ] } },
{ "type": "Feature", "properties": { "area_km2": 0.024843 }, "geometry": { "type": "Polygon", "coordinates": [ [ [ 530284.0, 4512613.0 ], [ 530284.0, 4512522.0 ], [ 530193.0, 4512522.0 ], [ 530193.0, 4512431.0 ], [ 530375.0, 4512431.0 ], [ 530375.0, 4512613.0 ], [ 530284.0, 4512613.0 ] ] ] } },
{ "type": "Feature", "properties": { "area_km2": 0.008281 }, "geometry": { "type": "Polygon", "coordinates": [ [ [ 533560.0, 4512522.0 ], [ 533560.0, 4512431.0 ], [ 533651.0, 4512431.0 ], [ 533651.0, 4512522.0 ], [ 533560.0, 4512522.0 ] ] ] } },
{ "type": "Feature", "properties": { "area_km2": 0.091091 }, "geometry": { "type": "Polygon", "coordinates": [ [ [ 530466.0, 4512522.0 ], [ 530466.0, 4512431.0 ], [ 530648.0, 4512431.0 ], [ 530648.0, 4512340.0 ], [ 531285.0, 4512340.0 ], [ 531285.0, 4512431.0 ], [ 530830.0, 4512431.0 ], [ 530830.0, 4512522.0 ], [ 530466.0, 4512522.0 ] ] ] } },
{ "type": "Feature", "properties": { "area_km2": 0.008281 }, "geometry": { "type": "Polygon", "coordinates": [ [ [ 532468.0, 4512431.0 ], [ 532468.0, 4512340.0 ], [ 532559.0, 4512340.0 ], [ 532559.0, 4512431.0 ], [ 532468.0, 4512431.0 ] ] ] } },
{ "type": "Feature", "properties": { "area_km2": 0.008281 }, "geometry": { "type": "Polygon", "coordinates": [ [ [ 539475.0, 4512431.0 ], [ 539475.0, 4512340.0 ], [ 539566.0, 4512340.0 ], [ 539566.0, 4512431.0 ], [ 539475.0, 4512431.0 ] ] ] } },
{ "type": "Feature", "properties": { "area_km2": 0.016562 }, "geometry": { "type": "Polygon", "coordinates": [ [ [ 531376.0, 4512340.0 ], [ 531376.0, 4512249.0 ], [ 531558.0, 4512249.0 ], [ 531558.0, 4512340.0 ], [ 531376.0, 4512340.0 ] ] ] } },
{ "type": "Feature", "properties": { "area_km2": 0.008281 }, "geometry": { "type": "Polygon", "coordinates": [ [ [ 538019.0, 4512340.0 ], [ 538019.0, 4512249.0 ], [ 538110.0, 4512249.0 ], [ 538110.0, 4512340.0 ], [ 538019.0, 4512340.0 ] ] ] } },
{ "type": "Feature", "properties": { "area_km2": 0.115934 }, "geometry": { "type": "Polygon", "coordinates": [ [ [ 531649.0, 4512522.0 ], [ 531649.0, 4512431.0 ], [ 531740.0, 4512431.0 ], [ 531740.0, 4512249.0 ], [ 531831.0, 4512249.0 ], [ 531831.0, 4512158.0 ], [ 532104.0, 4512158.0 ], [ 532104.0, 4512249.0 ], [ 532195.0, 4512249.0 ], [ 532195.0, 4512340.0 ], [ 532377.0, 4512340.0 ], [ 532377.0, 4512431.0 ], [ 532104.0, 4512431.0 ], [ 532104.0, 4512340.0 ], [ 532013.0, 4512340.0 ], [ 532013.0, 4512249.0 ], [ 531922.0, 4512249.0 ], [ 531922.0, 4512340.0 ], [ 531831.0, 4512340.0 ], [ 531831.0, 4512431.0 ], [ 531922.0, 4512431.0 ], [ 531922.0, 4512522.0 ], [ 531649.0, 4512522.0 ] ] ] } },
{ "type": "Feature", "properties": { "area_km2": 1.846663 }, "geometry": { "type": "Polygon", "coordinates": [ [ [ 537837.0, 4515434.0 ], [ 537837.0, 4515343.0 ], [ 537928.0, 4515343.0 ], [ 537928.0, 4515070.0 ], [ 537655.0, 4515070.0 ], [ 537655.0, 4514979.0 ], [ 537837.0, 4514979.0 ], [ 537837.0, 4514888.0 ], [ 537564.0, 4514888.0 ], [ 537564.0, 4514797.0 ], [ 537655.0, 4514797.0 ], [ 537655.0, 4514706.0 ], [ 537928.0, 4514706.0 ], [ 537928.0, 4514615.0 ], [ 537746.0, 4514615.0 ], [ 537746.0, 4514160.0 ], [ 537928.0, 4514160.0 ], [ 537928.0, 4513978.0 ], [ 537655.0, 4513978.0 ], [ 537655.0, 4513705.0 ], [ 537746.0, 4513705.0 ], [ 537746.0, 4513796.0 ], [ 537928.0, 4513796.0 ], [ 537928.0, 4513614.0 ], [ 537837.0, 4513614.0 ], [ 537837.0, 4513523.0 ], [ 538019.0, 4513523.0 ], [ 538019.0, 4513432.0 ], [ 538292.0, 4513432.0 ], [ 538292.0, 4513341.0 ], [ 538019.0, 4513341.0 ], [ 538019.0, 4513250.0 ], [ 538110.0, 4513250.0 ], [ 538110.0, 4512977.0 ], [ 538201.0, 4512977.0 ], [ 538201.0, 4512886.0 ], [ 538110.0, 4512886.0 ], [ 538110.0, 4512795.0 ], [ 538019.0, 4512795.0 ], [ 538019.0, 4512704.0 ], [ 538201.0, 4512704.0 ], [ 538201.0, 4512613.0 ], [ 538383.0, 4512613.0 ], [ 538383.0, 4512704.0 ], [ 538565.0, 4512704.0 ], [ 538565.0, 4512613.0 ], [ 538474.0, 4512613.0 ], [ 538474.0, 4512431.0 ], [ 538383.0, 4512431.0 ], [ 538383.0, 4512522.0 ], [ 538292.0, 4512522.0 ], [ 538292.0, 4512249.0 ], [ 538474.0, 4512249.0 ], [ 538474.0, 4512340.0 ], [ 538565.0, 4512340.0 ], [ 538565.0, 4512158.0 ], [ 538656.0, 4512158.0 ], [ 538656.0, 4512249.0 ], [ 538838.0, 4512249.0 ], [ 538838.0, 4512613.0 ], [ 538929.0, 4512613.0 ], [ 538929.0, 4512704.0 ], [ 538838.0, 4512704.0 ], [ 538838.0, 4512795.0 ], [ 538474.0, 4512795.0 ], [ 538474.0, 4512886.0 ], [ 538838.0, 4512886.0 ], [ 538838.0, 4513068.0 ], [ 538747.0, 4513068.0 ], [ 538747.0, 4513250.0 ], [ 538838.0, 4513250.0 ], [ 538838.0, 4513432.0 ], [ 538656.0, 4513432.0 ], [ 538656.0, 4513523.0 ], [ 538747.0, 4513523.0 ], [ 538747.0, 4513705.0 ], [ 539020.0, 4513705.0 ], [ 539020.0, 4513796.0 ], [ 538929.0, 4513796.0 ], [ 538929.0, 4513887.0 ], [ 538656.0, 4513887.0 ], [ 538656.0, 4514069.0 ], [ 538747.0, 4514069.0 ], [ 538747.0, 4514160.0 ], [ 538565.0, 4514160.0 ], [ 538565.0, 4514251.0 ], [ 538474.0, 4514251.0 ], [ 538474.0, 4514342.0 ], [ 538383.0, 4514342.0 ], [ 538383.0, 4514706.0 ], [ 538292.0, 4514706.0 ], [ 538292.0, 4515070.0 ], [ 538019.0, 4515070.0 ], [ 538019.0, 4515252.0 ], [ 538110.0, 4515252.0 ], [ 538110.0, 4515434.0 ], [ 537837.0, 4515434.0 ] ], [ [ 537837.0, 4514888.0 ], [ 537928.0, 4514888.0 ], [ 537928.0, 4514797.0 ], [ 537837.0, 4514797.0 ], [ 537837.0, 4514888.0 ] ], [ [ 537928.0, 4514433.0 ], [ 538110.0, 4514433.0 ], [ 538110.0, 4514342.0 ], [ 537928.0, 4514342.0 ], [ 537928.0, 4514433.0 ] ], [ [ 537837.0, 4514342.0 ], [ 537928.0, 4514342.0 ], [ 537928.0, 4514251.0 ], [ 537837.0, 4514251.0 ], [ 537837.0, 4514342.0 ] ], [ [ 538201.0, 4514160.0 ], [ 538292.0, 4514160.0 ], [ 538292.0, 4514069.0 ], [ 538474.0, 4514069.0 ], [ 538474.0, 4513978.0 ], [ 538019.0, 4513978.0 ], [ 538019.0, 4514069.0 ], [ 538201.0, 4514069.0 ], [ 538201.0, 4514160.0 ] ], [ [ 538110.0, 4513796.0 ], [ 538201.0, 4513796.0 ], [ 538201.0, 4513705.0 ], [ 538110.0, 4513705.0 ], [ 538110.0, 4513796.0 ] ], [ [ 538292.0, 4513614.0 ], [ 538383.0, 4513614.0 ], [ 538383.0, 4513523.0 ], [ 538292.0, 4513523.0 ], [ 538292.0, 4513614.0 ] ], [ [ 538383.0, 4513432.0 ], [ 538474.0, 4513432.0 ], [ 538474.0, 4513341.0 ], [ 538565.0, 4513341.0 ], [ 538565.0, 4513250.0 ], [ 538383.0, 4513250.0 ], [ 538383.0, 4513432.0 ] ], [ [ 538656.0, 4513341.0 ], [ 538747.0, 4513341.0 ], [ 538747.0, 4513250.0 ], [ 538656.0, 4513250.0 ], [ 538656.0, 4513341.0 ] ], [ [ 538565.0, 4512522.0 ], [ 538747.0, 4512522.0 ], [ 538747.0, 4512340.0 ], [ 538656.0, 4512340.0 ], [ 538656.0, 4512431.0 ], [ 538565.0, 4512431.0 ], [ 538565.0, 4512522.0 ] ] ] } },
{ "type": "Feature", "properties": { "area_km2": 0.024843 }, "geometry": { "type": "Polygon", "coordinates": [ [ [ 537109.0, 4512431.0 ], [ 537109.0, 4512158.0 ], [ 537200.0, 4512158.0 ], [ 537200.0, 4512431.0 ], [ 537109.0, 4512431.0 ] ] ] } },
{ "type": "Feature", "properties": { "area_km2": 0.008281 }, "geometry": { "type": "Polygon", "coordinates": [ [ [ 529738.0, 4512249.0 ], [ 529738.0, 4512158.0 ], [ 529829.0, 4512158.0 ], [ 529829.0, 4512249.0 ], [ 529738.0, 4512249.0 ] ] ] } },
{ "type": "Feature", "properties": { "area_km2": 0.008281 }, "geometry": { "type": "Polygon", "coordinates": [ [ [ 530011.0, 4512249.0 ], [ 530011.0, 4512158.0 ], [ 530102.0, 4512158.0 ], [ 530102.0, 4512249.0 ], [ 530011.0, 4512249.0 ] ] ] } },
{ "type": "Feature", "properties": { "area_km2": 0.008281 }, "geometry": { "type": "Polygon", "coordinates": [ [ [ 532104.0, 4512158.0 ], [ 532104.0, 4512067.0 ], [ 532195.0, 4512067.0 ], [ 532195.0, 4512158.0 ], [ 532104.0, 4512158.0 ] ] ] } },
{ "type": "Feature", "properties": { "area_km2": 0.016562 }, "geometry": { "type": "Polygon", "coordinates": [ [ [ 536290.0, 4512158.0 ], [ 536290.0, 4512067.0 ], [ 536472.0, 4512067.0 ], [ 536472.0, 4512158.0 ], [ 536290.0, 4512158.0 ] ] ] } },
{ "type": "Feature", "properties": { "area_km2": 0.008281 }, "geometry": { "type": "Polygon", "coordinates": [ [ [ 537655.0, 4512158.0 ], [ 537655.0, 4512067.0 ], [ 537746.0, 4512067.0 ], [ 537746.0, 4512158.0 ], [ 537655.0, 4512158.0 ] ] ] } },
{ "type": "Feature", "properties": { "area_km2": 0.008281 }, "geometry": { "type": "Polygon", "coordinates": [ [ [ 538656.0, 4512158.0 ], [ 538656.0, 4512067.0 ], [ 538747.0, 4512067.0 ], [ 538747.0, 4512158.0 ], [ 538656.0, 4512158.0 ] ] ] } },
{ "type": "Feature", "properties": { "area_km2": 0.008281 }, "geometry": { "type": "Polygon", "coordinates": [ [ [ 530284.0, 4512067.0 ], [ 530284.0, 4511976.0 ], [ 530375.0, 4511976.0 ], [ 530375.0, 4512067.0 ], [ 530284.0, 4512067.0 ] ] ] } },
{ "type": "Feature", "properties": { "area_km2": 0.008281 }, "geometry": { "type": "Polygon", "coordinates": [ [ [ 531831.0, 4512067.0 ], [ 531831.0, 4511976.0 ], [ 531922.0, 4511976.0 ], [ 531922.0, 4512067.0 ], [ 531831.0, 4512067.0 ] ] ] } },
{ "type": "Feature", "properties": { "area_km2": 0.008281 }, "geometry": { "type": "Polygon", "coordinates": [ [ [ 538747.0, 4512067.0 ], [ 538747.0, 4511976.0 ], [ 538838.0, 4511976.0 ], [ 538838.0, 4512067.0 ], [ 538747.0, 4512067.0 ] ] ] } },
{ "type": "Feature", "properties": { "area_km2": 0.008281 }, "geometry": { "type": "Polygon", "coordinates": [ [ [ 540567.0, 4512067.0 ], [ 540567.0, 4511976.0 ], [ 540658.0, 4511976.0 ], [ 540658.0, 4512067.0 ], [ 540567.0, 4512067.0 ] ] ] } },
{ "type": "Feature", "properties": { "area_km2": 0.008281 }, "geometry": { "type": "Polygon", "coordinates": [ [ [ 537291.0, 4511976.0 ], [ 537291.0, 4511885.0 ], [ 537382.0, 4511885.0 ], [ 537382.0, 4511976.0 ], [ 537291.0, 4511976.0 ] ] ] } },
{ "type": "Feature", "properties": { "area_km2": 0.008281 }, "geometry": { "type": "Polygon", "coordinates": [ [ [ 538929.0, 4511976.0 ], [ 538929.0, 4511885.0 ], [ 539020.0, 4511885.0 ], [ 539020.0, 4511976.0 ], [ 538929.0, 4511976.0 ] ] ] } },
{ "type": "Feature", "properties": { "area_km2": 0.074529 }, "geometry": { "type": "Polygon", "coordinates": [ [ [ 538383.0, 4512158.0 ], [ 538383.0, 4511794.0 ], [ 538565.0, 4511794.0 ], [ 538565.0, 4511885.0 ], [ 538656.0, 4511885.0 ], [ 538656.0, 4512067.0 ], [ 538474.0, 4512067.0 ], [ 538474.0, 4512158.0 ], [ 538383.0, 4512158.0 ] ] ] } },
{ "type": "Feature", "properties": { "area_km2": 0.008281 }, "geometry": { "type": "Polygon", "coordinates": [ [ [ 529738.0, 4511885.0 ], [ 529738.0, 4511794.0 ], [ 529829.0, 4511794.0 ], [ 529829.0, 4511885.0 ], [ 529738.0, 4511885.0 ] ] ] } },
{ "type": "Feature", "properties": { "area_km2": 0.008281 }, "geometry": { "type": "Polygon", "coordinates": [ [ [ 530466.0, 4511885.0 ], [ 530466.0, 4511794.0 ], [ 530557.0, 4511794.0 ], [ 530557.0, 4511885.0 ], [ 530466.0, 4511885.0 ] ] ] } },
{ "type": "Feature", "properties": { "area_km2": 0.008281 }, "geometry": { "type": "Polygon", "coordinates": [ [ [ 537564.0, 4511885.0 ], [ 537564.0, 4511794.0 ], [ 537655.0, 4511794.0 ], [ 537655.0, 4511885.0 ], [ 537564.0, 4511885.0 ] ] ] } },
{ "type": "Feature", "properties": { "area_km2": 0.008281 }, "geometry": { "type": "Polygon", "coordinates": [ [ [ 529374.0, 4511794.0 ], [ 529374.0, 4511703.0 ], [ 529465.0, 4511703.0 ], [ 529465.0, 4511794.0 ], [ 529374.0, 4511794.0 ] ] ] } },
{ "type": "Feature", "properties": { "area_km2": 0.008281 }, "geometry": { "type": "Polygon", "coordinates": [ [ [ 529556.0, 4511794.0 ], [ 529556.0, 4511703.0 ], [ 529647.0, 4511703.0 ], [ 529647.0, 4511794.0 ], [ 529556.0, 4511794.0 ] ] ] } },
{ "type": "Feature", "properties": { "area_km2": 0.016562 }, "geometry": { "type": "Polygon", "coordinates": [ [ [ 537109.0, 4511794.0 ], [ 537109.0, 4511703.0 ], [ 537291.0, 4511703.0 ], [ 537291.0, 4511794.0 ], [ 537109.0, 4511794.0 ] ] ] } },
{ "type": "Feature", "properties": { "area_km2": 0.008281 }, "geometry": { "type": "Polygon", "coordinates": [ [ [ 538747.0, 4511794.0 ], [ 538747.0, 4511703.0 ], [ 538838.0, 4511703.0 ], [ 538838.0, 4511794.0 ], [ 538747.0, 4511794.0 ] ] ] } },
{ "type": "Feature", "properties": { "area_km2": 0.008281 }, "geometry": { "type": "Polygon", "coordinates": [ [ [ 541932.0, 4511794.0 ], [ 541932.0, 4511703.0 ], [ 542023.0, 4511703.0 ], [ 542023.0, 4511794.0 ], [ 541932.0, 4511794.0 ] ] ] } },
{ "type": "Feature", "properties": { "area_km2": 0.008281 }, "geometry": { "type": "Polygon", "coordinates": [ [ [ 542751.0, 4511794.0 ], [ 542751.0, 4511703.0 ], [ 542842.0, 4511703.0 ], [ 542842.0, 4511794.0 ], [ 542751.0, 4511794.0 ] ] ] } },
{ "type": "Feature", "properties": { "area_km2": 0.008281 }, "geometry": { "type": "Polygon", "coordinates": [ [ [ 530011.0, 4511703.0 ], [ 530011.0, 4511612.0 ], [ 530102.0, 4511612.0 ], [ 530102.0, 4511703.0 ], [ 530011.0, 4511703.0 ] ] ] } },
{ "type": "Feature", "properties": { "area_km2": 0.008281 }, "geometry": { "type": "Polygon", "coordinates": [ [ [ 537746.0, 4511703.0 ], [ 537746.0, 4511612.0 ], [ 537837.0, 4511612.0 ], [ 537837.0, 4511703.0 ], [ 537746.0, 4511703.0 ] ] ] } },
{ "type": "Feature", "properties": { "area_km2": 0.008281 }, "geometry": { "type": "Polygon", "coordinates": [ [ [ 538110.0, 4511703.0 ], [ 538110.0, 4511612.0 ], [ 538201.0, 4511612.0 ], [ 538201.0, 4511703.0 ], [ 538110.0, 4511703.0 ] ] ] } },
{ "type": "Feature", "properties": { "area_km2": 0.008281 }, "geometry": { "type": "Polygon", "coordinates": [ [ [ 542478.0, 4511703.0 ], [ 542478.0, 4511612.0 ], [ 542569.0, 4511612.0 ], [ 542569.0, 4511703.0 ], [ 542478.0, 4511703.0 ] ] ] } },
{ "type": "Feature", "properties": { "area_km2": 0.008281 }, "geometry": { "type": "Polygon", "coordinates": [ [ [ 542660.0, 4511703.0 ], [ 542660.0, 4511612.0 ], [ 542751.0, 4511612.0 ], [ 542751.0, 4511703.0 ], [ 542660.0, 4511703.0 ] ] ] } },
{ "type": "Feature", "properties": { "area_km2": 0.049686 }, "geometry": { "type": "Polygon", "coordinates": [ [ [ 537382.0, 4511794.0 ], [ 537382.0, 4511703.0 ], [ 537291.0, 4511703.0 ], [ 537291.0, 4511612.0 ], [ 537473.0, 4511612.0 ], [ 537473.0, 4511521.0 ], [ 537655.0, 4511521.0 ], [ 537655.0, 4511612.0 ], [ 537564.0, 4511612.0 ], [ 537564.0, 4511703.0 ], [ 537473.0, 4511703.0 ], [ 537473.0, 4511794.0 ], [ 537382.0, 4511794.0 ] ] ] } },
{ "type": "Feature", "properties": { "area_km2": 0.008281 }, "geometry": { "type": "Polygon", "coordinates": [ [ [ 542569.0, 4511612.0 ], [ 542569.0, 4511521.0 ], [ 542660.0, 4511521.0 ], [ 542660.0, 4511612.0 ], [ 542569.0, 4511612.0 ] ] ] } },
{ "type": "Feature", "properties": { "area_km2": 0.016562 }, "geometry": { "type": "Polygon", "coordinates": [ [ [ 537109.0, 4511521.0 ], [ 537109.0, 4511430.0 ], [ 537291.0, 4511430.0 ], [ 537291.0, 4511521.0 ], [ 537109.0, 4511521.0 ] ] ] } },
{ "type": "Feature", "properties": { "area_km2": 0.008281 }, "geometry": { "type": "Polygon", "coordinates": [ [ [ 537382.0, 4511521.0 ], [ 537382.0, 4511430.0 ], [ 537473.0, 4511430.0 ], [ 537473.0, 4511521.0 ], [ 537382.0, 4511521.0 ] ] ] } },
{ "type": "Feature", "properties": { "area_km2": 0.008281 }, "geometry": { "type": "Polygon", "coordinates": [ [ [ 538747.0, 4511521.0 ], [ 538747.0, 4511430.0 ], [ 538838.0, 4511430.0 ], [ 538838.0, 4511521.0 ], [ 538747.0, 4511521.0 ] ] ] } },
{ "type": "Feature", "properties": { "area_km2": 0.008281 }, "geometry": { "type": "Polygon", "coordinates": [ [ [ 538929.0, 4511521.0 ], [ 538929.0, 4511430.0 ], [ 539020.0, 4511430.0 ], [ 539020.0, 4511521.0 ], [ 538929.0, 4511521.0 ] ] ] } },
{ "type": "Feature", "properties": { "area_km2": 0.008281 }, "geometry": { "type": "Polygon", "coordinates": [ [ [ 543752.0, 4511521.0 ], [ 543752.0, 4511430.0 ], [ 543843.0, 4511430.0 ], [ 543843.0, 4511521.0 ], [ 543752.0, 4511521.0 ] ] ] } },
{ "type": "Feature", "properties": { "area_km2": 0.008281 }, "geometry": { "type": "Polygon", "coordinates": [ [ [ 537746.0, 4511430.0 ], [ 537746.0, 4511339.0 ], [ 537837.0, 4511339.0 ], [ 537837.0, 4511430.0 ], [ 537746.0, 4511430.0 ] ] ] } },
{ "type": "Feature", "properties": { "area_km2": 0.008281 }, "geometry": { "type": "Polygon", "coordinates": [ [ [ 541932.0, 4511430.0 ], [ 541932.0, 4511339.0 ], [ 542023.0, 4511339.0 ], [ 542023.0, 4511430.0 ], [ 541932.0, 4511430.0 ] ] ] } },
{ "type": "Feature", "properties": { "area_km2": 0.124215 }, "geometry": { "type": "Polygon", "coordinates": [ [ [ 529738.0, 4511703.0 ], [ 529738.0, 4511612.0 ], [ 529556.0, 4511612.0 ], [ 529556.0, 4511430.0 ], [ 529465.0, 4511430.0 ], [ 529465.0, 4511339.0 ], [ 529374.0, 4511339.0 ], [ 529374.0, 4511248.0 ], [ 529738.0, 4511248.0 ], [ 529738.0, 4511339.0 ], [ 529829.0, 4511339.0 ], [ 529829.0, 4511430.0 ], [ 529647.0, 4511430.0 ], [ 529647.0, 4511521.0 ], [ 529920.0, 4511521.0 ], [ 529920.0, 4511703.0 ], [ 529738.0, 4511703.0 ] ] ] } },
{ "type": "Feature", "properties": { "area_km2": 0.008281 }, "geometry": { "type": "Polygon", "coordinates": [ [ [ 537837.0, 4511339.0 ], [ 537837.0, 4511248.0 ], [ 537928.0, 4511248.0 ], [ 537928.0, 4511339.0 ], [ 537837.0, 4511339.0 ] ] ] } },
{ "type": "Feature", "properties": { "area_km2": 0.008281 }, "geometry": { "type": "Polygon", "coordinates": [ [ [ 538110.0, 4511339.0 ], [ 538110.0, 4511248.0 ], [ 538201.0, 4511248.0 ], [ 538201.0, 4511339.0 ], [ 538110.0, 4511339.0 ] ] ] } },
{ "type": "Feature", "properties": { "area_km2": 0.008281 }, "geometry": { "type": "Polygon", "coordinates": [ [ [ 544389.0, 4511339.0 ], [ 544389.0, 4511248.0 ], [ 544480.0, 4511248.0 ], [ 544480.0, 4511339.0 ], [ 544389.0, 4511339.0 ] ] ] } },
{ "type": "Feature", "properties": { "area_km2": 0.008281 }, "geometry": { "type": "Polygon", "coordinates": [ [ [ 538474.0, 4511248.0 ], [ 538474.0, 4511157.0 ], [ 538565.0, 4511157.0 ], [ 538565.0, 4511248.0 ], [ 538474.0, 4511248.0 ] ] ] } },
{ "type": "Feature", "properties": { "area_km2": 0.008281 }, "geometry": { "type": "Polygon", "coordinates": [ [ [ 538656.0, 4511248.0 ], [ 538656.0, 4511157.0 ], [ 538747.0, 4511157.0 ], [ 538747.0, 4511248.0 ], [ 538656.0, 4511248.0 ] ] ] } },
{ "type": "Feature", "properties": { "area_km2": 0.024843 }, "geometry": { "type": "Polygon", "coordinates": [ [ [ 544753.0, 4511248.0 ], [ 544753.0, 4511157.0 ], [ 545026.0, 4511157.0 ], [ 545026.0, 4511248.0 ], [ 544753.0, 4511248.0 ] ] ] } },
{ "type": "Feature", "properties": { "area_km2": 0.008281 }, "geometry": { "type": "Polygon", "coordinates": [ [ [ 528737.0, 4511157.0 ], [ 528737.0, 4511066.0 ], [ 528828.0, 4511066.0 ], [ 528828.0, 4511157.0 ], [ 528737.0, 4511157.0 ] ] ] } },
{ "type": "Feature", "properties": { "area_km2": 0.008281 }, "geometry": { "type": "Polygon", "coordinates": [ [ [ 537473.0, 4511157.0 ], [ 537473.0, 4511066.0 ], [ 537564.0, 4511066.0 ], [ 537564.0, 4511157.0 ], [ 537473.0, 4511157.0 ] ] ] } },
{ "type": "Feature", "properties": { "area_km2": 0.066248 }, "geometry": { "type": "Polygon", "coordinates": [ [ [ 537291.0, 4511339.0 ], [ 537291.0, 4511248.0 ], [ 537200.0, 4511248.0 ], [ 537200.0, 4511157.0 ], [ 537018.0, 4511157.0 ], [ 537018.0, 4510975.0 ], [ 537109.0, 4510975.0 ], [ 537109.0, 4511066.0 ], [ 537200.0, 4511066.0 ], [ 537200.0, 4510975.0 ], [ 537291.0, 4510975.0 ], [ 537291.0, 4511157.0 ], [ 537382.0, 4511157.0 ], [ 537382.0, 4511339.0 ], [ 537291.0, 4511339.0 ] ] ] } },
{ "type": "Feature", "properties": { "area_km2": 0.008281 }, "geometry": { "type": "Polygon", "coordinates": [ [ [ 528373.0, 4511066.0 ], [ 528373.0, 4510975.0 ], [ 528464.0, 4510975.0 ], [ 528464.0, 4511066.0 ], [ 528373.0, 4511066.0 ] ] ] } },
{ "type": "Feature", "properties": { "area_km2": 0.016562 }, "geometry": { "type": "Polygon", "coordinates": [ [ [ 529283.0, 4511066.0 ], [ 529283.0, 4510975.0 ], [ 529465.0, 4510975.0 ], [ 529465.0, 4511066.0 ], [ 529283.0, 4511066.0 ] ] ] } },
{ "type": "Feature", "properties": { "area_km2": 0.016562 }, "geometry": { "type": "Polygon", "coordinates": [ [ [ 537564.0, 4511066.0 ], [ 537564.0, 4510975.0 ], [ 537746.0, 4510975.0 ], [ 537746.0, 4511066.0 ], [ 537564.0, 4511066.0 ] ] ] } },
{ "type": "Feature", "properties": { "area_km2": 0.008281 }, "geometry": { "type": "Polygon", "coordinates": [ [ [ 537928.0, 4511066.0 ], [ 537928.0, 4510975.0 ], [ 538019.0, 4510975.0 ], [ 538019.0, 4511066.0 ], [ 537928.0, 4511066.0 ] ] ] } },
{ "type": "Feature", "properties": { "area_km2": 0.008281 }, "geometry": { "type": "Polygon", "coordinates": [ [ [ 545481.0, 4511066.0 ], [ 545481.0, 4510975.0 ], [ 545572.0, 4510975.0 ], [ 545572.0, 4511066.0 ], [ 545481.0, 4511066.0 ] ] ] } },
{ "type": "Feature", "properties": { "area_km2": 0.008281 }, "geometry": { "type": "Polygon", "coordinates": [ [ [ 529010.0, 4510975.0 ], [ 529010.0, 4510884.0 ], [ 529101.0, 4510884.0 ], [ 529101.0, 4510975.0 ], [ 529010.0, 4510975.0 ] ] ] } },
{ "type": "Feature", "properties": { "area_km2": 0.008281 }, "geometry": { "type": "Polygon", "coordinates": [ [ [ 529647.0, 4510975.0 ], [ 529647.0, 4510884.0 ], [ 529738.0, 4510884.0 ], [ 529738.0, 4510975.0 ], [ 529647.0, 4510975.0 ] ] ] } },
{ "type": "Feature", "properties": { "area_km2": 0.008281 }, "geometry": { "type": "Polygon", "coordinates": [ [ [ 538383.0, 4510975.0 ], [ 538383.0, 4510884.0 ], [ 538474.0, 4510884.0 ], [ 538474.0, 4510975.0 ], [ 538383.0, 4510975.0 ] ] ] } },
{ "type": "Feature", "properties": { "area_km2": 0.016562 }, "geometry": { "type": "Polygon", "coordinates": [ [ [ 544025.0, 4510975.0 ], [ 544025.0, 4510884.0 ], [ 544207.0, 4510884.0 ], [ 544207.0, 4510975.0 ], [ 544025.0, 4510975.0 ] ] ] } },
{ "type": "Feature", "properties": { "area_km2": 0.049686 }, "geometry": { "type": "Polygon", "coordinates": [ [ [ 538929.0, 4511157.0 ], [ 538929.0, 4511066.0 ], [ 538838.0, 4511066.0 ], [ 538838.0, 4510975.0 ], [ 538929.0, 4510975.0 ], [ 538929.0, 4510793.0 ], [ 539020.0, 4510793.0 ], [ 539020.0, 4511066.0 ], [ 539111.0, 4511066.0 ], [ 539111.0, 4511157.0 ], [ 538929.0, 4511157.0 ] ] ] } },
{ "type": "Feature", "properties": { "area_km2": 0.008281 }, "geometry": { "type": "Polygon", "coordinates": [ [ [ 528919.0, 4510884.0 ], [ 528919.0, 4510793.0 ], [ 529010.0, 4510793.0 ], [ 529010.0, 4510884.0 ], [ 528919.0, 4510884.0 ] ] ] } },
{ "type": "Feature", "properties": { "area_km2": 0.049686 }, "geometry": { "type": "Polygon", "coordinates": [ [ [ 538474.0, 4511066.0 ], [ 538474.0, 4510975.0 ], [ 538565.0, 4510975.0 ], [ 538565.0, 4510884.0 ], [ 538474.0, 4510884.0 ], [ 538474.0, 4510793.0 ], [ 538656.0, 4510793.0 ], [ 538656.0, 4510884.0 ], [ 538747.0, 4510884.0 ], [ 538747.0, 4510975.0 ], [ 538656.0, 4510975.0 ], [ 538656.0, 4511066.0 ], [ 538474.0, 4511066.0 ] ] ] } },
{ "type": "Feature", "properties": { "area_km2": 0.008281 }, "geometry": { "type": "Polygon", "coordinates": [ [ [ 528646.0, 4510793.0 ], [ 528646.0, 4510702.0 ], [ 528737.0, 4510702.0 ], [ 528737.0, 4510793.0 ], [ 528646.0, 4510793.0 ] ] ] } },
{ "type": "Feature", "properties": { "area_km2": 0.008281 }, "geometry": { "type": "Polygon", "coordinates": [ [ [ 540840.0, 4510793.0 ], [ 540840.0, 4510702.0 ], [ 540931.0, 4510702.0 ], [ 540931.0, 4510793.0 ], [ 540840.0, 4510793.0 ] ] ] } },
{ "type": "Feature", "properties": { "area_km2": 0.008281 }, "geometry": { "type": "Polygon", "coordinates": [ [ [ 542296.0, 4510793.0 ], [ 542296.0, 4510702.0 ], [ 542387.0, 4510702.0 ], [ 542387.0, 4510793.0 ], [ 542296.0, 4510793.0 ] ] ] } },
{ "type": "Feature", "properties": { "area_km2": 0.008281 }, "geometry": { "type": "Polygon", "coordinates": [ [ [ 528191.0, 4510702.0 ], [ 528191.0, 4510611.0 ], [ 528282.0, 4510611.0 ], [ 528282.0, 4510702.0 ], [ 528191.0, 4510702.0 ] ] ] } },
{ "type": "Feature", "properties": { "area_km2": 0.024843 }, "geometry": { "type": "Polygon", "coordinates": [ [ [ 528828.0, 4510702.0 ], [ 528828.0, 4510611.0 ], [ 529101.0, 4510611.0 ], [ 529101.0, 4510702.0 ], [ 528828.0, 4510702.0 ] ] ] } },
{ "type": "Feature", "properties": { "area_km2": 0.008281 }, "geometry": { "type": "Polygon", "coordinates": [ [ [ 529647.0, 4510702.0 ], [ 529647.0, 4510611.0 ], [ 529738.0, 4510611.0 ], [ 529738.0, 4510702.0 ], [ 529647.0, 4510702.0 ] ] ] } },
{ "type": "Feature", "properties": { "area_km2": 0.057967 }, "geometry": { "type": "Polygon", "coordinates": [ [ [ 537018.0, 4510884.0 ], [ 537018.0, 4510702.0 ], [ 536927.0, 4510702.0 ], [ 536927.0, 4510611.0 ], [ 537200.0, 4510611.0 ], [ 537200.0, 4510884.0 ], [ 537018.0, 4510884.0 ] ] ] } },
{ "type": "Feature", "properties": { "area_km2": 0.016562 }, "geometry": { "type": "Polygon", "coordinates": [ [ [ 537746.0, 4510702.0 ], [ 537746.0, 4510611.0 ], [ 537928.0, 4510611.0 ], [ 537928.0, 4510702.0 ], [ 537746.0, 4510702.0 ] ] ] } },
{ "type": "Feature", "properties": { "area_km2": 0.008281 }, "geometry": { "type": "Polygon", "coordinates": [ [ [ 536563.0, 4510611.0 ], [ 536563.0, 4510520.0 ], [ 536654.0, 4510520.0 ], [ 536654.0, 4510611.0 ], [ 536563.0, 4510611.0 ] ] ] } },
{ "type": "Feature", "properties": { "area_km2": 0.091091 }, "geometry": { "type": "Polygon", "coordinates": [ [ [ 537291.0, 4510793.0 ], [ 537291.0, 4510611.0 ], [ 537200.0, 4510611.0 ], [ 537200.0, 4510520.0 ], [ 537564.0, 4510520.0 ], [ 537564.0, 4510702.0 ], [ 537655.0, 4510702.0 ], [ 537655.0, 4510793.0 ], [ 537291.0, 4510793.0 ] ] ] } },
{ "type": "Feature", "properties": { "area_km2": 0.008281 }, "geometry": { "type": "Polygon", "coordinates": [ [ [ 545481.0, 4510611.0 ], [ 545481.0, 4510520.0 ], [ 545572.0, 4510520.0 ], [ 545572.0, 4510611.0 ], [ 545481.0, 4510611.0 ] ] ] } },
{ "type": "Feature", "properties": { "area_km2": 0.008281 }, "geometry": { "type": "Polygon", "coordinates": [ [ [ 537018.0, 4510520.0 ], [ 537018.0, 4510429.0 ], [ 537109.0, 4510429.0 ], [ 537109.0, 4510520.0 ], [ 537018.0, 4510520.0 ] ] ] } },
{ "type": "Feature", "properties": { "area_km2": 0.008281 }, "geometry": { "type": "Polygon", "coordinates": [ [ [ 539020.0, 4510520.0 ], [ 539020.0, 4510429.0 ], [ 539111.0, 4510429.0 ], [ 539111.0, 4510520.0 ], [ 539020.0, 4510520.0 ] ] ] } },
{ "type": "Feature", "properties": { "area_km2": 0.008281 }, "geometry": { "type": "Polygon", "coordinates": [ [ [ 541932.0, 4510520.0 ], [ 541932.0, 4510429.0 ], [ 542023.0, 4510429.0 ], [ 542023.0, 4510520.0 ], [ 541932.0, 4510520.0 ] ] ] } },
{ "type": "Feature", "properties": { "area_km2": 0.033124 }, "geometry": { "type": "Polygon", "coordinates": [ [ [ 528737.0, 4510520.0 ], [ 528737.0, 4510429.0 ], [ 528919.0, 4510429.0 ], [ 528919.0, 4510338.0 ], [ 529010.0, 4510338.0 ], [ 529010.0, 4510520.0 ], [ 528737.0, 4510520.0 ] ] ] } },
{ "type": "Feature", "properties": { "area_km2": 0.024843 }, "geometry": { "type": "Polygon", "coordinates": [ [ [ 537746.0, 4510520.0 ], [ 537746.0, 4510338.0 ], [ 537837.0, 4510338.0 ], [ 537837.0, 4510429.0 ], [ 537928.0, 4510429.0 ], [ 537928.0, 4510520.0 ], [ 537746.0, 4510520.0 ] ] ] } },
{ "type": "Feature", "properties": { "area_km2": 0.057967 }, "geometry": { "type": "Polygon", "coordinates": [ [ [ 538656.0, 4510702.0 ], [ 538656.0, 4510520.0 ], [ 538565.0, 4510520.0 ], [ 538565.0, 4510429.0 ], [ 538656.0, 4510429.0 ], [ 538656.0, 4510338.0 ], [ 538838.0, 4510338.0 ], [ 538838.0, 4510520.0 ], [ 538747.0, 4510520.0 ], [ 538747.0, 4510702.0 ], [ 538656.0, 4510702.0 ] ] ] } },
{ "type": "Feature", "properties": { "area_km2": 0.008281 }, "geometry": { "type": "Polygon", "coordinates": [ [ [ 536472.0, 4510429.0 ], [ 536472.0, 4510338.0 ], [ 536563.0, 4510338.0 ], [ 536563.0, 4510429.0 ], [ 536472.0, 4510429.0 ] ] ] } },
{ "type": "Feature", "properties": { "area_km2": 0.008281 }, "geometry": { "type": "Polygon", "coordinates": [ [ [ 538929.0, 4510429.0 ], [ 538929.0, 4510338.0 ], [ 539020.0, 4510338.0 ], [ 539020.0, 4510429.0 ], [ 538929.0, 4510429.0 ] ] ] } },
{ "type": "Feature", "properties": { "area_km2": 0.008281 }, "geometry": { "type": "Polygon", "coordinates": [ [ [ 542296.0, 4510429.0 ], [ 542296.0, 4510338.0 ], [ 542387.0, 4510338.0 ], [ 542387.0, 4510429.0 ], [ 542296.0, 4510429.0 ] ] ] } },
{ "type": "Feature", "properties": { "area_km2": 0.008281 }, "geometry": { "type": "Polygon", "coordinates": [ [ [ 544571.0, 4510429.0 ], [ 544571.0, 4510338.0 ], [ 544662.0, 4510338.0 ], [ 544662.0, 4510429.0 ], [ 544571.0, 4510429.0 ] ] ] } },
{ "type": "Feature", "properties": { "area_km2": 0.207025 }, "geometry": { "type": "Polygon", "coordinates": [ [ [ 529465.0, 4510793.0 ], [ 529465.0, 4510611.0 ], [ 529283.0, 4510611.0 ], [ 529283.0, 4510429.0 ], [ 529192.0, 4510429.0 ], [ 529192.0, 4510611.0 ], [ 529101.0, 4510611.0 ], [ 529101.0, 4510338.0 ], [ 529374.0, 4510338.0 ], [ 529374.0, 4510247.0 ], [ 529465.0, 4510247.0 ], [ 529465.0, 4510338.0 ], [ 529556.0, 4510338.0 ], [ 529556.0, 4510247.0 ], [ 529829.0, 4510247.0 ], [ 529829.0, 4510520.0 ], [ 529556.0, 4510520.0 ], [ 529556.0, 4510793.0 ], [ 529465.0, 4510793.0 ] ] ] } },
{ "type": "Feature", "properties": { "area_km2": 0.008281 }, "geometry": { "type": "Polygon", "coordinates": [ [ [ 539566.0, 4510338.0 ], [ 539566.0, 4510247.0 ], [ 539657.0, 4510247.0 ], [ 539657.0, 4510338.0 ], [ 539566.0, 4510338.0 ] ] ] } },
{ "type": "Feature", "properties": { "area_km2": 0.008281 }, "geometry": { "type": "Polygon", "coordinates": [ [ [ 544480.0, 4510338.0 ], [ 544480.0, 4510247.0 ], [ 544571.0, 4510247.0 ], [ 544571.0, 4510338.0 ], [ 544480.0, 4510338.0 ] ] ] } },
{ "type": "Feature", "properties": { "area_km2": 0.016562 }, "geometry": { "type": "Polygon", "coordinates": [ [ [ 540021.0, 4510247.0 ], [ 540021.0, 4510065.0 ], [ 540112.0, 4510065.0 ], [ 540112.0, 4510247.0 ], [ 540021.0, 4510247.0 ] ] ] } },
{ "type": "Feature", "properties": { "area_km2": 0.008281 }, "geometry": { "type": "Polygon", "coordinates": [ [ [ 537473.0, 4510156.0 ], [ 537473.0, 4510065.0 ], [ 537564.0, 4510065.0 ], [ 537564.0, 4510156.0 ], [ 537473.0, 4510156.0 ] ] ] } },
{ "type": "Feature", "properties": { "area_km2": 0.008281 }, "geometry": { "type": "Polygon", "coordinates": [ [ [ 543297.0, 4510156.0 ], [ 543297.0, 4510065.0 ], [ 543388.0, 4510065.0 ], [ 543388.0, 4510156.0 ], [ 543297.0, 4510156.0 ] ] ] } },
{ "type": "Feature", "properties": { "area_km2": 0.024843 }, "geometry": { "type": "Polygon", "coordinates": [ [ [ 528282.0, 4510156.0 ], [ 528282.0, 4510065.0 ], [ 528373.0, 4510065.0 ], [ 528373.0, 4509974.0 ], [ 528464.0, 4509974.0 ], [ 528464.0, 4510156.0 ], [ 528282.0, 4510156.0 ] ] ] } },
{ "type": "Feature", "properties": { "area_km2": 0.024843 }, "geometry": { "type": "Polygon", "coordinates": [ [ [ 537746.0, 4510156.0 ], [ 537746.0, 4510065.0 ], [ 537837.0, 4510065.0 ], [ 537837.0, 4509974.0 ], [ 537928.0, 4509974.0 ], [ 537928.0, 4510156.0 ], [ 537746.0, 4510156.0 ] ] ] } },
{ "type": "Feature", "properties": { "area_km2": 0.008281 }, "geometry": { "type": "Polygon", "coordinates": [ [ [ 528191.0, 4510065.0 ], [ 528191.0, 4509974.0 ], [ 528282.0, 4509974.0 ], [ 528282.0, 4510065.0 ], [ 528191.0, 4510065.0 ] ] ] } },
{ "type": "Feature", "properties": { "area_km2": 0.008281 }, "geometry": { "type": "Polygon", "coordinates": [ [ [ 541568.0, 4510065.0 ], [ 541568.0, 4509974.0 ], [ 541659.0, 4509974.0 ], [ 541659.0, 4510065.0 ], [ 541568.0, 4510065.0 ] ] ] } },
{ "type": "Feature", "properties": { "area_km2": 0.008281 }, "geometry": { "type": "Polygon", "coordinates": [ [ [ 544116.0, 4510065.0 ], [ 544116.0, 4509974.0 ], [ 544207.0, 4509974.0 ], [ 544207.0, 4510065.0 ], [ 544116.0, 4510065.0 ] ] ] } },
{ "type": "Feature", "properties": { "area_km2": 0.049686 }, "geometry": { "type": "Polygon", "coordinates": [ [ [ 539020.0, 4510247.0 ], [ 539020.0, 4510065.0 ], [ 539111.0, 4510065.0 ], [ 539111.0, 4509974.0 ], [ 539202.0, 4509974.0 ], [ 539202.0, 4509883.0 ], [ 539293.0, 4509883.0 ], [ 539293.0, 4510065.0 ], [ 539202.0, 4510065.0 ], [ 539202.0, 4510156.0 ], [ 539111.0, 4510156.0 ], [ 539111.0, 4510247.0 ], [ 539020.0, 4510247.0 ] ] ] } },
{ "type": "Feature", "properties": { "area_km2": 0.057967 }, "geometry": { "type": "Polygon", "coordinates": [ [ [ 529010.0, 4510156.0 ], [ 529010.0, 4510065.0 ], [ 529101.0, 4510065.0 ], [ 529101.0, 4509974.0 ], [ 529374.0, 4509974.0 ], [ 529374.0, 4509883.0 ], [ 529465.0, 4509883.0 ], [ 529465.0, 4510065.0 ], [ 529192.0, 4510065.0 ], [ 529192.0, 4510156.0 ], [ 529010.0, 4510156.0 ] ] ] } },
{ "type": "Feature", "properties": { "area_km2": 0.008281 }, "geometry": { "type": "Polygon", "coordinates": [ [ [ 528009.0, 4509974.0 ], [ 528009.0, 4509883.0 ], [ 528100.0, 4509883.0 ], [ 528100.0, 4509974.0 ], [ 528009.0, 4509974.0 ] ] ] } },
{ "type": "Feature", "properties": { "area_km2": 0.008281 }, "geometry": { "type": "Polygon", "coordinates": [ [ [ 528555.0, 4509974.0 ], [ 528555.0, 4509883.0 ], [ 528646.0, 4509883.0 ], [ 528646.0, 4509974.0 ], [ 528555.0, 4509974.0 ] ] ] } },
{ "type": "Feature", "properties": { "area_km2": 0.008281 }, "geometry": { "type": "Polygon", "coordinates": [ [ [ 537564.0, 4509974.0 ], [ 537564.0, 4509883.0 ], [ 537655.0, 4509883.0 ], [ 537655.0, 4509974.0 ], [ 537564.0, 4509974.0 ] ] ] } },
{ "type": "Feature", "properties": { "area_km2": 0.008281 }, "geometry": { "type": "Polygon", "coordinates": [ [ [ 537746.0, 4509974.0 ], [ 537746.0, 4509883.0 ], [ 537837.0, 4509883.0 ], [ 537837.0, 4509974.0 ], [ 537746.0, 4509974.0 ] ] ] } },
{ "type": "Feature", "properties": { "area_km2": 0.008281 }, "geometry": { "type": "Polygon", "coordinates": [ [ [ 537928.0, 4509974.0 ], [ 537928.0, 4509883.0 ], [ 538019.0, 4509883.0 ], [ 538019.0, 4509974.0 ], [ 537928.0, 4509974.0 ] ] ] } },
{ "type": "Feature", "properties": { "area_km2": 0.008281 }, "geometry": { "type": "Polygon", "coordinates": [ [ [ 541022.0, 4509974.0 ], [ 541022.0, 4509883.0 ], [ 541113.0, 4509883.0 ], [ 541113.0, 4509974.0 ], [ 541022.0, 4509974.0 ] ] ] } },
{ "type": "Feature", "properties": { "area_km2": 0.008281 }, "geometry": { "type": "Polygon", "coordinates": [ [ [ 541477.0, 4509974.0 ], [ 541477.0, 4509883.0 ], [ 541568.0, 4509883.0 ], [ 541568.0, 4509974.0 ], [ 541477.0, 4509974.0 ] ] ] } },
{ "type": "Feature", "properties": { "area_km2": 0.008281 }, "geometry": { "type": "Polygon", "coordinates": [ [ [ 543206.0, 4509974.0 ], [ 543206.0, 4509883.0 ], [ 543297.0, 4509883.0 ], [ 543297.0, 4509974.0 ], [ 543206.0, 4509974.0 ] ] ] } },
{ "type": "Feature", "properties": { "area_km2": 0.008281 }, "geometry": { "type": "Polygon", "coordinates": [ [ [ 544480.0, 4509974.0 ], [ 544480.0, 4509883.0 ], [ 544571.0, 4509883.0 ], [ 544571.0, 4509974.0 ], [ 544480.0, 4509974.0 ] ] ] } },
{ "type": "Feature", "properties": { "area_km2": 0.124215 }, "geometry": { "type": "Polygon", "coordinates": [ [ [ 538565.0, 4510338.0 ], [ 538565.0, 4510156.0 ], [ 538656.0, 4510156.0 ], [ 538656.0, 4509974.0 ], [ 538565.0, 4509974.0 ], [ 538565.0, 4509792.0 ], [ 539020.0, 4509792.0 ], [ 539020.0, 4509883.0 ], [ 538838.0, 4509883.0 ], [ 538838.0, 4509974.0 ], [ 538747.0, 4509974.0 ], [ 538747.0, 4510156.0 ], [ 538929.0, 4510156.0 ], [ 538929.0, 4510247.0 ], [ 538656.0, 4510247.0 ], [ 538656.0, 4510338.0 ], [ 538565.0, 4510338.0 ] ] ] } },
{ "type": "Feature", "properties": { "area_km2": 0.016562 }, "geometry": { "type": "Polygon", "coordinates": [ [ [ 543843.0, 4509974.0 ], [ 543843.0, 4509792.0 ], [ 543934.0, 4509792.0 ], [ 543934.0, 4509974.0 ], [ 543843.0, 4509974.0 ] ] ] } },
{ "type": "Feature", "properties": { "area_km2": 0.016562 }, "geometry": { "type": "Polygon", "coordinates": [ [ [ 527190.0, 4509883.0 ], [ 527190.0, 4509792.0 ], [ 527372.0, 4509792.0 ], [ 527372.0, 4509883.0 ], [ 527190.0, 4509883.0 ] ] ] } },
{ "type": "Feature", "properties": { "area_km2": 0.008281 }, "geometry": { "type": "Polygon", "coordinates": [ [ [ 536836.0, 4509883.0 ], [ 536836.0, 4509792.0 ], [ 536927.0, 4509792.0 ], [ 536927.0, 4509883.0 ], [ 536836.0, 4509883.0 ] ] ] } },
{ "type": "Feature", "properties": { "area_km2": 0.008281 }, "geometry": { "type": "Polygon", "coordinates": [ [ [ 541204.0, 4509883.0 ], [ 541204.0, 4509792.0 ], [ 541295.0, 4509792.0 ], [ 541295.0, 4509883.0 ], [ 541204.0, 4509883.0 ] ] ] } },
{ "type": "Feature", "properties": { "area_km2": 0.016562 }, "geometry": { "type": "Polygon", "coordinates": [ [ [ 544116.0, 4509883.0 ], [ 544116.0, 4509792.0 ], [ 544298.0, 4509792.0 ], [ 544298.0, 4509883.0 ], [ 544116.0, 4509883.0 ] ] ] } },
{ "type": "Feature", "properties": { "area_km2": 0.024843 }, "geometry": { "type": "Polygon", "coordinates": [ [ [ 528373.0, 4509883.0 ], [ 528373.0, 4509701.0 ], [ 528464.0, 4509701.0 ], [ 528464.0, 4509792.0 ], [ 528555.0, 4509792.0 ], [ 528555.0, 4509883.0 ], [ 528373.0, 4509883.0 ] ] ] } },
{ "type": "Feature", "properties": { "area_km2": 0.016562 }, "geometry": { "type": "Polygon", "coordinates": [ [ [ 537473.0, 4509883.0 ], [ 537473.0, 4509701.0 ], [ 537564.0, 4509701.0 ], [ 537564.0, 4509883.0 ], [ 537473.0, 4509883.0 ] ] ] } },
{ "type": "Feature", "properties": { "area_km2": 0.016562 }, "geometry": { "type": "Polygon", "coordinates": [ [ [ 539111.0, 4509883.0 ], [ 539111.0, 4509701.0 ], [ 539202.0, 4509701.0 ], [ 539202.0, 4509883.0 ], [ 539111.0, 4509883.0 ] ] ] } },
{ "type": "Feature", "properties": { "area_km2": 0.016562 }, "geometry": { "type": "Polygon", "coordinates": [ [ [ 527736.0, 4509792.0 ], [ 527736.0, 4509701.0 ], [ 527918.0, 4509701.0 ], [ 527918.0, 4509792.0 ], [ 527736.0, 4509792.0 ] ] ] } },
{ "type": "Feature", "properties": { "area_km2": 0.016562 }, "geometry": { "type": "Polygon", "coordinates": [ [ [ 529192.0, 4509792.0 ], [ 529192.0, 4509701.0 ], [ 529374.0, 4509701.0 ], [ 529374.0, 4509792.0 ], [ 529192.0, 4509792.0 ] ] ] } },
{ "type": "Feature", "properties": { "area_km2": 0.008281 }, "geometry": { "type": "Polygon", "coordinates": [ [ [ 537837.0, 4509792.0 ], [ 537837.0, 4509701.0 ], [ 537928.0, 4509701.0 ], [ 537928.0, 4509792.0 ], [ 537837.0, 4509792.0 ] ] ] } },
{ "type": "Feature", "properties": { "area_km2": 0.008281 }, "geometry": { "type": "Polygon", "coordinates": [ [ [ 544298.0, 4509792.0 ], [ 544298.0, 4509701.0 ], [ 544389.0, 4509701.0 ], [ 544389.0, 4509792.0 ], [ 544298.0, 4509792.0 ] ] ] } },
{ "type": "Feature", "properties": { "area_km2": 0.008281 }, "geometry": { "type": "Polygon", "coordinates": [ [ [ 545481.0, 4509792.0 ], [ 545481.0, 4509701.0 ], [ 545572.0, 4509701.0 ], [ 545572.0, 4509792.0 ], [ 545481.0, 4509792.0 ] ] ] } },
{ "type": "Feature", "properties": { "area_km2": 0.066248 }, "geometry": { "type": "Polygon", "coordinates": [ [ [ 544753.0, 4509974.0 ], [ 544753.0, 4509792.0 ], [ 544662.0, 4509792.0 ], [ 544662.0, 4509610.0 ], [ 544753.0, 4509610.0 ], [ 544753.0, 4509701.0 ], [ 544935.0, 4509701.0 ], [ 544935.0, 4509792.0 ], [ 545026.0, 4509792.0 ], [ 545026.0, 4509883.0 ], [ 544844.0, 4509883.0 ], [ 544844.0, 4509974.0 ], [ 544753.0, 4509974.0 ] ] ] } },
{ "type": "Feature", "properties": { "area_km2": 0.016562 }, "geometry": { "type": "Polygon", "coordinates": [ [ [ 529010.0, 4509701.0 ], [ 529010.0, 4509610.0 ], [ 529192.0, 4509610.0 ], [ 529192.0, 4509701.0 ], [ 529010.0, 4509701.0 ] ] ] } },
{ "type": "Feature", "properties": { "area_km2": 0.008281 }, "geometry": { "type": "Polygon", "coordinates": [ [ [ 536836.0, 4509701.0 ], [ 536836.0, 4509610.0 ], [ 536927.0, 4509610.0 ], [ 536927.0, 4509701.0 ], [ 536836.0, 4509701.0 ] ] ] } },
{ "type": "Feature", "properties": { "area_km2": 0.008281 }, "geometry": { "type": "Polygon", "coordinates": [ [ [ 538747.0, 4509701.0 ], [ 538747.0, 4509610.0 ], [ 538838.0, 4509610.0 ], [ 538838.0, 4509701.0 ], [ 538747.0, 4509701.0 ] ] ] } },
{ "type": "Feature", "properties": { "area_km2": 0.008281 }, "geometry": { "type": "Polygon", "coordinates": [ [ [ 540931.0, 4509701.0 ], [ 540931.0, 4509610.0 ], [ 541022.0, 4509610.0 ], [ 541022.0, 4509701.0 ], [ 540931.0, 4509701.0 ] ] ] } },
{ "type": "Feature", "properties": { "area_km2": 0.008281 }, "geometry": { "type": "Polygon", "coordinates": [ [ [ 542478.0, 4509701.0 ], [ 542478.0, 4509610.0 ], [ 542569.0, 4509610.0 ], [ 542569.0, 4509701.0 ], [ 542478.0, 4509701.0 ] ] ] } },
{ "type": "Feature", "properties": { "area_km2": 0.008281 }, "geometry": { "type": "Polygon", "coordinates": [ [ [ 544207.0, 4509701.0 ], [ 544207.0, 4509610.0 ], [ 544298.0, 4509610.0 ], [ 544298.0, 4509701.0 ], [ 544207.0, 4509701.0 ] ] ] } },
{ "type": "Feature", "properties": { "area_km2": 0.008281 }, "geometry": { "type": "Polygon", "coordinates": [ [ [ 545754.0, 4509701.0 ], [ 545754.0, 4509610.0 ], [ 545845.0, 4509610.0 ], [ 545845.0, 4509701.0 ], [ 545754.0, 4509701.0 ] ] ] } },
{ "type": "Feature", "properties": { "area_km2": 0.049686 }, "geometry": { "type": "Polygon", "coordinates": [ [ [ 527918.0, 4509701.0 ], [ 527918.0, 4509610.0 ], [ 528009.0, 4509610.0 ], [ 528009.0, 4509519.0 ], [ 528100.0, 4509519.0 ], [ 528100.0, 4509610.0 ], [ 528373.0, 4509610.0 ], [ 528373.0, 4509701.0 ], [ 527918.0, 4509701.0 ] ] ] } },
{ "type": "Feature", "properties": { "area_km2": 0.008281 }, "geometry": { "type": "Polygon", "coordinates": [ [ [ 524733.0, 4509610.0 ], [ 524733.0, 4509519.0 ], [ 524824.0, 4509519.0 ], [ 524824.0, 4509610.0 ], [ 524733.0, 4509610.0 ] ] ] } },
{ "type": "Feature", "properties": { "area_km2": 0.016562 }, "geometry": { "type": "Polygon", "coordinates": [ [ [ 527190.0, 4509610.0 ], [ 527190.0, 4509519.0 ], [ 527372.0, 4509519.0 ], [ 527372.0, 4509610.0 ], [ 527190.0, 4509610.0 ] ] ] } },
{ "type": "Feature", "properties": { "area_km2": 0.008281 }, "geometry": { "type": "Polygon", "coordinates": [ [ [ 539020.0, 4509610.0 ], [ 539020.0, 4509519.0 ], [ 539111.0, 4509519.0 ], [ 539111.0, 4509610.0 ], [ 539020.0, 4509610.0 ] ] ] } },
{ "type": "Feature", "properties": { "area_km2": 0.008281 }, "geometry": { "type": "Polygon", "coordinates": [ [ [ 544298.0, 4509610.0 ], [ 544298.0, 4509519.0 ], [ 544389.0, 4509519.0 ], [ 544389.0, 4509610.0 ], [ 544298.0, 4509610.0 ] ] ] } },
{ "type": "Feature", "properties": { "area_km2": 0.008281 }, "geometry": { "type": "Polygon", "coordinates": [ [ [ 545481.0, 4509610.0 ], [ 545481.0, 4509519.0 ], [ 545572.0, 4509519.0 ], [ 545572.0, 4509610.0 ], [ 545481.0, 4509610.0 ] ] ] } },
{ "type": "Feature", "properties": { "area_km2": 0.033124 }, "geometry": { "type": "Polygon", "coordinates": [ [ [ 538565.0, 4509610.0 ], [ 538565.0, 4509428.0 ], [ 538747.0, 4509428.0 ], [ 538747.0, 4509610.0 ], [ 538565.0, 4509610.0 ] ] ] } },
{ "type": "Feature", "properties": { "area_km2": 0.008281 }, "geometry": { "type": "Polygon", "coordinates": [ [ [ 537564.0, 4509519.0 ], [ 537564.0, 4509428.0 ], [ 537655.0, 4509428.0 ], [ 537655.0, 4509519.0 ], [ 537564.0, 4509519.0 ] ] ] } },
{ "type": "Feature", "properties": { "area_km2": 0.008281 }, "geometry": { "type": "Polygon", "coordinates": [ [ [ 537837.0, 4509519.0 ], [ 537837.0, 4509428.0 ], [ 537928.0, 4509428.0 ], [ 537928.0, 4509519.0 ], [ 537837.0, 4509519.0 ] ] ] } },
{ "type": "Feature", "properties": { "area_km2": 0.008281 }, "geometry": { "type": "Polygon", "coordinates": [ [ [ 540021.0, 4509519.0 ], [ 540021.0, 4509428.0 ], [ 540112.0, 4509428.0 ], [ 540112.0, 4509519.0 ], [ 540021.0, 4509519.0 ] ] ] } },
{ "type": "Feature", "properties": { "area_km2": 0.008281 }, "geometry": { "type": "Polygon", "coordinates": [ [ [ 541750.0, 4509519.0 ], [ 541750.0, 4509428.0 ], [ 541841.0, 4509428.0 ], [ 541841.0, 4509519.0 ], [ 541750.0, 4509519.0 ] ] ] } },
{ "type": "Feature", "properties": { "area_km2": 0.008281 }, "geometry": { "type": "Polygon", "coordinates": [ [ [ 543479.0, 4509519.0 ], [ 543479.0, 4509428.0 ], [ 543570.0, 4509428.0 ], [ 543570.0, 4509519.0 ], [ 543479.0, 4509519.0 ] ] ] } },
{ "type": "Feature", "properties": { "area_km2": 0.016562 }, "geometry": { "type": "Polygon", "coordinates": [ [ [ 544116.0, 4509519.0 ], [ 544116.0, 4509428.0 ], [ 544298.0, 4509428.0 ], [ 544298.0, 4509519.0 ], [ 544116.0, 4509519.0 ] ] ] } },
{ "type": "Feature", "properties": { "area_km2": 0.008281 }, "geometry": { "type": "Polygon", "coordinates": [ [ [ 527827.0, 4509428.0 ], [ 527827.0, 4509337.0 ], [ 527918.0, 4509337.0 ], [ 527918.0, 4509428.0 ], [ 527827.0, 4509428.0 ] ] ] } },
{ "type": "Feature", "properties": { "area_km2": 0.016562 }, "geometry": { "type": "Polygon", "coordinates": [ [ [ 538201.0, 4509428.0 ], [ 538201.0, 4509337.0 ], [ 538383.0, 4509337.0 ], [ 538383.0, 4509428.0 ], [ 538201.0, 4509428.0 ] ] ] } },
{ "type": "Feature", "properties": { "area_km2": 0.008281 }, "geometry": { "type": "Polygon", "coordinates": [ [ [ 539111.0, 4509428.0 ], [ 539111.0, 4509337.0 ], [ 539202.0, 4509337.0 ], [ 539202.0, 4509428.0 ], [ 539111.0, 4509428.0 ] ] ] } },
{ "type": "Feature", "properties": { "area_km2": 0.008281 }, "geometry": { "type": "Polygon", "coordinates": [ [ [ 543570.0, 4509428.0 ], [ 543570.0, 4509337.0 ], [ 543661.0, 4509337.0 ], [ 543661.0, 4509428.0 ], [ 543570.0, 4509428.0 ] ] ] } },
{ "type": "Feature", "properties": { "area_km2": 0.033124 }, "geometry": { "type": "Polygon", "coordinates": [ [ [ 539384.0, 4509610.0 ], [ 539384.0, 4509246.0 ], [ 539475.0, 4509246.0 ], [ 539475.0, 4509610.0 ], [ 539384.0, 4509610.0 ] ] ] } },
{ "type": "Feature", "properties": { "area_km2": 0.041405 }, "geometry": { "type": "Polygon", "coordinates": [ [ [ 543752.0, 4509519.0 ], [ 543752.0, 4509246.0 ], [ 543843.0, 4509246.0 ], [ 543843.0, 4509337.0 ], [ 543934.0, 4509337.0 ], [ 543934.0, 4509519.0 ], [ 543752.0, 4509519.0 ] ] ] } },
{ "type": "Feature", "properties": { "area_km2": 0.008281 }, "geometry": { "type": "Polygon", "coordinates": [ [ [ 539930.0, 4509337.0 ], [ 539930.0, 4509246.0 ], [ 540021.0, 4509246.0 ], [ 540021.0, 4509337.0 ], [ 539930.0, 4509337.0 ] ] ] } },
{ "type": "Feature", "properties": { "area_km2": 0.008281 }, "geometry": { "type": "Polygon", "coordinates": [ [ [ 540476.0, 4509337.0 ], [ 540476.0, 4509246.0 ], [ 540567.0, 4509246.0 ], [ 540567.0, 4509337.0 ], [ 540476.0, 4509337.0 ] ] ] } },
{ "type": "Feature", "properties": { "area_km2": 0.008281 }, "geometry": { "type": "Polygon", "coordinates": [ [ [ 545299.0, 4509337.0 ], [ 545299.0, 4509246.0 ], [ 545390.0, 4509246.0 ], [ 545390.0, 4509337.0 ], [ 545299.0, 4509337.0 ] ] ] } },
{ "type": "Feature", "properties": { "area_km2": 0.016562 }, "geometry": { "type": "Polygon", "coordinates": [ [ [ 537200.0, 4509337.0 ], [ 537200.0, 4509155.0 ], [ 537291.0, 4509155.0 ], [ 537291.0, 4509337.0 ], [ 537200.0, 4509337.0 ] ] ] } },
{ "type": "Feature", "properties": { "area_km2": 0.016562 }, "geometry": { "type": "Polygon", "coordinates": [ [ [ 540749.0, 4509337.0 ], [ 540749.0, 4509155.0 ], [ 540840.0, 4509155.0 ], [ 540840.0, 4509337.0 ], [ 540749.0, 4509337.0 ] ] ] } },
{ "type": "Feature", "properties": { "area_km2": 0.016562 }, "geometry": { "type": "Polygon", "coordinates": [ [ [ 526280.0, 4509246.0 ], [ 526280.0, 4509155.0 ], [ 526462.0, 4509155.0 ], [ 526462.0, 4509246.0 ], [ 526280.0, 4509246.0 ] ] ] } },
{ "type": "Feature", "properties": { "area_km2": 0.008281 }, "geometry": { "type": "Polygon", "coordinates": [ [ [ 537473.0, 4509246.0 ], [ 537473.0, 4509155.0 ], [ 537564.0, 4509155.0 ], [ 537564.0, 4509246.0 ], [ 537473.0, 4509246.0 ] ] ] } },
{ "type": "Feature", "properties": { "area_km2": 0.008281 }, "geometry": { "type": "Polygon", "coordinates": [ [ [ 543115.0, 4509246.0 ], [ 543115.0, 4509155.0 ], [ 543206.0, 4509155.0 ], [ 543206.0, 4509246.0 ], [ 543115.0, 4509246.0 ] ] ] } },
{ "type": "Feature", "properties": { "area_km2": 0.016562 }, "geometry": { "type": "Polygon", "coordinates": [ [ [ 545481.0, 4509246.0 ], [ 545481.0, 4509155.0 ], [ 545663.0, 4509155.0 ], [ 545663.0, 4509246.0 ], [ 545481.0, 4509246.0 ] ] ] } },
{ "type": "Feature", "properties": { "area_km2": 0.008281 }, "geometry": { "type": "Polygon", "coordinates": [ [ [ 527918.0, 4509155.0 ], [ 527918.0, 4509064.0 ], [ 528009.0, 4509064.0 ], [ 528009.0, 4509155.0 ], [ 527918.0, 4509155.0 ] ] ] } },
{ "type": "Feature", "properties": { "area_km2": 0.008281 }, "geometry": { "type": "Polygon", "coordinates": [ [ [ 541295.0, 4509155.0 ], [ 541295.0, 4509064.0 ], [ 541386.0, 4509064.0 ], [ 541386.0, 4509155.0 ], [ 541295.0, 4509155.0 ] ] ] } },
{ "type": "Feature", "properties": { "area_km2": 0.008281 }, "geometry": { "type": "Polygon", "coordinates": [ [ [ 541568.0, 4509155.0 ], [ 541568.0, 4509064.0 ], [ 541659.0, 4509064.0 ], [ 541659.0, 4509155.0 ], [ 541568.0, 4509155.0 ] ] ] } },
{ "type": "Feature", "properties": { "area_km2": 0.008281 }, "geometry": { "type": "Polygon", "coordinates": [ [ [ 527827.0, 4509064.0 ], [ 527827.0, 4508973.0 ], [ 527918.0, 4508973.0 ], [ 527918.0, 4509064.0 ], [ 527827.0, 4509064.0 ] ] ] } },
{ "type": "Feature", "properties": { "area_km2": 0.016562 }, "geometry": { "type": "Polygon", "coordinates": [ [ [ 538201.0, 4509064.0 ], [ 538201.0, 4508973.0 ], [ 538383.0, 4508973.0 ], [ 538383.0, 4509064.0 ], [ 538201.0, 4509064.0 ] ] ] } },
{ "type": "Feature", "properties": { "area_km2": 0.008281 }, "geometry": { "type": "Polygon", "coordinates": [ [ [ 542569.0, 4509064.0 ], [ 542569.0, 4508973.0 ], [ 542660.0, 4508973.0 ], [ 542660.0, 4509064.0 ], [ 542569.0, 4509064.0 ] ] ] } },
{ "type": "Feature", "properties": { "area_km2": 0.008281 }, "geometry": { "type": "Polygon", "coordinates": [ [ [ 538110.0, 4508973.0 ], [ 538110.0, 4508882.0 ], [ 538201.0, 4508882.0 ], [ 538201.0, 4508973.0 ], [ 538110.0, 4508973.0 ] ] ] } },
{ "type": "Feature", "properties": { "area_km2": 0.016562 }, "geometry": { "type": "Polygon", "coordinates": [ [ [ 542023.0, 4508973.0 ], [ 542023.0, 4508882.0 ], [ 542205.0, 4508882.0 ], [ 542205.0, 4508973.0 ], [ 542023.0, 4508973.0 ] ] ] } },
{ "type": "Feature", "properties": { "area_km2": 0.024843 }, "geometry": { "type": "Polygon", "coordinates": [ [ [ 537473.0, 4508973.0 ], [ 537473.0, 4508791.0 ], [ 537655.0, 4508791.0 ], [ 537655.0, 4508882.0 ], [ 537564.0, 4508882.0 ], [ 537564.0, 4508973.0 ], [ 537473.0, 4508973.0 ] ] ] } },
{ "type": "Feature", "properties": { "area_km2": 0.016562 }, "geometry": { "type": "Polygon", "coordinates": [ [ [ 539839.0, 4508973.0 ], [ 539839.0, 4508791.0 ], [ 539930.0, 4508791.0 ], [ 539930.0, 4508973.0 ], [ 539839.0, 4508973.0 ] ] ] } },
{ "type": "Feature", "properties": { "area_km2": 0.016562 }, "geometry": { "type": "Polygon", "coordinates": [ [ [ 542387.0, 4508973.0 ], [ 542387.0, 4508791.0 ], [ 542478.0, 4508791.0 ], [ 542478.0, 4508973.0 ], [ 542387.0, 4508973.0 ] ] ] } },
{ "type": "Feature", "properties": { "area_km2": 0.008281 }, "geometry": { "type": "Polygon", "coordinates": [ [ [ 527736.0, 4508882.0 ], [ 527736.0, 4508791.0 ], [ 527827.0, 4508791.0 ], [ 527827.0, 4508882.0 ], [ 527736.0, 4508882.0 ] ] ] } },
{ "type": "Feature", "properties": { "area_km2": 0.008281 }, "geometry": { "type": "Polygon", "coordinates": [ [ [ 540385.0, 4508882.0 ], [ 540385.0, 4508791.0 ], [ 540476.0, 4508791.0 ], [ 540476.0, 4508882.0 ], [ 540385.0, 4508882.0 ] ] ] } },
{ "type": "Feature", "properties": { "area_km2": 0.008281 }, "geometry": { "type": "Polygon", "coordinates": [ [ [ 543843.0, 4508882.0 ], [ 543843.0, 4508791.0 ], [ 543934.0, 4508791.0 ], [ 543934.0, 4508882.0 ], [ 543843.0, 4508882.0 ] ] ] } },
{ "type": "Feature", "properties": { "area_km2": 0.016562 }, "geometry": { "type": "Polygon", "coordinates": [ [ [ 540658.0, 4508791.0 ], [ 540658.0, 4508700.0 ], [ 540840.0, 4508700.0 ], [ 540840.0, 4508791.0 ], [ 540658.0, 4508791.0 ] ] ] } },
{ "type": "Feature", "properties": { "area_km2": 0.016562 }, "geometry": { "type": "Polygon", "coordinates": [ [ [ 542114.0, 4508791.0 ], [ 542114.0, 4508700.0 ], [ 542296.0, 4508700.0 ], [ 542296.0, 4508791.0 ], [ 542114.0, 4508791.0 ] ] ] } },
{ "type": "Feature", "properties": { "area_km2": 0.024843 }, "geometry": { "type": "Polygon", "coordinates": [ [ [ 545208.0, 4508791.0 ], [ 545208.0, 4508700.0 ], [ 545481.0, 4508700.0 ], [ 545481.0, 4508791.0 ], [ 545208.0, 4508791.0 ] ] ] } },
{ "type": "Feature", "properties": { "area_km2": 0.008281 }, "geometry": { "type": "Polygon", "coordinates": [ [ [ 539930.0, 4508700.0 ], [ 539930.0, 4508609.0 ], [ 540021.0, 4508609.0 ], [ 540021.0, 4508700.0 ], [ 539930.0, 4508700.0 ] ] ] } },
{ "type": "Feature", "properties": { "area_km2": 0.008281 }, "geometry": { "type": "Polygon", "coordinates": [ [ [ 541022.0, 4508700.0 ], [ 541022.0, 4508609.0 ], [ 541113.0, 4508609.0 ], [ 541113.0, 4508700.0 ], [ 541022.0, 4508700.0 ] ] ] } },
{ "type": "Feature", "properties": { "area_km2": 0.016562 }, "geometry": { "type": "Polygon", "coordinates": [ [ [ 543843.0, 4508700.0 ], [ 543843.0, 4508609.0 ], [ 544025.0, 4508609.0 ], [ 544025.0, 4508700.0 ], [ 543843.0, 4508700.0 ] ] ] } },
{ "type": "Feature", "properties": { "area_km2": 0.256711 }, "geometry": { "type": "Polygon", "coordinates": [ [ [ 528009.0, 4509064.0 ], [ 528009.0, 4508700.0 ], [ 528100.0, 4508700.0 ], [ 528100.0, 4508609.0 ], [ 528373.0, 4508609.0 ], [ 528373.0, 4508518.0 ], [ 528919.0, 4508518.0 ], [ 528919.0, 4508609.0 ], [ 528737.0, 4508609.0 ], [ 528737.0, 4508700.0 ], [ 528464.0, 4508700.0 ], [ 528464.0, 4508791.0 ], [ 528555.0, 4508791.0 ], [ 528555.0, 4508973.0 ], [ 528282.0, 4508973.0 ], [ 528282.0, 4509064.0 ], [ 528191.0, 4509064.0 ], [ 528191.0, 4508973.0 ], [ 528100.0, 4508973.0 ], [ 528100.0, 4509064.0 ], [ 528009.0, 4509064.0 ] ], [ [ 528191.0, 4508882.0 ], [ 528282.0, 4508882.0 ], [ 528282.0, 4508791.0 ], [ 528191.0, 4508791.0 ], [ 528191.0, 4508882.0 ] ] ] } },
{ "type": "Feature", "properties": { "area_km2": 0.008281 }, "geometry": { "type": "Polygon", "coordinates": [ [ [ 541659.0, 4508609.0 ], [ 541659.0, 4508518.0 ], [ 541750.0, 4508518.0 ], [ 541750.0, 4508609.0 ], [ 541659.0, 4508609.0 ] ] ] } },
{ "type": "Feature", "properties": { "area_km2": 0.033124 }, "geometry": { "type": "Polygon", "coordinates": [ [ [ 541932.0, 4508609.0 ], [ 541932.0, 4508518.0 ], [ 542296.0, 4508518.0 ], [ 542296.0, 4508609.0 ], [ 541932.0, 4508609.0 ] ] ] } },
{ "type": "Feature", "properties": { "area_km2": 0.008281 }, "geometry": { "type": "Polygon", "coordinates": [ [ [ 544116.0, 4508609.0 ], [ 544116.0, 4508518.0 ], [ 544207.0, 4508518.0 ], [ 544207.0, 4508609.0 ], [ 544116.0, 4508609.0 ] ] ] } },
{ "type": "Feature", "properties": { "area_km2": 0.008281 }, "geometry": { "type": "Polygon", "coordinates": [ [ [ 544844.0, 4508609.0 ], [ 544844.0, 4508518.0 ], [ 544935.0, 4508518.0 ], [ 544935.0, 4508609.0 ], [ 544844.0, 4508609.0 ] ] ] } },
{ "type": "Feature", "properties": { "area_km2": 0.008281 }, "geometry": { "type": "Polygon", "coordinates": [ [ [ 545208.0, 4508609.0 ], [ 545208.0, 4508518.0 ], [ 545299.0, 4508518.0 ], [ 545299.0, 4508609.0 ], [ 545208.0, 4508609.0 ] ] ] } },
{ "type": "Feature", "properties": { "area_km2": 0.016562 }, "geometry": { "type": "Polygon", "coordinates": [ [ [ 527827.0, 4508609.0 ], [ 527827.0, 4508427.0 ], [ 527918.0, 4508427.0 ], [ 527918.0, 4508609.0 ], [ 527827.0, 4508609.0 ] ] ] } },
{ "type": "Feature", "properties": { "area_km2": 0.008281 }, "geometry": { "type": "Polygon", "coordinates": [ [ [ 526917.0, 4508518.0 ], [ 526917.0, 4508427.0 ], [ 527008.0, 4508427.0 ], [ 527008.0, 4508518.0 ], [ 526917.0, 4508518.0 ] ] ] } },
{ "type": "Feature", "properties": { "area_km2": 0.008281 }, "geometry": { "type": "Polygon", "coordinates": [ [ [ 540112.0, 4508518.0 ], [ 540112.0, 4508427.0 ], [ 540203.0, 4508427.0 ], [ 540203.0, 4508518.0 ], [ 540112.0, 4508518.0 ] ] ] } },
{ "type": "Feature", "properties": { "area_km2": 0.008281 }, "geometry": { "type": "Polygon", "coordinates": [ [ [ 541295.0, 4508518.0 ], [ 541295.0, 4508427.0 ], [ 541386.0, 4508427.0 ], [ 541386.0, 4508518.0 ], [ 541295.0, 4508518.0 ] ] ] } },
{ "type": "Feature", "properties": { "area_km2": 0.008281 }, "geometry": { "type": "Polygon", "coordinates": [ [ [ 544389.0, 4508518.0 ], [ 544389.0, 4508427.0 ], [ 544480.0, 4508427.0 ], [ 544480.0, 4508518.0 ], [ 544389.0, 4508518.0 ] ] ] } },
{ "type": "Feature", "properties": { "area_km2": 0.008281 }, "geometry": { "type": "Polygon", "coordinates": [ [ [ 545299.0, 4508518.0 ], [ 545299.0, 4508427.0 ], [ 545390.0, 4508427.0 ], [ 545390.0, 4508518.0 ], [ 545299.0, 4508518.0 ] ] ] } },
{ "type": "Feature", "properties": { "area_km2": 0.008281 }, "geometry": { "type": "Polygon", "coordinates": [ [ [ 526280.0, 4508427.0 ], [ 526280.0, 4508336.0 ], [ 526371.0, 4508336.0 ], [ 526371.0, 4508427.0 ], [ 526280.0, 4508427.0 ] ] ] } },
{ "type": "Feature", "properties": { "area_km2": 0.008281 }, "geometry": { "type": "Polygon", "coordinates": [ [ [ 527281.0, 4508427.0 ], [ 527281.0, 4508336.0 ], [ 527372.0, 4508336.0 ], [ 527372.0, 4508427.0 ], [ 527281.0, 4508427.0 ] ] ] } },
{ "type": "Feature", "properties": { "area_km2": 0.008281 }, "geometry": { "type": "Polygon", "coordinates": [ [ [ 537018.0, 4508427.0 ], [ 537018.0, 4508336.0 ], [ 537109.0, 4508336.0 ], [ 537109.0, 4508427.0 ], [ 537018.0, 4508427.0 ] ] ] } },
{ "type": "Feature", "properties": { "area_km2": 0.008281 }, "geometry": { "type": "Polygon", "coordinates": [ [ [ 537200.0, 4508427.0 ], [ 537200.0, 4508336.0 ], [ 537291.0, 4508336.0 ], [ 537291.0, 4508427.0 ], [ 537200.0, 4508427.0 ] ] ] } },
{ "type": "Feature", "properties": { "area_km2": 0.016562 }, "geometry": { "type": "Polygon", "coordinates": [ [ [ 539839.0, 4508427.0 ], [ 539839.0, 4508336.0 ], [ 540021.0, 4508336.0 ], [ 540021.0, 4508427.0 ], [ 539839.0, 4508427.0 ] ] ] } },
{ "type": "Feature", "properties": { "area_km2": 0.008281 }, "geometry": { "type": "Polygon", "coordinates": [ [ [ 543934.0, 4508427.0 ], [ 543934.0, 4508336.0 ], [ 544025.0, 4508336.0 ], [ 544025.0, 4508427.0 ], [ 543934.0, 4508427.0 ] ] ] } },
{ "type": "Feature", "properties": { "area_km2": 0.016562 }, "geometry": { "type": "Polygon", "coordinates": [ [ [ 544753.0, 4508427.0 ], [ 544753.0, 4508336.0 ], [ 544935.0, 4508336.0 ], [ 544935.0, 4508427.0 ], [ 544753.0, 4508427.0 ] ] ] } },
{ "type": "Feature", "properties": { "area_km2": 0.008281 }, "geometry": { "type": "Polygon", "coordinates": [ [ [ 545390.0, 4508427.0 ], [ 545390.0, 4508336.0 ], [ 545481.0, 4508336.0 ], [ 545481.0, 4508427.0 ], [ 545390.0, 4508427.0 ] ] ] } },
{ "type": "Feature", "properties": { "area_km2": 0.024843 }, "geometry": { "type": "Polygon", "coordinates": [ [ [ 540203.0, 4508427.0 ], [ 540203.0, 4508245.0 ], [ 540294.0, 4508245.0 ], [ 540294.0, 4508336.0 ], [ 540385.0, 4508336.0 ], [ 540385.0, 4508427.0 ], [ 540203.0, 4508427.0 ] ] ] } },
{ "type": "Feature", "properties": { "area_km2": 0.041405 }, "geometry": { "type": "Polygon", "coordinates": [ [ [ 545026.0, 4508427.0 ], [ 545026.0, 4508245.0 ], [ 545390.0, 4508245.0 ], [ 545390.0, 4508336.0 ], [ 545117.0, 4508336.0 ], [ 545117.0, 4508427.0 ], [ 545026.0, 4508427.0 ] ] ] } },
{ "type": "Feature", "properties": { "area_km2": 0.008281 }, "geometry": { "type": "Polygon", "coordinates": [ [ [ 527918.0, 4508336.0 ], [ 527918.0, 4508245.0 ], [ 528009.0, 4508245.0 ], [ 528009.0, 4508336.0 ], [ 527918.0, 4508336.0 ] ] ] } },
{ "type": "Feature", "properties": { "area_km2": 0.008281 }, "geometry": { "type": "Polygon", "coordinates": [ [ [ 537655.0, 4508336.0 ], [ 537655.0, 4508245.0 ], [ 537746.0, 4508245.0 ], [ 537746.0, 4508336.0 ], [ 537655.0, 4508336.0 ] ] ] } },
{ "type": "Feature", "properties": { "area_km2": 0.008281 }, "geometry": { "type": "Polygon", "coordinates": [ [ [ 540931.0, 4508336.0 ], [ 540931.0, 4508245.0 ], [ 541022.0, 4508245.0 ], [ 541022.0, 4508336.0 ], [ 540931.0, 4508336.0 ] ] ] } },
{ "type": "Feature", "properties": { "area_km2": 0.008281 }, "geometry": { "type": "Polygon", "coordinates": [ [ [ 542205.0, 4508336.0 ], [ 542205.0, 4508245.0 ], [ 542296.0, 4508245.0 ], [ 542296.0, 4508336.0 ], [ 542205.0, 4508336.0 ] ] ] } },
{ "type": "Feature", "properties": { "area_km2": 0.024843 }, "geometry": { "type": "Polygon", "coordinates": [ [ [ 543206.0, 4508336.0 ], [ 543206.0, 4508245.0 ], [ 543479.0, 4508245.0 ], [ 543479.0, 4508336.0 ], [ 543206.0, 4508336.0 ] ] ] } },
{ "type": "Feature", "properties": { "area_km2": 0.008281 }, "geometry": { "type": "Polygon", "coordinates": [ [ [ 525097.0, 4508245.0 ], [ 525097.0, 4508154.0 ], [ 525188.0, 4508154.0 ], [ 525188.0, 4508245.0 ], [ 525097.0, 4508245.0 ] ] ] } },
{ "type": "Feature", "properties": { "area_km2": 0.024843 }, "geometry": { "type": "Polygon", "coordinates": [ [ [ 539748.0, 4508245.0 ], [ 539748.0, 4508154.0 ], [ 540021.0, 4508154.0 ], [ 540021.0, 4508245.0 ], [ 539748.0, 4508245.0 ] ] ] } },
{ "type": "Feature", "properties": { "area_km2": 0.008281 }, "geometry": { "type": "Polygon", "coordinates": [ [ [ 540840.0, 4508245.0 ], [ 540840.0, 4508154.0 ], [ 540931.0, 4508154.0 ], [ 540931.0, 4508245.0 ], [ 540840.0, 4508245.0 ] ] ] } },
{ "type": "Feature", "properties": { "area_km2": 0.008281 }, "geometry": { "type": "Polygon", "coordinates": [ [ [ 541386.0, 4508245.0 ], [ 541386.0, 4508154.0 ], [ 541477.0, 4508154.0 ], [ 541477.0, 4508245.0 ], [ 541386.0, 4508245.0 ] ] ] } },
{ "type": "Feature", "properties": { "area_km2": 0.008281 }, "geometry": { "type": "Polygon", "coordinates": [ [ [ 542387.0, 4508245.0 ], [ 542387.0, 4508154.0 ], [ 542478.0, 4508154.0 ], [ 542478.0, 4508245.0 ], [ 542387.0, 4508245.0 ] ] ] } },
{ "type": "Feature", "properties": { "area_km2": 0.008281 }, "geometry": { "type": "Polygon", "coordinates": [ [ [ 543843.0, 4508245.0 ], [ 543843.0, 4508154.0 ], [ 543934.0, 4508154.0 ], [ 543934.0, 4508245.0 ], [ 543843.0, 4508245.0 ] ] ] } },
{ "type": "Feature", "properties": { "area_km2": 1.233869 }, "geometry": { "type": "Polygon", "coordinates": [ [ [ 538838.0, 4509519.0 ], [ 538838.0, 4509246.0 ], [ 538747.0, 4509246.0 ], [ 538747.0, 4509337.0 ], [ 538656.0, 4509337.0 ], [ 538656.0, 4509155.0 ], [ 538383.0, 4509155.0 ], [ 538383.0, 4509064.0 ], [ 538565.0, 4509064.0 ], [ 538565.0, 4508973.0 ], [ 538383.0, 4508973.0 ], [ 538383.0, 4508882.0 ], [ 538201.0, 4508882.0 ], [ 538201.0, 4508700.0 ], [ 538292.0, 4508700.0 ], [ 538292.0, 4508609.0 ], [ 538110.0, 4508609.0 ], [ 538110.0, 4508882.0 ], [ 538019.0, 4508882.0 ], [ 538019.0, 4508791.0 ], [ 537837.0, 4508791.0 ], [ 537837.0, 4508882.0 ], [ 537746.0, 4508882.0 ], [ 537746.0, 4508791.0 ], [ 537655.0, 4508791.0 ], [ 537655.0, 4508700.0 ], [ 537473.0, 4508700.0 ], [ 537473.0, 4508518.0 ], [ 537564.0, 4508518.0 ], [ 537564.0, 4508427.0 ], [ 537837.0, 4508427.0 ], [ 537837.0, 4508336.0 ], [ 537928.0, 4508336.0 ], [ 537928.0, 4508518.0 ], [ 538110.0, 4508518.0 ], [ 538110.0, 4508427.0 ], [ 538019.0, 4508427.0 ], [ 538019.0, 4508336.0 ], [ 538201.0, 4508336.0 ], [ 538201.0, 4508245.0 ], [ 538292.0, 4508245.0 ], [ 538292.0, 4508336.0 ], [ 538383.0, 4508336.0 ], [ 538383.0, 4508427.0 ], [ 538838.0, 4508427.0 ], [ 538838.0, 4508336.0 ], [ 539020.0, 4508336.0 ], [ 539020.0, 4508063.0 ], [ 539475.0, 4508063.0 ], [ 539475.0, 4508154.0 ], [ 539293.0, 4508154.0 ], [ 539293.0, 4508245.0 ], [ 539748.0, 4508245.0 ], [ 539748.0, 4508336.0 ], [ 539657.0, 4508336.0 ], [ 539657.0, 4508518.0 ], [ 539566.0, 4508518.0 ], [ 539566.0, 4508609.0 ], [ 539657.0, 4508609.0 ], [ 539657.0, 4508700.0 ], [ 539475.0, 4508700.0 ], [ 539475.0, 4508609.0 ], [ 539384.0, 4508609.0 ], [ 539384.0, 4508700.0 ], [ 539293.0, 4508700.0 ], [ 539293.0, 4508791.0 ], [ 539475.0, 4508791.0 ], [ 539475.0, 4508882.0 ], [ 539657.0, 4508882.0 ], [ 539657.0, 4508973.0 ], [ 539475.0, 4508973.0 ], [ 539475.0, 4509064.0 ], [ 539020.0, 4509064.0 ], [ 539020.0, 4509155.0 ], [ 539384.0, 4509155.0 ], [ 539384.0, 4509246.0 ], [ 539111.0, 4509246.0 ], [ 539111.0, 4509337.0 ], [ 538929.0, 4509337.0 ], [ 538929.0, 4509428.0 ], [ 539020.0, 4509428.0 ], [ 539020.0, 4509519.0 ], [ 538838.0, 4509519.0 ] ], [ [ 538656.0, 4509155.0 ], [ 538747.0, 4509155.0 ], [ 538747.0, 4509064.0 ], [ 538656.0, 4509064.0 ], [ 538656.0, 4509155.0 ] ], [ [ 539020.0, 4508973.0 ], [ 539293.0, 4508973.0 ], [ 539293.0, 4508791.0 ], [ 539202.0, 4508791.0 ], [ 539202.0, 4508700.0 ], [ 539020.0, 4508700.0 ], [ 539020.0, 4508973.0 ] ], [ [ 538747.0, 4508791.0 ], [ 538838.0, 4508791.0 ], [ 538838.0, 4508700.0 ], [ 538929.0, 4508700.0 ], [ 538929.0, 4508518.0 ], [ 538747.0, 4508518.0 ], [ 538747.0, 4508791.0 ] ], [ [ 537746.0, 4508700.0 ], [ 537837.0, 4508700.0 ], [ 537837.0, 4508609.0 ], [ 537746.0, 4508609.0 ], [ 537746.0, 4508700.0 ] ], [ [ 537928.0, 4508700.0 ], [ 538019.0, 4508700.0 ], [ 538019.0, 4508609.0 ], [ 537928.0, 4508609.0 ], [ 537928.0, 4508700.0 ] ], [ [ 537564.0, 4508609.0 ], [ 537655.0, 4508609.0 ], [ 537655.0, 4508518.0 ], [ 537564.0, 4508518.0 ], [ 537564.0, 4508609.0 ] ], [ [ 537837.0, 4508609.0 ], [ 537928.0, 4508609.0 ], [ 537928.0, 4508518.0 ], [ 537837.0, 4508518.0 ], [ 537837.0, 4508609.0 ] ], [ [ 538474.0, 4508609.0 ], [ 538656.0, 4508609.0 ], [ 538656.0, 4508518.0 ], [ 538474.0, 4508518.0 ], [ 538474.0, 4508609.0 ] ], [ [ 538929.0, 4508518.0 ], [ 539020.0, 4508518.0 ], [ 539020.0, 4508427.0 ], [ 538929.0, 4508427.0 ], [ 538929.0, 4508518.0 ] ], [ [ 539202.0, 4508518.0 ], [ 539293.0, 4508518.0 ], [ 539293.0, 4508427.0 ], [ 539202.0, 4508427.0 ], [ 539202.0, 4508518.0 ] ], [ [ 539475.0, 4508518.0 ], [ 539566.0, 4508518.0 ], [ 539566.0, 4508427.0 ], [ 539475.0, 4508427.0 ], [ 539475.0, 4508518.0 ] ], [ [ 539384.0, 4508427.0 ], [ 539475.0, 4508427.0 ], [ 539475.0, 4508336.0 ], [ 539384.0, 4508336.0 ], [ 539384.0, 4508427.0 ] ], [ [ 539111.0, 4508336.0 ], [ 539202.0, 4508336.0 ], [ 539202.0, 4508154.0 ], [ 539111.0, 4508154.0 ], [ 539111.0, 4508336.0 ] ] ] } },
{ "type": "Feature", "properties": { "area_km2": 0.033124 }, "geometry": { "type": "Polygon", "coordinates": [ [ [ 528009.0, 4508245.0 ], [ 528009.0, 4508154.0 ], [ 528191.0, 4508154.0 ], [ 528191.0, 4508063.0 ], [ 528282.0, 4508063.0 ], [ 528282.0, 4508245.0 ], [ 528009.0, 4508245.0 ] ] ] } },
{ "type": "Feature", "properties": { "area_km2": 0.024843 }, "geometry": { "type": "Polygon", "coordinates": [ [ [ 536836.0, 4508245.0 ], [ 536836.0, 4508154.0 ], [ 536745.0, 4508154.0 ], [ 536745.0, 4508063.0 ], [ 536927.0, 4508063.0 ], [ 536927.0, 4508245.0 ], [ 536836.0, 4508245.0 ] ] ] } },
{ "type": "Feature", "properties": { "area_km2": 0.008281 }, "geometry": { "type": "Polygon", "coordinates": [ [ [ 537018.0, 4508154.0 ], [ 537018.0, 4508063.0 ], [ 537109.0, 4508063.0 ], [ 537109.0, 4508154.0 ], [ 537018.0, 4508154.0 ] ] ] } },
{ "type": "Feature", "properties": { "area_km2": 0.024843 }, "geometry": { "type": "Polygon", "coordinates": [ [ [ 540294.0, 4508154.0 ], [ 540294.0, 4508063.0 ], [ 540567.0, 4508063.0 ], [ 540567.0, 4508154.0 ], [ 540294.0, 4508154.0 ] ] ] } },
{ "type": "Feature", "properties": { "area_km2": 0.008281 }, "geometry": { "type": "Polygon", "coordinates": [ [ [ 541113.0, 4508154.0 ], [ 541113.0, 4508063.0 ], [ 541204.0, 4508063.0 ], [ 541204.0, 4508154.0 ], [ 541113.0, 4508154.0 ] ] ] } },
{ "type": "Feature", "properties": { "area_km2": 0.008281 }, "geometry": { "type": "Polygon", "coordinates": [ [ [ 542296.0, 4508154.0 ], [ 542296.0, 4508063.0 ], [ 542387.0, 4508063.0 ], [ 542387.0, 4508154.0 ], [ 542296.0, 4508154.0 ] ] ] } },
{ "type": "Feature", "properties": { "area_km2": 0.008281 }, "geometry": { "type": "Polygon", "coordinates": [ [ [ 545026.0, 4508154.0 ], [ 545026.0, 4508063.0 ], [ 545117.0, 4508063.0 ], [ 545117.0, 4508154.0 ], [ 545026.0, 4508154.0 ] ] ] } },
{ "type": "Feature", "properties": { "area_km2": 0.016562 }, "geometry": { "type": "Polygon", "coordinates": [ [ [ 545299.0, 4508154.0 ], [ 545299.0, 4508063.0 ], [ 545481.0, 4508063.0 ], [ 545481.0, 4508154.0 ], [ 545299.0, 4508154.0 ] ] ] } },
{ "type": "Feature", "properties": { "area_km2": 0.024843 }, "geometry": { "type": "Polygon", "coordinates": [ [ [ 544025.0, 4508154.0 ], [ 544025.0, 4508063.0 ], [ 544116.0, 4508063.0 ], [ 544116.0, 4507972.0 ], [ 544207.0, 4507972.0 ], [ 544207.0, 4508154.0 ], [ 544025.0, 4508154.0 ] ] ] } },
{ "type": "Feature", "properties": { "area_km2": 0.024843 }, "geometry": { "type": "Polygon", "coordinates": [ [ [ 544480.0, 4508154.0 ], [ 544480.0, 4507972.0 ], [ 544662.0, 4507972.0 ], [ 544662.0, 4508063.0 ], [ 544571.0, 4508063.0 ], [ 544571.0, 4508154.0 ], [ 544480.0, 4508154.0 ] ] ] } },
{ "type": "Feature", "properties": { "area_km2": 0.008281 }, "geometry": { "type": "Polygon", "coordinates": [ [ [ 538019.0, 4508063.0 ], [ 538019.0, 4507972.0 ], [ 538110.0, 4507972.0 ], [ 538110.0, 4508063.0 ], [ 538019.0, 4508063.0 ] ] ] } },
{ "type": "Feature", "properties": { "area_km2": 0.016562 }, "geometry": { "type": "Polygon", "coordinates": [ [ [ 539475.0, 4508063.0 ], [ 539475.0, 4507972.0 ], [ 539657.0, 4507972.0 ], [ 539657.0, 4508063.0 ], [ 539475.0, 4508063.0 ] ] ] } },
{ "type": "Feature", "properties": { "area_km2": 0.024843 }, "geometry": { "type": "Polygon", "coordinates": [ [ [ 539748.0, 4508063.0 ], [ 539748.0, 4507972.0 ], [ 540021.0, 4507972.0 ], [ 540021.0, 4508063.0 ], [ 539748.0, 4508063.0 ] ] ] } },
{ "type": "Feature", "properties": { "area_km2": 0.016562 }, "geometry": { "type": "Polygon", "coordinates": [ [ [ 540567.0, 4508063.0 ], [ 540567.0, 4507972.0 ], [ 540749.0, 4507972.0 ], [ 540749.0, 4508063.0 ], [ 540567.0, 4508063.0 ] ] ] } },
{ "type": "Feature", "properties": { "area_km2": 0.008281 }, "geometry": { "type": "Polygon", "coordinates": [ [ [ 540931.0, 4508063.0 ], [ 540931.0, 4507972.0 ], [ 541022.0, 4507972.0 ], [ 541022.0, 4508063.0 ], [ 540931.0, 4508063.0 ] ] ] } },
{ "type": "Feature", "properties": { "area_km2": 0.016562 }, "geometry": { "type": "Polygon", "coordinates": [ [ [ 541932.0, 4508063.0 ], [ 541932.0, 4507972.0 ], [ 542114.0, 4507972.0 ], [ 542114.0, 4508063.0 ], [ 541932.0, 4508063.0 ] ] ] } },
{ "type": "Feature", "properties": { "area_km2": 0.016562 }, "geometry": { "type": "Polygon", "coordinates": [ [ [ 543388.0, 4508063.0 ], [ 543388.0, 4507972.0 ], [ 543570.0, 4507972.0 ], [ 543570.0, 4508063.0 ], [ 543388.0, 4508063.0 ] ] ] } },
{ "type": "Feature", "properties": { "area_km2": 0.016562 }, "geometry": { "type": "Polygon", "coordinates": [ [ [ 536381.0, 4508063.0 ], [ 536381.0, 4507881.0 ], [ 536472.0, 4507881.0 ], [ 536472.0, 4508063.0 ], [ 536381.0, 4508063.0 ] ] ] } },
{ "type": "Feature", "properties": { "area_km2": 0.016562 }, "geometry": { "type": "Polygon", "coordinates": [ [ [ 537382.0, 4508063.0 ], [ 537382.0, 4507881.0 ], [ 537473.0, 4507881.0 ], [ 537473.0, 4508063.0 ], [ 537382.0, 4508063.0 ] ] ] } },
{ "type": "Feature", "properties": { "area_km2": 0.008281 }, "geometry": { "type": "Polygon", "coordinates": [ [ [ 538474.0, 4507972.0 ], [ 538474.0, 4507881.0 ], [ 538565.0, 4507881.0 ], [ 538565.0, 4507972.0 ], [ 538474.0, 4507972.0 ] ] ] } },
{ "type": "Feature", "properties": { "area_km2": 0.016562 }, "geometry": { "type": "Polygon", "coordinates": [ [ [ 540294.0, 4507972.0 ], [ 540294.0, 4507881.0 ], [ 540476.0, 4507881.0 ], [ 540476.0, 4507972.0 ], [ 540294.0, 4507972.0 ] ] ] } },
{ "type": "Feature", "properties": { "area_km2": 0.016562 }, "geometry": { "type": "Polygon", "coordinates": [ [ [ 541204.0, 4507972.0 ], [ 541204.0, 4507881.0 ], [ 541386.0, 4507881.0 ], [ 541386.0, 4507972.0 ], [ 541204.0, 4507972.0 ] ] ] } },
{ "type": "Feature", "properties": { "area_km2": 0.024843 }, "geometry": { "type": "Polygon", "coordinates": [ [ [ 543661.0, 4507972.0 ], [ 543661.0, 4507881.0 ], [ 543934.0, 4507881.0 ], [ 543934.0, 4507972.0 ], [ 543661.0, 4507972.0 ] ] ] } },
{ "type": "Feature", "properties": { "area_km2": 0.008281 }, "geometry": { "type": "Polygon", "coordinates": [ [ [ 544662.0, 4507972.0 ], [ 544662.0, 4507881.0 ], [ 544753.0, 4507881.0 ], [ 544753.0, 4507972.0 ], [ 544662.0, 4507972.0 ] ] ] } },
{ "type": "Feature", "properties": { "area_km2": 0.024843 }, "geometry": { "type": "Polygon", "coordinates": [ [ [ 537109.0, 4508063.0 ], [ 537109.0, 4507790.0 ], [ 537200.0, 4507790.0 ], [ 537200.0, 4508063.0 ], [ 537109.0, 4508063.0 ] ] ] } },
{ "type": "Feature", "properties": { "area_km2": 0.057967 }, "geometry": { "type": "Polygon", "coordinates": [ [ [ 541386.0, 4508063.0 ], [ 541386.0, 4507972.0 ], [ 541568.0, 4507972.0 ], [ 541568.0, 4507790.0 ], [ 541841.0, 4507790.0 ], [ 541841.0, 4507881.0 ], [ 541659.0, 4507881.0 ], [ 541659.0, 4508063.0 ], [ 541386.0, 4508063.0 ] ] ] } },
{ "type": "Feature", "properties": { "area_km2": 0.057967 }, "geometry": { "type": "Polygon", "coordinates": [ [ [ 528100.0, 4508063.0 ], [ 528100.0, 4507972.0 ], [ 528009.0, 4507972.0 ], [ 528009.0, 4507790.0 ], [ 528100.0, 4507790.0 ], [ 528100.0, 4507881.0 ], [ 528191.0, 4507881.0 ], [ 528191.0, 4507790.0 ], [ 528282.0, 4507790.0 ], [ 528282.0, 4507881.0 ], [ 528373.0, 4507881.0 ], [ 528373.0, 4507972.0 ], [ 528191.0, 4507972.0 ], [ 528191.0, 4508063.0 ], [ 528100.0, 4508063.0 ] ] ] } },
{ "type": "Feature", "properties": { "area_km2": 0.049686 }, "geometry": { "type": "Polygon", "coordinates": [ [ [ 536654.0, 4507972.0 ], [ 536654.0, 4507881.0 ], [ 536745.0, 4507881.0 ], [ 536745.0, 4507790.0 ], [ 537018.0, 4507790.0 ], [ 537018.0, 4507881.0 ], [ 536927.0, 4507881.0 ], [ 536927.0, 4507972.0 ], [ 536654.0, 4507972.0 ] ] ] } },
{ "type": "Feature", "properties": { "area_km2": 0.074529 }, "geometry": { "type": "Polygon", "coordinates": [ [ [ 544844.0, 4507972.0 ], [ 544844.0, 4507881.0 ], [ 545117.0, 4507881.0 ], [ 545117.0, 4507790.0 ], [ 545390.0, 4507790.0 ], [ 545390.0, 4507972.0 ], [ 544844.0, 4507972.0 ] ] ] } },
{ "type": "Feature", "properties": { "area_km2": 0.008281 }, "geometry": { "type": "Polygon", "coordinates": [ [ [ 536472.0, 4507881.0 ], [ 536472.0, 4507790.0 ], [ 536563.0, 4507790.0 ], [ 536563.0, 4507881.0 ], [ 536472.0, 4507881.0 ] ] ] } },
{ "type": "Feature", "properties": { "area_km2": 0.008281 }, "geometry": { "type": "Polygon", "coordinates": [ [ [ 537928.0, 4507881.0 ], [ 537928.0, 4507790.0 ], [ 538019.0, 4507790.0 ], [ 538019.0, 4507881.0 ], [ 537928.0, 4507881.0 ] ] ] } },
{ "type": "Feature", "properties": { "area_km2": 0.008281 }, "geometry": { "type": "Polygon", "coordinates": [ [ [ 539839.0, 4507881.0 ], [ 539839.0, 4507790.0 ], [ 539930.0, 4507790.0 ], [ 539930.0, 4507881.0 ], [ 539839.0, 4507881.0 ] ] ] } },
{ "type": "Feature", "properties": { "area_km2": 0.008281 }, "geometry": { "type": "Polygon", "coordinates": [ [ [ 541113.0, 4507881.0 ], [ 541113.0, 4507790.0 ], [ 541204.0, 4507790.0 ], [ 541204.0, 4507881.0 ], [ 541113.0, 4507881.0 ] ] ] } },
{ "type": "Feature", "properties": { "area_km2": 0.008281 }, "geometry": { "type": "Polygon", "coordinates": [ [ [ 543570.0, 4507881.0 ], [ 543570.0, 4507790.0 ], [ 543661.0, 4507790.0 ], [ 543661.0, 4507881.0 ], [ 543570.0, 4507881.0 ] ] ] } },
{ "type": "Feature", "properties": { "area_km2": 0.016562 }, "geometry": { "type": "Polygon", "coordinates": [ [ [ 538929.0, 4507881.0 ], [ 538929.0, 4507699.0 ], [ 539020.0, 4507699.0 ], [ 539020.0, 4507881.0 ], [ 538929.0, 4507881.0 ] ] ] } },
{ "type": "Feature", "properties": { "area_km2": 0.008281 }, "geometry": { "type": "Polygon", "coordinates": [ [ [ 536563.0, 4507790.0 ], [ 536563.0, 4507699.0 ], [ 536654.0, 4507699.0 ], [ 536654.0, 4507790.0 ], [ 536563.0, 4507790.0 ] ] ] } },
{ "type": "Feature", "properties": { "area_km2": 0.008281 }, "geometry": { "type": "Polygon", "coordinates": [ [ [ 540931.0, 4507790.0 ], [ 540931.0, 4507699.0 ], [ 541022.0, 4507699.0 ], [ 541022.0, 4507790.0 ], [ 540931.0, 4507790.0 ] ] ] } },
{ "type": "Feature", "properties": { "area_km2": 0.016562 }, "geometry": { "type": "Polygon", "coordinates": [ [ [ 543024.0, 4507790.0 ], [ 543024.0, 4507699.0 ], [ 543206.0, 4507699.0 ], [ 543206.0, 4507790.0 ], [ 543024.0, 4507790.0 ] ] ] } },
{ "type": "Feature", "properties": { "area_km2": 0.124215 }, "geometry": { "type": "Polygon", "coordinates": [ [ [ 539111.0, 4507972.0 ], [ 539111.0, 4507881.0 ], [ 539202.0, 4507881.0 ], [ 539202.0, 4507608.0 ], [ 539293.0, 4507608.0 ], [ 539293.0, 4507699.0 ], [ 539384.0, 4507699.0 ], [ 539384.0, 4507790.0 ], [ 539566.0, 4507790.0 ], [ 539566.0, 4507608.0 ], [ 539657.0, 4507608.0 ], [ 539657.0, 4507699.0 ], [ 539748.0, 4507699.0 ], [ 539748.0, 4507790.0 ], [ 539657.0, 4507790.0 ], [ 539657.0, 4507881.0 ], [ 539475.0, 4507881.0 ], [ 539475.0, 4507972.0 ], [ 539111.0, 4507972.0 ] ] ] } },
{ "type": "Feature", "properties": { "area_km2": 0.033124 }, "geometry": { "type": "Polygon", "coordinates": [ [ [ 540476.0, 4507790.0 ], [ 540476.0, 4507699.0 ], [ 540658.0, 4507699.0 ], [ 540658.0, 4507608.0 ], [ 540749.0, 4507608.0 ], [ 540749.0, 4507790.0 ], [ 540476.0, 4507790.0 ] ] ] } },
{ "type": "Feature", "properties": { "area_km2": 0.008281 }, "geometry": { "type": "Polygon", "coordinates": [ [ [ 525370.0, 4507699.0 ], [ 525370.0, 4507608.0 ], [ 525461.0, 4507608.0 ], [ 525461.0, 4507699.0 ], [ 525370.0, 4507699.0 ] ] ] } },
{ "type": "Feature", "properties": { "area_km2": 0.008281 }, "geometry": { "type": "Polygon", "coordinates": [ [ [ 538019.0, 4507699.0 ], [ 538019.0, 4507608.0 ], [ 538110.0, 4507608.0 ], [ 538110.0, 4507699.0 ], [ 538019.0, 4507699.0 ] ] ] } },
{ "type": "Feature", "properties": { "area_km2": 0.008281 }, "geometry": { "type": "Polygon", "coordinates": [ [ [ 538201.0, 4507699.0 ], [ 538201.0, 4507608.0 ], [ 538292.0, 4507608.0 ], [ 538292.0, 4507699.0 ], [ 538201.0, 4507699.0 ] ] ] } },
{ "type": "Feature", "properties": { "area_km2": 0.008281 }, "geometry": { "type": "Polygon", "coordinates": [ [ [ 540385.0, 4507699.0 ], [ 540385.0, 4507608.0 ], [ 540476.0, 4507608.0 ], [ 540476.0, 4507699.0 ], [ 540385.0, 4507699.0 ] ] ] } },
{ "type": "Feature", "properties": { "area_km2": 0.024843 }, "geometry": { "type": "Polygon", "coordinates": [ [ [ 541295.0, 4507699.0 ], [ 541295.0, 4507608.0 ], [ 541568.0, 4507608.0 ], [ 541568.0, 4507699.0 ], [ 541295.0, 4507699.0 ] ] ] } },
{ "type": "Feature", "properties": { "area_km2": 0.016562 }, "geometry": { "type": "Polygon", "coordinates": [ [ [ 544207.0, 4507699.0 ], [ 544207.0, 4507608.0 ], [ 544389.0, 4507608.0 ], [ 544389.0, 4507699.0 ], [ 544207.0, 4507699.0 ] ] ] } },
{ "type": "Feature", "properties": { "area_km2": 0.182182 }, "geometry": { "type": "Polygon", "coordinates": [ [ [ 542114.0, 4507972.0 ], [ 542114.0, 4507790.0 ], [ 542023.0, 4507790.0 ], [ 542023.0, 4507881.0 ], [ 541932.0, 4507881.0 ], [ 541932.0, 4507790.0 ], [ 541841.0, 4507790.0 ], [ 541841.0, 4507699.0 ], [ 542205.0, 4507699.0 ], [ 542205.0, 4507608.0 ], [ 542478.0, 4507608.0 ], [ 542478.0, 4507699.0 ], [ 542387.0, 4507699.0 ], [ 542387.0, 4507790.0 ], [ 542660.0, 4507790.0 ], [ 542660.0, 4507517.0 ], [ 542842.0, 4507517.0 ], [ 542842.0, 4507608.0 ], [ 542751.0, 4507608.0 ], [ 542751.0, 4507881.0 ], [ 542205.0, 4507881.0 ], [ 542205.0, 4507972.0 ], [ 542114.0, 4507972.0 ] ] ] } },
{ "type": "Feature", "properties": { "area_km2": 0.033124 }, "geometry": { "type": "Polygon", "coordinates": [ [ [ 545026.0, 4507699.0 ], [ 545026.0, 4507608.0 ], [ 545208.0, 4507608.0 ], [ 545208.0, 4507517.0 ], [ 545299.0, 4507517.0 ], [ 545299.0, 4507699.0 ], [ 545026.0, 4507699.0 ] ] ] } },
{ "type": "Feature", "properties": { "area_km2": 0.008281 }, "geometry": { "type": "Polygon", "coordinates": [ [ [ 527190.0, 4507608.0 ], [ 527190.0, 4507517.0 ], [ 527281.0, 4507517.0 ], [ 527281.0, 4507608.0 ], [ 527190.0, 4507608.0 ] ] ] } },
{ "type": "Feature", "properties": { "area_km2": 0.008281 }, "geometry": { "type": "Polygon", "coordinates": [ [ [ 539839.0, 4507608.0 ], [ 539839.0, 4507517.0 ], [ 539930.0, 4507517.0 ], [ 539930.0, 4507608.0 ], [ 539839.0, 4507608.0 ] ] ] } },
{ "type": "Feature", "properties": { "area_km2": 0.008281 }, "geometry": { "type": "Polygon", "coordinates": [ [ [ 541204.0, 4507608.0 ], [ 541204.0, 4507517.0 ], [ 541295.0, 4507517.0 ], [ 541295.0, 4507608.0 ], [ 541204.0, 4507608.0 ] ] ] } },
{ "type": "Feature", "properties": { "area_km2": 0.008281 }, "geometry": { "type": "Polygon", "coordinates": [ [ [ 541932.0, 4507608.0 ], [ 541932.0, 4507517.0 ], [ 542023.0, 4507517.0 ], [ 542023.0, 4507608.0 ], [ 541932.0, 4507608.0 ] ] ] } },
{ "type": "Feature", "properties": { "area_km2": 0.008281 }, "geometry": { "type": "Polygon", "coordinates": [ [ [ 543752.0, 4507608.0 ], [ 543752.0, 4507517.0 ], [ 543843.0, 4507517.0 ], [ 543843.0, 4507608.0 ], [ 543752.0, 4507608.0 ] ] ] } },
{ "type": "Feature", "properties": { "area_km2": 0.024843 }, "geometry": { "type": "Polygon", "coordinates": [ [ [ 537018.0, 4507608.0 ], [ 537018.0, 4507426.0 ], [ 537200.0, 4507426.0 ], [ 537200.0, 4507517.0 ], [ 537109.0, 4507517.0 ], [ 537109.0, 4507608.0 ], [ 537018.0, 4507608.0 ] ] ] } },
{ "type": "Feature", "properties": { "area_km2": 0.016562 }, "geometry": { "type": "Polygon", "coordinates": [ [ [ 541022.0, 4507608.0 ], [ 541022.0, 4507426.0 ], [ 541113.0, 4507426.0 ], [ 541113.0, 4507608.0 ], [ 541022.0, 4507608.0 ] ] ] } },
{ "type": "Feature", "properties": { "area_km2": 0.016562 }, "geometry": { "type": "Polygon", "coordinates": [ [ [ 526189.0, 4507517.0 ], [ 526189.0, 4507426.0 ], [ 526371.0, 4507426.0 ], [ 526371.0, 4507517.0 ], [ 526189.0, 4507517.0 ] ] ] } },
{ "type": "Feature", "properties": { "area_km2": 0.008281 }, "geometry": { "type": "Polygon", "coordinates": [ [ [ 527463.0, 4507517.0 ], [ 527463.0, 4507426.0 ], [ 527554.0, 4507426.0 ], [ 527554.0, 4507517.0 ], [ 527463.0, 4507517.0 ] ] ] } },
{ "type": "Feature", "properties": { "area_km2": 0.016562 }, "geometry": { "type": "Polygon", "coordinates": [ [ [ 539657.0, 4507517.0 ], [ 539657.0, 4507426.0 ], [ 539839.0, 4507426.0 ], [ 539839.0, 4507517.0 ], [ 539657.0, 4507517.0 ] ] ] } },
{ "type": "Feature", "properties": { "area_km2": 0.024843 }, "geometry": { "type": "Polygon", "coordinates": [ [ [ 541295.0, 4507517.0 ], [ 541295.0, 4507426.0 ], [ 541568.0, 4507426.0 ], [ 541568.0, 4507517.0 ], [ 541295.0, 4507517.0 ] ] ] } },
{ "type": "Feature", "properties": { "area_km2": 0.008281 }, "geometry": { "type": "Polygon", "coordinates": [ [ [ 542569.0, 4507517.0 ], [ 542569.0, 4507426.0 ], [ 542660.0, 4507426.0 ], [ 542660.0, 4507517.0 ], [ 542569.0, 4507517.0 ] ] ] } },
{ "type": "Feature", "properties": { "area_km2": 0.008281 }, "geometry": { "type": "Polygon", "coordinates": [ [ [ 544116.0, 4507517.0 ], [ 544116.0, 4507426.0 ], [ 544207.0, 4507426.0 ], [ 544207.0, 4507517.0 ], [ 544116.0, 4507517.0 ] ] ] } },
{ "type": "Feature", "properties": { "area_km2": 0.008281 }, "geometry": { "type": "Polygon", "coordinates": [ [ [ 544480.0, 4507517.0 ], [ 544480.0, 4507426.0 ], [ 544571.0, 4507426.0 ], [ 544571.0, 4507517.0 ], [ 544480.0, 4507517.0 ] ] ] } },
{ "type": "Feature", "properties": { "area_km2": 0.024843 }, "geometry": { "type": "Polygon", "coordinates": [ [ [ 540294.0, 4507517.0 ], [ 540294.0, 4507335.0 ], [ 540385.0, 4507335.0 ], [ 540385.0, 4507426.0 ], [ 540476.0, 4507426.0 ], [ 540476.0, 4507517.0 ], [ 540294.0, 4507517.0 ] ] ] } },
{ "type": "Feature", "properties": { "area_km2": 0.08281 }, "geometry": { "type": "Polygon", "coordinates": [ [ [ 543297.0, 4507699.0 ], [ 543297.0, 4507608.0 ], [ 543388.0, 4507608.0 ], [ 543388.0, 4507517.0 ], [ 543297.0, 4507517.0 ], [ 543297.0, 4507426.0 ], [ 543388.0, 4507426.0 ], [ 543388.0, 4507335.0 ], [ 543479.0, 4507335.0 ], [ 543479.0, 4507426.0 ], [ 543661.0, 4507426.0 ], [ 543661.0, 4507517.0 ], [ 543570.0, 4507517.0 ], [ 543570.0, 4507699.0 ], [ 543297.0, 4507699.0 ] ] ] } },
{ "type": "Feature", "properties": { "area_km2": 0.008281 }, "geometry": { "type": "Polygon", "coordinates": [ [ [ 527736.0, 4507426.0 ], [ 527736.0, 4507335.0 ], [ 527827.0, 4507335.0 ], [ 527827.0, 4507426.0 ], [ 527736.0, 4507426.0 ] ] ] } },
{ "type": "Feature", "properties": { "area_km2": 0.024843 }, "geometry": { "type": "Polygon", "coordinates": [ [ [ 528009.0, 4507426.0 ], [ 528009.0, 4507335.0 ], [ 528282.0, 4507335.0 ], [ 528282.0, 4507426.0 ], [ 528009.0, 4507426.0 ] ] ] } },
{ "type": "Feature", "properties": { "area_km2": 0.008281 }, "geometry": { "type": "Polygon", "coordinates": [ [ [ 539020.0, 4507426.0 ], [ 539020.0, 4507335.0 ], [ 539111.0, 4507335.0 ], [ 539111.0, 4507426.0 ], [ 539020.0, 4507426.0 ] ] ] } },
{ "type": "Feature", "properties": { "area_km2": 0.008281 }, "geometry": { "type": "Polygon", "coordinates": [ [ [ 541750.0, 4507426.0 ], [ 541750.0, 4507335.0 ], [ 541841.0, 4507335.0 ], [ 541841.0, 4507426.0 ], [ 541750.0, 4507426.0 ] ] ] } },
{ "type": "Feature", "properties": { "area_km2": 0.041405 }, "geometry": { "type": "Polygon", "coordinates": [ [ [ 543661.0, 4507426.0 ], [ 543661.0, 4507335.0 ], [ 543752.0, 4507335.0 ], [ 543752.0, 4507244.0 ], [ 543843.0, 4507244.0 ], [ 543843.0, 4507335.0 ], [ 544025.0, 4507335.0 ], [ 544025.0, 4507426.0 ], [ 543661.0, 4507426.0 ] ] ] } },
{ "type": "Feature", "properties": { "area_km2": 0.016562 }, "geometry": { "type": "Polygon", "coordinates": [ [ [ 525734.0, 4507335.0 ], [ 525734.0, 4507244.0 ], [ 525916.0, 4507244.0 ], [ 525916.0, 4507335.0 ], [ 525734.0, 4507335.0 ] ] ] } },
{ "type": "Feature", "properties": { "area_km2": 0.016562 }, "geometry": { "type": "Polygon", "coordinates": [ [ [ 527463.0, 4507335.0 ], [ 527463.0, 4507244.0 ], [ 527645.0, 4507244.0 ], [ 527645.0, 4507335.0 ], [ 527463.0, 4507335.0 ] ] ] } },
{ "type": "Feature", "properties": { "area_km2": 0.008281 }, "geometry": { "type": "Polygon", "coordinates": [ [ [ 528373.0, 4507335.0 ], [ 528373.0, 4507244.0 ], [ 528464.0, 4507244.0 ], [ 528464.0, 4507335.0 ], [ 528373.0, 4507335.0 ] ] ] } },
{ "type": "Feature", "properties": { "area_km2": 0.008281 }, "geometry": { "type": "Polygon", "coordinates": [ [ [ 540749.0, 4507335.0 ], [ 540749.0, 4507244.0 ], [ 540840.0, 4507244.0 ], [ 540840.0, 4507335.0 ], [ 540749.0, 4507335.0 ] ] ] } },
{ "type": "Feature", "properties": { "area_km2": 0.008281 }, "geometry": { "type": "Polygon", "coordinates": [ [ [ 541386.0, 4507335.0 ], [ 541386.0, 4507244.0 ], [ 541477.0, 4507244.0 ], [ 541477.0, 4507335.0 ], [ 541386.0, 4507335.0 ] ] ] } },
{ "type": "Feature", "properties": { "area_km2": 0.008281 }, "geometry": { "type": "Polygon", "coordinates": [ [ [ 544116.0, 4507335.0 ], [ 544116.0, 4507244.0 ], [ 544207.0, 4507244.0 ], [ 544207.0, 4507335.0 ], [ 544116.0, 4507335.0 ] ] ] } },
{ "type": "Feature", "properties": { "area_km2": 0.099372 }, "geometry": { "type": "Polygon", "coordinates": [ [ [ 537564.0, 4507517.0 ], [ 537564.0, 4507426.0 ], [ 537473.0, 4507426.0 ], [ 537473.0, 4507335.0 ], [ 537564.0, 4507335.0 ], [ 537564.0, 4507244.0 ], [ 537746.0, 4507244.0 ], [ 537746.0, 4507153.0 ], [ 537837.0, 4507153.0 ], [ 537837.0, 4507244.0 ], [ 538019.0, 4507244.0 ], [ 538019.0, 4507426.0 ], [ 537837.0, 4507426.0 ], [ 537837.0, 4507335.0 ], [ 537746.0, 4507335.0 ], [ 537746.0, 4507426.0 ], [ 537655.0, 4507426.0 ], [ 537655.0, 4507517.0 ], [ 537564.0, 4507517.0 ] ] ] } },
{ "type": "Feature", "properties": { "area_km2": 0.008281 }, "geometry": { "type": "Polygon", "coordinates": [ [ [ 539020.0, 4507244.0 ], [ 539020.0, 4507153.0 ], [ 539111.0, 4507153.0 ], [ 539111.0, 4507244.0 ], [ 539020.0, 4507244.0 ] ] ] } },
{ "type": "Feature", "properties": { "area_km2": 0.008281 }, "geometry": { "type": "Polygon", "coordinates": [ [ [ 541295.0, 4507244.0 ], [ 541295.0, 4507153.0 ], [ 541386.0, 4507153.0 ], [ 541386.0, 4507244.0 ], [ 541295.0, 4507244.0 ] ] ] } },
{ "type": "Feature", "properties": { "area_km2": 0.008281 }, "geometry": { "type": "Polygon", "coordinates": [ [ [ 542751.0, 4507244.0 ], [ 542751.0, 4507153.0 ], [ 542842.0, 4507153.0 ], [ 542842.0, 4507244.0 ], [ 542751.0, 4507244.0 ] ] ] } },
{ "type": "Feature", "properties": { "area_km2": 0.008281 }, "geometry": { "type": "Polygon", "coordinates": [ [ [ 543024.0, 4507244.0 ], [ 543024.0, 4507153.0 ], [ 543115.0, 4507153.0 ], [ 543115.0, 4507244.0 ], [ 543024.0, 4507244.0 ] ] ] } },
{ "type": "Feature", "properties": { "area_km2": 0.198744 }, "geometry": { "type": "Polygon", "coordinates": [ [ [ 538110.0, 4507608.0 ], [ 538110.0, 4507426.0 ], [ 538201.0, 4507426.0 ], [ 538201.0, 4507335.0 ], [ 538110.0, 4507335.0 ], [ 538110.0, 4507244.0 ], [ 538201.0, 4507244.0 ], [ 538201.0, 4507153.0 ], [ 538292.0, 4507153.0 ], [ 538292.0, 4507062.0 ], [ 538656.0, 4507062.0 ], [ 538656.0, 4507153.0 ], [ 538747.0, 4507153.0 ], [ 538747.0, 4507062.0 ], [ 539020.0, 4507062.0 ], [ 539020.0, 4507153.0 ], [ 538838.0, 4507153.0 ], [ 538838.0, 4507244.0 ], [ 538565.0, 4507244.0 ], [ 538565.0, 4507335.0 ], [ 538474.0, 4507335.0 ], [ 538474.0, 4507244.0 ], [ 538383.0, 4507244.0 ], [ 538383.0, 4507517.0 ], [ 538201.0, 4507517.0 ], [ 538201.0, 4507608.0 ], [ 538110.0, 4507608.0 ] ] ] } },
{ "type": "Feature", "properties": { "area_km2": 0.016562 }, "geometry": { "type": "Polygon", "coordinates": [ [ [ 538019.0, 4507153.0 ], [ 538019.0, 4507062.0 ], [ 538201.0, 4507062.0 ], [ 538201.0, 4507153.0 ], [ 538019.0, 4507153.0 ] ] ] } },
{ "type": "Feature", "properties": { "area_km2": 0.016562 }, "geometry": { "type": "Polygon", "coordinates": [ [ [ 543297.0, 4507153.0 ], [ 543297.0, 4507062.0 ], [ 543479.0, 4507062.0 ], [ 543479.0, 4507153.0 ], [ 543297.0, 4507153.0 ] ] ] } },
{ "type": "Feature", "properties": { "area_km2": 0.099372 }, "geometry": { "type": "Polygon", "coordinates": [ [ [ 527645.0, 4507244.0 ], [ 527645.0, 4507153.0 ], [ 528009.0, 4507153.0 ], [ 528009.0, 4507062.0 ], [ 528373.0, 4507062.0 ], [ 528373.0, 4506971.0 ], [ 528464.0, 4506971.0 ], [ 528464.0, 4507062.0 ], [ 528555.0, 4507062.0 ], [ 528555.0, 4507153.0 ], [ 528100.0, 4507153.0 ], [ 528100.0, 4507244.0 ], [ 527645.0, 4507244.0 ] ] ] } },
{ "type": "Feature", "properties": { "area_km2": 0.240149 }, "geometry": { "type": "Polygon", "coordinates": [ [ [ 544935.0, 4507517.0 ], [ 544935.0, 4507426.0 ], [ 544844.0, 4507426.0 ], [ 544844.0, 4507335.0 ], [ 544571.0, 4507335.0 ], [ 544571.0, 4507244.0 ], [ 544298.0, 4507244.0 ], [ 544298.0, 4507153.0 ], [ 544389.0, 4507153.0 ], [ 544389.0, 4507062.0 ], [ 544480.0, 4507062.0 ], [ 544480.0, 4506971.0 ], [ 544571.0, 4506971.0 ], [ 544571.0, 4507062.0 ], [ 545026.0, 4507062.0 ], [ 545026.0, 4506971.0 ], [ 545117.0, 4506971.0 ], [ 545117.0, 4507062.0 ], [ 545208.0, 4507062.0 ], [ 545208.0, 4507335.0 ], [ 545026.0, 4507335.0 ], [ 545026.0, 4507517.0 ], [ 544935.0, 4507517.0 ] ], [ [ 544844.0, 4507335.0 ], [ 544935.0, 4507335.0 ], [ 544935.0, 4507244.0 ], [ 544844.0, 4507244.0 ], [ 544844.0, 4507335.0 ] ], [ [ 544935.0, 4507244.0 ], [ 545026.0, 4507244.0 ], [ 545026.0, 4507153.0 ], [ 544935.0, 4507153.0 ], [ 544935.0, 4507244.0 ] ] ] } },
{ "type": "Feature", "properties": { "area_km2": 0.008281 }, "geometry": { "type": "Polygon", "coordinates": [ [ [ 538656.0, 4507062.0 ], [ 538656.0, 4506971.0 ], [ 538747.0, 4506971.0 ], [ 538747.0, 4507062.0 ], [ 538656.0, 4507062.0 ] ] ] } },
{ "type": "Feature", "properties": { "area_km2": 0.240149 }, "geometry": { "type": "Polygon", "coordinates": [ [ [ 540476.0, 4507426.0 ], [ 540476.0, 4507244.0 ], [ 540294.0, 4507244.0 ], [ 540294.0, 4507335.0 ], [ 540203.0, 4507335.0 ], [ 540203.0, 4507244.0 ], [ 540112.0, 4507244.0 ], [ 540112.0, 4507153.0 ], [ 540203.0, 4507153.0 ], [ 540203.0, 4507062.0 ], [ 540476.0, 4507062.0 ], [ 540476.0, 4507153.0 ], [ 540567.0, 4507153.0 ], [ 540567.0, 4506971.0 ], [ 540931.0, 4506971.0 ], [ 540931.0, 4506880.0 ], [ 541204.0, 4506880.0 ], [ 541204.0, 4507244.0 ], [ 541113.0, 4507244.0 ], [ 541113.0, 4507153.0 ], [ 541022.0, 4507153.0 ], [ 541022.0, 4507062.0 ], [ 540840.0, 4507062.0 ], [ 540840.0, 4507153.0 ], [ 540658.0, 4507153.0 ], [ 540658.0, 4507335.0 ], [ 540567.0, 4507335.0 ], [ 540567.0, 4507426.0 ], [ 540476.0, 4507426.0 ] ] ] } },
{ "type": "Feature", "properties": { "area_km2": 0.008281 }, "geometry": { "type": "Polygon", "coordinates": [ [ [ 527736.0, 4506971.0 ], [ 527736.0, 4506880.0 ], [ 527827.0, 4506880.0 ], [ 527827.0, 4506971.0 ], [ 527736.0, 4506971.0 ] ] ] } },
{ "type": "Feature", "properties": { "area_km2": 0.008281 }, "geometry": { "type": "Polygon", "coordinates": [ [ [ 538929.0, 4506971.0 ], [ 538929.0, 4506880.0 ], [ 539020.0, 4506880.0 ], [ 539020.0, 4506971.0 ], [ 538929.0, 4506971.0 ] ] ] } },
{ "type": "Feature", "properties": { "area_km2": 0.008281 }, "geometry": { "type": "Polygon", "coordinates": [ [ [ 541932.0, 4506971.0 ], [ 541932.0, 4506880.0 ], [ 542023.0, 4506880.0 ], [ 542023.0, 4506971.0 ], [ 541932.0, 4506971.0 ] ] ] } },
{ "type": "Feature", "properties": { "area_km2": 0.008281 }, "geometry": { "type": "Polygon", "coordinates": [ [ [ 542114.0, 4506971.0 ], [ 542114.0, 4506880.0 ], [ 542205.0, 4506880.0 ], [ 542205.0, 4506971.0 ], [ 542114.0, 4506971.0 ] ] ] } },
{ "type": "Feature", "properties": { "area_km2": 0.016562 }, "geometry": { "type": "Polygon", "coordinates": [ [ [ 542842.0, 4506971.0 ], [ 542842.0, 4506880.0 ], [ 543024.0, 4506880.0 ], [ 543024.0, 4506971.0 ], [ 542842.0, 4506971.0 ] ] ] } },
{ "type": "Feature", "properties": { "area_km2": 0.008281 }, "geometry": { "type": "Polygon", "coordinates": [ [ [ 544298.0, 4506971.0 ], [ 544298.0, 4506880.0 ], [ 544389.0, 4506880.0 ], [ 544389.0, 4506971.0 ], [ 544298.0, 4506971.0 ] ] ] } },
{ "type": "Feature", "properties": { "area_km2": 0.024843 }, "geometry": { "type": "Polygon", "coordinates": [ [ [ 537746.0, 4506971.0 ], [ 537746.0, 4506880.0 ], [ 537837.0, 4506880.0 ], [ 537837.0, 4506789.0 ], [ 537928.0, 4506789.0 ], [ 537928.0, 4506971.0 ], [ 537746.0, 4506971.0 ] ] ] } },
{ "type": "Feature", "properties": { "area_km2": 0.033124 }, "geometry": { "type": "Polygon", "coordinates": [ [ [ 528009.0, 4506880.0 ], [ 528009.0, 4506789.0 ], [ 528373.0, 4506789.0 ], [ 528373.0, 4506880.0 ], [ 528009.0, 4506880.0 ] ] ] } },
{ "type": "Feature", "properties": { "area_km2": 0.008281 }, "geometry": { "type": "Polygon", "coordinates": [ [ [ 539111.0, 4506880.0 ], [ 539111.0, 4506789.0 ], [ 539202.0, 4506789.0 ], [ 539202.0, 4506880.0 ], [ 539111.0, 4506880.0 ] ] ] } },
{ "type": "Feature", "properties": { "area_km2": 0.024843 }, "geometry": { "type": "Polygon", "coordinates": [ [ [ 541841.0, 4506880.0 ], [ 541841.0, 4506698.0 ], [ 542023.0, 4506698.0 ], [ 542023.0, 4506789.0 ], [ 541932.0, 4506789.0 ], [ 541932.0, 4506880.0 ], [ 541841.0, 4506880.0 ] ] ] } },
{ "type": "Feature", "properties": { "area_km2": 0.008281 }, "geometry": { "type": "Polygon", "coordinates": [ [ [ 526098.0, 4506789.0 ], [ 526098.0, 4506698.0 ], [ 526189.0, 4506698.0 ], [ 526189.0, 4506789.0 ], [ 526098.0, 4506789.0 ] ] ] } },
{ "type": "Feature", "properties": { "area_km2": 0.008281 }, "geometry": { "type": "Polygon", "coordinates": [ [ [ 537655.0, 4506789.0 ], [ 537655.0, 4506698.0 ], [ 537746.0, 4506698.0 ], [ 537746.0, 4506789.0 ], [ 537655.0, 4506789.0 ] ] ] } },
{ "type": "Feature", "properties": { "area_km2": 0.008281 }, "geometry": { "type": "Polygon", "coordinates": [ [ [ 538838.0, 4506789.0 ], [ 538838.0, 4506698.0 ], [ 538929.0, 4506698.0 ], [ 538929.0, 4506789.0 ], [ 538838.0, 4506789.0 ] ] ] } },
{ "type": "Feature", "properties": { "area_km2": 0.008281 }, "geometry": { "type": "Polygon", "coordinates": [ [ [ 539839.0, 4506789.0 ], [ 539839.0, 4506698.0 ], [ 539930.0, 4506698.0 ], [ 539930.0, 4506789.0 ], [ 539839.0, 4506789.0 ] ] ] } },
{ "type": "Feature", "properties": { "area_km2": 0.008281 }, "geometry": { "type": "Polygon", "coordinates": [ [ [ 540021.0, 4506698.0 ], [ 540021.0, 4506607.0 ], [ 540112.0, 4506607.0 ], [ 540112.0, 4506698.0 ], [ 540021.0, 4506698.0 ] ] ] } },
{ "type": "Feature", "properties": { "area_km2": 0.091091 }, "geometry": { "type": "Polygon", "coordinates": [ [ [ 538019.0, 4506880.0 ], [ 538019.0, 4506789.0 ], [ 538110.0, 4506789.0 ], [ 538110.0, 4506698.0 ], [ 537746.0, 4506698.0 ], [ 537746.0, 4506607.0 ], [ 538292.0, 4506607.0 ], [ 538292.0, 4506516.0 ], [ 538383.0, 4506516.0 ], [ 538383.0, 4506698.0 ], [ 538201.0, 4506698.0 ], [ 538201.0, 4506880.0 ], [ 538019.0, 4506880.0 ] ] ] } },
{ "type": "Feature", "properties": { "area_km2": 0.024843 }, "geometry": { "type": "Polygon", "coordinates": [ [ [ 538565.0, 4506698.0 ], [ 538565.0, 4506516.0 ], [ 538747.0, 4506516.0 ], [ 538747.0, 4506607.0 ], [ 538656.0, 4506607.0 ], [ 538656.0, 4506698.0 ], [ 538565.0, 4506698.0 ] ] ] } },
{ "type": "Feature", "properties": { "area_km2": 0.008281 }, "geometry": { "type": "Polygon", "coordinates": [ [ [ 527008.0, 4506607.0 ], [ 527008.0, 4506516.0 ], [ 527099.0, 4506516.0 ], [ 527099.0, 4506607.0 ], [ 527008.0, 4506607.0 ] ] ] } },
{ "type": "Feature", "properties": { "area_km2": 0.008281 }, "geometry": { "type": "Polygon", "coordinates": [ [ [ 527554.0, 4506607.0 ], [ 527554.0, 4506516.0 ], [ 527645.0, 4506516.0 ], [ 527645.0, 4506607.0 ], [ 527554.0, 4506607.0 ] ] ] } },
{ "type": "Feature", "properties": { "area_km2": 0.033124 }, "geometry": { "type": "Polygon", "coordinates": [ [ [ 528282.0, 4506698.0 ], [ 528282.0, 4506607.0 ], [ 528191.0, 4506607.0 ], [ 528191.0, 4506516.0 ], [ 528464.0, 4506516.0 ], [ 528464.0, 4506607.0 ], [ 528373.0, 4506607.0 ], [ 528373.0, 4506698.0 ], [ 528282.0, 4506698.0 ] ] ] } },
{ "type": "Feature", "properties": { "area_km2": 0.008281 }, "geometry": { "type": "Polygon", "coordinates": [ [ [ 539930.0, 4506607.0 ], [ 539930.0, 4506516.0 ], [ 540021.0, 4506516.0 ], [ 540021.0, 4506607.0 ], [ 539930.0, 4506607.0 ] ] ] } },
{ "type": "Feature", "properties": { "area_km2": 0.041405 }, "geometry": { "type": "Polygon", "coordinates": [ [ [ 542660.0, 4506789.0 ], [ 542660.0, 4506698.0 ], [ 542751.0, 4506698.0 ], [ 542751.0, 4506607.0 ], [ 542660.0, 4506607.0 ], [ 542660.0, 4506516.0 ], [ 542842.0, 4506516.0 ], [ 542842.0, 4506789.0 ], [ 542660.0, 4506789.0 ] ] ] } },
{ "type": "Feature", "properties": { "area_km2": 0.008281 }, "geometry": { "type": "Polygon", "coordinates": [ [ [ 544662.0, 4506607.0 ], [ 544662.0, 4506516.0 ], [ 544753.0, 4506516.0 ], [ 544753.0, 4506607.0 ], [ 544662.0, 4506607.0 ] ] ] } },
{ "type": "Feature", "properties": { "area_km2": 0.091091 }, "geometry": { "type": "Polygon", "coordinates": [ [ [ 543115.0, 4506789.0 ], [ 543115.0, 4506698.0 ], [ 543024.0, 4506698.0 ], [ 543024.0, 4506516.0 ], [ 543206.0, 4506516.0 ], [ 543206.0, 4506425.0 ], [ 543297.0, 4506425.0 ], [ 543297.0, 4506516.0 ], [ 543479.0, 4506516.0 ], [ 543479.0, 4506607.0 ], [ 543297.0, 4506607.0 ], [ 543297.0, 4506789.0 ], [ 543115.0, 4506789.0 ] ] ] } },
{ "type": "Feature", "properties": { "area_km2": 0.024843 }, "geometry": { "type": "Polygon", "coordinates": [ [ [ 541841.0, 4506607.0 ], [ 541841.0, 4506425.0 ], [ 541932.0, 4506425.0 ], [ 541932.0, 4506516.0 ], [ 542023.0, 4506516.0 ], [ 542023.0, 4506607.0 ], [ 541841.0, 4506607.0 ] ] ] } },
{ "type": "Feature", "properties": { "area_km2": 0.008281 }, "geometry": { "type": "Polygon", "coordinates": [ [ [ 537655.0, 4506516.0 ], [ 537655.0, 4506425.0 ], [ 537746.0, 4506425.0 ], [ 537746.0, 4506516.0 ], [ 537655.0, 4506516.0 ] ] ] } },
{ "type": "Feature", "properties": { "area_km2": 0.273273 }, "geometry": { "type": "Polygon", "coordinates": [ [ [ 541568.0, 4507153.0 ], [ 541568.0, 4507062.0 ], [ 541295.0, 4507062.0 ], [ 541295.0, 4506789.0 ], [ 541386.0, 4506789.0 ], [ 541386.0, 4506698.0 ], [ 541204.0, 4506698.0 ], [ 541204.0, 4506789.0 ], [ 541113.0, 4506789.0 ], [ 541113.0, 4506698.0 ], [ 540931.0, 4506698.0 ], [ 540931.0, 4506607.0 ], [ 541386.0, 4506607.0 ], [ 541386.0, 4506334.0 ], [ 541568.0, 4506334.0 ], [ 541568.0, 4506425.0 ], [ 541477.0, 4506425.0 ], [ 541477.0, 4506516.0 ], [ 541750.0, 4506516.0 ], [ 541750.0, 4506698.0 ], [ 541477.0, 4506698.0 ], [ 541477.0, 4506789.0 ], [ 541659.0, 4506789.0 ], [ 541659.0, 4506971.0 ], [ 541841.0, 4506971.0 ], [ 541841.0, 4507062.0 ], [ 541659.0, 4507062.0 ], [ 541659.0, 4507153.0 ], [ 541568.0, 4507153.0 ] ] ] } },
{ "type": "Feature", "properties": { "area_km2": 0.057967 }, "geometry": { "type": "Polygon", "coordinates": [ [ [ 537837.0, 4506516.0 ], [ 537837.0, 4506334.0 ], [ 538292.0, 4506334.0 ], [ 538292.0, 4506425.0 ], [ 538019.0, 4506425.0 ], [ 538019.0, 4506516.0 ], [ 537837.0, 4506516.0 ] ] ] } },
{ "type": "Feature", "properties": { "area_km2": 0.033124 }, "geometry": { "type": "Polygon", "coordinates": [ [ [ 543479.0, 4506516.0 ], [ 543479.0, 4506425.0 ], [ 543570.0, 4506425.0 ], [ 543570.0, 4506334.0 ], [ 543752.0, 4506334.0 ], [ 543752.0, 4506425.0 ], [ 543661.0, 4506425.0 ], [ 543661.0, 4506516.0 ], [ 543479.0, 4506516.0 ] ] ] } },
{ "type": "Feature", "properties": { "area_km2": 0.008281 }, "geometry": { "type": "Polygon", "coordinates": [ [ [ 528464.0, 4506425.0 ], [ 528464.0, 4506334.0 ], [ 528555.0, 4506334.0 ], [ 528555.0, 4506425.0 ], [ 528464.0, 4506425.0 ] ] ] } },
{ "type": "Feature", "properties": { "area_km2": 0.008281 }, "geometry": { "type": "Polygon", "coordinates": [ [ [ 541113.0, 4506425.0 ], [ 541113.0, 4506334.0 ], [ 541204.0, 4506334.0 ], [ 541204.0, 4506425.0 ], [ 541113.0, 4506425.0 ] ] ] } },
{ "type": "Feature", "properties": { "area_km2": 0.008281 }, "geometry": { "type": "Polygon", "coordinates": [ [ [ 542387.0, 4506425.0 ], [ 542387.0, 4506334.0 ], [ 542478.0, 4506334.0 ], [ 542478.0, 4506425.0 ], [ 542387.0, 4506425.0 ] ] ] } },
{ "type": "Feature", "properties": { "area_km2": 0.008281 }, "geometry": { "type": "Polygon", "coordinates": [ [ [ 544116.0, 4506425.0 ], [ 544116.0, 4506334.0 ], [ 544207.0, 4506334.0 ], [ 544207.0, 4506425.0 ], [ 544116.0, 4506425.0 ] ] ] } },
{ "type": "Feature", "properties": { "area_km2": 0.008281 }, "geometry": { "type": "Polygon", "coordinates": [ [ [ 538292.0, 4506334.0 ], [ 538292.0, 4506243.0 ], [ 538383.0, 4506243.0 ], [ 538383.0, 4506334.0 ], [ 538292.0, 4506334.0 ] ] ] } },
{ "type": "Feature", "properties": { "area_km2": 0.016562 }, "geometry": { "type": "Polygon", "coordinates": [ [ [ 541022.0, 4506334.0 ], [ 541022.0, 4506152.0 ], [ 541113.0, 4506152.0 ], [ 541113.0, 4506334.0 ], [ 541022.0, 4506334.0 ] ] ] } },
{ "type": "Feature", "properties": { "area_km2": 0.107653 }, "geometry": { "type": "Polygon", "coordinates": [ [ [ 542842.0, 4506516.0 ], [ 542842.0, 4506425.0 ], [ 542751.0, 4506425.0 ], [ 542751.0, 4506334.0 ], [ 542660.0, 4506334.0 ], [ 542660.0, 4506243.0 ], [ 542842.0, 4506243.0 ], [ 542842.0, 4506334.0 ], [ 543115.0, 4506334.0 ], [ 543115.0, 4506152.0 ], [ 543297.0, 4506152.0 ], [ 543297.0, 4506243.0 ], [ 543388.0, 4506243.0 ], [ 543388.0, 4506334.0 ], [ 543206.0, 4506334.0 ], [ 543206.0, 4506425.0 ], [ 542933.0, 4506425.0 ], [ 542933.0, 4506516.0 ], [ 542842.0, 4506516.0 ] ] ] } },
{ "type": "Feature", "properties": { "area_km2": 0.033124 }, "geometry": { "type": "Polygon", "coordinates": [ [ [ 544753.0, 4506425.0 ], [ 544753.0, 4506334.0 ], [ 544662.0, 4506334.0 ], [ 544662.0, 4506152.0 ], [ 544753.0, 4506152.0 ], [ 544753.0, 4506243.0 ], [ 544844.0, 4506243.0 ], [ 544844.0, 4506425.0 ], [ 544753.0, 4506425.0 ] ] ] } },
{ "type": "Feature", "properties": { "area_km2": 0.074529 }, "geometry": { "type": "Polygon", "coordinates": [ [ [ 540567.0, 4506516.0 ], [ 540567.0, 4506425.0 ], [ 540476.0, 4506425.0 ], [ 540476.0, 4506334.0 ], [ 540567.0, 4506334.0 ], [ 540567.0, 4506243.0 ], [ 540476.0, 4506243.0 ], [ 540476.0, 4506152.0 ], [ 540658.0, 4506152.0 ], [ 540658.0, 4506243.0 ], [ 540749.0, 4506243.0 ], [ 540749.0, 4506334.0 ], [ 540840.0, 4506334.0 ], [ 540840.0, 4506425.0 ], [ 540658.0, 4506425.0 ], [ 540658.0, 4506516.0 ], [ 540567.0, 4506516.0 ] ] ] } },
{ "type": "Feature", "properties": { "area_km2": 0.016562 }, "geometry": { "type": "Polygon", "coordinates": [ [ [ 542296.0, 4506243.0 ], [ 542296.0, 4506152.0 ], [ 542478.0, 4506152.0 ], [ 542478.0, 4506243.0 ], [ 542296.0, 4506243.0 ] ] ] } },
{ "type": "Feature", "properties": { "area_km2": 0.008281 }, "geometry": { "type": "Polygon", "coordinates": [ [ [ 543388.0, 4506243.0 ], [ 543388.0, 4506152.0 ], [ 543479.0, 4506152.0 ], [ 543479.0, 4506243.0 ], [ 543388.0, 4506243.0 ] ] ] } },
{ "type": "Feature", "properties": { "area_km2": 0.041405 }, "geometry": { "type": "Polygon", "coordinates": [ [ [ 537837.0, 4506243.0 ], [ 537837.0, 4506061.0 ], [ 538019.0, 4506061.0 ], [ 538019.0, 4506152.0 ], [ 538110.0, 4506152.0 ], [ 538110.0, 4506243.0 ], [ 537837.0, 4506243.0 ] ] ] } },
{ "type": "Feature", "properties": { "area_km2": 0.008281 }, "geometry": { "type": "Polygon", "coordinates": [ [ [ 528191.0, 4506152.0 ], [ 528191.0, 4506061.0 ], [ 528282.0, 4506061.0 ], [ 528282.0, 4506152.0 ], [ 528191.0, 4506152.0 ] ] ] } },
{ "type": "Feature", "properties": { "area_km2": 0.008281 }, "geometry": { "type": "Polygon", "coordinates": [ [ [ 538110.0, 4506152.0 ], [ 538110.0, 4506061.0 ], [ 538201.0, 4506061.0 ], [ 538201.0, 4506152.0 ], [ 538110.0, 4506152.0 ] ] ] } },
{ "type": "Feature", "properties": { "area_km2": 0.016562 }, "geometry": { "type": "Polygon", "coordinates": [ [ [ 542569.0, 4506152.0 ], [ 542569.0, 4506061.0 ], [ 542751.0, 4506061.0 ], [ 542751.0, 4506152.0 ], [ 542569.0, 4506152.0 ] ] ] } },
{ "type": "Feature", "properties": { "area_km2": 0.033124 }, "geometry": { "type": "Polygon", "coordinates": [ [ [ 538474.0, 4506152.0 ], [ 538474.0, 4505970.0 ], [ 538656.0, 4505970.0 ], [ 538656.0, 4506152.0 ], [ 538474.0, 4506152.0 ] ] ] } },
{ "type": "Feature", "properties": { "area_km2": 0.024843 }, "geometry": { "type": "Polygon", "coordinates": [ [ [ 538747.0, 4506061.0 ], [ 538747.0, 4505970.0 ], [ 539020.0, 4505970.0 ], [ 539020.0, 4506061.0 ], [ 538747.0, 4506061.0 ] ] ] } },
{ "type": "Feature", "properties": { "area_km2": 0.008281 }, "geometry": { "type": "Polygon", "coordinates": [ [ [ 541113.0, 4506061.0 ], [ 541113.0, 4505970.0 ], [ 541204.0, 4505970.0 ], [ 541204.0, 4506061.0 ], [ 541113.0, 4506061.0 ] ] ] } },
{ "type": "Feature", "properties": { "area_km2": 0.173901 }, "geometry": { "type": "Polygon", "coordinates": [ [ [ 543570.0, 4506243.0 ], [ 543570.0, 4506152.0 ], [ 543661.0, 4506152.0 ], [ 543661.0, 4506061.0 ], [ 543843.0, 4506061.0 ], [ 543843.0, 4505970.0 ], [ 544298.0, 4505970.0 ], [ 544298.0, 4505879.0 ], [ 544844.0, 4505879.0 ], [ 544844.0, 4506061.0 ], [ 544753.0, 4506061.0 ], [ 544753.0, 4505970.0 ], [ 544571.0, 4505970.0 ], [ 544571.0, 4506061.0 ], [ 544480.0, 4506061.0 ], [ 544480.0, 4505970.0 ], [ 544389.0, 4505970.0 ], [ 544389.0, 4506061.0 ], [ 544116.0, 4506061.0 ], [ 544116.0, 4506152.0 ], [ 543752.0, 4506152.0 ], [ 543752.0, 4506243.0 ], [ 543570.0, 4506243.0 ] ] ] } },
{ "type": "Feature", "properties": { "area_km2": 0.016562 }, "geometry": { "type": "Polygon", "coordinates": [ [ [ 537928.0, 4505970.0 ], [ 537928.0, 4505879.0 ], [ 538110.0, 4505879.0 ], [ 538110.0, 4505970.0 ], [ 537928.0, 4505970.0 ] ] ] } },
{ "type": "Feature", "properties": { "area_km2": 0.033124 }, "geometry": { "type": "Polygon", "coordinates": [ [ [ 541477.0, 4505970.0 ], [ 541477.0, 4505879.0 ], [ 541841.0, 4505879.0 ], [ 541841.0, 4505970.0 ], [ 541477.0, 4505970.0 ] ] ] } },
{ "type": "Feature", "properties": { "area_km2": 0.008281 }, "geometry": { "type": "Polygon", "coordinates": [ [ [ 537837.0, 4505879.0 ], [ 537837.0, 4505788.0 ], [ 537928.0, 4505788.0 ], [ 537928.0, 4505879.0 ], [ 537837.0, 4505879.0 ] ] ] } },
{ "type": "Feature", "properties": { "area_km2": 0.008281 }, "geometry": { "type": "Polygon", "coordinates": [ [ [ 538201.0, 4505879.0 ], [ 538201.0, 4505788.0 ], [ 538292.0, 4505788.0 ], [ 538292.0, 4505879.0 ], [ 538201.0, 4505879.0 ] ] ] } },
{ "type": "Feature", "properties": { "area_km2": 0.008281 }, "geometry": { "type": "Polygon", "coordinates": [ [ [ 538656.0, 4505879.0 ], [ 538656.0, 4505788.0 ], [ 538747.0, 4505788.0 ], [ 538747.0, 4505879.0 ], [ 538656.0, 4505879.0 ] ] ] } },
{ "type": "Feature", "properties": { "area_km2": 0.016562 }, "geometry": { "type": "Polygon", "coordinates": [ [ [ 543024.0, 4505879.0 ], [ 543024.0, 4505788.0 ], [ 543206.0, 4505788.0 ], [ 543206.0, 4505879.0 ], [ 543024.0, 4505879.0 ] ] ] } },
{ "type": "Feature", "properties": { "area_km2": 0.033124 }, "geometry": { "type": "Polygon", "coordinates": [ [ [ 540840.0, 4505879.0 ], [ 540840.0, 4505788.0 ], [ 541022.0, 4505788.0 ], [ 541022.0, 4505697.0 ], [ 541113.0, 4505697.0 ], [ 541113.0, 4505879.0 ], [ 540840.0, 4505879.0 ] ] ] } },
{ "type": "Feature", "properties": { "area_km2": 0.08281 }, "geometry": { "type": "Polygon", "coordinates": [ [ [ 543661.0, 4505970.0 ], [ 543661.0, 4505697.0 ], [ 543934.0, 4505697.0 ], [ 543934.0, 4505606.0 ], [ 544116.0, 4505606.0 ], [ 544116.0, 4505879.0 ], [ 544025.0, 4505879.0 ], [ 544025.0, 4505788.0 ], [ 543752.0, 4505788.0 ], [ 543752.0, 4505970.0 ], [ 543661.0, 4505970.0 ] ] ] } },
{ "type": "Feature", "properties": { "area_km2": 0.041405 }, "geometry": { "type": "Polygon", "coordinates": [ [ [ 538383.0, 4505879.0 ], [ 538383.0, 4505788.0 ], [ 538292.0, 4505788.0 ], [ 538292.0, 4505697.0 ], [ 538474.0, 4505697.0 ], [ 538474.0, 4505606.0 ], [ 538565.0, 4505606.0 ], [ 538565.0, 4505788.0 ], [ 538474.0, 4505788.0 ], [ 538474.0, 4505879.0 ], [ 538383.0, 4505879.0 ] ] ] } },
{ "type": "Feature", "properties": { "area_km2": 0.008281 }, "geometry": { "type": "Polygon", "coordinates": [ [ [ 541841.0, 4505697.0 ], [ 541841.0, 4505606.0 ], [ 541932.0, 4505606.0 ], [ 541932.0, 4505697.0 ], [ 541841.0, 4505697.0 ] ] ] } },
{ "type": "Feature", "properties": { "area_km2": 0.306397 }, "geometry": { "type": "Polygon", "coordinates": [ [ [ 542478.0, 4506061.0 ], [ 542478.0, 4505970.0 ], [ 542387.0, 4505970.0 ], [ 542387.0, 4505879.0 ], [ 542114.0, 4505879.0 ], [ 542114.0, 4505788.0 ], [ 542387.0, 4505788.0 ], [ 542387.0, 4505697.0 ], [ 542842.0, 4505697.0 ], [ 542842.0, 4505606.0 ], [ 543206.0, 4505606.0 ], [ 543206.0, 4505515.0 ], [ 543388.0, 4505515.0 ], [ 543388.0, 4505697.0 ], [ 543479.0, 4505697.0 ], [ 543479.0, 4505515.0 ], [ 543661.0, 4505515.0 ], [ 543661.0, 4505697.0 ], [ 543570.0, 4505697.0 ], [ 543570.0, 4505788.0 ], [ 543479.0, 4505788.0 ], [ 543479.0, 4505879.0 ], [ 543388.0, 4505879.0 ], [ 543388.0, 4505788.0 ], [ 543206.0, 4505788.0 ], [ 543206.0, 4505697.0 ], [ 543024.0, 4505697.0 ], [ 543024.0, 4505788.0 ], [ 542933.0, 4505788.0 ], [ 542933.0, 4505970.0 ], [ 542660.0, 4505970.0 ], [ 542660.0, 4505879.0 ], [ 542569.0, 4505879.0 ], [ 542569.0, 4506061.0 ], [ 542478.0, 4506061.0 ] ], [ [ 542660.0, 4505879.0 ], [ 542842.0, 4505879.0 ], [ 542842.0, 4505788.0 ], [ 542660.0, 4505788.0 ], [ 542660.0, 4505879.0 ] ] ] } },
{ "type": "Feature", "properties": { "area_km2": 0.057967 }, "geometry": { "type": "Polygon", "coordinates": [ [ [ 538747.0, 4505788.0 ], [ 538747.0, 4505697.0 ], [ 538656.0, 4505697.0 ], [ 538656.0, 4505515.0 ], [ 538747.0, 4505515.0 ], [ 538747.0, 4505606.0 ], [ 539020.0, 4505606.0 ], [ 539020.0, 4505697.0 ], [ 538929.0, 4505697.0 ], [ 538929.0, 4505788.0 ], [ 538747.0, 4505788.0 ] ] ] } },
{ "type": "Feature", "properties": { "area_km2": 0.024843 }, "geometry": { "type": "Polygon", "coordinates": [ [ [ 542023.0, 4505606.0 ], [ 542023.0, 4505515.0 ], [ 542296.0, 4505515.0 ], [ 542296.0, 4505606.0 ], [ 542023.0, 4505606.0 ] ] ] } },
{ "type": "Feature", "properties": { "area_km2": 0.008281 }, "geometry": { "type": "Polygon", "coordinates": [ [ [ 541295.0, 4505515.0 ], [ 541295.0, 4505424.0 ], [ 541386.0, 4505424.0 ], [ 541386.0, 4505515.0 ], [ 541295.0, 4505515.0 ] ] ] } },
{ "type": "Feature", "properties": { "area_km2": 0.008281 }, "geometry": { "type": "Polygon", "coordinates": [ [ [ 542296.0, 4505515.0 ], [ 542296.0, 4505424.0 ], [ 542387.0, 4505424.0 ], [ 542387.0, 4505515.0 ], [ 542296.0, 4505515.0 ] ] ] } },
{ "type": "Feature", "properties": { "area_km2": 0.149058 }, "geometry": { "type": "Polygon", "coordinates": [ [ [ 538019.0, 4505788.0 ], [ 538019.0, 4505606.0 ], [ 537928.0, 4505606.0 ], [ 537928.0, 4505424.0 ], [ 538201.0, 4505424.0 ], [ 538201.0, 4505333.0 ], [ 538383.0, 4505333.0 ], [ 538383.0, 4505424.0 ], [ 538474.0, 4505424.0 ], [ 538474.0, 4505606.0 ], [ 538292.0, 4505606.0 ], [ 538292.0, 4505697.0 ], [ 538110.0, 4505697.0 ], [ 538110.0, 4505788.0 ], [ 538019.0, 4505788.0 ] ] ] } },
{ "type": "Feature", "properties": { "area_km2": 0.033124 }, "geometry": { "type": "Polygon", "coordinates": [ [ [ 528828.0, 4505515.0 ], [ 528828.0, 4505333.0 ], [ 528919.0, 4505333.0 ], [ 528919.0, 4505424.0 ], [ 529101.0, 4505424.0 ], [ 529101.0, 4505515.0 ], [ 528828.0, 4505515.0 ] ] ] } },
{ "type": "Feature", "properties": { "area_km2": 0.024843 }, "geometry": { "type": "Polygon", "coordinates": [ [ [ 538565.0, 4505515.0 ], [ 538565.0, 4505333.0 ], [ 538747.0, 4505333.0 ], [ 538747.0, 4505424.0 ], [ 538656.0, 4505424.0 ], [ 538656.0, 4505515.0 ], [ 538565.0, 4505515.0 ] ] ] } },
{ "type": "Feature", "properties": { "area_km2": 0.016562 }, "geometry": { "type": "Polygon", "coordinates": [ [ [ 528555.0, 4505424.0 ], [ 528555.0, 4505333.0 ], [ 528737.0, 4505333.0 ], [ 528737.0, 4505424.0 ], [ 528555.0, 4505424.0 ] ] ] } },
{ "type": "Feature", "properties": { "area_km2": 0.008281 }, "geometry": { "type": "Polygon", "coordinates": [ [ [ 541386.0, 4505424.0 ], [ 541386.0, 4505333.0 ], [ 541477.0, 4505333.0 ], [ 541477.0, 4505424.0 ], [ 541386.0, 4505424.0 ] ] ] } },
{ "type": "Feature", "properties": { "area_km2": 0.016562 }, "geometry": { "type": "Polygon", "coordinates": [ [ [ 541659.0, 4505424.0 ], [ 541659.0, 4505333.0 ], [ 541841.0, 4505333.0 ], [ 541841.0, 4505424.0 ], [ 541659.0, 4505424.0 ] ] ] } },
{ "type": "Feature", "properties": { "area_km2": 0.008281 }, "geometry": { "type": "Polygon", "coordinates": [ [ [ 542569.0, 4505424.0 ], [ 542569.0, 4505333.0 ], [ 542660.0, 4505333.0 ], [ 542660.0, 4505424.0 ], [ 542569.0, 4505424.0 ] ] ] } },
{ "type": "Feature", "properties": { "area_km2": 0.08281 }, "geometry": { "type": "Polygon", "coordinates": [ [ [ 543934.0, 4505515.0 ], [ 543934.0, 4505333.0 ], [ 544298.0, 4505333.0 ], [ 544298.0, 4505242.0 ], [ 544389.0, 4505242.0 ], [ 544389.0, 4505424.0 ], [ 544298.0, 4505424.0 ], [ 544298.0, 4505515.0 ], [ 543934.0, 4505515.0 ] ] ] } },
{ "type": "Feature", "properties": { "area_km2": 0.033124 }, "geometry": { "type": "Polygon", "coordinates": [ [ [ 542933.0, 4505424.0 ], [ 542933.0, 4505333.0 ], [ 543024.0, 4505333.0 ], [ 543024.0, 4505242.0 ], [ 543206.0, 4505242.0 ], [ 543206.0, 4505333.0 ], [ 543115.0, 4505333.0 ], [ 543115.0, 4505424.0 ], [ 542933.0, 4505424.0 ] ] ] } },
{ "type": "Feature", "properties": { "area_km2": 0.008281 }, "geometry": { "type": "Polygon", "coordinates": [ [ [ 528919.0, 4505333.0 ], [ 528919.0, 4505242.0 ], [ 529010.0, 4505242.0 ], [ 529010.0, 4505333.0 ], [ 528919.0, 4505333.0 ] ] ] } },
{ "type": "Feature", "properties": { "area_km2": 0.016562 }, "geometry": { "type": "Polygon", "coordinates": [ [ [ 542114.0, 4505333.0 ], [ 542114.0, 4505242.0 ], [ 542296.0, 4505242.0 ], [ 542296.0, 4505333.0 ], [ 542114.0, 4505333.0 ] ] ] } },
{ "type": "Feature", "properties": { "area_km2": 0.091091 }, "geometry": { "type": "Polygon", "coordinates": [ [ [ 543388.0, 4505515.0 ], [ 543388.0, 4505424.0 ], [ 543297.0, 4505424.0 ], [ 543297.0, 4505333.0 ], [ 543388.0, 4505333.0 ], [ 543388.0, 4505242.0 ], [ 543661.0, 4505242.0 ], [ 543661.0, 4505151.0 ], [ 543843.0, 4505151.0 ], [ 543843.0, 4505333.0 ], [ 543570.0, 4505333.0 ], [ 543570.0, 4505424.0 ], [ 543479.0, 4505424.0 ], [ 543479.0, 4505515.0 ], [ 543388.0, 4505515.0 ] ] ] } },
{ "type": "Feature", "properties": { "area_km2": 0.099372 }, "geometry": { "type": "Polygon", "coordinates": [ [ [ 537473.0, 4505333.0 ], [ 537473.0, 4505242.0 ], [ 537291.0, 4505242.0 ], [ 537291.0, 4505151.0 ], [ 537564.0, 4505151.0 ], [ 537564.0, 4505060.0 ], [ 538019.0, 4505060.0 ], [ 538019.0, 4505151.0 ], [ 537928.0, 4505151.0 ], [ 537928.0, 4505242.0 ], [ 537746.0, 4505242.0 ], [ 537746.0, 4505151.0 ], [ 537655.0, 4505151.0 ], [ 537655.0, 4505242.0 ], [ 537564.0, 4505242.0 ], [ 537564.0, 4505333.0 ], [ 537473.0, 4505333.0 ] ] ] } },
{ "type": "Feature", "properties": { "area_km2": 0.024843 }, "geometry": { "type": "Polygon", "coordinates": [ [ [ 541659.0, 4505242.0 ], [ 541659.0, 4505151.0 ], [ 541750.0, 4505151.0 ], [ 541750.0, 4505060.0 ], [ 541841.0, 4505060.0 ], [ 541841.0, 4505242.0 ], [ 541659.0, 4505242.0 ] ] ] } },
{ "type": "Feature", "properties": { "area_km2": 0.008281 }, "geometry": { "type": "Polygon", "coordinates": [ [ [ 528737.0, 4505151.0 ], [ 528737.0, 4505060.0 ], [ 528828.0, 4505060.0 ], [ 528828.0, 4505151.0 ], [ 528737.0, 4505151.0 ] ] ] } },
{ "type": "Feature", "properties": { "area_km2": 0.024843 }, "geometry": { "type": "Polygon", "coordinates": [ [ [ 539020.0, 4505242.0 ], [ 539020.0, 4505151.0 ], [ 538929.0, 4505151.0 ], [ 538929.0, 4505060.0 ], [ 539111.0, 4505060.0 ], [ 539111.0, 4505242.0 ], [ 539020.0, 4505242.0 ] ] ] } },
{ "type": "Feature", "properties": { "area_km2": 0.016562 }, "geometry": { "type": "Polygon", "coordinates": [ [ [ 540840.0, 4505151.0 ], [ 540840.0, 4505060.0 ], [ 541022.0, 4505060.0 ], [ 541022.0, 4505151.0 ], [ 540840.0, 4505151.0 ] ] ] } },
{ "type": "Feature", "properties": { "area_km2": 0.008281 }, "geometry": { "type": "Polygon", "coordinates": [ [ [ 544662.0, 4505151.0 ], [ 544662.0, 4505060.0 ], [ 544753.0, 4505060.0 ], [ 544753.0, 4505151.0 ], [ 544662.0, 4505151.0 ] ] ] } },
{ "type": "Feature", "properties": { "area_km2": 0.198744 }, "geometry": { "type": "Polygon", "coordinates": [ [ [ 544298.0, 4505697.0 ], [ 544298.0, 4505515.0 ], [ 544389.0, 4505515.0 ], [ 544389.0, 4505424.0 ], [ 544571.0, 4505424.0 ], [ 544571.0, 4505333.0 ], [ 544480.0, 4505333.0 ], [ 544480.0, 4504969.0 ], [ 544662.0, 4504969.0 ], [ 544662.0, 4505060.0 ], [ 544571.0, 4505060.0 ], [ 544571.0, 4505242.0 ], [ 544753.0, 4505242.0 ], [ 544753.0, 4505515.0 ], [ 544844.0, 4505515.0 ], [ 544844.0, 4505697.0 ], [ 544480.0, 4505697.0 ], [ 544480.0, 4505606.0 ], [ 544389.0, 4505606.0 ], [ 544389.0, 4505697.0 ], [ 544298.0, 4505697.0 ] ] ] } },
{ "type": "Feature", "properties": { "area_km2": 0.033124 }, "geometry": { "type": "Polygon", "coordinates": [ [ [ 538110.0, 4505151.0 ], [ 538110.0, 4504969.0 ], [ 538292.0, 4504969.0 ], [ 538292.0, 4505151.0 ], [ 538110.0, 4505151.0 ] ] ] } },
{ "type": "Feature", "properties": { "area_km2": 0.057967 }, "geometry": { "type": "Polygon", "coordinates": [ [ [ 538747.0, 4505242.0 ], [ 538747.0, 4505151.0 ], [ 538383.0, 4505151.0 ], [ 538383.0, 4504969.0 ], [ 538474.0, 4504969.0 ], [ 538474.0, 4505060.0 ], [ 538838.0, 4505060.0 ], [ 538838.0, 4505242.0 ], [ 538747.0, 4505242.0 ] ] ] } },
{ "type": "Feature", "properties": { "area_km2": 0.008281 }, "geometry": { "type": "Polygon", "coordinates": [ [ [ 541113.0, 4505060.0 ], [ 541113.0, 4504969.0 ], [ 541204.0, 4504969.0 ], [ 541204.0, 4505060.0 ], [ 541113.0, 4505060.0 ] ] ] } },
{ "type": "Feature", "properties": { "area_km2": 0.024843 }, "geometry": { "type": "Polygon", "coordinates": [ [ [ 542023.0, 4505060.0 ], [ 542023.0, 4504969.0 ], [ 542296.0, 4504969.0 ], [ 542296.0, 4505060.0 ], [ 542023.0, 4505060.0 ] ] ] } },
{ "type": "Feature", "properties": { "area_km2": 0.008281 }, "geometry": { "type": "Polygon", "coordinates": [ [ [ 543024.0, 4505060.0 ], [ 543024.0, 4504969.0 ], [ 543115.0, 4504969.0 ], [ 543115.0, 4505060.0 ], [ 543024.0, 4505060.0 ] ] ] } },
{ "type": "Feature", "properties": { "area_km2": 0.024843 }, "geometry": { "type": "Polygon", "coordinates": [ [ [ 543297.0, 4505060.0 ], [ 543297.0, 4504969.0 ], [ 543570.0, 4504969.0 ], [ 543570.0, 4505060.0 ], [ 543297.0, 4505060.0 ] ] ] } },
{ "type": "Feature", "properties": { "area_km2": 0.049686 }, "geometry": { "type": "Polygon", "coordinates": [ [ [ 540476.0, 4505060.0 ], [ 540476.0, 4504969.0 ], [ 540567.0, 4504969.0 ], [ 540567.0, 4504878.0 ], [ 540749.0, 4504878.0 ], [ 540749.0, 4504969.0 ], [ 540840.0, 4504969.0 ], [ 540840.0, 4505060.0 ], [ 540476.0, 4505060.0 ] ] ] } },
{ "type": "Feature", "properties": { "area_km2": 0.016562 }, "geometry": { "type": "Polygon", "coordinates": [ [ [ 542387.0, 4505060.0 ], [ 542387.0, 4504878.0 ], [ 542478.0, 4504878.0 ], [ 542478.0, 4505060.0 ], [ 542387.0, 4505060.0 ] ] ] } },
{ "type": "Feature", "properties": { "area_km2": 0.008281 }, "geometry": { "type": "Polygon", "coordinates": [ [ [ 540931.0, 4504969.0 ], [ 540931.0, 4504878.0 ], [ 541022.0, 4504878.0 ], [ 541022.0, 4504969.0 ], [ 540931.0, 4504969.0 ] ] ] } },
{ "type": "Feature", "properties": { "area_km2": 0.016562 }, "geometry": { "type": "Polygon", "coordinates": [ [ [ 538565.0, 4504969.0 ], [ 538565.0, 4504787.0 ], [ 538656.0, 4504787.0 ], [ 538656.0, 4504969.0 ], [ 538565.0, 4504969.0 ] ] ] } },
{ "type": "Feature", "properties": { "area_km2": 0.008281 }, "geometry": { "type": "Polygon", "coordinates": [ [ [ 541295.0, 4504878.0 ], [ 541295.0, 4504787.0 ], [ 541386.0, 4504787.0 ], [ 541386.0, 4504878.0 ], [ 541295.0, 4504878.0 ] ] ] } },
{ "type": "Feature", "properties": { "area_km2": 0.149058 }, "geometry": { "type": "Polygon", "coordinates": [ [ [ 543934.0, 4505242.0 ], [ 543934.0, 4505151.0 ], [ 544025.0, 4505151.0 ], [ 544025.0, 4505060.0 ], [ 544116.0, 4505060.0 ], [ 544116.0, 4504969.0 ], [ 544025.0, 4504969.0 ], [ 544025.0, 4504878.0 ], [ 544207.0, 4504878.0 ], [ 544207.0, 4504787.0 ], [ 544389.0, 4504787.0 ], [ 544389.0, 4504696.0 ], [ 544662.0, 4504696.0 ], [ 544662.0, 4504787.0 ], [ 544571.0, 4504787.0 ], [ 544571.0, 4504878.0 ], [ 544298.0, 4504878.0 ], [ 544298.0, 4504969.0 ], [ 544207.0, 4504969.0 ], [ 544207.0, 4505060.0 ], [ 544298.0, 4505060.0 ], [ 544298.0, 4505242.0 ], [ 543934.0, 4505242.0 ] ] ] } },
{ "type": "Feature", "properties": { "area_km2": 0.008281 }, "geometry": { "type": "Polygon", "coordinates": [ [ [ 527918.0, 4504787.0 ], [ 527918.0, 4504696.0 ], [ 528009.0, 4504696.0 ], [ 528009.0, 4504787.0 ], [ 527918.0, 4504787.0 ] ] ] } },
{ "type": "Feature", "properties": { "area_km2": 0.008281 }, "geometry": { "type": "Polygon", "coordinates": [ [ [ 541568.0, 4504787.0 ], [ 541568.0, 4504696.0 ], [ 541659.0, 4504696.0 ], [ 541659.0, 4504787.0 ], [ 541568.0, 4504787.0 ] ] ] } },
{ "type": "Feature", "properties": { "area_km2": 0.008281 }, "geometry": { "type": "Polygon", "coordinates": [ [ [ 542114.0, 4504696.0 ], [ 542114.0, 4504605.0 ], [ 542205.0, 4504605.0 ], [ 542205.0, 4504696.0 ], [ 542114.0, 4504696.0 ] ] ] } },
{ "type": "Feature", "properties": { "area_km2": 0.057967 }, "geometry": { "type": "Polygon", "coordinates": [ [ [ 543661.0, 4504787.0 ], [ 543661.0, 4504696.0 ], [ 543479.0, 4504696.0 ], [ 543479.0, 4504605.0 ], [ 543934.0, 4504605.0 ], [ 543934.0, 4504696.0 ], [ 543843.0, 4504696.0 ], [ 543843.0, 4504787.0 ], [ 543661.0, 4504787.0 ] ] ] } },
{ "type": "Feature", "properties": { "area_km2": 0.298116 }, "geometry": { "type": "Polygon", "coordinates": [ [ [ 542387.0, 4505242.0 ], [ 542387.0, 4505151.0 ], [ 542842.0, 4505151.0 ], [ 542842.0, 4505060.0 ], [ 542569.0, 4505060.0 ], [ 542569.0, 4504696.0 ], [ 542660.0, 4504696.0 ], [ 542660.0, 4504787.0 ], [ 542751.0, 4504787.0 ], [ 542751.0, 4504514.0 ], [ 542842.0, 4504514.0 ], [ 542842.0, 4504696.0 ], [ 543479.0, 4504696.0 ], [ 543479.0, 4504787.0 ], [ 543206.0, 4504787.0 ], [ 543206.0, 4504878.0 ], [ 543024.0, 4504878.0 ], [ 543024.0, 4504969.0 ], [ 542933.0, 4504969.0 ], [ 542933.0, 4505060.0 ], [ 543024.0, 4505060.0 ], [ 543024.0, 4505242.0 ], [ 542387.0, 4505242.0 ] ] ] } },
{ "type": "Feature", "properties": { "area_km2": 0.049686 }, "geometry": { "type": "Polygon", "coordinates": [ [ [ 544116.0, 4504787.0 ], [ 544116.0, 4504696.0 ], [ 544025.0, 4504696.0 ], [ 544025.0, 4504514.0 ], [ 544207.0, 4504514.0 ], [ 544207.0, 4504605.0 ], [ 544298.0, 4504605.0 ], [ 544298.0, 4504696.0 ], [ 544207.0, 4504696.0 ], [ 544207.0, 4504787.0 ], [ 544116.0, 4504787.0 ] ] ] } },
{ "type": "Feature", "properties": { "area_km2": 0.008281 }, "geometry": { "type": "Polygon", "coordinates": [ [ [ 537473.0, 4504605.0 ], [ 537473.0, 4504514.0 ], [ 537564.0, 4504514.0 ], [ 537564.0, 4504605.0 ], [ 537473.0, 4504605.0 ] ] ] } },
{ "type": "Feature", "properties": { "area_km2": 0.008281 }, "geometry": { "type": "Polygon", "coordinates": [ [ [ 541022.0, 4504605.0 ], [ 541022.0, 4504514.0 ], [ 541113.0, 4504514.0 ], [ 541113.0, 4504605.0 ], [ 541022.0, 4504605.0 ] ] ] } },
{ "type": "Feature", "properties": { "area_km2": 0.033124 }, "geometry": { "type": "Polygon", "coordinates": [ [ [ 544298.0, 4504605.0 ], [ 544298.0, 4504423.0 ], [ 544389.0, 4504423.0 ], [ 544389.0, 4504514.0 ], [ 544571.0, 4504514.0 ], [ 544571.0, 4504605.0 ], [ 544298.0, 4504605.0 ] ] ] } },
{ "type": "Feature", "properties": { "area_km2": 0.016562 }, "geometry": { "type": "Polygon", "coordinates": [ [ [ 541295.0, 4504514.0 ], [ 541295.0, 4504423.0 ], [ 541477.0, 4504423.0 ], [ 541477.0, 4504514.0 ], [ 541295.0, 4504514.0 ] ] ] } },
{ "type": "Feature", "properties": { "area_km2": 0.008281 }, "geometry": { "type": "Polygon", "coordinates": [ [ [ 541932.0, 4504514.0 ], [ 541932.0, 4504423.0 ], [ 542023.0, 4504423.0 ], [ 542023.0, 4504514.0 ], [ 541932.0, 4504514.0 ] ] ] } },
{ "type": "Feature", "properties": { "area_km2": 0.024843 }, "geometry": { "type": "Polygon", "coordinates": [ [ [ 543024.0, 4504605.0 ], [ 543024.0, 4504514.0 ], [ 542933.0, 4504514.0 ], [ 542933.0, 4504423.0 ], [ 543115.0, 4504423.0 ], [ 543115.0, 4504605.0 ], [ 543024.0, 4504605.0 ] ] ] } },
{ "type": "Feature", "properties": { "area_km2": 0.008281 }, "geometry": { "type": "Polygon", "coordinates": [ [ [ 543206.0, 4504514.0 ], [ 543206.0, 4504423.0 ], [ 543297.0, 4504423.0 ], [ 543297.0, 4504514.0 ], [ 543206.0, 4504514.0 ] ] ] } },
{ "type": "Feature", "properties": { "area_km2": 0.008281 }, "geometry": { "type": "Polygon", "coordinates": [ [ [ 543297.0, 4504423.0 ], [ 543297.0, 4504332.0 ], [ 543388.0, 4504332.0 ], [ 543388.0, 4504423.0 ], [ 543297.0, 4504423.0 ] ] ] } },
{ "type": "Feature", "properties": { "area_km2": 0.041405 }, "geometry": { "type": "Polygon", "coordinates": [ [ [ 543570.0, 4504423.0 ], [ 543570.0, 4504332.0 ], [ 544025.0, 4504332.0 ], [ 544025.0, 4504423.0 ], [ 543570.0, 4504423.0 ] ] ] } },
{ "type": "Feature", "properties": { "area_km2": 0.016562 }, "geometry": { "type": "Polygon", "coordinates": [ [ [ 542296.0, 4504423.0 ], [ 542296.0, 4504241.0 ], [ 542387.0, 4504241.0 ], [ 542387.0, 4504423.0 ], [ 542296.0, 4504423.0 ] ] ] } },
{ "type": "Feature", "properties": { "area_km2": 0.024843 }, "geometry": { "type": "Polygon", "coordinates": [ [ [ 544116.0, 4504423.0 ], [ 544116.0, 4504332.0 ], [ 544207.0, 4504332.0 ], [ 544207.0, 4504241.0 ], [ 544298.0, 4504241.0 ], [ 544298.0, 4504423.0 ], [ 544116.0, 4504423.0 ] ] ] } },
{ "type": "Feature", "properties": { "area_km2": 0.008281 }, "geometry": { "type": "Polygon", "coordinates": [ [ [ 529374.0, 4504332.0 ], [ 529374.0, 4504241.0 ], [ 529465.0, 4504241.0 ], [ 529465.0, 4504332.0 ], [ 529374.0, 4504332.0 ] ] ] } },
{ "type": "Feature", "properties": { "area_km2": 0.016562 }, "geometry": { "type": "Polygon", "coordinates": [ [ [ 540294.0, 4504332.0 ], [ 540294.0, 4504241.0 ], [ 540476.0, 4504241.0 ], [ 540476.0, 4504332.0 ], [ 540294.0, 4504332.0 ] ] ] } },
{ "type": "Feature", "properties": { "area_km2": 0.016562 }, "geometry": { "type": "Polygon", "coordinates": [ [ [ 541932.0, 4504332.0 ], [ 541932.0, 4504241.0 ], [ 542114.0, 4504241.0 ], [ 542114.0, 4504332.0 ], [ 541932.0, 4504332.0 ] ] ] } },
{ "type": "Feature", "properties": { "area_km2": 0.008281 }, "geometry": { "type": "Polygon", "coordinates": [ [ [ 542569.0, 4504332.0 ], [ 542569.0, 4504241.0 ], [ 542660.0, 4504241.0 ], [ 542660.0, 4504332.0 ], [ 542569.0, 4504332.0 ] ] ] } },
{ "type": "Feature", "properties": { "area_km2": 0.008281 }, "geometry": { "type": "Polygon", "coordinates": [ [ [ 542842.0, 4504332.0 ], [ 542842.0, 4504241.0 ], [ 542933.0, 4504241.0 ], [ 542933.0, 4504332.0 ], [ 542842.0, 4504332.0 ] ] ] } },
{ "type": "Feature", "properties": { "area_km2": 0.008281 }, "geometry": { "type": "Polygon", "coordinates": [ [ [ 544389.0, 4504332.0 ], [ 544389.0, 4504241.0 ], [ 544480.0, 4504241.0 ], [ 544480.0, 4504332.0 ], [ 544389.0, 4504332.0 ] ] ] } },
{ "type": "Feature", "properties": { "area_km2": 0.033124 }, "geometry": { "type": "Polygon", "coordinates": [ [ [ 536654.0, 4504332.0 ], [ 536654.0, 4504241.0 ], [ 536563.0, 4504241.0 ], [ 536563.0, 4504150.0 ], [ 536745.0, 4504150.0 ], [ 536745.0, 4504241.0 ], [ 536836.0, 4504241.0 ], [ 536836.0, 4504332.0 ], [ 536654.0, 4504332.0 ] ] ] } },
{ "type": "Feature", "properties": { "area_km2": 0.008281 }, "geometry": { "type": "Polygon", "coordinates": [ [ [ 540567.0, 4504241.0 ], [ 540567.0, 4504150.0 ], [ 540658.0, 4504150.0 ], [ 540658.0, 4504241.0 ], [ 540567.0, 4504241.0 ] ] ] } },
{ "type": "Feature", "properties": { "area_km2": 0.008281 }, "geometry": { "type": "Polygon", "coordinates": [ [ [ 543115.0, 4504241.0 ], [ 543115.0, 4504150.0 ], [ 543206.0, 4504150.0 ], [ 543206.0, 4504241.0 ], [ 543115.0, 4504241.0 ] ] ] } },
{ "type": "Feature", "properties": { "area_km2": 0.008281 }, "geometry": { "type": "Polygon", "coordinates": [ [ [ 543388.0, 4504241.0 ], [ 543388.0, 4504150.0 ], [ 543479.0, 4504150.0 ], [ 543479.0, 4504241.0 ], [ 543388.0, 4504241.0 ] ] ] } },
{ "type": "Feature", "properties": { "area_km2": 0.016562 }, "geometry": { "type": "Polygon", "coordinates": [ [ [ 543934.0, 4504241.0 ], [ 543934.0, 4504150.0 ], [ 544116.0, 4504150.0 ], [ 544116.0, 4504241.0 ], [ 543934.0, 4504241.0 ] ] ] } },
{ "type": "Feature", "properties": { "area_km2": 0.008281 }, "geometry": { "type": "Polygon", "coordinates": [ [ [ 541204.0, 4504150.0 ], [ 541204.0, 4504059.0 ], [ 541295.0, 4504059.0 ], [ 541295.0, 4504150.0 ], [ 541204.0, 4504150.0 ] ] ] } },
{ "type": "Feature", "properties": { "area_km2": 0.008281 }, "geometry": { "type": "Polygon", "coordinates": [ [ [ 543206.0, 4504150.0 ], [ 543206.0, 4504059.0 ], [ 543297.0, 4504059.0 ], [ 543297.0, 4504150.0 ], [ 543206.0, 4504150.0 ] ] ] } },
{ "type": "Feature", "properties": { "area_km2": 0.016562 }, "geometry": { "type": "Polygon", "coordinates": [ [ [ 542933.0, 4504150.0 ], [ 542933.0, 4503968.0 ], [ 543024.0, 4503968.0 ], [ 543024.0, 4504150.0 ], [ 542933.0, 4504150.0 ] ] ] } },
{ "type": "Feature", "properties": { "area_km2": 0.016562 }, "geometry": { "type": "Polygon", "coordinates": [ [ [ 543661.0, 4504150.0 ], [ 543661.0, 4503968.0 ], [ 543752.0, 4503968.0 ], [ 543752.0, 4504150.0 ], [ 543661.0, 4504150.0 ] ] ] } },
{ "type": "Feature", "properties": { "area_km2": 0.016562 }, "geometry": { "type": "Polygon", "coordinates": [ [ [ 541477.0, 4504059.0 ], [ 541477.0, 4503968.0 ], [ 541659.0, 4503968.0 ], [ 541659.0, 4504059.0 ], [ 541477.0, 4504059.0 ] ] ] } },
{ "type": "Feature", "properties": { "area_km2": 0.008281 }, "geometry": { "type": "Polygon", "coordinates": [ [ [ 544207.0, 4504059.0 ], [ 544207.0, 4503968.0 ], [ 544298.0, 4503968.0 ], [ 544298.0, 4504059.0 ], [ 544207.0, 4504059.0 ] ] ] } },
{ "type": "Feature", "properties": { "area_km2": 0.024843 }, "geometry": { "type": "Polygon", "coordinates": [ [ [ 543934.0, 4504059.0 ], [ 543934.0, 4503877.0 ], [ 544116.0, 4503877.0 ], [ 544116.0, 4503968.0 ], [ 544025.0, 4503968.0 ], [ 544025.0, 4504059.0 ], [ 543934.0, 4504059.0 ] ] ] } },
{ "type": "Feature", "properties": { "area_km2": 0.008281 }, "geometry": { "type": "Polygon", "coordinates": [ [ [ 529647.0, 4503968.0 ], [ 529647.0, 4503877.0 ], [ 529738.0, 4503877.0 ], [ 529738.0, 4503968.0 ], [ 529647.0, 4503968.0 ] ] ] } },
{ "type": "Feature", "properties": { "area_km2": 0.008281 }, "geometry": { "type": "Polygon", "coordinates": [ [ [ 544298.0, 4503968.0 ], [ 544298.0, 4503877.0 ], [ 544389.0, 4503877.0 ], [ 544389.0, 4503968.0 ], [ 544298.0, 4503968.0 ] ] ] } },
{ "type": "Feature", "properties": { "area_km2": 0.008281 }, "geometry": { "type": "Polygon", "coordinates": [ [ [ 538656.0, 4503877.0 ], [ 538656.0, 4503786.0 ], [ 538747.0, 4503786.0 ], [ 538747.0, 4503877.0 ], [ 538656.0, 4503877.0 ] ] ] } },
{ "type": "Feature", "properties": { "area_km2": 0.008281 }, "geometry": { "type": "Polygon", "coordinates": [ [ [ 542842.0, 4503877.0 ], [ 542842.0, 4503786.0 ], [ 542933.0, 4503786.0 ], [ 542933.0, 4503877.0 ], [ 542842.0, 4503877.0 ] ] ] } },
{ "type": "Feature", "properties": { "area_km2": 0.008281 }, "geometry": { "type": "Polygon", "coordinates": [ [ [ 544207.0, 4503877.0 ], [ 544207.0, 4503786.0 ], [ 544298.0, 4503786.0 ], [ 544298.0, 4503877.0 ], [ 544207.0, 4503877.0 ] ] ] } },
{ "type": "Feature", "properties": { "area_km2": 0.008281 }, "geometry": { "type": "Polygon", "coordinates": [ [ [ 538474.0, 4503786.0 ], [ 538474.0, 4503695.0 ], [ 538565.0, 4503695.0 ], [ 538565.0, 4503786.0 ], [ 538474.0, 4503786.0 ] ] ] } },
{ "type": "Feature", "properties": { "area_km2": 0.008281 }, "geometry": { "type": "Polygon", "coordinates": [ [ [ 542660.0, 4503786.0 ], [ 542660.0, 4503695.0 ], [ 542751.0, 4503695.0 ], [ 542751.0, 4503786.0 ], [ 542660.0, 4503786.0 ] ] ] } },
{ "type": "Feature", "properties": { "area_km2": 0.033124 }, "geometry": { "type": "Polygon", "coordinates": [ [ [ 536836.0, 4503786.0 ], [ 536836.0, 4503604.0 ], [ 537018.0, 4503604.0 ], [ 537018.0, 4503786.0 ], [ 536836.0, 4503786.0 ] ] ] } },
{ "type": "Feature", "properties": { "area_km2": 0.016562 }, "geometry": { "type": "Polygon", "coordinates": [ [ [ 538201.0, 4503695.0 ], [ 538201.0, 4503513.0 ], [ 538292.0, 4503513.0 ], [ 538292.0, 4503695.0 ], [ 538201.0, 4503695.0 ] ] ] } },
{ "type": "Feature", "properties": { "area_km2": 0.016562 }, "geometry": { "type": "Polygon", "coordinates": [ [ [ 538474.0, 4503604.0 ], [ 538474.0, 4503513.0 ], [ 538656.0, 4503513.0 ], [ 538656.0, 4503604.0 ], [ 538474.0, 4503604.0 ] ] ] } },
{ "type": "Feature", "properties": { "area_km2": 0.016562 }, "geometry": { "type": "Polygon", "coordinates": [ [ [ 543570.0, 4503604.0 ], [ 543570.0, 4503513.0 ], [ 543752.0, 4503513.0 ], [ 543752.0, 4503604.0 ], [ 543570.0, 4503604.0 ] ] ] } },
{ "type": "Feature", "properties": { "area_km2": 0.049686 }, "geometry": { "type": "Polygon", "coordinates": [ [ [ 543843.0, 4503604.0 ], [ 543843.0, 4503422.0 ], [ 544116.0, 4503422.0 ], [ 544116.0, 4503604.0 ], [ 543843.0, 4503604.0 ] ] ] } },
{ "type": "Feature", "properties": { "area_km2": 0.091091 }, "geometry": { "type": "Polygon", "coordinates": [ [ [ 539111.0, 4503877.0 ], [ 539111.0, 4503786.0 ], [ 538838.0, 4503786.0 ], [ 538838.0, 4503695.0 ], [ 538929.0, 4503695.0 ], [ 538929.0, 4503513.0 ], [ 538747.0, 4503513.0 ], [ 538747.0, 4503422.0 ], [ 539020.0, 4503422.0 ], [ 539020.0, 4503513.0 ], [ 539111.0, 4503513.0 ], [ 539111.0, 4503604.0 ], [ 539020.0, 4503604.0 ], [ 539020.0, 4503695.0 ], [ 539202.0, 4503695.0 ], [ 539202.0, 4503877.0 ], [ 539111.0, 4503877.0 ] ] ] } },
{ "type": "Feature", "properties": { "area_km2": 0.008281 }, "geometry": { "type": "Polygon", "coordinates": [ [ [ 541568.0, 4503513.0 ], [ 541568.0, 4503422.0 ], [ 541659.0, 4503422.0 ], [ 541659.0, 4503513.0 ], [ 541568.0, 4503513.0 ] ] ] } },
{ "type": "Feature", "properties": { "area_km2": 0.008281 }, "geometry": { "type": "Polygon", "coordinates": [ [ [ 542933.0, 4503513.0 ], [ 542933.0, 4503422.0 ], [ 543024.0, 4503422.0 ], [ 543024.0, 4503513.0 ], [ 542933.0, 4503513.0 ] ] ] } },
{ "type": "Feature", "properties": { "area_km2": 0.049686 }, "geometry": { "type": "Polygon", "coordinates": [ [ [ 541750.0, 4503695.0 ], [ 541750.0, 4503422.0 ], [ 541841.0, 4503422.0 ], [ 541841.0, 4503331.0 ], [ 542023.0, 4503331.0 ], [ 542023.0, 4503422.0 ], [ 541932.0, 4503422.0 ], [ 541932.0, 4503513.0 ], [ 541841.0, 4503513.0 ], [ 541841.0, 4503695.0 ], [ 541750.0, 4503695.0 ] ] ] } },
{ "type": "Feature", "properties": { "area_km2": 0.008281 }, "geometry": { "type": "Polygon", "coordinates": [ [ [ 537200.0, 4503422.0 ], [ 537200.0, 4503331.0 ], [ 537291.0, 4503331.0 ], [ 537291.0, 4503422.0 ], [ 537200.0, 4503422.0 ] ] ] } },
{ "type": "Feature", "properties": { "area_km2": 0.008281 }, "geometry": { "type": "Polygon", "coordinates": [ [ [ 538201.0, 4503422.0 ], [ 538201.0, 4503331.0 ], [ 538292.0, 4503331.0 ], [ 538292.0, 4503422.0 ], [ 538201.0, 4503422.0 ] ] ] } },
{ "type": "Feature", "properties": { "area_km2": 0.016562 }, "geometry": { "type": "Polygon", "coordinates": [ [ [ 538474.0, 4503422.0 ], [ 538474.0, 4503331.0 ], [ 538656.0, 4503331.0 ], [ 538656.0, 4503422.0 ], [ 538474.0, 4503422.0 ] ] ] } },
{ "type": "Feature", "properties": { "area_km2": 0.008281 }, "geometry": { "type": "Polygon", "coordinates": [ [ [ 542114.0, 4503422.0 ], [ 542114.0, 4503331.0 ], [ 542205.0, 4503331.0 ], [ 542205.0, 4503422.0 ], [ 542114.0, 4503422.0 ] ] ] } },
{ "type": "Feature", "properties": { "area_km2": 0.016562 }, "geometry": { "type": "Polygon", "coordinates": [ [ [ 539202.0, 4503422.0 ], [ 539202.0, 4503240.0 ], [ 539293.0, 4503240.0 ], [ 539293.0, 4503422.0 ], [ 539202.0, 4503422.0 ] ] ] } },
{ "type": "Feature", "properties": { "area_km2": 0.008281 }, "geometry": { "type": "Polygon", "coordinates": [ [ [ 533560.0, 4503331.0 ], [ 533560.0, 4503240.0 ], [ 533651.0, 4503240.0 ], [ 533651.0, 4503331.0 ], [ 533560.0, 4503331.0 ] ] ] } },
{ "type": "Feature", "properties": { "area_km2": 0.008281 }, "geometry": { "type": "Polygon", "coordinates": [ [ [ 530193.0, 4503149.0 ], [ 530193.0, 4503058.0 ], [ 530284.0, 4503058.0 ], [ 530284.0, 4503149.0 ], [ 530193.0, 4503149.0 ] ] ] } },
{ "type": "Feature", "properties": { "area_km2": 0.008281 }, "geometry": { "type": "Polygon", "coordinates": [ [ [ 535835.0, 4503149.0 ], [ 535835.0, 4503058.0 ], [ 535926.0, 4503058.0 ], [ 535926.0, 4503149.0 ], [ 535835.0, 4503149.0 ] ] ] } },
{ "type": "Feature", "properties": { "area_km2": 0.008281 }, "geometry": { "type": "Polygon", "coordinates": [ [ [ 539020.0, 4503149.0 ], [ 539020.0, 4503058.0 ], [ 539111.0, 4503058.0 ], [ 539111.0, 4503149.0 ], [ 539020.0, 4503149.0 ] ] ] } },
{ "type": "Feature", "properties": { "area_km2": 0.041405 }, "geometry": { "type": "Polygon", "coordinates": [ [ [ 537291.0, 4503058.0 ], [ 537291.0, 4502967.0 ], [ 537746.0, 4502967.0 ], [ 537746.0, 4503058.0 ], [ 537291.0, 4503058.0 ] ] ] } },
{ "type": "Feature", "properties": { "area_km2": 0.016562 }, "geometry": { "type": "Polygon", "coordinates": [ [ [ 543934.0, 4503058.0 ], [ 543934.0, 4502967.0 ], [ 544116.0, 4502967.0 ], [ 544116.0, 4503058.0 ], [ 543934.0, 4503058.0 ] ] ] } },
{ "type": "Feature", "properties": { "area_km2": 0.008281 }, "geometry": { "type": "Polygon", "coordinates": [ [ [ 529374.0, 4502967.0 ], [ 529374.0, 4502876.0 ], [ 529465.0, 4502876.0 ], [ 529465.0, 4502967.0 ], [ 529374.0, 4502967.0 ] ] ] } },
{ "type": "Feature", "properties": { "area_km2": 0.041405 }, "geometry": { "type": "Polygon", "coordinates": [ [ [ 539111.0, 4502967.0 ], [ 539111.0, 4502876.0 ], [ 539566.0, 4502876.0 ], [ 539566.0, 4502967.0 ], [ 539111.0, 4502967.0 ] ] ] } },
{ "type": "Feature", "properties": { "area_km2": 0.008281 }, "geometry": { "type": "Polygon", "coordinates": [ [ [ 542569.0, 4502967.0 ], [ 542569.0, 4502876.0 ], [ 542660.0, 4502876.0 ], [ 542660.0, 4502967.0 ], [ 542569.0, 4502967.0 ] ] ] } },
{ "type": "Feature", "properties": { "area_km2": 0.008281 }, "geometry": { "type": "Polygon", "coordinates": [ [ [ 542933.0, 4502967.0 ], [ 542933.0, 4502876.0 ], [ 543024.0, 4502876.0 ], [ 543024.0, 4502967.0 ], [ 542933.0, 4502967.0 ] ] ] } },
{ "type": "Feature", "properties": { "area_km2": 0.024843 }, "geometry": { "type": "Polygon", "coordinates": [ [ [ 536745.0, 4502967.0 ], [ 536745.0, 4502785.0 ], [ 536927.0, 4502785.0 ], [ 536927.0, 4502876.0 ], [ 536836.0, 4502876.0 ], [ 536836.0, 4502967.0 ], [ 536745.0, 4502967.0 ] ] ] } },
{ "type": "Feature", "properties": { "area_km2": 0.008281 }, "geometry": { "type": "Polygon", "coordinates": [ [ [ 530193.0, 4502876.0 ], [ 530193.0, 4502785.0 ], [ 530284.0, 4502785.0 ], [ 530284.0, 4502876.0 ], [ 530193.0, 4502876.0 ] ] ] } },
{ "type": "Feature", "properties": { "area_km2": 0.024843 }, "geometry": { "type": "Polygon", "coordinates": [ [ [ 538292.0, 4502876.0 ], [ 538292.0, 4502785.0 ], [ 538565.0, 4502785.0 ], [ 538565.0, 4502876.0 ], [ 538292.0, 4502876.0 ] ] ] } },
{ "type": "Feature", "properties": { "area_km2": 0.016562 }, "geometry": { "type": "Polygon", "coordinates": [ [ [ 538838.0, 4502876.0 ], [ 538838.0, 4502785.0 ], [ 539020.0, 4502785.0 ], [ 539020.0, 4502876.0 ], [ 538838.0, 4502876.0 ] ] ] } },
{ "type": "Feature", "properties": { "area_km2": 0.099372 }, "geometry": { "type": "Polygon", "coordinates": [ [ [ 538474.0, 4503240.0 ], [ 538474.0, 4502967.0 ], [ 538565.0, 4502967.0 ], [ 538565.0, 4503058.0 ], [ 538656.0, 4503058.0 ], [ 538656.0, 4502694.0 ], [ 538747.0, 4502694.0 ], [ 538747.0, 4502876.0 ], [ 538838.0, 4502876.0 ], [ 538838.0, 4502967.0 ], [ 538929.0, 4502967.0 ], [ 538929.0, 4503058.0 ], [ 538747.0, 4503058.0 ], [ 538747.0, 4503149.0 ], [ 538565.0, 4503149.0 ], [ 538565.0, 4503240.0 ], [ 538474.0, 4503240.0 ] ] ] } },
{ "type": "Feature", "properties": { "area_km2": 0.024843 }, "geometry": { "type": "Polygon", "coordinates": [ [ [ 542387.0, 4502876.0 ], [ 542387.0, 4502694.0 ], [ 542569.0, 4502694.0 ], [ 542569.0, 4502785.0 ], [ 542478.0, 4502785.0 ], [ 542478.0, 4502876.0 ], [ 542387.0, 4502876.0 ] ] ] } },
{ "type": "Feature", "properties": { "area_km2": 0.008281 }, "geometry": { "type": "Polygon", "coordinates": [ [ [ 536563.0, 4502785.0 ], [ 536563.0, 4502694.0 ], [ 536654.0, 4502694.0 ], [ 536654.0, 4502785.0 ], [ 536563.0, 4502785.0 ] ] ] } },
{ "type": "Feature", "properties": { "area_km2": 0.016562 }, "geometry": { "type": "Polygon", "coordinates": [ [ [ 540294.0, 4502785.0 ], [ 540294.0, 4502694.0 ], [ 540476.0, 4502694.0 ], [ 540476.0, 4502785.0 ], [ 540294.0, 4502785.0 ] ] ] } },
{ "type": "Feature", "properties": { "area_km2": 0.016562 }, "geometry": { "type": "Polygon", "coordinates": [ [ [ 530648.0, 4502785.0 ], [ 530648.0, 4502603.0 ], [ 530739.0, 4502603.0 ], [ 530739.0, 4502785.0 ], [ 530648.0, 4502785.0 ] ] ] } },
{ "type": "Feature", "properties": { "area_km2": 0.024843 }, "geometry": { "type": "Polygon", "coordinates": [ [ [ 537837.0, 4502785.0 ], [ 537837.0, 4502694.0 ], [ 537928.0, 4502694.0 ], [ 537928.0, 4502603.0 ], [ 538019.0, 4502603.0 ], [ 538019.0, 4502785.0 ], [ 537837.0, 4502785.0 ] ] ] } },
{ "type": "Feature", "properties": { "area_km2": 0.016562 }, "geometry": { "type": "Polygon", "coordinates": [ [ [ 539111.0, 4502785.0 ], [ 539111.0, 4502603.0 ], [ 539202.0, 4502603.0 ], [ 539202.0, 4502785.0 ], [ 539111.0, 4502785.0 ] ] ] } },
{ "type": "Feature", "properties": { "area_km2": 0.008281 }, "geometry": { "type": "Polygon", "coordinates": [ [ [ 531194.0, 4502694.0 ], [ 531194.0, 4502603.0 ], [ 531285.0, 4502603.0 ], [ 531285.0, 4502694.0 ], [ 531194.0, 4502694.0 ] ] ] } },
{ "type": "Feature", "properties": { "area_km2": 0.008281 }, "geometry": { "type": "Polygon", "coordinates": [ [ [ 532195.0, 4502694.0 ], [ 532195.0, 4502603.0 ], [ 532286.0, 4502603.0 ], [ 532286.0, 4502694.0 ], [ 532195.0, 4502694.0 ] ] ] } },
{ "type": "Feature", "properties": { "area_km2": 0.008281 }, "geometry": { "type": "Polygon", "coordinates": [ [ [ 536472.0, 4502694.0 ], [ 536472.0, 4502603.0 ], [ 536563.0, 4502603.0 ], [ 536563.0, 4502694.0 ], [ 536472.0, 4502694.0 ] ] ] } },
{ "type": "Feature", "properties": { "area_km2": 0.016562 }, "geometry": { "type": "Polygon", "coordinates": [ [ [ 542660.0, 4502694.0 ], [ 542660.0, 4502603.0 ], [ 542842.0, 4502603.0 ], [ 542842.0, 4502694.0 ], [ 542660.0, 4502694.0 ] ] ] } },
{ "type": "Feature", "properties": { "area_km2": 0.016562 }, "geometry": { "type": "Polygon", "coordinates": [ [ [ 538747.0, 4502694.0 ], [ 538747.0, 4502512.0 ], [ 538838.0, 4502512.0 ], [ 538838.0, 4502694.0 ], [ 538747.0, 4502694.0 ] ] ] } },
{ "type": "Feature", "properties": { "area_km2": 0.016562 }, "geometry": { "type": "Polygon", "coordinates": [ [ [ 531012.0, 4502603.0 ], [ 531012.0, 4502512.0 ], [ 531194.0, 4502512.0 ], [ 531194.0, 4502603.0 ], [ 531012.0, 4502603.0 ] ] ] } },
{ "type": "Feature", "properties": { "area_km2": 0.008281 }, "geometry": { "type": "Polygon", "coordinates": [ [ [ 538474.0, 4502603.0 ], [ 538474.0, 4502512.0 ], [ 538565.0, 4502512.0 ], [ 538565.0, 4502603.0 ], [ 538474.0, 4502603.0 ] ] ] } },
{ "type": "Feature", "properties": { "area_km2": 0.041405 }, "geometry": { "type": "Polygon", "coordinates": [ [ [ 537564.0, 4502603.0 ], [ 537564.0, 4502512.0 ], [ 537746.0, 4502512.0 ], [ 537746.0, 4502421.0 ], [ 537837.0, 4502421.0 ], [ 537837.0, 4502512.0 ], [ 537928.0, 4502512.0 ], [ 537928.0, 4502603.0 ], [ 537564.0, 4502603.0 ] ] ] } },
{ "type": "Feature", "properties": { "area_km2": 0.033124 }, "geometry": { "type": "Polygon", "coordinates": [ [ [ 540294.0, 4502512.0 ], [ 540294.0, 4502421.0 ], [ 540658.0, 4502421.0 ], [ 540658.0, 4502512.0 ], [ 540294.0, 4502512.0 ] ] ] } },
{ "type": "Feature", "properties": { "area_km2": 0.024843 }, "geometry": { "type": "Polygon", "coordinates": [ [ [ 537928.0, 4502512.0 ], [ 537928.0, 4502421.0 ], [ 538019.0, 4502421.0 ], [ 538019.0, 4502330.0 ], [ 538110.0, 4502330.0 ], [ 538110.0, 4502512.0 ], [ 537928.0, 4502512.0 ] ] ] } },
{ "type": "Feature", "properties": { "area_km2": 0.008281 }, "geometry": { "type": "Polygon", "coordinates": [ [ [ 531194.0, 4502421.0 ], [ 531194.0, 4502330.0 ], [ 531285.0, 4502330.0 ], [ 531285.0, 4502421.0 ], [ 531194.0, 4502421.0 ] ] ] } },
{ "type": "Feature", "properties": { "area_km2": 0.008281 }, "geometry": { "type": "Polygon", "coordinates": [ [ [ 540658.0, 4502421.0 ], [ 540658.0, 4502330.0 ], [ 540749.0, 4502330.0 ], [ 540749.0, 4502421.0 ], [ 540658.0, 4502421.0 ] ] ] } },
{ "type": "Feature", "properties": { "area_km2": 0.016562 }, "geometry": { "type": "Polygon", "coordinates": [ [ [ 540931.0, 4502421.0 ], [ 540931.0, 4502330.0 ], [ 541113.0, 4502330.0 ], [ 541113.0, 4502421.0 ], [ 540931.0, 4502421.0 ] ] ] } },
{ "type": "Feature", "properties": { "area_km2": 0.008281 }, "geometry": { "type": "Polygon", "coordinates": [ [ [ 541841.0, 4502421.0 ], [ 541841.0, 4502330.0 ], [ 541932.0, 4502330.0 ], [ 541932.0, 4502421.0 ], [ 541841.0, 4502421.0 ] ] ] } },
{ "type": "Feature", "properties": { "area_km2": 0.008281 }, "geometry": { "type": "Polygon", "coordinates": [ [ [ 538929.0, 4502330.0 ], [ 538929.0, 4502239.0 ], [ 539020.0, 4502239.0 ], [ 539020.0, 4502330.0 ], [ 538929.0, 4502330.0 ] ] ] } },
{ "type": "Feature", "properties": { "area_km2": 0.008281 }, "geometry": { "type": "Polygon", "coordinates": [ [ [ 542296.0, 4502330.0 ], [ 542296.0, 4502239.0 ], [ 542387.0, 4502239.0 ], [ 542387.0, 4502330.0 ], [ 542296.0, 4502330.0 ] ] ] } },
{ "type": "Feature", "properties": { "area_km2": 0.016562 }, "geometry": { "type": "Polygon", "coordinates": [ [ [ 538656.0, 4502330.0 ], [ 538656.0, 4502148.0 ], [ 538747.0, 4502148.0 ], [ 538747.0, 4502330.0 ], [ 538656.0, 4502330.0 ] ] ] } },
{ "type": "Feature", "properties": { "area_km2": 0.016562 }, "geometry": { "type": "Polygon", "coordinates": [ [ [ 542478.0, 4502330.0 ], [ 542478.0, 4502148.0 ], [ 542569.0, 4502148.0 ], [ 542569.0, 4502330.0 ], [ 542478.0, 4502330.0 ] ] ] } },
{ "type": "Feature", "properties": { "area_km2": 0.008281 }, "geometry": { "type": "Polygon", "coordinates": [ [ [ 530648.0, 4502239.0 ], [ 530648.0, 4502148.0 ], [ 530739.0, 4502148.0 ], [ 530739.0, 4502239.0 ], [ 530648.0, 4502239.0 ] ] ] } },
{ "type": "Feature", "properties": { "area_km2": 0.008281 }, "geometry": { "type": "Polygon", "coordinates": [ [ [ 533924.0, 4502239.0 ], [ 533924.0, 4502148.0 ], [ 534015.0, 4502148.0 ], [ 534015.0, 4502239.0 ], [ 533924.0, 4502239.0 ] ] ] } },
{ "type": "Feature", "properties": { "area_km2": 0.057967 }, "geometry": { "type": "Polygon", "coordinates": [ [ [ 540112.0, 4502239.0 ], [ 540112.0, 4502057.0 ], [ 540203.0, 4502057.0 ], [ 540203.0, 4502148.0 ], [ 540385.0, 4502148.0 ], [ 540385.0, 4502057.0 ], [ 540476.0, 4502057.0 ], [ 540476.0, 4502148.0 ], [ 540567.0, 4502148.0 ], [ 540567.0, 4502239.0 ], [ 540112.0, 4502239.0 ] ] ] } },
{ "type": "Feature", "properties": { "area_km2": 0.008281 }, "geometry": { "type": "Polygon", "coordinates": [ [ [ 531194.0, 4502148.0 ], [ 531194.0, 4502057.0 ], [ 531285.0, 4502057.0 ], [ 531285.0, 4502148.0 ], [ 531194.0, 4502148.0 ] ] ] } },
{ "type": "Feature", "properties": { "area_km2": 0.016562 }, "geometry": { "type": "Polygon", "coordinates": [ [ [ 531831.0, 4502148.0 ], [ 531831.0, 4502057.0 ], [ 532013.0, 4502057.0 ], [ 532013.0, 4502148.0 ], [ 531831.0, 4502148.0 ] ] ] } },
{ "type": "Feature", "properties": { "area_km2": 0.008281 }, "geometry": { "type": "Polygon", "coordinates": [ [ [ 532468.0, 4502148.0 ], [ 532468.0, 4502057.0 ], [ 532559.0, 4502057.0 ], [ 532559.0, 4502148.0 ], [ 532468.0, 4502148.0 ] ] ] } },
{ "type": "Feature", "properties": { "area_km2": 0.016562 }, "geometry": { "type": "Polygon", "coordinates": [ [ [ 536108.0, 4502148.0 ], [ 536108.0, 4502057.0 ], [ 536290.0, 4502057.0 ], [ 536290.0, 4502148.0 ], [ 536108.0, 4502148.0 ] ] ] } },
{ "type": "Feature", "properties": { "area_km2": 0.008281 }, "geometry": { "type": "Polygon", "coordinates": [ [ [ 536745.0, 4502148.0 ], [ 536745.0, 4502057.0 ], [ 536836.0, 4502057.0 ], [ 536836.0, 4502148.0 ], [ 536745.0, 4502148.0 ] ] ] } },
{ "type": "Feature", "properties": { "area_km2": 0.008281 }, "geometry": { "type": "Polygon", "coordinates": [ [ [ 537291.0, 4502148.0 ], [ 537291.0, 4502057.0 ], [ 537382.0, 4502057.0 ], [ 537382.0, 4502148.0 ], [ 537291.0, 4502148.0 ] ] ] } },
{ "type": "Feature", "properties": { "area_km2": 0.008281 }, "geometry": { "type": "Polygon", "coordinates": [ [ [ 542296.0, 4502148.0 ], [ 542296.0, 4502057.0 ], [ 542387.0, 4502057.0 ], [ 542387.0, 4502148.0 ], [ 542296.0, 4502148.0 ] ] ] } },
{ "type": "Feature", "properties": { "area_km2": 0.016562 }, "geometry": { "type": "Polygon", "coordinates": [ [ [ 543206.0, 4502148.0 ], [ 543206.0, 4502057.0 ], [ 543388.0, 4502057.0 ], [ 543388.0, 4502148.0 ], [ 543206.0, 4502148.0 ] ] ] } },
{ "type": "Feature", "properties": { "area_km2": 0.016562 }, "geometry": { "type": "Polygon", "coordinates": [ [ [ 531376.0, 4502057.0 ], [ 531376.0, 4501966.0 ], [ 531558.0, 4501966.0 ], [ 531558.0, 4502057.0 ], [ 531376.0, 4502057.0 ] ] ] } },
{ "type": "Feature", "properties": { "area_km2": 0.008281 }, "geometry": { "type": "Polygon", "coordinates": [ [ [ 531649.0, 4502057.0 ], [ 531649.0, 4501966.0 ], [ 531740.0, 4501966.0 ], [ 531740.0, 4502057.0 ], [ 531649.0, 4502057.0 ] ] ] } },
{ "type": "Feature", "properties": { "area_km2": 0.008281 }, "geometry": { "type": "Polygon", "coordinates": [ [ [ 537564.0, 4502057.0 ], [ 537564.0, 4501966.0 ], [ 537655.0, 4501966.0 ], [ 537655.0, 4502057.0 ], [ 537564.0, 4502057.0 ] ] ] } },
{ "type": "Feature", "properties": { "area_km2": 0.057967 }, "geometry": { "type": "Polygon", "coordinates": [ [ [ 536381.0, 4502148.0 ], [ 536381.0, 4502057.0 ], [ 536290.0, 4502057.0 ], [ 536290.0, 4501966.0 ], [ 536381.0, 4501966.0 ], [ 536381.0, 4501875.0 ], [ 536563.0, 4501875.0 ], [ 536563.0, 4502148.0 ], [ 536381.0, 4502148.0 ] ] ] } },
{ "type": "Feature", "properties": { "area_km2": 0.016562 }, "geometry": { "type": "Polygon", "coordinates": [ [ [ 536927.0, 4502057.0 ], [ 536927.0, 4501875.0 ], [ 537018.0, 4501875.0 ], [ 537018.0, 4502057.0 ], [ 536927.0, 4502057.0 ] ] ] } },
{ "type": "Feature", "properties": { "area_km2": 0.024843 }, "geometry": { "type": "Polygon", "coordinates": [ [ [ 540203.0, 4502057.0 ], [ 540203.0, 4501875.0 ], [ 540294.0, 4501875.0 ], [ 540294.0, 4501966.0 ], [ 540385.0, 4501966.0 ], [ 540385.0, 4502057.0 ], [ 540203.0, 4502057.0 ] ] ] } },
{ "type": "Feature", "properties": { "area_km2": 0.016562 }, "geometry": { "type": "Polygon", "coordinates": [ [ [ 537382.0, 4501966.0 ], [ 537382.0, 4501875.0 ], [ 537564.0, 4501875.0 ], [ 537564.0, 4501966.0 ], [ 537382.0, 4501966.0 ] ] ] } },
{ "type": "Feature", "properties": { "area_km2": 0.016562 }, "geometry": { "type": "Polygon", "coordinates": [ [ [ 538929.0, 4501966.0 ], [ 538929.0, 4501875.0 ], [ 539111.0, 4501875.0 ], [ 539111.0, 4501966.0 ], [ 538929.0, 4501966.0 ] ] ] } },
{ "type": "Feature", "properties": { "area_km2": 0.024843 }, "geometry": { "type": "Polygon", "coordinates": [ [ [ 540567.0, 4502057.0 ], [ 540567.0, 4501784.0 ], [ 540658.0, 4501784.0 ], [ 540658.0, 4502057.0 ], [ 540567.0, 4502057.0 ] ] ] } },
{ "type": "Feature", "properties": { "area_km2": 0.016562 }, "geometry": { "type": "Polygon", "coordinates": [ [ [ 538019.0, 4501966.0 ], [ 538019.0, 4501784.0 ], [ 538110.0, 4501784.0 ], [ 538110.0, 4501966.0 ], [ 538019.0, 4501966.0 ] ] ] } },
{ "type": "Feature", "properties": { "area_km2": 0.016562 }, "geometry": { "type": "Polygon", "coordinates": [ [ [ 537655.0, 4501875.0 ], [ 537655.0, 4501784.0 ], [ 537837.0, 4501784.0 ], [ 537837.0, 4501875.0 ], [ 537655.0, 4501875.0 ] ] ] } },
{ "type": "Feature", "properties": { "area_km2": 0.008281 }, "geometry": { "type": "Polygon", "coordinates": [ [ [ 539202.0, 4501875.0 ], [ 539202.0, 4501784.0 ], [ 539293.0, 4501784.0 ], [ 539293.0, 4501875.0 ], [ 539202.0, 4501875.0 ] ] ] } },
{ "type": "Feature", "properties": { "area_km2": 0.057967 }, "geometry": { "type": "Polygon", "coordinates": [ [ [ 532559.0, 4502057.0 ], [ 532559.0, 4501966.0 ], [ 532377.0, 4501966.0 ], [ 532377.0, 4501875.0 ], [ 532650.0, 4501875.0 ], [ 532650.0, 4501693.0 ], [ 532741.0, 4501693.0 ], [ 532741.0, 4501966.0 ], [ 532650.0, 4501966.0 ], [ 532650.0, 4502057.0 ], [ 532559.0, 4502057.0 ] ] ] } },
{ "type": "Feature", "properties": { "area_km2": 0.016562 }, "geometry": { "type": "Polygon", "coordinates": [ [ [ 537018.0, 4501875.0 ], [ 537018.0, 4501693.0 ], [ 537109.0, 4501693.0 ], [ 537109.0, 4501875.0 ], [ 537018.0, 4501875.0 ] ] ] } },
{ "type": "Feature", "properties": { "area_km2": 0.008281 }, "geometry": { "type": "Polygon", "coordinates": [ [ [ 524096.0, 4501784.0 ], [ 524096.0, 4501693.0 ], [ 524187.0, 4501693.0 ], [ 524187.0, 4501784.0 ], [ 524096.0, 4501784.0 ] ] ] } },
{ "type": "Feature", "properties": { "area_km2": 0.024843 }, "geometry": { "type": "Polygon", "coordinates": [ [ [ 537382.0, 4501784.0 ], [ 537382.0, 4501693.0 ], [ 537655.0, 4501693.0 ], [ 537655.0, 4501784.0 ], [ 537382.0, 4501784.0 ] ] ] } },
{ "type": "Feature", "properties": { "area_km2": 0.008281 }, "geometry": { "type": "Polygon", "coordinates": [ [ [ 540658.0, 4501784.0 ], [ 540658.0, 4501693.0 ], [ 540749.0, 4501693.0 ], [ 540749.0, 4501784.0 ], [ 540658.0, 4501784.0 ] ] ] } },
{ "type": "Feature", "properties": { "area_km2": 0.008281 }, "geometry": { "type": "Polygon", "coordinates": [ [ [ 542751.0, 4501693.0 ], [ 542751.0, 4501602.0 ], [ 542842.0, 4501602.0 ], [ 542842.0, 4501693.0 ], [ 542751.0, 4501693.0 ] ] ] } },
{ "type": "Feature", "properties": { "area_km2": 0.024843 }, "geometry": { "type": "Polygon", "coordinates": [ [ [ 525097.0, 4501602.0 ], [ 525097.0, 4501511.0 ], [ 525370.0, 4501511.0 ], [ 525370.0, 4501602.0 ], [ 525097.0, 4501602.0 ] ] ] } },
{ "type": "Feature", "properties": { "area_km2": 0.008281 }, "geometry": { "type": "Polygon", "coordinates": [ [ [ 537564.0, 4501602.0 ], [ 537564.0, 4501511.0 ], [ 537655.0, 4501511.0 ], [ 537655.0, 4501602.0 ], [ 537564.0, 4501602.0 ] ] ] } },
{ "type": "Feature", "properties": { "area_km2": 0.008281 }, "geometry": { "type": "Polygon", "coordinates": [ [ [ 542296.0, 4501602.0 ], [ 542296.0, 4501511.0 ], [ 542387.0, 4501511.0 ], [ 542387.0, 4501602.0 ], [ 542296.0, 4501602.0 ] ] ] } },
{ "type": "Feature", "properties": { "area_km2": 0.008281 }, "geometry": { "type": "Polygon", "coordinates": [ [ [ 543206.0, 4501602.0 ], [ 543206.0, 4501511.0 ], [ 543297.0, 4501511.0 ], [ 543297.0, 4501602.0 ], [ 543206.0, 4501602.0 ] ] ] } },
{ "type": "Feature", "properties": { "area_km2": 0.016562 }, "geometry": { "type": "Polygon", "coordinates": [ [ [ 537109.0, 4501511.0 ], [ 537109.0, 4501329.0 ], [ 537200.0, 4501329.0 ], [ 537200.0, 4501511.0 ], [ 537109.0, 4501511.0 ] ] ] } },
{ "type": "Feature", "properties": { "area_km2": 0.008281 }, "geometry": { "type": "Polygon", "coordinates": [ [ [ 543206.0, 4501420.0 ], [ 543206.0, 4501329.0 ], [ 543297.0, 4501329.0 ], [ 543297.0, 4501420.0 ], [ 543206.0, 4501420.0 ] ] ] } },
{ "type": "Feature", "properties": { "area_km2": 0.033124 }, "geometry": { "type": "Polygon", "coordinates": [ [ [ 533378.0, 4501420.0 ], [ 533378.0, 4501329.0 ], [ 533469.0, 4501329.0 ], [ 533469.0, 4501238.0 ], [ 533560.0, 4501238.0 ], [ 533560.0, 4501329.0 ], [ 533651.0, 4501329.0 ], [ 533651.0, 4501420.0 ], [ 533378.0, 4501420.0 ] ] ] } },
{ "type": "Feature", "properties": { "area_km2": 0.008281 }, "geometry": { "type": "Polygon", "coordinates": [ [ [ 537018.0, 4501329.0 ], [ 537018.0, 4501238.0 ], [ 537109.0, 4501238.0 ], [ 537109.0, 4501329.0 ], [ 537018.0, 4501329.0 ] ] ] } },
{ "type": "Feature", "properties": { "area_km2": 0.008281 }, "geometry": { "type": "Polygon", "coordinates": [ [ [ 543570.0, 4501329.0 ], [ 543570.0, 4501238.0 ], [ 543661.0, 4501238.0 ], [ 543661.0, 4501329.0 ], [ 543570.0, 4501329.0 ] ] ] } },
{ "type": "Feature", "properties": { "area_km2": 0.024843 }, "geometry": { "type": "Polygon", "coordinates": [ [ [ 535562.0, 4501329.0 ], [ 535562.0, 4501147.0 ], [ 535653.0, 4501147.0 ], [ 535653.0, 4501238.0 ], [ 535744.0, 4501238.0 ], [ 535744.0, 4501329.0 ], [ 535562.0, 4501329.0 ] ] ] } },
{ "type": "Feature", "properties": { "area_km2": 0.057967 }, "geometry": { "type": "Polygon", "coordinates": [ [ [ 537200.0, 4501329.0 ], [ 537200.0, 4501238.0 ], [ 537473.0, 4501238.0 ], [ 537473.0, 4501147.0 ], [ 537655.0, 4501147.0 ], [ 537655.0, 4501329.0 ], [ 537200.0, 4501329.0 ] ] ] } },
{ "type": "Feature", "properties": { "area_km2": 0.008281 }, "geometry": { "type": "Polygon", "coordinates": [ [ [ 525916.0, 4501238.0 ], [ 525916.0, 4501147.0 ], [ 526007.0, 4501147.0 ], [ 526007.0, 4501238.0 ], [ 525916.0, 4501238.0 ] ] ] } },
{ "type": "Feature", "properties": { "area_km2": 0.008281 }, "geometry": { "type": "Polygon", "coordinates": [ [ [ 533105.0, 4501238.0 ], [ 533105.0, 4501147.0 ], [ 533196.0, 4501147.0 ], [ 533196.0, 4501238.0 ], [ 533105.0, 4501238.0 ] ] ] } },
{ "type": "Feature", "properties": { "area_km2": 0.008281 }, "geometry": { "type": "Polygon", "coordinates": [ [ [ 533287.0, 4501238.0 ], [ 533287.0, 4501147.0 ], [ 533378.0, 4501147.0 ], [ 533378.0, 4501238.0 ], [ 533287.0, 4501238.0 ] ] ] } },
{ "type": "Feature", "properties": { "area_km2": 0.008281 }, "geometry": { "type": "Polygon", "coordinates": [ [ [ 537746.0, 4501238.0 ], [ 537746.0, 4501147.0 ], [ 537837.0, 4501147.0 ], [ 537837.0, 4501238.0 ], [ 537746.0, 4501238.0 ] ] ] } },
{ "type": "Feature", "properties": { "area_km2": 0.008281 }, "geometry": { "type": "Polygon", "coordinates": [ [ [ 533196.0, 4501147.0 ], [ 533196.0, 4501056.0 ], [ 533287.0, 4501056.0 ], [ 533287.0, 4501147.0 ], [ 533196.0, 4501147.0 ] ] ] } },
{ "type": "Feature", "properties": { "area_km2": 0.008281 }, "geometry": { "type": "Polygon", "coordinates": [ [ [ 533469.0, 4501147.0 ], [ 533469.0, 4501056.0 ], [ 533560.0, 4501056.0 ], [ 533560.0, 4501147.0 ], [ 533469.0, 4501147.0 ] ] ] } },
{ "type": "Feature", "properties": { "area_km2": 0.008281 }, "geometry": { "type": "Polygon", "coordinates": [ [ [ 536654.0, 4501147.0 ], [ 536654.0, 4501056.0 ], [ 536745.0, 4501056.0 ], [ 536745.0, 4501147.0 ], [ 536654.0, 4501147.0 ] ] ] } },
{ "type": "Feature", "properties": { "area_km2": 1.084811 }, "geometry": { "type": "Polygon", "coordinates": [ [ [ 537109.0, 4502876.0 ], [ 537109.0, 4502785.0 ], [ 537018.0, 4502785.0 ], [ 537018.0, 4502694.0 ], [ 536927.0, 4502694.0 ], [ 536927.0, 4502512.0 ], [ 536836.0, 4502512.0 ], [ 536836.0, 4502421.0 ], [ 536745.0, 4502421.0 ], [ 536745.0, 4502330.0 ], [ 536836.0, 4502330.0 ], [ 536836.0, 4502239.0 ], [ 536927.0, 4502239.0 ], [ 536927.0, 4502148.0 ], [ 537109.0, 4502148.0 ], [ 537109.0, 4502239.0 ], [ 537200.0, 4502239.0 ], [ 537200.0, 4502148.0 ], [ 537291.0, 4502148.0 ], [ 537291.0, 4502239.0 ], [ 537382.0, 4502239.0 ], [ 537382.0, 4502148.0 ], [ 537473.0, 4502148.0 ], [ 537473.0, 4502057.0 ], [ 537564.0, 4502057.0 ], [ 537564.0, 4502239.0 ], [ 537837.0, 4502239.0 ], [ 537837.0, 4502148.0 ], [ 537746.0, 4502148.0 ], [ 537746.0, 4501966.0 ], [ 538019.0, 4501966.0 ], [ 538019.0, 4502057.0 ], [ 538110.0, 4502057.0 ], [ 538110.0, 4501966.0 ], [ 538201.0, 4501966.0 ], [ 538201.0, 4501875.0 ], [ 538292.0, 4501875.0 ], [ 538292.0, 4501784.0 ], [ 538201.0, 4501784.0 ], [ 538201.0, 4501693.0 ], [ 538292.0, 4501693.0 ], [ 538292.0, 4501602.0 ], [ 538201.0, 4501602.0 ], [ 538201.0, 4501511.0 ], [ 538110.0, 4501511.0 ], [ 538110.0, 4501420.0 ], [ 538201.0, 4501420.0 ], [ 538201.0, 4501329.0 ], [ 538292.0, 4501329.0 ], [ 538292.0, 4501238.0 ], [ 538110.0, 4501238.0 ], [ 538110.0, 4501329.0 ], [ 538019.0, 4501329.0 ], [ 538019.0, 4501420.0 ], [ 537928.0, 4501420.0 ], [ 537928.0, 4501147.0 ], [ 538019.0, 4501147.0 ], [ 538019.0, 4501056.0 ], [ 538201.0, 4501056.0 ], [ 538201.0, 4501147.0 ], [ 538292.0, 4501147.0 ], [ 538292.0, 4501056.0 ], [ 538383.0, 4501056.0 ], [ 538383.0, 4500965.0 ], [ 538565.0, 4500965.0 ], [ 538565.0, 4501420.0 ], [ 538656.0, 4501420.0 ], [ 538656.0, 4501602.0 ], [ 538565.0, 4501602.0 ], [ 538565.0, 4501784.0 ], [ 538656.0, 4501784.0 ], [ 538656.0, 4501693.0 ], [ 538838.0, 4501693.0 ], [ 538838.0, 4501784.0 ], [ 538747.0, 4501784.0 ], [ 538747.0, 4501875.0 ], [ 538838.0, 4501875.0 ], [ 538838.0, 4501966.0 ], [ 538929.0, 4501966.0 ], [ 538929.0, 4502057.0 ], [ 538565.0, 4502057.0 ], [ 538565.0, 4502148.0 ], [ 538474.0, 4502148.0 ], [ 538474.0, 4502239.0 ], [ 538292.0, 4502239.0 ], [ 538292.0, 4502330.0 ], [ 538565.0, 4502330.0 ], [ 538565.0, 4502421.0 ], [ 538474.0, 4502421.0 ], [ 538474.0, 4502512.0 ], [ 538292.0, 4502512.0 ], [ 538292.0, 4502694.0 ], [ 538201.0, 4502694.0 ], [ 538201.0, 4502330.0 ], [ 538110.0, 4502330.0 ], [ 538110.0, 4502148.0 ], [ 538019.0, 4502148.0 ], [ 538019.0, 4502330.0 ], [ 537655.0, 4502330.0 ], [ 537655.0, 4502421.0 ], [ 537564.0, 4502421.0 ], [ 537564.0, 4502512.0 ], [ 537473.0, 4502512.0 ], [ 537473.0, 4502603.0 ], [ 537382.0, 4502603.0 ], [ 537382.0, 4502512.0 ], [ 537109.0, 4502512.0 ], [ 537109.0, 4502694.0 ], [ 537200.0, 4502694.0 ], [ 537200.0, 4502603.0 ], [ 537291.0, 4502603.0 ], [ 537291.0, 4502876.0 ], [ 537109.0, 4502876.0 ] ], [ [ 537018.0, 4502512.0 ], [ 537109.0, 4502512.0 ], [ 537109.0, 4502421.0 ], [ 537018.0, 4502421.0 ], [ 537018.0, 4502512.0 ] ], [ [ 537382.0, 4502421.0 ], [ 537473.0, 4502421.0 ], [ 537473.0, 4502239.0 ], [ 537382.0, 4502239.0 ], [ 537382.0, 4502421.0 ] ], [ [ 537018.0, 4502330.0 ], [ 537109.0, 4502330.0 ], [ 537109.0, 4502239.0 ], [ 537018.0, 4502239.0 ], [ 537018.0, 4502330.0 ] ], [ [ 538383.0, 4502148.0 ], [ 538474.0, 4502148.0 ], [ 538474.0, 4502057.0 ], [ 538383.0, 4502057.0 ], [ 538383.0, 4502148.0 ] ], [ [ 538292.0, 4501966.0 ], [ 538474.0, 4501966.0 ], [ 538474.0, 4501784.0 ], [ 538383.0, 4501784.0 ], [ 538383.0, 4501875.0 ], [ 538292.0, 4501875.0 ], [ 538292.0, 4501966.0 ] ], [ [ 538292.0, 4501511.0 ], [ 538383.0, 4501511.0 ], [ 538383.0, 4501329.0 ], [ 538292.0, 4501329.0 ], [ 538292.0, 4501511.0 ] ], [ [ 538474.0, 4501511.0 ], [ 538565.0, 4501511.0 ], [ 538565.0, 4501420.0 ], [ 538474.0, 4501420.0 ], [ 538474.0, 4501511.0 ] ] ] } },
{ "type": "Feature", "properties": { "area_km2": 0.049686 }, "geometry": { "type": "Polygon", "coordinates": [ [ [ 536199.0, 4501238.0 ], [ 536199.0, 4501147.0 ], [ 536108.0, 4501147.0 ], [ 536108.0, 4500965.0 ], [ 536199.0, 4500965.0 ], [ 536199.0, 4501056.0 ], [ 536381.0, 4501056.0 ], [ 536381.0, 4501238.0 ], [ 536199.0, 4501238.0 ] ] ] } },
{ "type": "Feature", "properties": { "area_km2": 0.008281 }, "geometry": { "type": "Polygon", "coordinates": [ [ [ 528282.0, 4501056.0 ], [ 528282.0, 4500965.0 ], [ 528373.0, 4500965.0 ], [ 528373.0, 4501056.0 ], [ 528282.0, 4501056.0 ] ] ] } },
{ "type": "Feature", "properties": { "area_km2": 0.008281 }, "geometry": { "type": "Polygon", "coordinates": [ [ [ 536381.0, 4501056.0 ], [ 536381.0, 4500965.0 ], [ 536472.0, 4500965.0 ], [ 536472.0, 4501056.0 ], [ 536381.0, 4501056.0 ] ] ] } },
{ "type": "Feature", "properties": { "area_km2": 0.008281 }, "geometry": { "type": "Polygon", "coordinates": [ [ [ 538201.0, 4501056.0 ], [ 538201.0, 4500965.0 ], [ 538292.0, 4500965.0 ], [ 538292.0, 4501056.0 ], [ 538201.0, 4501056.0 ] ] ] } },
{ "type": "Feature", "properties": { "area_km2": 0.008281 }, "geometry": { "type": "Polygon", "coordinates": [ [ [ 540112.0, 4501056.0 ], [ 540112.0, 4500965.0 ], [ 540203.0, 4500965.0 ], [ 540203.0, 4501056.0 ], [ 540112.0, 4501056.0 ] ] ] } },
{ "type": "Feature", "properties": { "area_km2": 0.008281 }, "geometry": { "type": "Polygon", "coordinates": [ [ [ 541295.0, 4501056.0 ], [ 541295.0, 4500965.0 ], [ 541386.0, 4500965.0 ], [ 541386.0, 4501056.0 ], [ 541295.0, 4501056.0 ] ] ] } },
{ "type": "Feature", "properties": { "area_km2": 0.008281 }, "geometry": { "type": "Polygon", "coordinates": [ [ [ 542842.0, 4501056.0 ], [ 542842.0, 4500965.0 ], [ 542933.0, 4500965.0 ], [ 542933.0, 4501056.0 ], [ 542842.0, 4501056.0 ] ] ] } },
{ "type": "Feature", "properties": { "area_km2": 0.024843 }, "geometry": { "type": "Polygon", "coordinates": [ [ [ 536927.0, 4501056.0 ], [ 536927.0, 4500965.0 ], [ 537018.0, 4500965.0 ], [ 537018.0, 4500874.0 ], [ 537109.0, 4500874.0 ], [ 537109.0, 4501056.0 ], [ 536927.0, 4501056.0 ] ] ] } },
{ "type": "Feature", "properties": { "area_km2": 0.033124 }, "geometry": { "type": "Polygon", "coordinates": [ [ [ 538747.0, 4501056.0 ], [ 538747.0, 4500965.0 ], [ 538838.0, 4500965.0 ], [ 538838.0, 4500874.0 ], [ 538929.0, 4500874.0 ], [ 538929.0, 4500965.0 ], [ 539020.0, 4500965.0 ], [ 539020.0, 4501056.0 ], [ 538747.0, 4501056.0 ] ] ] } },
{ "type": "Feature", "properties": { "area_km2": 0.008281 }, "geometry": { "type": "Polygon", "coordinates": [ [ [ 523004.0, 4500965.0 ], [ 523004.0, 4500874.0 ], [ 523095.0, 4500874.0 ], [ 523095.0, 4500965.0 ], [ 523004.0, 4500965.0 ] ] ] } },
{ "type": "Feature", "properties": { "area_km2": 0.016562 }, "geometry": { "type": "Polygon", "coordinates": [ [ [ 525552.0, 4500965.0 ], [ 525552.0, 4500874.0 ], [ 525734.0, 4500874.0 ], [ 525734.0, 4500965.0 ], [ 525552.0, 4500965.0 ] ] ] } },
{ "type": "Feature", "properties": { "area_km2": 0.016562 }, "geometry": { "type": "Polygon", "coordinates": [ [ [ 537473.0, 4500965.0 ], [ 537473.0, 4500874.0 ], [ 537655.0, 4500874.0 ], [ 537655.0, 4500965.0 ], [ 537473.0, 4500965.0 ] ] ] } },
{ "type": "Feature", "properties": { "area_km2": 0.016562 }, "geometry": { "type": "Polygon", "coordinates": [ [ [ 539020.0, 4500965.0 ], [ 539020.0, 4500874.0 ], [ 539202.0, 4500874.0 ], [ 539202.0, 4500965.0 ], [ 539020.0, 4500965.0 ] ] ] } },
{ "type": "Feature", "properties": { "area_km2": 0.016562 }, "geometry": { "type": "Polygon", "coordinates": [ [ [ 539293.0, 4500965.0 ], [ 539293.0, 4500874.0 ], [ 539475.0, 4500874.0 ], [ 539475.0, 4500965.0 ], [ 539293.0, 4500965.0 ] ] ] } },
{ "type": "Feature", "properties": { "area_km2": 0.008281 }, "geometry": { "type": "Polygon", "coordinates": [ [ [ 540203.0, 4500965.0 ], [ 540203.0, 4500874.0 ], [ 540294.0, 4500874.0 ], [ 540294.0, 4500965.0 ], [ 540203.0, 4500965.0 ] ] ] } },
{ "type": "Feature", "properties": { "area_km2": 0.008281 }, "geometry": { "type": "Polygon", "coordinates": [ [ [ 533469.0, 4500874.0 ], [ 533469.0, 4500783.0 ], [ 533560.0, 4500783.0 ], [ 533560.0, 4500874.0 ], [ 533469.0, 4500874.0 ] ] ] } },
{ "type": "Feature", "properties": { "area_km2": 0.016562 }, "geometry": { "type": "Polygon", "coordinates": [ [ [ 536381.0, 4500874.0 ], [ 536381.0, 4500783.0 ], [ 536563.0, 4500783.0 ], [ 536563.0, 4500874.0 ], [ 536381.0, 4500874.0 ] ] ] } },
{ "type": "Feature", "properties": { "area_km2": 0.016562 }, "geometry": { "type": "Polygon", "coordinates": [ [ [ 539566.0, 4500874.0 ], [ 539566.0, 4500783.0 ], [ 539748.0, 4500783.0 ], [ 539748.0, 4500874.0 ], [ 539566.0, 4500874.0 ] ] ] } },
{ "type": "Feature", "properties": { "area_km2": 0.016562 }, "geometry": { "type": "Polygon", "coordinates": [ [ [ 540931.0, 4500874.0 ], [ 540931.0, 4500783.0 ], [ 541113.0, 4500783.0 ], [ 541113.0, 4500874.0 ], [ 540931.0, 4500874.0 ] ] ] } },
{ "type": "Feature", "properties": { "area_km2": 0.008281 }, "geometry": { "type": "Polygon", "coordinates": [ [ [ 533287.0, 4500783.0 ], [ 533287.0, 4500692.0 ], [ 533378.0, 4500692.0 ], [ 533378.0, 4500783.0 ], [ 533287.0, 4500783.0 ] ] ] } },
{ "type": "Feature", "properties": { "area_km2": 0.008281 }, "geometry": { "type": "Polygon", "coordinates": [ [ [ 533742.0, 4500783.0 ], [ 533742.0, 4500692.0 ], [ 533833.0, 4500692.0 ], [ 533833.0, 4500783.0 ], [ 533742.0, 4500783.0 ] ] ] } },
{ "type": "Feature", "properties": { "area_km2": 0.008281 }, "geometry": { "type": "Polygon", "coordinates": [ [ [ 534925.0, 4500783.0 ], [ 534925.0, 4500692.0 ], [ 535016.0, 4500692.0 ], [ 535016.0, 4500783.0 ], [ 534925.0, 4500783.0 ] ] ] } },
{ "type": "Feature", "properties": { "area_km2": 0.008281 }, "geometry": { "type": "Polygon", "coordinates": [ [ [ 536199.0, 4500783.0 ], [ 536199.0, 4500692.0 ], [ 536290.0, 4500692.0 ], [ 536290.0, 4500783.0 ], [ 536199.0, 4500783.0 ] ] ] } },
{ "type": "Feature", "properties": { "area_km2": 0.008281 }, "geometry": { "type": "Polygon", "coordinates": [ [ [ 538110.0, 4500783.0 ], [ 538110.0, 4500692.0 ], [ 538201.0, 4500692.0 ], [ 538201.0, 4500783.0 ], [ 538110.0, 4500783.0 ] ] ] } },
{ "type": "Feature", "properties": { "area_km2": 0.008281 }, "geometry": { "type": "Polygon", "coordinates": [ [ [ 539748.0, 4500783.0 ], [ 539748.0, 4500692.0 ], [ 539839.0, 4500692.0 ], [ 539839.0, 4500783.0 ], [ 539748.0, 4500783.0 ] ] ] } },
{ "type": "Feature", "properties": { "area_km2": 0.066248 }, "geometry": { "type": "Polygon", "coordinates": [ [ [ 539839.0, 4500874.0 ], [ 539839.0, 4500783.0 ], [ 539930.0, 4500783.0 ], [ 539930.0, 4500692.0 ], [ 540112.0, 4500692.0 ], [ 540112.0, 4500601.0 ], [ 540203.0, 4500601.0 ], [ 540203.0, 4500692.0 ], [ 540294.0, 4500692.0 ], [ 540294.0, 4500783.0 ], [ 540112.0, 4500783.0 ], [ 540112.0, 4500874.0 ], [ 539839.0, 4500874.0 ] ] ] } },
{ "type": "Feature", "properties": { "area_km2": 0.016562 }, "geometry": { "type": "Polygon", "coordinates": [ [ [ 539475.0, 4500783.0 ], [ 539475.0, 4500601.0 ], [ 539566.0, 4500601.0 ], [ 539566.0, 4500783.0 ], [ 539475.0, 4500783.0 ] ] ] } },
{ "type": "Feature", "properties": { "area_km2": 0.008281 }, "geometry": { "type": "Polygon", "coordinates": [ [ [ 527736.0, 4500692.0 ], [ 527736.0, 4500601.0 ], [ 527827.0, 4500601.0 ], [ 527827.0, 4500692.0 ], [ 527736.0, 4500692.0 ] ] ] } },
{ "type": "Feature", "properties": { "area_km2": 0.016562 }, "geometry": { "type": "Polygon", "coordinates": [ [ [ 533560.0, 4500692.0 ], [ 533560.0, 4500601.0 ], [ 533742.0, 4500601.0 ], [ 533742.0, 4500692.0 ], [ 533560.0, 4500692.0 ] ] ] } },
{ "type": "Feature", "properties": { "area_km2": 0.008281 }, "geometry": { "type": "Polygon", "coordinates": [ [ [ 536108.0, 4500692.0 ], [ 536108.0, 4500601.0 ], [ 536199.0, 4500601.0 ], [ 536199.0, 4500692.0 ], [ 536108.0, 4500692.0 ] ] ] } },
{ "type": "Feature", "properties": { "area_km2": 0.008281 }, "geometry": { "type": "Polygon", "coordinates": [ [ [ 537564.0, 4500692.0 ], [ 537564.0, 4500601.0 ], [ 537655.0, 4500601.0 ], [ 537655.0, 4500692.0 ], [ 537564.0, 4500692.0 ] ] ] } },
{ "type": "Feature", "properties": { "area_km2": 0.008281 }, "geometry": { "type": "Polygon", "coordinates": [ [ [ 538838.0, 4500692.0 ], [ 538838.0, 4500601.0 ], [ 538929.0, 4500601.0 ], [ 538929.0, 4500692.0 ], [ 538838.0, 4500692.0 ] ] ] } },
{ "type": "Feature", "properties": { "area_km2": 0.016562 }, "geometry": { "type": "Polygon", "coordinates": [ [ [ 535016.0, 4500692.0 ], [ 535016.0, 4500510.0 ], [ 535107.0, 4500510.0 ], [ 535107.0, 4500692.0 ], [ 535016.0, 4500692.0 ] ] ] } },
{ "type": "Feature", "properties": { "area_km2": 0.008281 }, "geometry": { "type": "Polygon", "coordinates": [ [ [ 536381.0, 4500601.0 ], [ 536381.0, 4500510.0 ], [ 536472.0, 4500510.0 ], [ 536472.0, 4500601.0 ], [ 536381.0, 4500601.0 ] ] ] } },
{ "type": "Feature", "properties": { "area_km2": 0.033124 }, "geometry": { "type": "Polygon", "coordinates": [ [ [ 538383.0, 4500692.0 ], [ 538383.0, 4500601.0 ], [ 538292.0, 4500601.0 ], [ 538292.0, 4500510.0 ], [ 538474.0, 4500510.0 ], [ 538474.0, 4500601.0 ], [ 538565.0, 4500601.0 ], [ 538565.0, 4500692.0 ], [ 538383.0, 4500692.0 ] ] ] } },
{ "type": "Feature", "properties": { "area_km2": 0.008281 }, "geometry": { "type": "Polygon", "coordinates": [ [ [ 542296.0, 4500601.0 ], [ 542296.0, 4500510.0 ], [ 542387.0, 4500510.0 ], [ 542387.0, 4500601.0 ], [ 542296.0, 4500601.0 ] ] ] } },
{ "type": "Feature", "properties": { "area_km2": 0.008281 }, "geometry": { "type": "Polygon", "coordinates": [ [ [ 537382.0, 4500510.0 ], [ 537382.0, 4500419.0 ], [ 537473.0, 4500419.0 ], [ 537473.0, 4500510.0 ], [ 537382.0, 4500510.0 ] ] ] } },
{ "type": "Feature", "properties": { "area_km2": 0.008281 }, "geometry": { "type": "Polygon", "coordinates": [ [ [ 538110.0, 4500510.0 ], [ 538110.0, 4500419.0 ], [ 538201.0, 4500419.0 ], [ 538201.0, 4500510.0 ], [ 538110.0, 4500510.0 ] ] ] } },
{ "type": "Feature", "properties": { "area_km2": 0.008281 }, "geometry": { "type": "Polygon", "coordinates": [ [ [ 539202.0, 4500510.0 ], [ 539202.0, 4500419.0 ], [ 539293.0, 4500419.0 ], [ 539293.0, 4500510.0 ], [ 539202.0, 4500510.0 ] ] ] } },
{ "type": "Feature", "properties": { "area_km2": 0.016562 }, "geometry": { "type": "Polygon", "coordinates": [ [ [ 541204.0, 4500510.0 ], [ 541204.0, 4500419.0 ], [ 541386.0, 4500419.0 ], [ 541386.0, 4500510.0 ], [ 541204.0, 4500510.0 ] ] ] } },
{ "type": "Feature", "properties": { "area_km2": 0.024843 }, "geometry": { "type": "Polygon", "coordinates": [ [ [ 535926.0, 4500601.0 ], [ 535926.0, 4500328.0 ], [ 536017.0, 4500328.0 ], [ 536017.0, 4500601.0 ], [ 535926.0, 4500601.0 ] ] ] } },
{ "type": "Feature", "properties": { "area_km2": 0.008281 }, "geometry": { "type": "Polygon", "coordinates": [ [ [ 520911.0, 4500419.0 ], [ 520911.0, 4500328.0 ], [ 521002.0, 4500328.0 ], [ 521002.0, 4500419.0 ], [ 520911.0, 4500419.0 ] ] ] } },
{ "type": "Feature", "properties": { "area_km2": 0.008281 }, "geometry": { "type": "Polygon", "coordinates": [ [ [ 533560.0, 4500419.0 ], [ 533560.0, 4500328.0 ], [ 533651.0, 4500328.0 ], [ 533651.0, 4500419.0 ], [ 533560.0, 4500419.0 ] ] ] } },
{ "type": "Feature", "properties": { "area_km2": 0.016562 }, "geometry": { "type": "Polygon", "coordinates": [ [ [ 535471.0, 4500419.0 ], [ 535471.0, 4500328.0 ], [ 535653.0, 4500328.0 ], [ 535653.0, 4500419.0 ], [ 535471.0, 4500419.0 ] ] ] } },
{ "type": "Feature", "properties": { "area_km2": 0.024843 }, "geometry": { "type": "Polygon", "coordinates": [ [ [ 541386.0, 4500419.0 ], [ 541386.0, 4500328.0 ], [ 541659.0, 4500328.0 ], [ 541659.0, 4500419.0 ], [ 541386.0, 4500419.0 ] ] ] } },
{ "type": "Feature", "properties": { "area_km2": 0.132496 }, "geometry": { "type": "Polygon", "coordinates": [ [ [ 537837.0, 4500874.0 ], [ 537837.0, 4500783.0 ], [ 537928.0, 4500783.0 ], [ 537928.0, 4500692.0 ], [ 537746.0, 4500692.0 ], [ 537746.0, 4500601.0 ], [ 537837.0, 4500601.0 ], [ 537837.0, 4500510.0 ], [ 537655.0, 4500510.0 ], [ 537655.0, 4500328.0 ], [ 537746.0, 4500328.0 ], [ 537746.0, 4500419.0 ], [ 537837.0, 4500419.0 ], [ 537837.0, 4500328.0 ], [ 537928.0, 4500328.0 ], [ 537928.0, 4500237.0 ], [ 538019.0, 4500237.0 ], [ 538019.0, 4500874.0 ], [ 537837.0, 4500874.0 ] ] ] } },
{ "type": "Feature", "properties": { "area_km2": 0.008281 }, "geometry": { "type": "Polygon", "coordinates": [ [ [ 534561.0, 4500328.0 ], [ 534561.0, 4500237.0 ], [ 534652.0, 4500237.0 ], [ 534652.0, 4500328.0 ], [ 534561.0, 4500328.0 ] ] ] } },
{ "type": "Feature", "properties": { "area_km2": 0.008281 }, "geometry": { "type": "Polygon", "coordinates": [ [ [ 538201.0, 4500328.0 ], [ 538201.0, 4500237.0 ], [ 538292.0, 4500237.0 ], [ 538292.0, 4500328.0 ], [ 538201.0, 4500328.0 ] ] ] } },
{ "type": "Feature", "properties": { "area_km2": 0.008281 }, "geometry": { "type": "Polygon", "coordinates": [ [ [ 538383.0, 4500328.0 ], [ 538383.0, 4500237.0 ], [ 538474.0, 4500237.0 ], [ 538474.0, 4500328.0 ], [ 538383.0, 4500328.0 ] ] ] } },
{ "type": "Feature", "properties": { "area_km2": 0.033124 }, "geometry": { "type": "Polygon", "coordinates": [ [ [ 541932.0, 4500419.0 ], [ 541932.0, 4500328.0 ], [ 541750.0, 4500328.0 ], [ 541750.0, 4500237.0 ], [ 542023.0, 4500237.0 ], [ 542023.0, 4500419.0 ], [ 541932.0, 4500419.0 ] ] ] } },
{ "type": "Feature", "properties": { "area_km2": 0.016562 }, "geometry": { "type": "Polygon", "coordinates": [ [ [ 542114.0, 4500328.0 ], [ 542114.0, 4500237.0 ], [ 542296.0, 4500237.0 ], [ 542296.0, 4500328.0 ], [ 542114.0, 4500328.0 ] ] ] } },
{ "type": "Feature", "properties": { "area_km2": 0.016562 }, "geometry": { "type": "Polygon", "coordinates": [ [ [ 533105.0, 4500237.0 ], [ 533105.0, 4500146.0 ], [ 533287.0, 4500146.0 ], [ 533287.0, 4500237.0 ], [ 533105.0, 4500237.0 ] ] ] } },
{ "type": "Feature", "properties": { "area_km2": 0.008281 }, "geometry": { "type": "Polygon", "coordinates": [ [ [ 535562.0, 4500237.0 ], [ 535562.0, 4500146.0 ], [ 535653.0, 4500146.0 ], [ 535653.0, 4500237.0 ], [ 535562.0, 4500237.0 ] ] ] } },
{ "type": "Feature", "properties": { "area_km2": 0.008281 }, "geometry": { "type": "Polygon", "coordinates": [ [ [ 536381.0, 4500237.0 ], [ 536381.0, 4500146.0 ], [ 536472.0, 4500146.0 ], [ 536472.0, 4500237.0 ], [ 536381.0, 4500237.0 ] ] ] } },
{ "type": "Feature", "properties": { "area_km2": 0.008281 }, "geometry": { "type": "Polygon", "coordinates": [ [ [ 542023.0, 4500237.0 ], [ 542023.0, 4500146.0 ], [ 542114.0, 4500146.0 ], [ 542114.0, 4500237.0 ], [ 542023.0, 4500237.0 ] ] ] } },
{ "type": "Feature", "properties": { "area_km2": 0.008281 }, "geometry": { "type": "Polygon", "coordinates": [ [ [ 542478.0, 4500237.0 ], [ 542478.0, 4500146.0 ], [ 542569.0, 4500146.0 ], [ 542569.0, 4500237.0 ], [ 542478.0, 4500237.0 ] ] ] } },
{ "type": "Feature", "properties": { "area_km2": 0.016562 }, "geometry": { "type": "Polygon", "coordinates": [ [ [ 542660.0, 4500237.0 ], [ 542660.0, 4500146.0 ], [ 542842.0, 4500146.0 ], [ 542842.0, 4500237.0 ], [ 542660.0, 4500237.0 ] ] ] } },
{ "type": "Feature", "properties": { "area_km2": 0.024843 }, "geometry": { "type": "Polygon", "coordinates": [ [ [ 535289.0, 4500237.0 ], [ 535289.0, 4500055.0 ], [ 535380.0, 4500055.0 ], [ 535380.0, 4500146.0 ], [ 535471.0, 4500146.0 ], [ 535471.0, 4500237.0 ], [ 535289.0, 4500237.0 ] ] ] } },
{ "type": "Feature", "properties": { "area_km2": 0.016562 }, "geometry": { "type": "Polygon", "coordinates": [ [ [ 536017.0, 4500237.0 ], [ 536017.0, 4500055.0 ], [ 536108.0, 4500055.0 ], [ 536108.0, 4500237.0 ], [ 536017.0, 4500237.0 ] ] ] } },
{ "type": "Feature", "properties": { "area_km2": 0.016562 }, "geometry": { "type": "Polygon", "coordinates": [ [ [ 537564.0, 4500146.0 ], [ 537564.0, 4500055.0 ], [ 537746.0, 4500055.0 ], [ 537746.0, 4500146.0 ], [ 537564.0, 4500146.0 ] ] ] } },
{ "type": "Feature", "properties": { "area_km2": 0.008281 }, "geometry": { "type": "Polygon", "coordinates": [ [ [ 539293.0, 4500146.0 ], [ 539293.0, 4500055.0 ], [ 539384.0, 4500055.0 ], [ 539384.0, 4500146.0 ], [ 539293.0, 4500146.0 ] ] ] } },
{ "type": "Feature", "properties": { "area_km2": 0.008281 }, "geometry": { "type": "Polygon", "coordinates": [ [ [ 541386.0, 4500146.0 ], [ 541386.0, 4500055.0 ], [ 541477.0, 4500055.0 ], [ 541477.0, 4500146.0 ], [ 541386.0, 4500146.0 ] ] ] } },
{ "type": "Feature", "properties": { "area_km2": 0.016562 }, "geometry": { "type": "Polygon", "coordinates": [ [ [ 543206.0, 4500146.0 ], [ 543206.0, 4500055.0 ], [ 543388.0, 4500055.0 ], [ 543388.0, 4500146.0 ], [ 543206.0, 4500146.0 ] ] ] } },
{ "type": "Feature", "properties": { "area_km2": 0.024843 }, "geometry": { "type": "Polygon", "coordinates": [ [ [ 535744.0, 4500146.0 ], [ 535744.0, 4499964.0 ], [ 535835.0, 4499964.0 ], [ 535835.0, 4500055.0 ], [ 535926.0, 4500055.0 ], [ 535926.0, 4500146.0 ], [ 535744.0, 4500146.0 ] ] ] } },
{ "type": "Feature", "properties": { "area_km2": 0.521703 }, "geometry": { "type": "Polygon", "coordinates": [ [ [ 540294.0, 4501784.0 ], [ 540294.0, 4501511.0 ], [ 540385.0, 4501511.0 ], [ 540385.0, 4501420.0 ], [ 540294.0, 4501420.0 ], [ 540294.0, 4501238.0 ], [ 540385.0, 4501238.0 ], [ 540385.0, 4500510.0 ], [ 540476.0, 4500510.0 ], [ 540476.0, 4500328.0 ], [ 540567.0, 4500328.0 ], [ 540567.0, 4500146.0 ], [ 540476.0, 4500146.0 ], [ 540476.0, 4499964.0 ], [ 540567.0, 4499964.0 ], [ 540567.0, 4500055.0 ], [ 540658.0, 4500055.0 ], [ 540658.0, 4500237.0 ], [ 540840.0, 4500237.0 ], [ 540840.0, 4500328.0 ], [ 540749.0, 4500328.0 ], [ 540749.0, 4500510.0 ], [ 541022.0, 4500510.0 ], [ 541022.0, 4500419.0 ], [ 541113.0, 4500419.0 ], [ 541113.0, 4500601.0 ], [ 540840.0, 4500601.0 ], [ 540840.0, 4500692.0 ], [ 540658.0, 4500692.0 ], [ 540658.0, 4501238.0 ], [ 540567.0, 4501238.0 ], [ 540567.0, 4501420.0 ], [ 540749.0, 4501420.0 ], [ 540749.0, 4501602.0 ], [ 540476.0, 4501602.0 ], [ 540476.0, 4501784.0 ], [ 540294.0, 4501784.0 ] ], [ [ 540476.0, 4501511.0 ], [ 540567.0, 4501511.0 ], [ 540567.0, 4501420.0 ], [ 540476.0, 4501420.0 ], [ 540476.0, 4501511.0 ] ] ] } },
{ "type": "Feature", "properties": { "area_km2": 0.008281 }, "geometry": { "type": "Polygon", "coordinates": [ [ [ 530466.0, 4499964.0 ], [ 530466.0, 4499873.0 ], [ 530557.0, 4499873.0 ], [ 530557.0, 4499964.0 ], [ 530466.0, 4499964.0 ] ] ] } },
{ "type": "Feature", "properties": { "area_km2": 0.008281 }, "geometry": { "type": "Polygon", "coordinates": [ [ [ 535835.0, 4499964.0 ], [ 535835.0, 4499873.0 ], [ 535926.0, 4499873.0 ], [ 535926.0, 4499964.0 ], [ 535835.0, 4499964.0 ] ] ] } },
{ "type": "Feature", "properties": { "area_km2": 0.008281 }, "geometry": { "type": "Polygon", "coordinates": [ [ [ 536290.0, 4499964.0 ], [ 536290.0, 4499873.0 ], [ 536381.0, 4499873.0 ], [ 536381.0, 4499964.0 ], [ 536290.0, 4499964.0 ] ] ] } },
{ "type": "Feature", "properties": { "area_km2": 0.008281 }, "geometry": { "type": "Polygon", "coordinates": [ [ [ 540385.0, 4499964.0 ], [ 540385.0, 4499873.0 ], [ 540476.0, 4499873.0 ], [ 540476.0, 4499964.0 ], [ 540385.0, 4499964.0 ] ] ] } },
{ "type": "Feature", "properties": { "area_km2": 0.008281 }, "geometry": { "type": "Polygon", "coordinates": [ [ [ 541386.0, 4499964.0 ], [ 541386.0, 4499873.0 ], [ 541477.0, 4499873.0 ], [ 541477.0, 4499964.0 ], [ 541386.0, 4499964.0 ] ] ] } },
{ "type": "Feature", "properties": { "area_km2": 0.008281 }, "geometry": { "type": "Polygon", "coordinates": [ [ [ 535926.0, 4499873.0 ], [ 535926.0, 4499782.0 ], [ 536017.0, 4499782.0 ], [ 536017.0, 4499873.0 ], [ 535926.0, 4499873.0 ] ] ] } },
{ "type": "Feature", "properties": { "area_km2": 0.008281 }, "geometry": { "type": "Polygon", "coordinates": [ [ [ 536108.0, 4499873.0 ], [ 536108.0, 4499782.0 ], [ 536199.0, 4499782.0 ], [ 536199.0, 4499873.0 ], [ 536108.0, 4499873.0 ] ] ] } },
{ "type": "Feature", "properties": { "area_km2": 0.008281 }, "geometry": { "type": "Polygon", "coordinates": [ [ [ 537200.0, 4499873.0 ], [ 537200.0, 4499782.0 ], [ 537291.0, 4499782.0 ], [ 537291.0, 4499873.0 ], [ 537200.0, 4499873.0 ] ] ] } },
{ "type": "Feature", "properties": { "area_km2": 0.008281 }, "geometry": { "type": "Polygon", "coordinates": [ [ [ 538019.0, 4499873.0 ], [ 538019.0, 4499782.0 ], [ 538110.0, 4499782.0 ], [ 538110.0, 4499873.0 ], [ 538019.0, 4499873.0 ] ] ] } },
{ "type": "Feature", "properties": { "area_km2": 0.008281 }, "geometry": { "type": "Polygon", "coordinates": [ [ [ 539384.0, 4499873.0 ], [ 539384.0, 4499782.0 ], [ 539475.0, 4499782.0 ], [ 539475.0, 4499873.0 ], [ 539384.0, 4499873.0 ] ] ] } },
{ "type": "Feature", "properties": { "area_km2": 0.016562 }, "geometry": { "type": "Polygon", "coordinates": [ [ [ 541204.0, 4499873.0 ], [ 541204.0, 4499782.0 ], [ 541386.0, 4499782.0 ], [ 541386.0, 4499873.0 ], [ 541204.0, 4499873.0 ] ] ] } },
{ "type": "Feature", "properties": { "area_km2": 0.008281 }, "geometry": { "type": "Polygon", "coordinates": [ [ [ 541477.0, 4499873.0 ], [ 541477.0, 4499782.0 ], [ 541568.0, 4499782.0 ], [ 541568.0, 4499873.0 ], [ 541477.0, 4499873.0 ] ] ] } },
{ "type": "Feature", "properties": { "area_km2": 0.008281 }, "geometry": { "type": "Polygon", "coordinates": [ [ [ 542842.0, 4499873.0 ], [ 542842.0, 4499782.0 ], [ 542933.0, 4499782.0 ], [ 542933.0, 4499873.0 ], [ 542842.0, 4499873.0 ] ] ] } },
{ "type": "Feature", "properties": { "area_km2": 0.049686 }, "geometry": { "type": "Polygon", "coordinates": [ [ [ 535471.0, 4499964.0 ], [ 535471.0, 4499873.0 ], [ 535653.0, 4499873.0 ], [ 535653.0, 4499691.0 ], [ 535744.0, 4499691.0 ], [ 535744.0, 4499782.0 ], [ 535835.0, 4499782.0 ], [ 535835.0, 4499873.0 ], [ 535744.0, 4499873.0 ], [ 535744.0, 4499964.0 ], [ 535471.0, 4499964.0 ] ] ] } },
{ "type": "Feature", "properties": { "area_km2": 0.008281 }, "geometry": { "type": "Polygon", "coordinates": [ [ [ 534470.0, 4499691.0 ], [ 534470.0, 4499600.0 ], [ 534561.0, 4499600.0 ], [ 534561.0, 4499691.0 ], [ 534470.0, 4499691.0 ] ] ] } },
{ "type": "Feature", "properties": { "area_km2": 0.008281 }, "geometry": { "type": "Polygon", "coordinates": [ [ [ 540203.0, 4499691.0 ], [ 540203.0, 4499600.0 ], [ 540294.0, 4499600.0 ], [ 540294.0, 4499691.0 ], [ 540203.0, 4499691.0 ] ] ] } },
{ "type": "Feature", "properties": { "area_km2": 0.008281 }, "geometry": { "type": "Polygon", "coordinates": [ [ [ 541113.0, 4499691.0 ], [ 541113.0, 4499600.0 ], [ 541204.0, 4499600.0 ], [ 541204.0, 4499691.0 ], [ 541113.0, 4499691.0 ] ] ] } },
{ "type": "Feature", "properties": { "area_km2": 0.049686 }, "geometry": { "type": "Polygon", "coordinates": [ [ [ 535835.0, 4499782.0 ], [ 535835.0, 4499509.0 ], [ 536017.0, 4499509.0 ], [ 536017.0, 4499600.0 ], [ 536108.0, 4499600.0 ], [ 536108.0, 4499691.0 ], [ 535926.0, 4499691.0 ], [ 535926.0, 4499782.0 ], [ 535835.0, 4499782.0 ] ] ] } },
{ "type": "Feature", "properties": { "area_km2": 0.008281 }, "geometry": { "type": "Polygon", "coordinates": [ [ [ 537837.0, 4499600.0 ], [ 537837.0, 4499509.0 ], [ 537928.0, 4499509.0 ], [ 537928.0, 4499600.0 ], [ 537837.0, 4499600.0 ] ] ] } },
{ "type": "Feature", "properties": { "area_km2": 0.008281 }, "geometry": { "type": "Polygon", "coordinates": [ [ [ 538201.0, 4499600.0 ], [ 538201.0, 4499509.0 ], [ 538292.0, 4499509.0 ], [ 538292.0, 4499600.0 ], [ 538201.0, 4499600.0 ] ] ] } },
{ "type": "Feature", "properties": { "area_km2": 0.008281 }, "geometry": { "type": "Polygon", "coordinates": [ [ [ 538474.0, 4499600.0 ], [ 538474.0, 4499509.0 ], [ 538565.0, 4499509.0 ], [ 538565.0, 4499600.0 ], [ 538474.0, 4499600.0 ] ] ] } },
{ "type": "Feature", "properties": { "area_km2": 79.042145 }, "geometry": { "type": "Polygon", "coordinates": [ [ [ 534652.0, 4513250.0 ], [ 534652.0, 4513159.0 ], [ 534743.0, 4513159.0 ], [ 534743.0, 4513068.0 ], [ 535107.0, 4513068.0 ], [ 535107.0, 4512977.0 ], [ 535016.0, 4512977.0 ], [ 535016.0, 4512886.0 ], [ 535107.0, 4512886.0 ], [ 535107.0, 4512704.0 ], [ 535380.0, 4512704.0 ], [ 535380.0, 4512795.0 ], [ 535562.0, 4512795.0 ], [ 535562.0, 4512886.0 ], [ 535744.0, 4512886.0 ], [ 535744.0, 4512977.0 ], [ 535926.0, 4512977.0 ], [ 535926.0, 4512795.0 ], [ 535653.0, 4512795.0 ], [ 535653.0, 4512704.0 ], [ 535471.0, 4512704.0 ], [ 535471.0, 4512613.0 ], [ 535198.0, 4512613.0 ], [ 535198.0, 4512522.0 ], [ 535289.0, 4512522.0 ], [ 535289.0, 4512340.0 ], [ 535107.0, 4512340.0 ], [ 535107.0, 4512431.0 ], [ 535016.0, 4512431.0 ], [ 535016.0, 4512522.0 ], [ 534834.0, 4512522.0 ], [ 534834.0, 4512431.0 ], [ 534925.0, 4512431.0 ], [ 534925.0, 4512340.0 ], [ 534652.0, 4512340.0 ], [ 534652.0, 4512431.0 ], [ 534470.0, 4512431.0 ], [ 534470.0, 4512340.0 ], [ 534288.0, 4512340.0 ], [ 534288.0, 4512431.0 ], [ 534106.0, 4512431.0 ], [ 534106.0, 4512340.0 ], [ 533924.0, 4512340.0 ], [ 533924.0, 4512431.0 ], [ 534015.0, 4512431.0 ], [ 534015.0, 4512522.0 ], [ 533833.0, 4512522.0 ], [ 533833.0, 4512431.0 ], [ 533651.0, 4512431.0 ], [ 533651.0, 4512340.0 ], [ 533560.0, 4512340.0 ], [ 533560.0, 4512431.0 ], [ 533378.0, 4512431.0 ], [ 533378.0, 4512522.0 ], [ 533287.0, 4512522.0 ], [ 533287.0, 4512613.0 ], [ 533196.0, 4512613.0 ], [ 533196.0, 4512704.0 ], [ 533014.0, 4512704.0 ], [ 533014.0, 4512613.0 ], [ 532832.0, 4512613.0 ], [ 532832.0, 4512704.0 ], [ 532650.0, 4512704.0 ], [ 532650.0, 4512613.0 ], [ 532559.0, 4512613.0 ], [ 532559.0, 4512795.0 ], [ 532286.0, 4512795.0 ], [ 532286.0, 4512613.0 ], [ 532377.0, 4512613.0 ], [ 532377.0, 4512522.0 ], [ 532832.0, 4512522.0 ], [ 532832.0, 4512431.0 ], [ 532923.0, 4512431.0 ], [ 532923.0, 4512340.0 ], [ 532741.0, 4512340.0 ], [ 532741.0, 4512249.0 ], [ 532650.0, 4512249.0 ], [ 532650.0, 4512340.0 ], [ 532559.0, 4512340.0 ], [ 532559.0, 4512249.0 ], [ 532195.0, 4512249.0 ], [ 532195.0, 4512158.0 ], [ 532286.0, 4512158.0 ], [ 532286.0, 4512067.0 ], [ 532195.0, 4512067.0 ], [ 532195.0, 4511976.0 ], [ 532013.0, 4511976.0 ], [ 532013.0, 4511885.0 ], [ 531922.0, 4511885.0 ], [ 531922.0, 4511794.0 ], [ 531740.0, 4511794.0 ], [ 531740.0, 4511885.0 ], [ 531831.0, 4511885.0 ], [ 531831.0, 4511976.0 ], [ 531649.0, 4511976.0 ], [ 531649.0, 4512067.0 ], [ 531376.0, 4512067.0 ], [ 531376.0, 4512158.0 ], [ 530921.0, 4512158.0 ], [ 530921.0, 4512067.0 ], [ 530830.0, 4512067.0 ], [ 530830.0, 4512158.0 ], [ 530466.0, 4512158.0 ], [ 530466.0, 4512067.0 ], [ 530648.0, 4512067.0 ], [ 530648.0, 4511976.0 ], [ 530830.0, 4511976.0 ], [ 530830.0, 4511885.0 ], [ 530739.0, 4511885.0 ], [ 530739.0, 4511794.0 ], [ 530648.0, 4511794.0 ], [ 530648.0, 4511703.0 ], [ 531012.0, 4511703.0 ], [ 531012.0, 4511885.0 ], [ 531194.0, 4511885.0 ], [ 531194.0, 4511794.0 ], [ 531103.0, 4511794.0 ], [ 531103.0, 4511521.0 ], [ 531012.0, 4511521.0 ], [ 531012.0, 4511612.0 ], [ 530375.0, 4511612.0 ], [ 530375.0, 4511703.0 ], [ 530193.0, 4511703.0 ], [ 530193.0, 4511521.0 ], [ 529920.0, 4511521.0 ], [ 529920.0, 4511339.0 ], [ 529829.0, 4511339.0 ], [ 529829.0, 4511157.0 ], [ 529920.0, 4511157.0 ], [ 529920.0, 4510975.0 ], [ 529829.0, 4510975.0 ], [ 529829.0, 4510884.0 ], [ 530011.0, 4510884.0 ], [ 530011.0, 4510702.0 ], [ 529920.0, 4510702.0 ], [ 529920.0, 4510611.0 ], [ 529829.0, 4510611.0 ], [ 529829.0, 4510520.0 ], [ 529920.0, 4510520.0 ], [ 529920.0, 4510156.0 ], [ 530193.0, 4510156.0 ], [ 530193.0, 4510065.0 ], [ 530011.0, 4510065.0 ], [ 530011.0, 4509974.0 ], [ 529920.0, 4509974.0 ], [ 529920.0, 4509883.0 ], [ 529738.0, 4509883.0 ], [ 529738.0, 4509974.0 ], [ 529647.0, 4509974.0 ], [ 529647.0, 4510065.0 ], [ 529556.0, 4510065.0 ], [ 529556.0, 4509883.0 ], [ 529647.0, 4509883.0 ], [ 529647.0, 4509792.0 ], [ 529920.0, 4509792.0 ], [ 529920.0, 4509610.0 ], [ 529829.0, 4509610.0 ], [ 529829.0, 4509519.0 ], [ 530193.0, 4509519.0 ], [ 530193.0, 4509428.0 ], [ 530102.0, 4509428.0 ], [ 530102.0, 4509337.0 ], [ 529920.0, 4509337.0 ], [ 529920.0, 4509428.0 ], [ 529738.0, 4509428.0 ], [ 529738.0, 4509610.0 ], [ 529647.0, 4509610.0 ], [ 529647.0, 4509701.0 ], [ 529374.0, 4509701.0 ], [ 529374.0, 4509610.0 ], [ 529556.0, 4509610.0 ], [ 529556.0, 4509428.0 ], [ 529465.0, 4509428.0 ], [ 529465.0, 4509519.0 ], [ 529010.0, 4509519.0 ], [ 529010.0, 4509610.0 ], [ 528828.0, 4509610.0 ], [ 528828.0, 4509792.0 ], [ 528646.0, 4509792.0 ], [ 528646.0, 4509701.0 ], [ 528555.0, 4509701.0 ], [ 528555.0, 4509610.0 ], [ 528464.0, 4509610.0 ], [ 528464.0, 4509519.0 ], [ 528373.0, 4509519.0 ], [ 528373.0, 4509428.0 ], [ 528282.0, 4509428.0 ], [ 528282.0, 4509519.0 ], [ 528191.0, 4509519.0 ], [ 528191.0, 4509428.0 ], [ 528009.0, 4509428.0 ], [ 528009.0, 4509337.0 ], [ 528191.0, 4509337.0 ], [ 528191.0, 4509246.0 ], [ 528464.0, 4509246.0 ], [ 528464.0, 4509064.0 ], [ 528646.0, 4509064.0 ], [ 528646.0, 4509155.0 ], [ 528828.0, 4509155.0 ], [ 528828.0, 4509064.0 ], [ 528737.0, 4509064.0 ], [ 528737.0, 4508973.0 ], [ 528646.0, 4508973.0 ], [ 528646.0, 4508882.0 ], [ 528737.0, 4508882.0 ], [ 528737.0, 4508791.0 ], [ 528828.0, 4508791.0 ], [ 528828.0, 4508700.0 ], [ 528919.0, 4508700.0 ], [ 528919.0, 4508609.0 ], [ 529010.0, 4508609.0 ], [ 529010.0, 4508518.0 ], [ 528919.0, 4508518.0 ], [ 528919.0, 4508427.0 ], [ 528373.0, 4508427.0 ], [ 528373.0, 4508518.0 ], [ 528009.0, 4508518.0 ], [ 528009.0, 4508427.0 ], [ 528282.0, 4508427.0 ], [ 528282.0, 4508336.0 ], [ 528464.0, 4508336.0 ], [ 528464.0, 4508245.0 ], [ 528646.0, 4508245.0 ], [ 528646.0, 4508154.0 ], [ 528373.0, 4508154.0 ], [ 528373.0, 4508063.0 ], [ 528646.0, 4508063.0 ], [ 528646.0, 4507972.0 ], [ 528555.0, 4507972.0 ], [ 528555.0, 4507699.0 ], [ 527645.0, 4507699.0 ], [ 527645.0, 4507608.0 ], [ 527736.0, 4507608.0 ], [ 527736.0, 4507517.0 ], [ 527827.0, 4507517.0 ], [ 527827.0, 4507426.0 ], [ 528009.0, 4507426.0 ], [ 528009.0, 4507517.0 ], [ 528464.0, 4507517.0 ], [ 528464.0, 4507426.0 ], [ 528737.0, 4507426.0 ], [ 528737.0, 4507335.0 ], [ 528555.0, 4507335.0 ], [ 528555.0, 4507153.0 ], [ 528646.0, 4507153.0 ], [ 528646.0, 4507062.0 ], [ 528555.0, 4507062.0 ], [ 528555.0, 4506971.0 ], [ 528646.0, 4506971.0 ], [ 528646.0, 4506880.0 ], [ 528828.0, 4506880.0 ], [ 528828.0, 4506789.0 ], [ 528555.0, 4506789.0 ], [ 528555.0, 4506880.0 ], [ 528464.0, 4506880.0 ], [ 528464.0, 4506789.0 ], [ 528373.0, 4506789.0 ], [ 528373.0, 4506698.0 ], [ 528555.0, 4506698.0 ], [ 528555.0, 4506607.0 ], [ 528828.0, 4506607.0 ], [ 528828.0, 4506516.0 ], [ 528646.0, 4506516.0 ], [ 528646.0, 4506425.0 ], [ 528737.0, 4506425.0 ], [ 528737.0, 4506152.0 ], [ 528646.0, 4506152.0 ], [ 528646.0, 4506243.0 ], [ 528373.0, 4506243.0 ], [ 528373.0, 4506152.0 ], [ 528464.0, 4506152.0 ], [ 528464.0, 4505970.0 ], [ 528282.0, 4505970.0 ], [ 528282.0, 4505879.0 ], [ 528464.0, 4505879.0 ], [ 528464.0, 4505788.0 ], [ 528555.0, 4505788.0 ], [ 528555.0, 4505970.0 ], [ 528646.0, 4505970.0 ], [ 528646.0, 4505788.0 ], [ 528737.0, 4505788.0 ], [ 528737.0, 4505606.0 ], [ 528828.0, 4505606.0 ], [ 528828.0, 4505697.0 ], [ 528919.0, 4505697.0 ], [ 528919.0, 4505606.0 ], [ 529101.0, 4505606.0 ], [ 529101.0, 4505515.0 ], [ 529192.0, 4505515.0 ], [ 529192.0, 4505424.0 ], [ 529283.0, 4505424.0 ], [ 529283.0, 4505333.0 ], [ 529192.0, 4505333.0 ], [ 529192.0, 4505242.0 ], [ 529101.0, 4505242.0 ], [ 529101.0, 4505151.0 ], [ 528919.0, 4505151.0 ], [ 528919.0, 4504969.0 ], [ 528828.0, 4504969.0 ], [ 528828.0, 4504878.0 ], [ 529010.0, 4504878.0 ], [ 529010.0, 4504787.0 ], [ 529101.0, 4504787.0 ], [ 529101.0, 4504605.0 ], [ 529192.0, 4504605.0 ], [ 529192.0, 4504696.0 ], [ 529374.0, 4504696.0 ], [ 529374.0, 4504514.0 ], [ 529192.0, 4504514.0 ], [ 529192.0, 4504423.0 ], [ 529465.0, 4504423.0 ], [ 529465.0, 4504332.0 ], [ 529556.0, 4504332.0 ], [ 529556.0, 4504241.0 ], [ 529647.0, 4504241.0 ], [ 529647.0, 4504150.0 ], [ 529738.0, 4504150.0 ], [ 529738.0, 4504059.0 ], [ 529829.0, 4504059.0 ], [ 529829.0, 4504241.0 ], [ 529920.0, 4504241.0 ], [ 529920.0, 4504059.0 ], [ 530102.0, 4504059.0 ], [ 530102.0, 4503968.0 ], [ 530011.0, 4503968.0 ], [ 530011.0, 4503877.0 ], [ 529829.0, 4503877.0 ], [ 529829.0, 4503786.0 ], [ 530011.0, 4503786.0 ], [ 530011.0, 4503604.0 ], [ 530102.0, 4503604.0 ], [ 530102.0, 4503513.0 ], [ 530193.0, 4503513.0 ], [ 530193.0, 4503604.0 ], [ 530284.0, 4503604.0 ], [ 530284.0, 4503695.0 ], [ 530375.0, 4503695.0 ], [ 530375.0, 4503331.0 ], [ 530466.0, 4503331.0 ], [ 530466.0, 4503240.0 ], [ 530557.0, 4503240.0 ], [ 530557.0, 4503331.0 ], [ 530648.0, 4503331.0 ], [ 530648.0, 4503149.0 ], [ 530739.0, 4503149.0 ], [ 530739.0, 4503240.0 ], [ 530921.0, 4503240.0 ], [ 530921.0, 4503149.0 ], [ 530830.0, 4503149.0 ], [ 530830.0, 4503058.0 ], [ 531103.0, 4503058.0 ], [ 531103.0, 4502967.0 ], [ 531558.0, 4502967.0 ], [ 531558.0, 4502785.0 ], [ 531376.0, 4502785.0 ], [ 531376.0, 4502694.0 ], [ 531467.0, 4502694.0 ], [ 531467.0, 4502512.0 ], [ 531376.0, 4502512.0 ], [ 531376.0, 4502421.0 ], [ 531740.0, 4502421.0 ], [ 531740.0, 4502330.0 ], [ 532104.0, 4502330.0 ], [ 532104.0, 4502239.0 ], [ 532377.0, 4502239.0 ], [ 532377.0, 4502148.0 ], [ 532468.0, 4502148.0 ], [ 532468.0, 4502239.0 ], [ 532559.0, 4502239.0 ], [ 532559.0, 4502148.0 ], [ 532650.0, 4502148.0 ], [ 532650.0, 4502239.0 ], [ 532741.0, 4502239.0 ], [ 532741.0, 4502057.0 ], [ 533196.0, 4502057.0 ], [ 533196.0, 4501966.0 ], [ 532923.0, 4501966.0 ], [ 532923.0, 4501784.0 ], [ 533014.0, 4501784.0 ], [ 533014.0, 4501693.0 ], [ 532832.0, 4501693.0 ], [ 532832.0, 4501602.0 ], [ 533014.0, 4501602.0 ], [ 533014.0, 4501511.0 ], [ 532741.0, 4501511.0 ], [ 532741.0, 4501420.0 ], [ 533014.0, 4501420.0 ], [ 533014.0, 4501329.0 ], [ 533196.0, 4501329.0 ], [ 533196.0, 4501238.0 ], [ 533287.0, 4501238.0 ], [ 533287.0, 4501420.0 ], [ 533105.0, 4501420.0 ], [ 533105.0, 4501602.0 ], [ 533196.0, 4501602.0 ], [ 533196.0, 4501511.0 ], [ 533469.0, 4501511.0 ], [ 533469.0, 4501602.0 ], [ 533560.0, 4501602.0 ], [ 533560.0, 4501511.0 ], [ 533651.0, 4501511.0 ], [ 533651.0, 4501420.0 ], [ 533833.0, 4501420.0 ], [ 533833.0, 4501602.0 ], [ 533924.0, 4501602.0 ], [ 533924.0, 4501329.0 ], [ 533742.0, 4501329.0 ], [ 533742.0, 4501147.0 ], [ 533924.0, 4501147.0 ], [ 533924.0, 4501056.0 ], [ 533742.0, 4501056.0 ], [ 533742.0, 4500965.0 ], [ 533560.0, 4500965.0 ], [ 533560.0, 4500874.0 ], [ 533833.0, 4500874.0 ], [ 533833.0, 4500783.0 ], [ 533924.0, 4500783.0 ], [ 533924.0, 4500601.0 ], [ 533833.0, 4500601.0 ], [ 533833.0, 4500510.0 ], [ 533742.0, 4500510.0 ], [ 533742.0, 4500419.0 ], [ 533833.0, 4500419.0 ], [ 533833.0, 4500328.0 ], [ 533742.0, 4500328.0 ], [ 533742.0, 4500237.0 ], [ 534015.0, 4500237.0 ], [ 534015.0, 4500146.0 ], [ 533924.0, 4500146.0 ], [ 533924.0, 4500055.0 ], [ 533833.0, 4500055.0 ], [ 533833.0, 4500146.0 ], [ 533651.0, 4500146.0 ], [ 533651.0, 4500237.0 ], [ 533560.0, 4500237.0 ], [ 533560.0, 4500146.0 ], [ 533469.0, 4500146.0 ], [ 533469.0, 4500510.0 ], [ 533287.0, 4500510.0 ], [ 533287.0, 4500419.0 ], [ 533378.0, 4500419.0 ], [ 533378.0, 4500055.0 ], [ 533469.0, 4500055.0 ], [ 533469.0, 4499964.0 ], [ 533742.0, 4499964.0 ], [ 533742.0, 4499782.0 ], [ 533560.0, 4499782.0 ], [ 533560.0, 4499600.0 ], [ 533651.0, 4499600.0 ], [ 533651.0, 4499691.0 ], [ 533833.0, 4499691.0 ], [ 533833.0, 4499600.0 ], [ 533924.0, 4499600.0 ], [ 533924.0, 4499873.0 ], [ 534106.0, 4499873.0 ], [ 534106.0, 4499964.0 ], [ 534288.0, 4499964.0 ], [ 534288.0, 4499873.0 ], [ 534470.0, 4499873.0 ], [ 534470.0, 4499782.0 ], [ 534561.0, 4499782.0 ], [ 534561.0, 4499691.0 ], [ 534652.0, 4499691.0 ], [ 534652.0, 4499873.0 ], [ 534743.0, 4499873.0 ], [ 534743.0, 4499600.0 ], [ 534834.0, 4499600.0 ], [ 534834.0, 4499509.0 ], [ 534925.0, 4499509.0 ], [ 534925.0, 4499418.0 ], [ 535016.0, 4499418.0 ], [ 535016.0, 4499782.0 ], [ 535107.0, 4499782.0 ], [ 535107.0, 4499691.0 ], [ 535289.0, 4499691.0 ], [ 535289.0, 4499873.0 ], [ 535380.0, 4499873.0 ], [ 535380.0, 4499964.0 ], [ 534561.0, 4499964.0 ], [ 534561.0, 4500055.0 ], [ 534743.0, 4500055.0 ], [ 534743.0, 4500146.0 ], [ 534925.0, 4500146.0 ], [ 534925.0, 4500055.0 ], [ 535016.0, 4500055.0 ], [ 535016.0, 4500146.0 ], [ 535107.0, 4500146.0 ], [ 535107.0, 4500237.0 ], [ 534925.0, 4500237.0 ], [ 534925.0, 4500328.0 ], [ 535198.0, 4500328.0 ], [ 535198.0, 4500237.0 ], [ 535289.0, 4500237.0 ], [ 535289.0, 4500419.0 ], [ 534834.0, 4500419.0 ], [ 534834.0, 4500510.0 ], [ 534652.0, 4500510.0 ], [ 534652.0, 4500692.0 ], [ 534743.0, 4500692.0 ], [ 534743.0, 4500965.0 ], [ 534925.0, 4500965.0 ], [ 534925.0, 4500874.0 ], [ 535016.0, 4500874.0 ], [ 535016.0, 4500965.0 ], [ 535198.0, 4500965.0 ], [ 535198.0, 4500874.0 ], [ 535107.0, 4500874.0 ], [ 535107.0, 4500783.0 ], [ 535380.0, 4500783.0 ], [ 535380.0, 4500874.0 ], [ 535562.0, 4500874.0 ], [ 535562.0, 4500692.0 ], [ 535380.0, 4500692.0 ], [ 535380.0, 4500601.0 ], [ 535562.0, 4500601.0 ], [ 535562.0, 4500510.0 ], [ 535653.0, 4500510.0 ], [ 535653.0, 4500419.0 ], [ 535744.0, 4500419.0 ], [ 535744.0, 4500601.0 ], [ 535653.0, 4500601.0 ], [ 535653.0, 4500692.0 ], [ 535744.0, 4500692.0 ], [ 535744.0, 4500783.0 ], [ 535835.0, 4500783.0 ], [ 535835.0, 4500692.0 ], [ 536017.0, 4500692.0 ], [ 536017.0, 4500783.0 ], [ 536108.0, 4500783.0 ], [ 536108.0, 4500874.0 ], [ 535926.0, 4500874.0 ], [ 535926.0, 4500965.0 ], [ 536017.0, 4500965.0 ], [ 536017.0, 4501238.0 ], [ 535926.0, 4501238.0 ], [ 535926.0, 4501329.0 ], [ 535835.0, 4501329.0 ], [ 535835.0, 4501147.0 ], [ 535926.0, 4501147.0 ], [ 535926.0, 4501056.0 ], [ 535744.0, 4501056.0 ], [ 535744.0, 4500965.0 ], [ 535835.0, 4500965.0 ], [ 535835.0, 4500874.0 ], [ 535653.0, 4500874.0 ], [ 535653.0, 4500965.0 ], [ 535289.0, 4500965.0 ], [ 535289.0, 4501056.0 ], [ 535198.0, 4501056.0 ], [ 535198.0, 4501147.0 ], [ 535107.0, 4501147.0 ], [ 535107.0, 4501329.0 ], [ 535562.0, 4501329.0 ], [ 535562.0, 4501420.0 ], [ 535471.0, 4501420.0 ], [ 535471.0, 4501511.0 ], [ 535380.0, 4501511.0 ], [ 535380.0, 4501420.0 ], [ 535289.0, 4501420.0 ], [ 535289.0, 4501511.0 ], [ 535198.0, 4501511.0 ], [ 535198.0, 4501602.0 ], [ 535562.0, 4501602.0 ], [ 535562.0, 4501511.0 ], [ 535926.0, 4501511.0 ], [ 535926.0, 4501420.0 ], [ 536017.0, 4501420.0 ], [ 536017.0, 4501511.0 ], [ 536108.0, 4501511.0 ], [ 536108.0, 4501420.0 ], [ 536563.0, 4501420.0 ], [ 536563.0, 4501329.0 ], [ 536836.0, 4501329.0 ], [ 536836.0, 4501238.0 ], [ 536927.0, 4501238.0 ], [ 536927.0, 4501420.0 ], [ 537018.0, 4501420.0 ], [ 537018.0, 4501511.0 ], [ 536836.0, 4501511.0 ], [ 536836.0, 4501420.0 ], [ 536745.0, 4501420.0 ], [ 536745.0, 4501511.0 ], [ 536290.0, 4501511.0 ], [ 536290.0, 4501602.0 ], [ 535926.0, 4501602.0 ], [ 535926.0, 4501875.0 ], [ 535835.0, 4501875.0 ], [ 535835.0, 4501784.0 ], [ 535744.0, 4501784.0 ], [ 535744.0, 4501693.0 ], [ 535653.0, 4501693.0 ], [ 535653.0, 4501875.0 ], [ 535744.0, 4501875.0 ], [ 535744.0, 4502057.0 ], [ 535926.0, 4502057.0 ], [ 535926.0, 4502148.0 ], [ 536108.0, 4502148.0 ], [ 536108.0, 4502239.0 ], [ 536290.0, 4502239.0 ], [ 536290.0, 4502330.0 ], [ 536381.0, 4502330.0 ], [ 536381.0, 4502239.0 ], [ 536563.0, 4502239.0 ], [ 536563.0, 4502421.0 ], [ 536745.0, 4502421.0 ], [ 536745.0, 4502512.0 ], [ 536836.0, 4502512.0 ], [ 536836.0, 4502603.0 ], [ 536654.0, 4502603.0 ], [ 536654.0, 4502512.0 ], [ 536381.0, 4502512.0 ], [ 536381.0, 4502603.0 ], [ 536199.0, 4502603.0 ], [ 536199.0, 4502694.0 ], [ 536381.0, 4502694.0 ], [ 536381.0, 4502785.0 ], [ 536472.0, 4502785.0 ], [ 536472.0, 4502967.0 ], [ 536654.0, 4502967.0 ], [ 536654.0, 4503058.0 ], [ 536563.0, 4503058.0 ], [ 536563.0, 4503240.0 ], [ 536654.0, 4503240.0 ], [ 536654.0, 4503149.0 ], [ 536836.0, 4503149.0 ], [ 536836.0, 4503058.0 ], [ 537291.0, 4503058.0 ], [ 537291.0, 4503149.0 ], [ 537109.0, 4503149.0 ], [ 537109.0, 4503240.0 ], [ 537018.0, 4503240.0 ], [ 537018.0, 4503149.0 ], [ 536927.0, 4503149.0 ], [ 536927.0, 4503240.0 ], [ 536836.0, 4503240.0 ], [ 536836.0, 4503331.0 ], [ 537109.0, 4503331.0 ], [ 537109.0, 4503422.0 ], [ 537200.0, 4503422.0 ], [ 537200.0, 4503513.0 ], [ 537018.0, 4503513.0 ], [ 537018.0, 4503422.0 ], [ 536927.0, 4503422.0 ], [ 536927.0, 4503513.0 ], [ 536836.0, 4503513.0 ], [ 536836.0, 4503604.0 ], [ 536563.0, 4503604.0 ], [ 536563.0, 4503513.0 ], [ 536472.0, 4503513.0 ], [ 536472.0, 4503604.0 ], [ 536199.0, 4503604.0 ], [ 536199.0, 4503695.0 ], [ 536381.0, 4503695.0 ], [ 536381.0, 4503877.0 ], [ 536290.0, 4503877.0 ], [ 536290.0, 4503786.0 ], [ 536108.0, 4503786.0 ], [ 536108.0, 4503877.0 ], [ 535744.0, 4503877.0 ], [ 535744.0, 4503968.0 ], [ 535835.0, 4503968.0 ], [ 535835.0, 4504150.0 ], [ 535926.0, 4504150.0 ], [ 535926.0, 4504059.0 ], [ 536108.0, 4504059.0 ], [ 536108.0, 4503968.0 ], [ 536654.0, 4503968.0 ], [ 536654.0, 4503877.0 ], [ 537109.0, 4503877.0 ], [ 537109.0, 4503786.0 ], [ 537382.0, 4503786.0 ], [ 537382.0, 4503604.0 ], [ 537291.0, 4503604.0 ], [ 537291.0, 4503513.0 ], [ 537473.0, 4503513.0 ], [ 537473.0, 4503422.0 ], [ 537382.0, 4503422.0 ], [ 537382.0, 4503149.0 ], [ 537473.0, 4503149.0 ], [ 537473.0, 4503240.0 ], [ 537655.0, 4503240.0 ], [ 537655.0, 4503149.0 ], [ 538019.0, 4503149.0 ], [ 538019.0, 4503240.0 ], [ 538110.0, 4503240.0 ], [ 538110.0, 4503058.0 ], [ 538292.0, 4503058.0 ], [ 538292.0, 4503149.0 ], [ 538383.0, 4503149.0 ], [ 538383.0, 4503240.0 ], [ 538201.0, 4503240.0 ], [ 538201.0, 4503331.0 ], [ 537928.0, 4503331.0 ], [ 537928.0, 4503240.0 ], [ 537837.0, 4503240.0 ], [ 537837.0, 4503331.0 ], [ 537655.0, 4503331.0 ], [ 537655.0, 4503422.0 ], [ 537746.0, 4503422.0 ], [ 537746.0, 4503695.0 ], [ 537837.0, 4503695.0 ], [ 537837.0, 4503422.0 ], [ 538019.0, 4503422.0 ], [ 538019.0, 4503695.0 ], [ 537928.0, 4503695.0 ], [ 537928.0, 4503786.0 ], [ 537837.0, 4503786.0 ], [ 537837.0, 4503877.0 ], [ 538019.0, 4503877.0 ], [ 538019.0, 4503786.0 ], [ 538474.0, 4503786.0 ], [ 538474.0, 4503877.0 ], [ 538383.0, 4503877.0 ], [ 538383.0, 4503968.0 ], [ 538201.0, 4503968.0 ], [ 538201.0, 4504059.0 ], [ 538292.0, 4504059.0 ], [ 538292.0, 4504332.0 ], [ 538383.0, 4504332.0 ], [ 538383.0, 4504423.0 ], [ 538474.0, 4504423.0 ], [ 538474.0, 4504241.0 ], [ 538383.0, 4504241.0 ], [ 538383.0, 4504150.0 ], [ 538565.0, 4504150.0 ], [ 538565.0, 4504059.0 ], [ 538474.0, 4504059.0 ], [ 538474.0, 4503968.0 ], [ 538565.0, 4503968.0 ], [ 538565.0, 4503877.0 ], [ 538656.0, 4503877.0 ], [ 538656.0, 4504059.0 ], [ 538838.0, 4504059.0 ], [ 538838.0, 4503968.0 ], [ 538929.0, 4503968.0 ], [ 538929.0, 4503877.0 ], [ 539111.0, 4503877.0 ], [ 539111.0, 4503968.0 ], [ 539202.0, 4503968.0 ], [ 539202.0, 4504059.0 ], [ 539293.0, 4504059.0 ], [ 539293.0, 4503968.0 ], [ 539384.0, 4503968.0 ], [ 539384.0, 4504059.0 ], [ 539475.0, 4504059.0 ], [ 539475.0, 4503877.0 ], [ 539657.0, 4503877.0 ], [ 539657.0, 4503786.0 ], [ 539566.0, 4503786.0 ], [ 539566.0, 4503695.0 ], [ 539202.0, 4503695.0 ], [ 539202.0, 4503513.0 ], [ 539293.0, 4503513.0 ], [ 539293.0, 4503604.0 ], [ 539384.0, 4503604.0 ], [ 539384.0, 4503513.0 ], [ 539657.0, 4503513.0 ], [ 539657.0, 4503422.0 ], [ 539748.0, 4503422.0 ], [ 539748.0, 4503513.0 ], [ 539839.0, 4503513.0 ], [ 539839.0, 4503331.0 ], [ 539657.0, 4503331.0 ], [ 539657.0, 4503149.0 ], [ 539748.0, 4503149.0 ], [ 539748.0, 4503240.0 ], [ 539930.0, 4503240.0 ], [ 539930.0, 4503149.0 ], [ 539839.0, 4503149.0 ], [ 539839.0, 4503058.0 ], [ 539930.0, 4503058.0 ], [ 539930.0, 4502967.0 ], [ 540112.0, 4502967.0 ], [ 540112.0, 4502876.0 ], [ 539930.0, 4502876.0 ], [ 539930.0, 4502785.0 ], [ 540021.0, 4502785.0 ], [ 540021.0, 4502694.0 ], [ 540112.0, 4502694.0 ], [ 540112.0, 4502512.0 ], [ 540203.0, 4502512.0 ], [ 540203.0, 4502967.0 ], [ 540294.0, 4502967.0 ], [ 540294.0, 4502876.0 ], [ 540385.0, 4502876.0 ], [ 540385.0, 4503058.0 ], [ 540294.0, 4503058.0 ], [ 540294.0, 4503149.0 ], [ 540385.0, 4503149.0 ], [ 540385.0, 4503240.0 ], [ 540294.0, 4503240.0 ], [ 540294.0, 4503331.0 ], [ 540385.0, 4503331.0 ], [ 540385.0, 4503513.0 ], [ 540294.0, 4503513.0 ], [ 540294.0, 4503604.0 ], [ 540203.0, 4503604.0 ], [ 540203.0, 4503513.0 ], [ 540112.0, 4503513.0 ], [ 540112.0, 4503604.0 ], [ 540021.0, 4503604.0 ], [ 540021.0, 4503695.0 ], [ 540476.0, 4503695.0 ], [ 540476.0, 4503786.0 ], [ 540203.0, 4503786.0 ], [ 540203.0, 4503877.0 ], [ 540294.0, 4503877.0 ], [ 540294.0, 4503968.0 ], [ 540203.0, 4503968.0 ], [ 540203.0, 4504059.0 ], [ 540112.0, 4504059.0 ], [ 540112.0, 4504332.0 ], [ 540294.0, 4504332.0 ], [ 540294.0, 4504423.0 ], [ 540385.0, 4504423.0 ], [ 540385.0, 4504514.0 ], [ 540658.0, 4504514.0 ], [ 540658.0, 4504423.0 ], [ 541022.0, 4504423.0 ], [ 541022.0, 4504514.0 ], [ 540931.0, 4504514.0 ], [ 540931.0, 4504605.0 ], [ 540840.0, 4504605.0 ], [ 540840.0, 4504787.0 ], [ 540749.0, 4504787.0 ], [ 540749.0, 4504605.0 ], [ 540658.0, 4504605.0 ], [ 540658.0, 4504696.0 ], [ 540476.0, 4504696.0 ], [ 540476.0, 4504787.0 ], [ 540385.0, 4504787.0 ], [ 540385.0, 4504696.0 ], [ 540294.0, 4504696.0 ], [ 540294.0, 4504787.0 ], [ 540203.0, 4504787.0 ], [ 540203.0, 4504878.0 ], [ 540112.0, 4504878.0 ], [ 540112.0, 4505060.0 ], [ 540203.0, 4505060.0 ], [ 540203.0, 4504969.0 ], [ 540294.0, 4504969.0 ], [ 540294.0, 4504878.0 ], [ 540385.0, 4504878.0 ], [ 540385.0, 4505151.0 ], [ 540749.0, 4505151.0 ], [ 540749.0, 4505242.0 ], [ 541113.0, 4505242.0 ], [ 541113.0, 4505151.0 ], [ 541568.0, 4505151.0 ], [ 541568.0, 4505242.0 ], [ 541386.0, 4505242.0 ], [ 541386.0, 4505333.0 ], [ 541113.0, 4505333.0 ], [ 541113.0, 4505424.0 ], [ 541204.0, 4505424.0 ], [ 541204.0, 4505515.0 ], [ 541022.0, 4505515.0 ], [ 541022.0, 4505606.0 ], [ 540749.0, 4505606.0 ], [ 540749.0, 4505697.0 ], [ 540476.0, 4505697.0 ], [ 540476.0, 4505879.0 ], [ 540567.0, 4505879.0 ], [ 540567.0, 4505788.0 ], [ 540749.0, 4505788.0 ], [ 540749.0, 4505970.0 ], [ 540476.0, 4505970.0 ], [ 540476.0, 4506061.0 ], [ 540203.0, 4506061.0 ], [ 540203.0, 4505879.0 ], [ 540385.0, 4505879.0 ], [ 540385.0, 4505788.0 ], [ 540112.0, 4505788.0 ], [ 540112.0, 4505970.0 ], [ 540021.0, 4505970.0 ], [ 540021.0, 4506061.0 ], [ 539930.0, 4506061.0 ], [ 539930.0, 4506243.0 ], [ 540112.0, 4506243.0 ], [ 540112.0, 4506152.0 ], [ 540385.0, 4506152.0 ], [ 540385.0, 4506243.0 ], [ 540203.0, 4506243.0 ], [ 540203.0, 4506334.0 ], [ 540385.0, 4506334.0 ], [ 540385.0, 4506516.0 ], [ 540021.0, 4506516.0 ], [ 540021.0, 4506425.0 ], [ 539839.0, 4506425.0 ], [ 539839.0, 4506607.0 ], [ 539657.0, 4506607.0 ], [ 539657.0, 4506880.0 ], [ 539930.0, 4506880.0 ], [ 539930.0, 4506789.0 ], [ 540385.0, 4506789.0 ], [ 540385.0, 4506607.0 ], [ 540567.0, 4506607.0 ], [ 540567.0, 4506789.0 ], [ 540658.0, 4506789.0 ], [ 540658.0, 4506698.0 ], [ 540931.0, 4506698.0 ], [ 540931.0, 4506789.0 ], [ 540749.0, 4506789.0 ], [ 540749.0, 4506880.0 ], [ 540385.0, 4506880.0 ], [ 540385.0, 4506971.0 ], [ 540203.0, 4506971.0 ], [ 540203.0, 4506880.0 ], [ 540112.0, 4506880.0 ], [ 540112.0, 4506971.0 ], [ 539839.0, 4506971.0 ], [ 539839.0, 4507062.0 ], [ 539657.0, 4507062.0 ], [ 539657.0, 4507244.0 ], [ 540021.0, 4507244.0 ], [ 540021.0, 4507426.0 ], [ 539930.0, 4507426.0 ], [ 539930.0, 4507335.0 ], [ 539566.0, 4507335.0 ], [ 539566.0, 4507426.0 ], [ 539475.0, 4507426.0 ], [ 539475.0, 4507699.0 ], [ 539384.0, 4507699.0 ], [ 539384.0, 4507608.0 ], [ 539293.0, 4507608.0 ], [ 539293.0, 4507517.0 ], [ 539202.0, 4507517.0 ], [ 539202.0, 4507062.0 ], [ 539111.0, 4507062.0 ], [ 539111.0, 4506971.0 ], [ 539384.0, 4506971.0 ], [ 539384.0, 4506880.0 ], [ 539293.0, 4506880.0 ], [ 539293.0, 4506789.0 ], [ 539475.0, 4506789.0 ], [ 539475.0, 4506698.0 ], [ 539293.0, 4506698.0 ], [ 539293.0, 4506607.0 ], [ 539202.0, 4506607.0 ], [ 539202.0, 4506516.0 ], [ 539020.0, 4506516.0 ], [ 539020.0, 4506607.0 ], [ 539111.0, 4506607.0 ], [ 539111.0, 4506698.0 ], [ 538929.0, 4506698.0 ], [ 538929.0, 4506607.0 ], [ 538838.0, 4506607.0 ], [ 538838.0, 4506425.0 ], [ 539202.0, 4506425.0 ], [ 539202.0, 4506334.0 ], [ 539475.0, 4506334.0 ], [ 539475.0, 4506152.0 ], [ 539384.0, 4506152.0 ], [ 539384.0, 4506243.0 ], [ 539111.0, 4506243.0 ], [ 539111.0, 4506334.0 ], [ 538656.0, 4506334.0 ], [ 538656.0, 4506243.0 ], [ 538838.0, 4506243.0 ], [ 538838.0, 4506152.0 ], [ 539202.0, 4506152.0 ], [ 539202.0, 4506061.0 ], [ 539384.0, 4506061.0 ], [ 539384.0, 4505970.0 ], [ 539111.0, 4505970.0 ], [ 539111.0, 4505879.0 ], [ 539384.0, 4505879.0 ], [ 539384.0, 4505788.0 ], [ 539293.0, 4505788.0 ], [ 539293.0, 4505606.0 ], [ 539202.0, 4505606.0 ], [ 539202.0, 4505515.0 ], [ 539384.0, 4505515.0 ], [ 539384.0, 4505333.0 ], [ 539202.0, 4505333.0 ], [ 539202.0, 4504969.0 ], [ 538838.0, 4504969.0 ], [ 538838.0, 4504878.0 ], [ 539020.0, 4504878.0 ], [ 539020.0, 4504787.0 ], [ 539202.0, 4504787.0 ], [ 539202.0, 4504605.0 ], [ 539020.0, 4504605.0 ], [ 539020.0, 4504696.0 ], [ 538565.0, 4504696.0 ], [ 538565.0, 4504787.0 ], [ 538292.0, 4504787.0 ], [ 538292.0, 4504878.0 ], [ 538201.0, 4504878.0 ], [ 538201.0, 4504787.0 ], [ 538110.0, 4504787.0 ], [ 538110.0, 4504878.0 ], [ 537746.0, 4504878.0 ], [ 537746.0, 4504969.0 ], [ 537291.0, 4504969.0 ], [ 537291.0, 4504787.0 ], [ 537200.0, 4504787.0 ], [ 537200.0, 4504878.0 ], [ 537109.0, 4504878.0 ], [ 537109.0, 4504969.0 ], [ 537200.0, 4504969.0 ], [ 537200.0, 4505060.0 ], [ 537109.0, 4505060.0 ], [ 537109.0, 4505151.0 ], [ 536654.0, 4505151.0 ], [ 536654.0, 4505242.0 ], [ 537291.0, 4505242.0 ], [ 537291.0, 4505333.0 ], [ 537109.0, 4505333.0 ], [ 537109.0, 4505606.0 ], [ 537200.0, 4505606.0 ], [ 537200.0, 4505515.0 ], [ 537291.0, 4505515.0 ], [ 537291.0, 4505606.0 ], [ 537382.0, 4505606.0 ], [ 537382.0, 4505515.0 ], [ 537655.0, 4505515.0 ], [ 537655.0, 4505606.0 ], [ 537746.0, 4505606.0 ], [ 537746.0, 4505515.0 ], [ 537837.0, 4505515.0 ], [ 537837.0, 4505697.0 ], [ 537746.0, 4505697.0 ], [ 537746.0, 4505788.0 ], [ 537655.0, 4505788.0 ], [ 537655.0, 4505879.0 ], [ 537837.0, 4505879.0 ], [ 537837.0, 4505970.0 ], [ 537746.0, 4505970.0 ], [ 537746.0, 4506061.0 ], [ 537655.0, 4506061.0 ], [ 537655.0, 4506243.0 ], [ 537746.0, 4506243.0 ], [ 537746.0, 4506334.0 ], [ 537291.0, 4506334.0 ], [ 537291.0, 4506425.0 ], [ 537382.0, 4506425.0 ], [ 537382.0, 4506516.0 ], [ 537655.0, 4506516.0 ], [ 537655.0, 4506607.0 ], [ 537200.0, 4506607.0 ], [ 537200.0, 4506698.0 ], [ 536836.0, 4506698.0 ], [ 536836.0, 4506789.0 ], [ 536563.0, 4506789.0 ], [ 536563.0, 4506880.0 ], [ 537018.0, 4506880.0 ], [ 537018.0, 4506789.0 ], [ 537291.0, 4506789.0 ], [ 537291.0, 4506698.0 ], [ 537564.0, 4506698.0 ], [ 537564.0, 4506789.0 ], [ 537473.0, 4506789.0 ], [ 537473.0, 4506971.0 ], [ 537746.0, 4506971.0 ], [ 537746.0, 4507153.0 ], [ 537655.0, 4507153.0 ], [ 537655.0, 4507062.0 ], [ 537564.0, 4507062.0 ], [ 537564.0, 4507153.0 ], [ 537018.0, 4507153.0 ], [ 537018.0, 4507335.0 ], [ 536836.0, 4507335.0 ], [ 536836.0, 4507426.0 ], [ 536927.0, 4507426.0 ], [ 536927.0, 4507608.0 ], [ 536472.0, 4507608.0 ], [ 536472.0, 4507699.0 ], [ 536381.0, 4507699.0 ], [ 536381.0, 4507790.0 ], [ 536290.0, 4507790.0 ], [ 536290.0, 4508063.0 ], [ 536381.0, 4508063.0 ], [ 536381.0, 4508154.0 ], [ 536563.0, 4508154.0 ], [ 536563.0, 4508063.0 ], [ 536654.0, 4508063.0 ], [ 536654.0, 4508154.0 ], [ 536745.0, 4508154.0 ], [ 536745.0, 4508245.0 ], [ 536654.0, 4508245.0 ], [ 536654.0, 4508427.0 ], [ 536745.0, 4508427.0 ], [ 536745.0, 4508336.0 ], [ 536927.0, 4508336.0 ], [ 536927.0, 4508518.0 ], [ 537109.0, 4508518.0 ], [ 537109.0, 4508609.0 ], [ 537200.0, 4508609.0 ], [ 537200.0, 4508518.0 ], [ 537382.0, 4508518.0 ], [ 537382.0, 4508700.0 ], [ 537473.0, 4508700.0 ], [ 537473.0, 4508791.0 ], [ 537382.0, 4508791.0 ], [ 537382.0, 4508973.0 ], [ 537291.0, 4508973.0 ], [ 537291.0, 4509064.0 ], [ 537200.0, 4509064.0 ], [ 537200.0, 4508973.0 ], [ 537018.0, 4508973.0 ], [ 537018.0, 4509064.0 ], [ 536836.0, 4509064.0 ], [ 536836.0, 4509246.0 ], [ 537109.0, 4509246.0 ], [ 537109.0, 4509337.0 ], [ 537200.0, 4509337.0 ], [ 537200.0, 4509428.0 ], [ 537382.0, 4509428.0 ], [ 537382.0, 4509519.0 ], [ 537473.0, 4509519.0 ], [ 537473.0, 4509610.0 ], [ 537109.0, 4509610.0 ], [ 537109.0, 4509428.0 ], [ 536836.0, 4509428.0 ], [ 536836.0, 4509337.0 ], [ 536654.0, 4509337.0 ], [ 536654.0, 4509428.0 ], [ 536745.0, 4509428.0 ], [ 536745.0, 4509519.0 ], [ 536654.0, 4509519.0 ], [ 536654.0, 4509610.0 ], [ 536745.0, 4509610.0 ], [ 536745.0, 4509792.0 ], [ 536654.0, 4509792.0 ], [ 536654.0, 4509883.0 ], [ 536836.0, 4509883.0 ], [ 536836.0, 4509974.0 ], [ 536927.0, 4509974.0 ], [ 536927.0, 4509883.0 ], [ 537018.0, 4509883.0 ], [ 537018.0, 4509792.0 ], [ 536927.0, 4509792.0 ], [ 536927.0, 4509701.0 ], [ 537109.0, 4509701.0 ], [ 537109.0, 4509792.0 ], [ 537382.0, 4509792.0 ], [ 537382.0, 4509883.0 ], [ 537473.0, 4509883.0 ], [ 537473.0, 4509974.0 ], [ 537291.0, 4509974.0 ], [ 537291.0, 4510065.0 ], [ 537382.0, 4510065.0 ], [ 537382.0, 4510156.0 ], [ 537473.0, 4510156.0 ], [ 537473.0, 4510247.0 ], [ 537382.0, 4510247.0 ], [ 537382.0, 4510338.0 ], [ 537291.0, 4510338.0 ], [ 537291.0, 4510247.0 ], [ 537109.0, 4510247.0 ], [ 537109.0, 4510338.0 ], [ 537018.0, 4510338.0 ], [ 537018.0, 4510247.0 ], [ 536927.0, 4510247.0 ], [ 536927.0, 4510429.0 ], [ 536836.0, 4510429.0 ], [ 536836.0, 4510065.0 ], [ 536745.0, 4510065.0 ], [ 536745.0, 4510338.0 ], [ 536563.0, 4510338.0 ], [ 536563.0, 4510247.0 ], [ 536381.0, 4510247.0 ], [ 536381.0, 4510429.0 ], [ 536472.0, 4510429.0 ], [ 536472.0, 4510702.0 ], [ 536654.0, 4510702.0 ], [ 536654.0, 4510884.0 ], [ 536745.0, 4510884.0 ], [ 536745.0, 4510611.0 ], [ 536836.0, 4510611.0 ], [ 536836.0, 4510793.0 ], [ 536927.0, 4510793.0 ], [ 536927.0, 4511157.0 ], [ 536836.0, 4511157.0 ], [ 536836.0, 4511339.0 ], [ 536927.0, 4511339.0 ], [ 536927.0, 4511248.0 ], [ 537109.0, 4511248.0 ], [ 537109.0, 4511339.0 ], [ 537018.0, 4511339.0 ], [ 537018.0, 4511521.0 ], [ 536927.0, 4511521.0 ], [ 536927.0, 4511612.0 ], [ 536836.0, 4511612.0 ], [ 536836.0, 4511703.0 ], [ 537018.0, 4511703.0 ], [ 537018.0, 4511794.0 ], [ 537109.0, 4511794.0 ], [ 537109.0, 4512067.0 ], [ 537018.0, 4512067.0 ], [ 537018.0, 4511976.0 ], [ 536836.0, 4511976.0 ], [ 536836.0, 4512067.0 ], [ 536745.0, 4512067.0 ], [ 536745.0, 4512158.0 ], [ 536836.0, 4512158.0 ], [ 536836.0, 4512249.0 ], [ 536927.0, 4512249.0 ], [ 536927.0, 4512431.0 ], [ 536836.0, 4512431.0 ], [ 536836.0, 4512522.0 ], [ 537200.0, 4512522.0 ], [ 537200.0, 4512431.0 ], [ 537473.0, 4512431.0 ], [ 537473.0, 4512340.0 ], [ 537655.0, 4512340.0 ], [ 537655.0, 4512431.0 ], [ 537564.0, 4512431.0 ], [ 537564.0, 4512522.0 ], [ 537837.0, 4512522.0 ], [ 537837.0, 4512431.0 ], [ 538201.0, 4512431.0 ], [ 538201.0, 4512522.0 ], [ 538110.0, 4512522.0 ], [ 538110.0, 4512613.0 ], [ 538019.0, 4512613.0 ], [ 538019.0, 4512522.0 ], [ 537928.0, 4512522.0 ], [ 537928.0, 4512704.0 ], [ 537837.0, 4512704.0 ], [ 537837.0, 4512613.0 ], [ 537746.0, 4512613.0 ], [ 537746.0, 4512704.0 ], [ 537655.0, 4512704.0 ], [ 537655.0, 4512613.0 ], [ 537564.0, 4512613.0 ], [ 537564.0, 4512704.0 ], [ 537473.0, 4512704.0 ], [ 537473.0, 4512795.0 ], [ 537200.0, 4512795.0 ], [ 537200.0, 4512704.0 ], [ 537109.0, 4512704.0 ], [ 537109.0, 4512886.0 ], [ 537018.0, 4512886.0 ], [ 537018.0, 4512977.0 ], [ 536927.0, 4512977.0 ], [ 536927.0, 4512886.0 ], [ 536563.0, 4512886.0 ], [ 536563.0, 4512977.0 ], [ 536381.0, 4512977.0 ], [ 536381.0, 4512886.0 ], [ 536199.0, 4512886.0 ], [ 536199.0, 4513068.0 ], [ 535835.0, 4513068.0 ], [ 535835.0, 4513159.0 ], [ 535562.0, 4513159.0 ], [ 535562.0, 4513250.0 ], [ 535471.0, 4513250.0 ], [ 535471.0, 4513068.0 ], [ 535380.0, 4513068.0 ], [ 535380.0, 4513159.0 ], [ 534834.0, 4513159.0 ], [ 534834.0, 4513250.0 ], [ 534652.0, 4513250.0 ] ], [ [ 535562.0, 4513068.0 ], [ 535653.0, 4513068.0 ], [ 535653.0, 4512977.0 ], [ 535562.0, 4512977.0 ], [ 535562.0, 4513068.0 ] ], [ [ 535198.0, 4512977.0 ], [ 535471.0, 4512977.0 ], [ 535471.0, 4512886.0 ], [ 535380.0, 4512886.0 ], [ 535380.0, 4512795.0 ], [ 535289.0, 4512795.0 ], [ 535289.0, 4512886.0 ], [ 535198.0, 4512886.0 ], [ 535198.0, 4512977.0 ] ], [ [ 536654.0, 4512795.0 ], [ 536836.0, 4512795.0 ], [ 536836.0, 4512704.0 ], [ 536654.0, 4512704.0 ], [ 536654.0, 4512795.0 ] ], [ [ 535653.0, 4512704.0 ], [ 535744.0, 4512704.0 ], [ 535744.0, 4512613.0 ], [ 535653.0, 4512613.0 ], [ 535653.0, 4512704.0 ] ], [ [ 535744.0, 4512613.0 ], [ 536108.0, 4512613.0 ], [ 536108.0, 4512522.0 ], [ 535926.0, 4512522.0 ], [ 535926.0, 4512431.0 ], [ 535835.0, 4512431.0 ], [ 535835.0, 4512522.0 ], [ 535744.0, 4512522.0 ], [ 535744.0, 4512613.0 ] ], [ [ 536199.0, 4512613.0 ], [ 536381.0, 4512613.0 ], [ 536381.0, 4512522.0 ], [ 536199.0, 4512522.0 ], [ 536199.0, 4512613.0 ] ], [ [ 536563.0, 4512613.0 ], [ 536745.0, 4512613.0 ], [ 536745.0, 4512522.0 ], [ 536654.0, 4512522.0 ], [ 536654.0, 4512431.0 ], [ 536472.0, 4512431.0 ], [ 536472.0, 4512522.0 ], [ 536563.0, 4512522.0 ], [ 536563.0, 4512613.0 ] ], [ [ 533014.0, 4512431.0 ], [ 533196.0, 4512431.0 ], [ 533196.0, 4512340.0 ], [ 533287.0, 4512340.0 ], [ 533287.0, 4512249.0 ], [ 533196.0, 4512249.0 ], [ 533196.0, 4512067.0 ], [ 533105.0, 4512067.0 ], [ 533105.0, 4512340.0 ], [ 533014.0, 4512340.0 ], [ 533014.0, 4512431.0 ] ], [ [ 536199.0, 4512431.0 ], [ 536290.0, 4512431.0 ], [ 536290.0, 4512340.0 ], [ 536199.0, 4512340.0 ], [ 536199.0, 4512431.0 ] ], [ [ 536654.0, 4512431.0 ], [ 536745.0, 4512431.0 ], [ 536745.0, 4512340.0 ], [ 536654.0, 4512340.0 ], [ 536654.0, 4512431.0 ] ], [ [ 533378.0, 4512340.0 ], [ 533560.0, 4512340.0 ], [ 533560.0, 4512249.0 ], [ 533378.0, 4512249.0 ], [ 533378.0, 4512340.0 ] ], [ [ 533833.0, 4512340.0 ], [ 533924.0, 4512340.0 ], [ 533924.0, 4512249.0 ], [ 533833.0, 4512249.0 ], [ 533833.0, 4512340.0 ] ], [ [ 535380.0, 4512340.0 ], [ 535562.0, 4512340.0 ], [ 535562.0, 4512249.0 ], [ 535471.0, 4512249.0 ], [ 535471.0, 4512158.0 ], [ 535380.0, 4512158.0 ], [ 535380.0, 4512340.0 ] ], [ [ 535653.0, 4512340.0 ], [ 535744.0, 4512340.0 ], [ 535744.0, 4512067.0 ], [ 535653.0, 4512067.0 ], [ 535653.0, 4512340.0 ] ], [ [ 534106.0, 4512249.0 ], [ 534197.0, 4512249.0 ], [ 534197.0, 4512158.0 ], [ 534106.0, 4512158.0 ], [ 534106.0, 4512249.0 ] ], [ [ 535926.0, 4512249.0 ], [ 536199.0, 4512249.0 ], [ 536199.0, 4512158.0 ], [ 536290.0, 4512158.0 ], [ 536290.0, 4512249.0 ], [ 536472.0, 4512249.0 ], [ 536472.0, 4512158.0 ], [ 536563.0, 4512158.0 ], [ 536563.0, 4512067.0 ], [ 536472.0, 4512067.0 ], [ 536472.0, 4511976.0 ], [ 536290.0, 4511976.0 ], [ 536290.0, 4512067.0 ], [ 536017.0, 4512067.0 ], [ 536017.0, 4512158.0 ], [ 535926.0, 4512158.0 ], [ 535926.0, 4512249.0 ] ], [ [ 533378.0, 4512158.0 ], [ 533469.0, 4512158.0 ], [ 533469.0, 4512067.0 ], [ 533378.0, 4512067.0 ], [ 533378.0, 4512158.0 ] ], [ [ 534288.0, 4512158.0 ], [ 534379.0, 4512158.0 ], [ 534379.0, 4512067.0 ], [ 534288.0, 4512067.0 ], [ 534288.0, 4512158.0 ] ], [ [ 532377.0, 4512067.0 ], [ 532468.0, 4512067.0 ], [ 532468.0, 4511976.0 ], [ 532559.0, 4511976.0 ], [ 532559.0, 4512067.0 ], [ 532650.0, 4512067.0 ], [ 532650.0, 4511976.0 ], [ 532741.0, 4511976.0 ], [ 532741.0, 4511885.0 ], [ 532832.0, 4511885.0 ], [ 532832.0, 4511976.0 ], [ 532923.0, 4511976.0 ], [ 532923.0, 4511794.0 ], [ 533014.0, 4511794.0 ], [ 533014.0, 4511703.0 ], [ 532650.0, 4511703.0 ], [ 532650.0, 4511794.0 ], [ 532468.0, 4511794.0 ], [ 532468.0, 4511885.0 ], [ 532377.0, 4511885.0 ], [ 532377.0, 4512067.0 ] ], [ [ 533469.0, 4512067.0 ], [ 533560.0, 4512067.0 ], [ 533560.0, 4511976.0 ], [ 533469.0, 4511976.0 ], [ 533469.0, 4512067.0 ] ], [ [ 535289.0, 4512067.0 ], [ 535380.0, 4512067.0 ], [ 535380.0, 4511976.0 ], [ 535289.0, 4511976.0 ], [ 535289.0, 4512067.0 ] ], [ [ 531285.0, 4511976.0 ], [ 531376.0, 4511976.0 ], [ 531376.0, 4511794.0 ], [ 531285.0, 4511794.0 ], [ 531285.0, 4511976.0 ] ], [ [ 532195.0, 4511976.0 ], [ 532286.0, 4511976.0 ], [ 532286.0, 4511885.0 ], [ 532195.0, 4511885.0 ], [ 532195.0, 4511976.0 ] ], [ [ 536745.0, 4511976.0 ], [ 536836.0, 4511976.0 ], [ 536836.0, 4511885.0 ], [ 536745.0, 4511885.0 ], [ 536745.0, 4511976.0 ] ], [ [ 531558.0, 4511885.0 ], [ 531649.0, 4511885.0 ], [ 531649.0, 4511794.0 ], [ 531558.0, 4511794.0 ], [ 531558.0, 4511885.0 ] ], [ [ 534015.0, 4511885.0 ], [ 534106.0, 4511885.0 ], [ 534106.0, 4511794.0 ], [ 534015.0, 4511794.0 ], [ 534015.0, 4511885.0 ] ], [ [ 535926.0, 4511885.0 ], [ 536017.0, 4511885.0 ], [ 536017.0, 4511794.0 ], [ 535926.0, 4511794.0 ], [ 535926.0, 4511885.0 ] ], [ [ 536927.0, 4511885.0 ], [ 537018.0, 4511885.0 ], [ 537018.0, 4511794.0 ], [ 536927.0, 4511794.0 ], [ 536927.0, 4511885.0 ] ], [ [ 532104.0, 4511794.0 ], [ 532195.0, 4511794.0 ], [ 532195.0, 4511703.0 ], [ 532104.0, 4511703.0 ], [ 532104.0, 4511794.0 ] ], [ [ 533105.0, 4511794.0 ], [ 533287.0, 4511794.0 ], [ 533287.0, 4511703.0 ], [ 533105.0, 4511703.0 ], [ 533105.0, 4511794.0 ] ], [ [ 533469.0, 4511794.0 ], [ 533742.0, 4511794.0 ], [ 533742.0, 4511612.0 ], [ 533833.0, 4511612.0 ], [ 533833.0, 4511521.0 ], [ 533651.0, 4511521.0 ], [ 533651.0, 4511703.0 ], [ 533469.0, 4511703.0 ], [ 533469.0, 4511794.0 ] ], [ [ 531740.0, 4511703.0 ], [ 531831.0, 4511703.0 ], [ 531831.0, 4511430.0 ], [ 531740.0, 4511430.0 ], [ 531740.0, 4511703.0 ] ], [ [ 533833.0, 4511703.0 ], [ 534015.0, 4511703.0 ], [ 534015.0, 4511612.0 ], [ 533833.0, 4511612.0 ], [ 533833.0, 4511703.0 ] ], [ [ 534197.0, 4511703.0 ], [ 534288.0, 4511703.0 ], [ 534288.0, 4511521.0 ], [ 534197.0, 4511521.0 ], [ 534197.0, 4511703.0 ] ], [ [ 536563.0, 4511703.0 ], [ 536745.0, 4511703.0 ], [ 536745.0, 4511612.0 ], [ 536563.0, 4511612.0 ], [ 536563.0, 4511703.0 ] ], [ [ 531467.0, 4511612.0 ], [ 531558.0, 4511612.0 ], [ 531558.0, 4511521.0 ], [ 531467.0, 4511521.0 ], [ 531467.0, 4511612.0 ] ], [ [ 534379.0, 4511612.0 ], [ 534561.0, 4511612.0 ], [ 534561.0, 4511430.0 ], [ 534470.0, 4511430.0 ], [ 534470.0, 4511521.0 ], [ 534379.0, 4511521.0 ], [ 534379.0, 4511612.0 ] ], [ [ 532195.0, 4511521.0 ], [ 532377.0, 4511521.0 ], [ 532377.0, 4511430.0 ], [ 532559.0, 4511430.0 ], [ 532559.0, 4511339.0 ], [ 532650.0, 4511339.0 ], [ 532650.0, 4511157.0 ], [ 532559.0, 4511157.0 ], [ 532559.0, 4511248.0 ], [ 532468.0, 4511248.0 ], [ 532468.0, 4511339.0 ], [ 532286.0, 4511339.0 ], [ 532286.0, 4511248.0 ], [ 532195.0, 4511248.0 ], [ 532195.0, 4511339.0 ], [ 532104.0, 4511339.0 ], [ 532104.0, 4511430.0 ], [ 532195.0, 4511430.0 ], [ 532195.0, 4511521.0 ] ], [ [ 534288.0, 4511521.0 ], [ 534379.0, 4511521.0 ], [ 534379.0, 4511430.0 ], [ 534288.0, 4511430.0 ], [ 534288.0, 4511521.0 ] ], [ [ 534652.0, 4511521.0 ], [ 534834.0, 4511521.0 ], [ 534834.0, 4511430.0 ], [ 534652.0, 4511430.0 ], [ 534652.0, 4511521.0 ] ], [ [ 536472.0, 4511521.0 ], [ 536836.0, 4511521.0 ], [ 536836.0, 4511430.0 ], [ 536472.0, 4511430.0 ], [ 536472.0, 4511521.0 ] ], [ [ 530375.0, 4511430.0 ], [ 530466.0, 4511430.0 ], [ 530466.0, 4511339.0 ], [ 530375.0, 4511339.0 ], [ 530375.0, 4511430.0 ] ], [ [ 531831.0, 4511430.0 ], [ 531922.0, 4511430.0 ], [ 531922.0, 4511339.0 ], [ 531831.0, 4511339.0 ], [ 531831.0, 4511430.0 ] ], [ [ 533378.0, 4511430.0 ], [ 533469.0, 4511430.0 ], [ 533469.0, 4511339.0 ], [ 533378.0, 4511339.0 ], [ 533378.0, 4511430.0 ] ], [ [ 533560.0, 4511430.0 ], [ 533833.0, 4511430.0 ], [ 533833.0, 4511339.0 ], [ 533560.0, 4511339.0 ], [ 533560.0, 4511430.0 ] ], [ [ 534925.0, 4511430.0 ], [ 535016.0, 4511430.0 ], [ 535016.0, 4511339.0 ], [ 534925.0, 4511339.0 ], [ 534925.0, 4511430.0 ] ], [ [ 535107.0, 4511430.0 ], [ 535198.0, 4511430.0 ], [ 535198.0, 4511339.0 ], [ 535107.0, 4511339.0 ], [ 535107.0, 4511430.0 ] ], [ [ 535289.0, 4511430.0 ], [ 535380.0, 4511430.0 ], [ 535380.0, 4511339.0 ], [ 535471.0, 4511339.0 ], [ 535471.0, 4511430.0 ], [ 535562.0, 4511430.0 ], [ 535562.0, 4511248.0 ], [ 535198.0, 4511248.0 ], [ 535198.0, 4511339.0 ], [ 535289.0, 4511339.0 ], [ 535289.0, 4511430.0 ] ], [ [ 530193.0, 4511339.0 ], [ 530284.0, 4511339.0 ], [ 530284.0, 4511248.0 ], [ 530193.0, 4511248.0 ], [ 530193.0, 4511339.0 ] ], [ [ 531194.0, 4511339.0 ], [ 531285.0, 4511339.0 ], [ 531285.0, 4511248.0 ], [ 531194.0, 4511248.0 ], [ 531194.0, 4511339.0 ] ], [ [ 533924.0, 4511339.0 ], [ 534015.0, 4511339.0 ], [ 534015.0, 4511248.0 ], [ 533924.0, 4511248.0 ], [ 533924.0, 4511339.0 ] ], [ [ 536472.0, 4511339.0 ], [ 536654.0, 4511339.0 ], [ 536654.0, 4511248.0 ], [ 536472.0, 4511248.0 ], [ 536472.0, 4511339.0 ] ], [ [ 529920.0, 4511248.0 ], [ 530193.0, 4511248.0 ], [ 530193.0, 4511157.0 ], [ 529920.0, 4511157.0 ], [ 529920.0, 4511248.0 ] ], [ [ 530284.0, 4511248.0 ], [ 530466.0, 4511248.0 ], [ 530466.0, 4511157.0 ], [ 530284.0, 4511157.0 ], [ 530284.0, 4511248.0 ] ], [ [ 530648.0, 4511248.0 ], [ 530739.0, 4511248.0 ], [ 530739.0, 4511157.0 ], [ 530648.0, 4511157.0 ], [ 530648.0, 4511248.0 ] ], [ [ 533105.0, 4511248.0 ], [ 533196.0, 4511248.0 ], [ 533196.0, 4511157.0 ], [ 533105.0, 4511157.0 ], [ 533105.0, 4511248.0 ] ], [ [ 534197.0, 4511248.0 ], [ 534379.0, 4511248.0 ], [ 534379.0, 4511157.0 ], [ 534197.0, 4511157.0 ], [ 534197.0, 4511248.0 ] ], [ [ 536290.0, 4511248.0 ], [ 536381.0, 4511248.0 ], [ 536381.0, 4511157.0 ], [ 536290.0, 4511157.0 ], [ 536290.0, 4511248.0 ] ], [ [ 533196.0, 4511157.0 ], [ 533378.0, 4511157.0 ], [ 533378.0, 4511066.0 ], [ 533196.0, 4511066.0 ], [ 533196.0, 4511157.0 ] ], [ [ 536017.0, 4511157.0 ], [ 536199.0, 4511157.0 ], [ 536199.0, 4511066.0 ], [ 536017.0, 4511066.0 ], [ 536017.0, 4511157.0 ] ], [ [ 536563.0, 4511157.0 ], [ 536745.0, 4511157.0 ], [ 536745.0, 4510975.0 ], [ 536563.0, 4510975.0 ], [ 536563.0, 4511157.0 ] ], [ [ 530011.0, 4511066.0 ], [ 530375.0, 4511066.0 ], [ 530375.0, 4510975.0 ], [ 530557.0, 4510975.0 ], [ 530557.0, 4510793.0 ], [ 530466.0, 4510793.0 ], [ 530466.0, 4510884.0 ], [ 530011.0, 4510884.0 ], [ 530011.0, 4511066.0 ] ], [ [ 532377.0, 4511066.0 ], [ 532468.0, 4511066.0 ], [ 532468.0, 4510975.0 ], [ 532377.0, 4510975.0 ], [ 532377.0, 4511066.0 ] ], [ [ 533742.0, 4511066.0 ], [ 533924.0, 4511066.0 ], [ 533924.0, 4510975.0 ], [ 533742.0, 4510975.0 ], [ 533742.0, 4511066.0 ] ], [ [ 535016.0, 4511066.0 ], [ 535107.0, 4511066.0 ], [ 535107.0, 4510975.0 ], [ 535016.0, 4510975.0 ], [ 535016.0, 4511066.0 ] ], [ [ 534106.0, 4510975.0 ], [ 534197.0, 4510975.0 ], [ 534197.0, 4510793.0 ], [ 534106.0, 4510793.0 ], [ 534106.0, 4510975.0 ] ], [ [ 535289.0, 4510975.0 ], [ 535380.0, 4510975.0 ], [ 535380.0, 4510884.0 ], [ 535289.0, 4510884.0 ], [ 535289.0, 4510975.0 ] ], [ [ 536381.0, 4510975.0 ], [ 536563.0, 4510975.0 ], [ 536563.0, 4510884.0 ], [ 536472.0, 4510884.0 ], [ 536472.0, 4510793.0 ], [ 536381.0, 4510793.0 ], [ 536381.0, 4510702.0 ], [ 536290.0, 4510702.0 ], [ 536290.0, 4510793.0 ], [ 536199.0, 4510793.0 ], [ 536199.0, 4510884.0 ], [ 536381.0, 4510884.0 ], [ 536381.0, 4510975.0 ] ], [ [ 534379.0, 4510884.0 ], [ 534470.0, 4510884.0 ], [ 534470.0, 4510793.0 ], [ 534379.0, 4510793.0 ], [ 534379.0, 4510884.0 ] ], [ [ 535926.0, 4510884.0 ], [ 536017.0, 4510884.0 ], [ 536017.0, 4510702.0 ], [ 535926.0, 4510702.0 ], [ 535926.0, 4510884.0 ] ], [ [ 530102.0, 4510793.0 ], [ 530284.0, 4510793.0 ], [ 530284.0, 4510702.0 ], [ 530375.0, 4510702.0 ], [ 530375.0, 4510611.0 ], [ 530193.0, 4510611.0 ], [ 530193.0, 4510702.0 ], [ 530102.0, 4510702.0 ], [ 530102.0, 4510793.0 ] ], [ [ 534743.0, 4510793.0 ], [ 534925.0, 4510793.0 ], [ 534925.0, 4510702.0 ], [ 534743.0, 4510702.0 ], [ 534743.0, 4510793.0 ] ], [ [ 535471.0, 4510793.0 ], [ 535562.0, 4510793.0 ], [ 535562.0, 4510702.0 ], [ 535471.0, 4510702.0 ], [ 535471.0, 4510793.0 ] ], [ [ 530830.0, 4510702.0 ], [ 530921.0, 4510702.0 ], [ 530921.0, 4510611.0 ], [ 530830.0, 4510611.0 ], [ 530830.0, 4510702.0 ] ], [ [ 533378.0, 4510702.0 ], [ 533469.0, 4510702.0 ], [ 533469.0, 4510611.0 ], [ 533378.0, 4510611.0 ], [ 533378.0, 4510702.0 ] ], [ [ 535198.0, 4510702.0 ], [ 535380.0, 4510702.0 ], [ 535380.0, 4510520.0 ], [ 535289.0, 4510520.0 ], [ 535289.0, 4510611.0 ], [ 535198.0, 4510611.0 ], [ 535198.0, 4510702.0 ] ], [ [ 535744.0, 4510702.0 ], [ 535926.0, 4510702.0 ], [ 535926.0, 4510611.0 ], [ 536108.0, 4510611.0 ], [ 536108.0, 4510520.0 ], [ 535926.0, 4510520.0 ], [ 535926.0, 4510429.0 ], [ 535835.0, 4510429.0 ], [ 535835.0, 4510611.0 ], [ 535744.0, 4510611.0 ], [ 535744.0, 4510702.0 ] ], [ [ 536199.0, 4510702.0 ], [ 536290.0, 4510702.0 ], [ 536290.0, 4510611.0 ], [ 536199.0, 4510611.0 ], [ 536199.0, 4510702.0 ] ], [ [ 533742.0, 4510611.0 ], [ 533833.0, 4510611.0 ], [ 533833.0, 4510520.0 ], [ 533742.0, 4510520.0 ], [ 533742.0, 4510611.0 ] ], [ [ 534834.0, 4510611.0 ], [ 534925.0, 4510611.0 ], [ 534925.0, 4510520.0 ], [ 534834.0, 4510520.0 ], [ 534834.0, 4510611.0 ] ], [ [ 530375.0, 4510520.0 ], [ 530466.0, 4510520.0 ], [ 530466.0, 4510429.0 ], [ 530375.0, 4510429.0 ], [ 530375.0, 4510520.0 ] ], [ [ 536108.0, 4510520.0 ], [ 536199.0, 4510520.0 ], [ 536199.0, 4510429.0 ], [ 536108.0, 4510429.0 ], [ 536108.0, 4510520.0 ] ], [ [ 530193.0, 4510429.0 ], [ 530284.0, 4510429.0 ], [ 530284.0, 4510338.0 ], [ 530193.0, 4510338.0 ], [ 530193.0, 4510429.0 ] ], [ [ 531103.0, 4510429.0 ], [ 531194.0, 4510429.0 ], [ 531194.0, 4510338.0 ], [ 531103.0, 4510338.0 ], [ 531103.0, 4510429.0 ] ], [ [ 531467.0, 4510429.0 ], [ 531558.0, 4510429.0 ], [ 531558.0, 4510338.0 ], [ 531467.0, 4510338.0 ], [ 531467.0, 4510429.0 ] ], [ [ 531649.0, 4510429.0 ], [ 531740.0, 4510429.0 ], [ 531740.0, 4510247.0 ], [ 531558.0, 4510247.0 ], [ 531558.0, 4510338.0 ], [ 531649.0, 4510338.0 ], [ 531649.0, 4510429.0 ] ], [ [ 533833.0, 4510429.0 ], [ 533924.0, 4510429.0 ], [ 533924.0, 4510338.0 ], [ 533833.0, 4510338.0 ], [ 533833.0, 4510429.0 ] ], [ [ 534379.0, 4510429.0 ], [ 534470.0, 4510429.0 ], [ 534470.0, 4510338.0 ], [ 534379.0, 4510338.0 ], [ 534379.0, 4510429.0 ] ], [ [ 530011.0, 4510338.0 ], [ 530102.0, 4510338.0 ], [ 530102.0, 4510247.0 ], [ 530011.0, 4510247.0 ], [ 530011.0, 4510338.0 ] ], [ [ 536108.0, 4510338.0 ], [ 536290.0, 4510338.0 ], [ 536290.0, 4510247.0 ], [ 536108.0, 4510247.0 ], [ 536108.0, 4510338.0 ] ], [ [ 530648.0, 4510247.0 ], [ 530739.0, 4510247.0 ], [ 530739.0, 4510156.0 ], [ 530648.0, 4510156.0 ], [ 530648.0, 4510247.0 ] ], [ [ 531194.0, 4510247.0 ], [ 531285.0, 4510247.0 ], [ 531285.0, 4510156.0 ], [ 531194.0, 4510156.0 ], [ 531194.0, 4510247.0 ] ], [ [ 532559.0, 4510247.0 ], [ 532650.0, 4510247.0 ], [ 532650.0, 4510156.0 ], [ 532559.0, 4510156.0 ], [ 532559.0, 4510247.0 ] ], [ [ 532923.0, 4510247.0 ], [ 533014.0, 4510247.0 ], [ 533014.0, 4510156.0 ], [ 532923.0, 4510156.0 ], [ 532923.0, 4510247.0 ] ], [ [ 534470.0, 4510247.0 ], [ 534561.0, 4510247.0 ], [ 534561.0, 4510156.0 ], [ 534470.0, 4510156.0 ], [ 534470.0, 4510247.0 ] ], [ [ 535198.0, 4510156.0 ], [ 535380.0, 4510156.0 ], [ 535380.0, 4510065.0 ], [ 535198.0, 4510065.0 ], [ 535198.0, 4510156.0 ] ], [ [ 530466.0, 4510065.0 ], [ 530557.0, 4510065.0 ], [ 530557.0, 4509974.0 ], [ 530466.0, 4509974.0 ], [ 530466.0, 4510065.0 ] ], [ [ 532377.0, 4510065.0 ], [ 532559.0, 4510065.0 ], [ 532559.0, 4509974.0 ], [ 532377.0, 4509974.0 ], [ 532377.0, 4510065.0 ] ], [ [ 533469.0, 4510065.0 ], [ 533651.0, 4510065.0 ], [ 533651.0, 4509974.0 ], [ 533469.0, 4509974.0 ], [ 533469.0, 4510065.0 ] ], [ [ 533742.0, 4510065.0 ], [ 533833.0, 4510065.0 ], [ 533833.0, 4509974.0 ], [ 533742.0, 4509974.0 ], [ 533742.0, 4510065.0 ] ], [ [ 535562.0, 4510065.0 ], [ 535744.0, 4510065.0 ], [ 535744.0, 4509974.0 ], [ 535562.0, 4509974.0 ], [ 535562.0, 4510065.0 ] ], [ [ 535835.0, 4510065.0 ], [ 535926.0, 4510065.0 ], [ 535926.0, 4509974.0 ], [ 535835.0, 4509974.0 ], [ 535835.0, 4510065.0 ] ], [ [ 536017.0, 4510065.0 ], [ 536108.0, 4510065.0 ], [ 536108.0, 4509974.0 ], [ 536017.0, 4509974.0 ], [ 536017.0, 4510065.0 ] ], [ [ 530011.0, 4509974.0 ], [ 530284.0, 4509974.0 ], [ 530284.0, 4509883.0 ], [ 530102.0, 4509883.0 ], [ 530102.0, 4509792.0 ], [ 530284.0, 4509792.0 ], [ 530284.0, 4509701.0 ], [ 530011.0, 4509701.0 ], [ 530011.0, 4509974.0 ] ], [ [ 530648.0, 4509974.0 ], [ 530739.0, 4509974.0 ], [ 530739.0, 4509883.0 ], [ 530648.0, 4509883.0 ], [ 530648.0, 4509974.0 ] ], [ [ 533287.0, 4509974.0 ], [ 533378.0, 4509974.0 ], [ 533378.0, 4509883.0 ], [ 533287.0, 4509883.0 ], [ 533287.0, 4509974.0 ] ], [ [ 534015.0, 4509974.0 ], [ 534197.0, 4509974.0 ], [ 534197.0, 4509883.0 ], [ 534015.0, 4509883.0 ], [ 534015.0, 4509974.0 ] ], [ [ 535926.0, 4509974.0 ], [ 536017.0, 4509974.0 ], [ 536017.0, 4509883.0 ], [ 535926.0, 4509883.0 ], [ 535926.0, 4509974.0 ] ], [ [ 536199.0, 4509974.0 ], [ 536563.0, 4509974.0 ], [ 536563.0, 4509883.0 ], [ 536199.0, 4509883.0 ], [ 536199.0, 4509974.0 ] ], [ [ 537018.0, 4509974.0 ], [ 537109.0, 4509974.0 ], [ 537109.0, 4509883.0 ], [ 537018.0, 4509883.0 ], [ 537018.0, 4509974.0 ] ], [ [ 530830.0, 4509883.0 ], [ 530921.0, 4509883.0 ], [ 530921.0, 4509792.0 ], [ 531103.0, 4509792.0 ], [ 531103.0, 4509701.0 ], [ 530830.0, 4509701.0 ], [ 530830.0, 4509883.0 ] ], [ [ 534379.0, 4509883.0 ], [ 534470.0, 4509883.0 ], [ 534470.0, 4509792.0 ], [ 534379.0, 4509792.0 ], [ 534379.0, 4509883.0 ] ], [ [ 534652.0, 4509883.0 ], [ 534743.0, 4509883.0 ], [ 534743.0, 4509792.0 ], [ 534652.0, 4509792.0 ], [ 534652.0, 4509883.0 ] ], [ [ 535653.0, 4509883.0 ], [ 535835.0, 4509883.0 ], [ 535835.0, 4509701.0 ], [ 535744.0, 4509701.0 ], [ 535744.0, 4509792.0 ], [ 535653.0, 4509792.0 ], [ 535653.0, 4509883.0 ] ], [ [ 530557.0, 4509792.0 ], [ 530648.0, 4509792.0 ], [ 530648.0, 4509701.0 ], [ 530739.0, 4509701.0 ], [ 530739.0, 4509610.0 ], [ 531012.0, 4509610.0 ], [ 531012.0, 4509519.0 ], [ 530739.0, 4509519.0 ], [ 530739.0, 4509246.0 ], [ 530557.0, 4509246.0 ], [ 530557.0, 4509428.0 ], [ 530648.0, 4509428.0 ], [ 530648.0, 4509519.0 ], [ 530466.0, 4509519.0 ], [ 530466.0, 4509610.0 ], [ 530557.0, 4509610.0 ], [ 530557.0, 4509792.0 ] ], [ [ 531649.0, 4509792.0 ], [ 531740.0, 4509792.0 ], [ 531740.0, 4509701.0 ], [ 531649.0, 4509701.0 ], [ 531649.0, 4509792.0 ] ], [ [ 534288.0, 4509792.0 ], [ 534379.0, 4509792.0 ], [ 534379.0, 4509701.0 ], [ 534288.0, 4509701.0 ], [ 534288.0, 4509792.0 ] ], [ [ 534834.0, 4509792.0 ], [ 535107.0, 4509792.0 ], [ 535107.0, 4509701.0 ], [ 534925.0, 4509701.0 ], [ 534925.0, 4509610.0 ], [ 534834.0, 4509610.0 ], [ 534834.0, 4509792.0 ] ], [ [ 536017.0, 4509792.0 ], [ 536108.0, 4509792.0 ], [ 536108.0, 4509610.0 ], [ 536017.0, 4509610.0 ], [ 536017.0, 4509792.0 ] ], [ [ 536381.0, 4509792.0 ], [ 536472.0, 4509792.0 ], [ 536472.0, 4509701.0 ], [ 536381.0, 4509701.0 ], [ 536381.0, 4509792.0 ] ], [ [ 530284.0, 4509701.0 ], [ 530375.0, 4509701.0 ], [ 530375.0, 4509610.0 ], [ 530284.0, 4509610.0 ], [ 530284.0, 4509701.0 ] ], [ [ 531376.0, 4509701.0 ], [ 531467.0, 4509701.0 ], [ 531467.0, 4509610.0 ], [ 531376.0, 4509610.0 ], [ 531376.0, 4509701.0 ] ], [ [ 533742.0, 4509701.0 ], [ 533833.0, 4509701.0 ], [ 533833.0, 4509610.0 ], [ 533742.0, 4509610.0 ], [ 533742.0, 4509701.0 ] ], [ [ 534652.0, 4509701.0 ], [ 534743.0, 4509701.0 ], [ 534743.0, 4509610.0 ], [ 534652.0, 4509610.0 ], [ 534652.0, 4509701.0 ] ], [ [ 535380.0, 4509701.0 ], [ 535471.0, 4509701.0 ], [ 535471.0, 4509519.0 ], [ 535380.0, 4509519.0 ], [ 535380.0, 4509701.0 ] ], [ [ 535653.0, 4509701.0 ], [ 535744.0, 4509701.0 ], [ 535744.0, 4509519.0 ], [ 535562.0, 4509519.0 ], [ 535562.0, 4509610.0 ], [ 535653.0, 4509610.0 ], [ 535653.0, 4509701.0 ] ], [ [ 528737.0, 4509610.0 ], [ 528828.0, 4509610.0 ], [ 528828.0, 4509519.0 ], [ 528737.0, 4509519.0 ], [ 528737.0, 4509610.0 ] ], [ [ 531831.0, 4509610.0 ], [ 531922.0, 4509610.0 ], [ 531922.0, 4509519.0 ], [ 531831.0, 4509519.0 ], [ 531831.0, 4509610.0 ] ], [ [ 534925.0, 4509610.0 ], [ 535016.0, 4509610.0 ], [ 535016.0, 4509519.0 ], [ 534925.0, 4509519.0 ], [ 534925.0, 4509610.0 ] ], [ [ 535926.0, 4509610.0 ], [ 536017.0, 4509610.0 ], [ 536017.0, 4509519.0 ], [ 535926.0, 4509519.0 ], [ 535926.0, 4509610.0 ] ], [ [ 534743.0, 4509519.0 ], [ 534834.0, 4509519.0 ], [ 534834.0, 4509428.0 ], [ 534743.0, 4509428.0 ], [ 534743.0, 4509519.0 ] ], [ [ 536381.0, 4509519.0 ], [ 536472.0, 4509519.0 ], [ 536472.0, 4509428.0 ], [ 536381.0, 4509428.0 ], [ 536381.0, 4509519.0 ] ], [ [ 528646.0, 4509428.0 ], [ 528919.0, 4509428.0 ], [ 528919.0, 4509337.0 ], [ 528646.0, 4509337.0 ], [ 528646.0, 4509428.0 ] ], [ [ 530375.0, 4509428.0 ], [ 530466.0, 4509428.0 ], [ 530466.0, 4509337.0 ], [ 530375.0, 4509337.0 ], [ 530375.0, 4509428.0 ] ], [ [ 532741.0, 4509428.0 ], [ 532923.0, 4509428.0 ], [ 532923.0, 4509337.0 ], [ 532741.0, 4509337.0 ], [ 532741.0, 4509428.0 ] ], [ [ 533742.0, 4509428.0 ], [ 533833.0, 4509428.0 ], [ 533833.0, 4509337.0 ], [ 533742.0, 4509337.0 ], [ 533742.0, 4509428.0 ] ], [ [ 534106.0, 4509428.0 ], [ 534197.0, 4509428.0 ], [ 534197.0, 4509246.0 ], [ 534106.0, 4509246.0 ], [ 534106.0, 4509428.0 ] ], [ [ 529010.0, 4509337.0 ], [ 529101.0, 4509337.0 ], [ 529101.0, 4509246.0 ], [ 529010.0, 4509246.0 ], [ 529010.0, 4509337.0 ] ], [ [ 530830.0, 4509337.0 ], [ 530921.0, 4509337.0 ], [ 530921.0, 4509246.0 ], [ 530830.0, 4509246.0 ], [ 530830.0, 4509337.0 ] ], [ [ 532377.0, 4509337.0 ], [ 532468.0, 4509337.0 ], [ 532468.0, 4509246.0 ], [ 532377.0, 4509246.0 ], [ 532377.0, 4509337.0 ] ], [ [ 533196.0, 4509337.0 ], [ 533378.0, 4509337.0 ], [ 533378.0, 4509246.0 ], [ 533196.0, 4509246.0 ], [ 533196.0, 4509337.0 ] ], [ [ 535835.0, 4509337.0 ], [ 535926.0, 4509337.0 ], [ 535926.0, 4509246.0 ], [ 535835.0, 4509246.0 ], [ 535835.0, 4509337.0 ] ], [ [ 529738.0, 4509246.0 ], [ 529829.0, 4509246.0 ], [ 529829.0, 4509155.0 ], [ 529738.0, 4509155.0 ], [ 529738.0, 4509246.0 ] ], [ [ 529920.0, 4509246.0 ], [ 530011.0, 4509246.0 ], [ 530011.0, 4509155.0 ], [ 530102.0, 4509155.0 ], [ 530102.0, 4509064.0 ], [ 529920.0, 4509064.0 ], [ 529920.0, 4509246.0 ] ], [ [ 533378.0, 4509246.0 ], [ 533469.0, 4509246.0 ], [ 533469.0, 4509064.0 ], [ 533378.0, 4509064.0 ], [ 533378.0, 4509246.0 ] ], [ [ 533560.0, 4509246.0 ], [ 533742.0, 4509246.0 ], [ 533742.0, 4509064.0 ], [ 533560.0, 4509064.0 ], [ 533560.0, 4509246.0 ] ], [ [ 533833.0, 4509246.0 ], [ 534015.0, 4509246.0 ], [ 534015.0, 4509155.0 ], [ 533833.0, 4509155.0 ], [ 533833.0, 4509246.0 ] ], [ [ 528919.0, 4509155.0 ], [ 529010.0, 4509155.0 ], [ 529010.0, 4509064.0 ], [ 528919.0, 4509064.0 ], [ 528919.0, 4509155.0 ] ], [ [ 533105.0, 4509155.0 ], [ 533287.0, 4509155.0 ], [ 533287.0, 4509064.0 ], [ 533105.0, 4509064.0 ], [ 533105.0, 4509155.0 ] ], [ [ 528828.0, 4509064.0 ], [ 528919.0, 4509064.0 ], [ 528919.0, 4508973.0 ], [ 529101.0, 4508973.0 ], [ 529101.0, 4508791.0 ], [ 529010.0, 4508791.0 ], [ 529010.0, 4508882.0 ], [ 528828.0, 4508882.0 ], [ 528828.0, 4509064.0 ] ], [ [ 532468.0, 4509064.0 ], [ 532559.0, 4509064.0 ], [ 532559.0, 4508973.0 ], [ 532468.0, 4508973.0 ], [ 532468.0, 4509064.0 ] ], [ [ 530921.0, 4508973.0 ], [ 531012.0, 4508973.0 ], [ 531012.0, 4508882.0 ], [ 530921.0, 4508882.0 ], [ 530921.0, 4508973.0 ] ], [ [ 532832.0, 4508973.0 ], [ 532923.0, 4508973.0 ], [ 532923.0, 4508882.0 ], [ 532832.0, 4508882.0 ], [ 532832.0, 4508973.0 ] ], [ [ 529192.0, 4508882.0 ], [ 529283.0, 4508882.0 ], [ 529283.0, 4508791.0 ], [ 529192.0, 4508791.0 ], [ 529192.0, 4508882.0 ] ], [ [ 529647.0, 4508882.0 ], [ 529738.0, 4508882.0 ], [ 529738.0, 4508791.0 ], [ 529647.0, 4508791.0 ], [ 529647.0, 4508882.0 ] ], [ [ 532741.0, 4508882.0 ], [ 532832.0, 4508882.0 ], [ 532832.0, 4508791.0 ], [ 532741.0, 4508791.0 ], [ 532741.0, 4508882.0 ] ], [ [ 534470.0, 4508882.0 ], [ 534652.0, 4508882.0 ], [ 534652.0, 4508791.0 ], [ 534470.0, 4508791.0 ], [ 534470.0, 4508882.0 ] ], [ [ 535016.0, 4508882.0 ], [ 535107.0, 4508882.0 ], [ 535107.0, 4508791.0 ], [ 535016.0, 4508791.0 ], [ 535016.0, 4508882.0 ] ], [ [ 535744.0, 4508882.0 ], [ 536017.0, 4508882.0 ], [ 536017.0, 4508791.0 ], [ 535744.0, 4508791.0 ], [ 535744.0, 4508882.0 ] ], [ [ 536290.0, 4508882.0 ], [ 536563.0, 4508882.0 ], [ 536563.0, 4508791.0 ], [ 536290.0, 4508791.0 ], [ 536290.0, 4508882.0 ] ], [ [ 537109.0, 4508882.0 ], [ 537200.0, 4508882.0 ], [ 537200.0, 4508791.0 ], [ 537291.0, 4508791.0 ], [ 537291.0, 4508609.0 ], [ 537200.0, 4508609.0 ], [ 537200.0, 4508700.0 ], [ 537109.0, 4508700.0 ], [ 537109.0, 4508882.0 ] ], [ [ 529465.0, 4508791.0 ], [ 529647.0, 4508791.0 ], [ 529647.0, 4508700.0 ], [ 529465.0, 4508700.0 ], [ 529465.0, 4508791.0 ] ], [ [ 529738.0, 4508791.0 ], [ 529829.0, 4508791.0 ], [ 529829.0, 4508609.0 ], [ 529738.0, 4508609.0 ], [ 529738.0, 4508791.0 ] ], [ [ 535380.0, 4508791.0 ], [ 535471.0, 4508791.0 ], [ 535471.0, 4508609.0 ], [ 535289.0, 4508609.0 ], [ 535289.0, 4508700.0 ], [ 535380.0, 4508700.0 ], [ 535380.0, 4508791.0 ] ], [ [ 536654.0, 4508791.0 ], [ 536927.0, 4508791.0 ], [ 536927.0, 4508518.0 ], [ 536654.0, 4508518.0 ], [ 536654.0, 4508609.0 ], [ 536563.0, 4508609.0 ], [ 536563.0, 4508518.0 ], [ 536381.0, 4508518.0 ], [ 536381.0, 4508609.0 ], [ 536472.0, 4508609.0 ], [ 536472.0, 4508700.0 ], [ 536654.0, 4508700.0 ], [ 536654.0, 4508791.0 ] ], [ [ 529920.0, 4508700.0 ], [ 530102.0, 4508700.0 ], [ 530102.0, 4508609.0 ], [ 529920.0, 4508609.0 ], [ 529920.0, 4508700.0 ] ], [ [ 530375.0, 4508700.0 ], [ 530466.0, 4508700.0 ], [ 530466.0, 4508609.0 ], [ 530375.0, 4508609.0 ], [ 530375.0, 4508700.0 ] ], [ [ 534015.0, 4508700.0 ], [ 534106.0, 4508700.0 ], [ 534106.0, 4508609.0 ], [ 534015.0, 4508609.0 ], [ 534015.0, 4508700.0 ] ], [ [ 534925.0, 4508700.0 ], [ 535016.0, 4508700.0 ], [ 535016.0, 4508518.0 ], [ 534925.0, 4508518.0 ], [ 534925.0, 4508700.0 ] ], [ [ 535562.0, 4508700.0 ], [ 535653.0, 4508700.0 ], [ 535653.0, 4508609.0 ], [ 535562.0, 4508609.0 ], [ 535562.0, 4508700.0 ] ], [ [ 530466.0, 4508609.0 ], [ 530648.0, 4508609.0 ], [ 530648.0, 4508518.0 ], [ 530557.0, 4508518.0 ], [ 530557.0, 4508427.0 ], [ 530466.0, 4508427.0 ], [ 530466.0, 4508609.0 ] ], [ [ 530739.0, 4508609.0 ], [ 530830.0, 4508609.0 ], [ 530830.0, 4508518.0 ], [ 530739.0, 4508518.0 ], [ 530739.0, 4508609.0 ] ], [ [ 534288.0, 4508609.0 ], [ 534561.0, 4508609.0 ], [ 534561.0, 4508518.0 ], [ 534288.0, 4508518.0 ], [ 534288.0, 4508609.0 ] ], [ [ 534743.0, 4508609.0 ], [ 534834.0, 4508609.0 ], [ 534834.0, 4508518.0 ], [ 534743.0, 4508518.0 ], [ 534743.0, 4508609.0 ] ], [ [ 529101.0, 4508518.0 ], [ 529283.0, 4508518.0 ], [ 529283.0, 4508336.0 ], [ 528919.0, 4508336.0 ], [ 528919.0, 4508427.0 ], [ 529101.0, 4508427.0 ], [ 529101.0, 4508518.0 ] ], [ [ 531012.0, 4508518.0 ], [ 531103.0, 4508518.0 ], [ 531103.0, 4508427.0 ], [ 531012.0, 4508427.0 ], [ 531012.0, 4508518.0 ] ], [ [ 534834.0, 4508518.0 ], [ 534925.0, 4508518.0 ], [ 534925.0, 4508427.0 ], [ 534834.0, 4508427.0 ], [ 534834.0, 4508518.0 ] ], [ [ 535562.0, 4508518.0 ], [ 535653.0, 4508518.0 ], [ 535653.0, 4508427.0 ], [ 535562.0, 4508427.0 ], [ 535562.0, 4508518.0 ] ], [ [ 536108.0, 4508518.0 ], [ 536199.0, 4508518.0 ], [ 536199.0, 4508427.0 ], [ 536108.0, 4508427.0 ], [ 536108.0, 4508518.0 ] ], [ [ 529920.0, 4508427.0 ], [ 530011.0, 4508427.0 ], [ 530011.0, 4508336.0 ], [ 529920.0, 4508336.0 ], [ 529920.0, 4508427.0 ] ], [ [ 536199.0, 4508427.0 ], [ 536563.0, 4508427.0 ], [ 536563.0, 4508245.0 ], [ 536472.0, 4508245.0 ], [ 536472.0, 4508336.0 ], [ 536199.0, 4508336.0 ], [ 536199.0, 4508427.0 ] ], [ [ 529465.0, 4508336.0 ], [ 529556.0, 4508336.0 ], [ 529556.0, 4508245.0 ], [ 529465.0, 4508245.0 ], [ 529465.0, 4508336.0 ] ], [ [ 535835.0, 4508336.0 ], [ 535926.0, 4508336.0 ], [ 535926.0, 4508245.0 ], [ 535835.0, 4508245.0 ], [ 535835.0, 4508336.0 ] ], [ [ 529738.0, 4508245.0 ], [ 529920.0, 4508245.0 ], [ 529920.0, 4508154.0 ], [ 529738.0, 4508154.0 ], [ 529738.0, 4508245.0 ] ], [ [ 530466.0, 4508245.0 ], [ 530557.0, 4508245.0 ], [ 530557.0, 4508154.0 ], [ 530466.0, 4508154.0 ], [ 530466.0, 4508245.0 ] ], [ [ 532468.0, 4508245.0 ], [ 532650.0, 4508245.0 ], [ 532650.0, 4508154.0 ], [ 532559.0, 4508154.0 ], [ 532559.0, 4508063.0 ], [ 532468.0, 4508063.0 ], [ 532468.0, 4508245.0 ] ], [ [ 532741.0, 4508245.0 ], [ 532832.0, 4508245.0 ], [ 532832.0, 4508154.0 ], [ 532741.0, 4508154.0 ], [ 532741.0, 4508245.0 ] ], [ [ 535653.0, 4508245.0 ], [ 535835.0, 4508245.0 ], [ 535835.0, 4508154.0 ], [ 535653.0, 4508154.0 ], [ 535653.0, 4508245.0 ] ], [ [ 536108.0, 4508245.0 ], [ 536199.0, 4508245.0 ], [ 536199.0, 4507972.0 ], [ 536108.0, 4507972.0 ], [ 536108.0, 4508245.0 ] ], [ [ 536290.0, 4508245.0 ], [ 536381.0, 4508245.0 ], [ 536381.0, 4508154.0 ], [ 536290.0, 4508154.0 ], [ 536290.0, 4508245.0 ] ], [ [ 533014.0, 4508154.0 ], [ 533287.0, 4508154.0 ], [ 533287.0, 4508063.0 ], [ 533014.0, 4508063.0 ], [ 533014.0, 4508154.0 ] ], [ [ 534470.0, 4508154.0 ], [ 534561.0, 4508154.0 ], [ 534561.0, 4508063.0 ], [ 534470.0, 4508063.0 ], [ 534470.0, 4508154.0 ] ], [ [ 529374.0, 4508063.0 ], [ 529556.0, 4508063.0 ], [ 529556.0, 4507972.0 ], [ 529374.0, 4507972.0 ], [ 529374.0, 4508063.0 ] ], [ [ 529738.0, 4508063.0 ], [ 529829.0, 4508063.0 ], [ 529829.0, 4507972.0 ], [ 529738.0, 4507972.0 ], [ 529738.0, 4508063.0 ] ], [ [ 530830.0, 4508063.0 ], [ 530921.0, 4508063.0 ], [ 530921.0, 4507972.0 ], [ 530830.0, 4507972.0 ], [ 530830.0, 4508063.0 ] ], [ [ 533742.0, 4508063.0 ], [ 533924.0, 4508063.0 ], [ 533924.0, 4507972.0 ], [ 533833.0, 4507972.0 ], [ 533833.0, 4507881.0 ], [ 533742.0, 4507881.0 ], [ 533742.0, 4508063.0 ] ], [ [ 529829.0, 4507972.0 ], [ 530011.0, 4507972.0 ], [ 530011.0, 4507790.0 ], [ 529920.0, 4507790.0 ], [ 529920.0, 4507881.0 ], [ 529829.0, 4507881.0 ], [ 529829.0, 4507972.0 ] ], [ [ 532104.0, 4507972.0 ], [ 532195.0, 4507972.0 ], [ 532195.0, 4507881.0 ], [ 532104.0, 4507881.0 ], [ 532104.0, 4507972.0 ] ], [ [ 534015.0, 4507972.0 ], [ 534197.0, 4507972.0 ], [ 534197.0, 4507881.0 ], [ 534015.0, 4507881.0 ], [ 534015.0, 4507972.0 ] ], [ [ 535653.0, 4507972.0 ], [ 535744.0, 4507972.0 ], [ 535744.0, 4507881.0 ], [ 535653.0, 4507881.0 ], [ 535653.0, 4507972.0 ] ], [ [ 529374.0, 4507881.0 ], [ 529465.0, 4507881.0 ], [ 529465.0, 4507790.0 ], [ 529374.0, 4507790.0 ], [ 529374.0, 4507881.0 ] ], [ [ 529556.0, 4507881.0 ], [ 529647.0, 4507881.0 ], [ 529647.0, 4507790.0 ], [ 529556.0, 4507790.0 ], [ 529556.0, 4507881.0 ] ], [ [ 530193.0, 4507881.0 ], [ 530284.0, 4507881.0 ], [ 530284.0, 4507790.0 ], [ 530193.0, 4507790.0 ], [ 530193.0, 4507881.0 ] ], [ [ 532559.0, 4507881.0 ], [ 532650.0, 4507881.0 ], [ 532650.0, 4507790.0 ], [ 532559.0, 4507790.0 ], [ 532559.0, 4507881.0 ] ], [ [ 534834.0, 4507881.0 ], [ 534925.0, 4507881.0 ], [ 534925.0, 4507699.0 ], [ 534834.0, 4507699.0 ], [ 534834.0, 4507881.0 ] ], [ [ 535016.0, 4507881.0 ], [ 535107.0, 4507881.0 ], [ 535107.0, 4507699.0 ], [ 535016.0, 4507699.0 ], [ 535016.0, 4507881.0 ] ], [ [ 536108.0, 4507881.0 ], [ 536199.0, 4507881.0 ], [ 536199.0, 4507790.0 ], [ 536108.0, 4507790.0 ], [ 536108.0, 4507881.0 ] ], [ [ 534379.0, 4507790.0 ], [ 534470.0, 4507790.0 ], [ 534470.0, 4507699.0 ], [ 534379.0, 4507699.0 ], [ 534379.0, 4507790.0 ] ], [ [ 528919.0, 4507699.0 ], [ 529010.0, 4507699.0 ], [ 529010.0, 4507608.0 ], [ 528919.0, 4507608.0 ], [ 528919.0, 4507699.0 ] ], [ [ 531285.0, 4507699.0 ], [ 531558.0, 4507699.0 ], [ 531558.0, 4507608.0 ], [ 531285.0, 4507608.0 ], [ 531285.0, 4507699.0 ] ], [ [ 535653.0, 4507699.0 ], [ 535835.0, 4507699.0 ], [ 535835.0, 4507608.0 ], [ 535926.0, 4507608.0 ], [ 535926.0, 4507699.0 ], [ 536017.0, 4507699.0 ], [ 536017.0, 4507608.0 ], [ 536381.0, 4507608.0 ], [ 536381.0, 4507517.0 ], [ 536745.0, 4507517.0 ], [ 536745.0, 4507426.0 ], [ 536654.0, 4507426.0 ], [ 536654.0, 4507335.0 ], [ 536563.0, 4507335.0 ], [ 536563.0, 4507426.0 ], [ 536472.0, 4507426.0 ], [ 536472.0, 4507153.0 ], [ 536199.0, 4507153.0 ], [ 536199.0, 4507244.0 ], [ 536381.0, 4507244.0 ], [ 536381.0, 4507426.0 ], [ 536199.0, 4507426.0 ], [ 536199.0, 4507517.0 ], [ 536017.0, 4507517.0 ], [ 536017.0, 4507426.0 ], [ 535926.0, 4507426.0 ], [ 535926.0, 4507517.0 ], [ 535653.0, 4507517.0 ], [ 535653.0, 4507699.0 ] ], [ [ 529010.0, 4507608.0 ], [ 529101.0, 4507608.0 ], [ 529101.0, 4507517.0 ], [ 529010.0, 4507517.0 ], [ 529010.0, 4507608.0 ] ], [ [ 532013.0, 4507517.0 ], [ 532104.0, 4507517.0 ], [ 532104.0, 4507426.0 ], [ 532013.0, 4507426.0 ], [ 532013.0, 4507517.0 ] ], [ [ 535471.0, 4507517.0 ], [ 535562.0, 4507517.0 ], [ 535562.0, 4507426.0 ], [ 535471.0, 4507426.0 ], [ 535471.0, 4507517.0 ] ], [ [ 532559.0, 4507426.0 ], [ 532650.0, 4507426.0 ], [ 532650.0, 4507335.0 ], [ 532559.0, 4507335.0 ], [ 532559.0, 4507426.0 ] ], [ [ 532923.0, 4507426.0 ], [ 533014.0, 4507426.0 ], [ 533014.0, 4507335.0 ], [ 532923.0, 4507335.0 ], [ 532923.0, 4507426.0 ] ], [ [ 535744.0, 4507426.0 ], [ 535835.0, 4507426.0 ], [ 535835.0, 4507335.0 ], [ 535744.0, 4507335.0 ], [ 535744.0, 4507426.0 ] ], [ [ 529010.0, 4507335.0 ], [ 529101.0, 4507335.0 ], [ 529101.0, 4507244.0 ], [ 529010.0, 4507244.0 ], [ 529010.0, 4507335.0 ] ], [ [ 532013.0, 4507335.0 ], [ 532104.0, 4507335.0 ], [ 532104.0, 4507244.0 ], [ 532013.0, 4507244.0 ], [ 532013.0, 4507335.0 ] ], [ [ 532195.0, 4507335.0 ], [ 532286.0, 4507335.0 ], [ 532286.0, 4507244.0 ], [ 532195.0, 4507244.0 ], [ 532195.0, 4507335.0 ] ], [ [ 533105.0, 4507335.0 ], [ 533196.0, 4507335.0 ], [ 533196.0, 4507244.0 ], [ 533105.0, 4507244.0 ], [ 533105.0, 4507335.0 ] ], [ [ 534379.0, 4507335.0 ], [ 534470.0, 4507335.0 ], [ 534470.0, 4507244.0 ], [ 534379.0, 4507244.0 ], [ 534379.0, 4507335.0 ] ], [ [ 534652.0, 4507335.0 ], [ 534743.0, 4507335.0 ], [ 534743.0, 4507244.0 ], [ 534652.0, 4507244.0 ], [ 534652.0, 4507335.0 ] ], [ [ 535562.0, 4507335.0 ], [ 535653.0, 4507335.0 ], [ 535653.0, 4507244.0 ], [ 535562.0, 4507244.0 ], [ 535562.0, 4507335.0 ] ], [ [ 535835.0, 4507335.0 ], [ 535926.0, 4507335.0 ], [ 535926.0, 4507244.0 ], [ 535835.0, 4507244.0 ], [ 535835.0, 4507335.0 ] ], [ [ 536108.0, 4507335.0 ], [ 536199.0, 4507335.0 ], [ 536199.0, 4507244.0 ], [ 536108.0, 4507244.0 ], [ 536108.0, 4507335.0 ] ], [ [ 536745.0, 4507335.0 ], [ 536836.0, 4507335.0 ], [ 536836.0, 4507244.0 ], [ 536745.0, 4507244.0 ], [ 536745.0, 4507335.0 ] ], [ [ 533560.0, 4507244.0 ], [ 533651.0, 4507244.0 ], [ 533651.0, 4507153.0 ], [ 533560.0, 4507153.0 ], [ 533560.0, 4507244.0 ] ], [ [ 536563.0, 4507244.0 ], [ 536745.0, 4507244.0 ], [ 536745.0, 4507062.0 ], [ 536472.0, 4507062.0 ], [ 536472.0, 4507153.0 ], [ 536563.0, 4507153.0 ], [ 536563.0, 4507244.0 ] ], [ [ 528737.0, 4507153.0 ], [ 528828.0, 4507153.0 ], [ 528828.0, 4507062.0 ], [ 528737.0, 4507062.0 ], [ 528737.0, 4507153.0 ] ], [ [ 528919.0, 4507153.0 ], [ 529101.0, 4507153.0 ], [ 529101.0, 4507062.0 ], [ 528919.0, 4507062.0 ], [ 528919.0, 4507153.0 ] ], [ [ 529920.0, 4507153.0 ], [ 530011.0, 4507153.0 ], [ 530011.0, 4507062.0 ], [ 529920.0, 4507062.0 ], [ 529920.0, 4507153.0 ] ], [ [ 531558.0, 4507153.0 ], [ 531649.0, 4507153.0 ], [ 531649.0, 4507062.0 ], [ 531558.0, 4507062.0 ], [ 531558.0, 4507153.0 ] ], [ [ 533924.0, 4507153.0 ], [ 534197.0, 4507153.0 ], [ 534197.0, 4507062.0 ], [ 533924.0, 4507062.0 ], [ 533924.0, 4507153.0 ] ], [ [ 535107.0, 4507153.0 ], [ 535198.0, 4507153.0 ], [ 535198.0, 4507062.0 ], [ 535107.0, 4507062.0 ], [ 535107.0, 4507153.0 ] ], [ [ 535744.0, 4507062.0 ], [ 536017.0, 4507062.0 ], [ 536017.0, 4506971.0 ], [ 535744.0, 4506971.0 ], [ 535744.0, 4507062.0 ] ], [ [ 536199.0, 4507062.0 ], [ 536290.0, 4507062.0 ], [ 536290.0, 4506971.0 ], [ 536381.0, 4506971.0 ], [ 536381.0, 4506880.0 ], [ 536199.0, 4506880.0 ], [ 536199.0, 4507062.0 ] ], [ [ 534743.0, 4506971.0 ], [ 535198.0, 4506971.0 ], [ 535198.0, 4506880.0 ], [ 535380.0, 4506880.0 ], [ 535380.0, 4506971.0 ], [ 535471.0, 4506971.0 ], [ 535471.0, 4506880.0 ], [ 535744.0, 4506880.0 ], [ 535744.0, 4506789.0 ], [ 536108.0, 4506789.0 ], [ 536108.0, 4506698.0 ], [ 536381.0, 4506698.0 ], [ 536381.0, 4506516.0 ], [ 536199.0, 4506516.0 ], [ 536199.0, 4506607.0 ], [ 535835.0, 4506607.0 ], [ 535835.0, 4506698.0 ], [ 535471.0, 4506698.0 ], [ 535471.0, 4506789.0 ], [ 535107.0, 4506789.0 ], [ 535107.0, 4506880.0 ], [ 534743.0, 4506880.0 ], [ 534743.0, 4506971.0 ] ], [ [ 529010.0, 4506880.0 ], [ 529101.0, 4506880.0 ], [ 529101.0, 4506789.0 ], [ 529010.0, 4506789.0 ], [ 529010.0, 4506880.0 ] ], [ [ 529283.0, 4506789.0 ], [ 529374.0, 4506789.0 ], [ 529374.0, 4506698.0 ], [ 529283.0, 4506698.0 ], [ 529283.0, 4506789.0 ] ], [ [ 536472.0, 4506698.0 ], [ 536563.0, 4506698.0 ], [ 536563.0, 4506607.0 ], [ 536472.0, 4506607.0 ], [ 536472.0, 4506698.0 ] ], [ [ 532559.0, 4506607.0 ], [ 532650.0, 4506607.0 ], [ 532650.0, 4506516.0 ], [ 532559.0, 4506516.0 ], [ 532559.0, 4506607.0 ] ], [ [ 536654.0, 4506607.0 ], [ 536836.0, 4506607.0 ], [ 536836.0, 4506516.0 ], [ 536654.0, 4506516.0 ], [ 536654.0, 4506607.0 ] ], [ [ 536927.0, 4506607.0 ], [ 537109.0, 4506607.0 ], [ 537109.0, 4506516.0 ], [ 537200.0, 4506516.0 ], [ 537200.0, 4506243.0 ], [ 537109.0, 4506243.0 ], [ 537109.0, 4506334.0 ], [ 536836.0, 4506334.0 ], [ 536836.0, 4506516.0 ], [ 536927.0, 4506516.0 ], [ 536927.0, 4506607.0 ] ], [ [ 535653.0, 4506516.0 ], [ 535744.0, 4506516.0 ], [ 535744.0, 4506425.0 ], [ 535653.0, 4506425.0 ], [ 535653.0, 4506516.0 ] ], [ [ 528828.0, 4506425.0 ], [ 528919.0, 4506425.0 ], [ 528919.0, 4506334.0 ], [ 528828.0, 4506334.0 ], [ 528828.0, 4506425.0 ] ], [ [ 534834.0, 4506425.0 ], [ 535016.0, 4506425.0 ], [ 535016.0, 4506334.0 ], [ 534834.0, 4506334.0 ], [ 534834.0, 4506425.0 ] ], [ [ 535289.0, 4506425.0 ], [ 535380.0, 4506425.0 ], [ 535380.0, 4506334.0 ], [ 535289.0, 4506334.0 ], [ 535289.0, 4506425.0 ] ], [ [ 535471.0, 4506425.0 ], [ 535562.0, 4506425.0 ], [ 535562.0, 4506334.0 ], [ 535471.0, 4506334.0 ], [ 535471.0, 4506425.0 ] ], [ [ 535380.0, 4506334.0 ], [ 535471.0, 4506334.0 ], [ 535471.0, 4506243.0 ], [ 535380.0, 4506243.0 ], [ 535380.0, 4506334.0 ] ], [ [ 535653.0, 4506334.0 ], [ 535835.0, 4506334.0 ], [ 535835.0, 4506152.0 ], [ 535744.0, 4506152.0 ], [ 535744.0, 4506061.0 ], [ 535653.0, 4506061.0 ], [ 535653.0, 4506334.0 ] ], [ [ 536563.0, 4506334.0 ], [ 536654.0, 4506334.0 ], [ 536654.0, 4506243.0 ], [ 536563.0, 4506243.0 ], [ 536563.0, 4506334.0 ] ], [ [ 532013.0, 4506243.0 ], [ 532104.0, 4506243.0 ], [ 532104.0, 4506152.0 ], [ 532013.0, 4506152.0 ], [ 532013.0, 4506243.0 ] ], [ [ 533651.0, 4506243.0 ], [ 533742.0, 4506243.0 ], [ 533742.0, 4506152.0 ], [ 533651.0, 4506152.0 ], [ 533651.0, 4506243.0 ] ], [ [ 536108.0, 4506243.0 ], [ 536199.0, 4506243.0 ], [ 536199.0, 4506152.0 ], [ 536108.0, 4506152.0 ], [ 536108.0, 4506243.0 ] ], [ [ 536836.0, 4506243.0 ], [ 537109.0, 4506243.0 ], [ 537109.0, 4506152.0 ], [ 536836.0, 4506152.0 ], [ 536836.0, 4506243.0 ] ], [ [ 537473.0, 4506243.0 ], [ 537564.0, 4506243.0 ], [ 537564.0, 4506061.0 ], [ 537473.0, 4506061.0 ], [ 537473.0, 4506243.0 ] ], [ [ 528555.0, 4506152.0 ], [ 528646.0, 4506152.0 ], [ 528646.0, 4506061.0 ], [ 528555.0, 4506061.0 ], [ 528555.0, 4506152.0 ] ], [ [ 536017.0, 4506152.0 ], [ 536108.0, 4506152.0 ], [ 536108.0, 4506061.0 ], [ 536017.0, 4506061.0 ], [ 536017.0, 4506152.0 ] ], [ [ 528828.0, 4506061.0 ], [ 528919.0, 4506061.0 ], [ 528919.0, 4505970.0 ], [ 528828.0, 4505970.0 ], [ 528828.0, 4506061.0 ] ], [ [ 534197.0, 4506061.0 ], [ 534379.0, 4506061.0 ], [ 534379.0, 4505970.0 ], [ 534197.0, 4505970.0 ], [ 534197.0, 4506061.0 ] ], [ [ 535198.0, 4506061.0 ], [ 535289.0, 4506061.0 ], [ 535289.0, 4505970.0 ], [ 535198.0, 4505970.0 ], [ 535198.0, 4506061.0 ] ], [ [ 536927.0, 4506061.0 ], [ 537109.0, 4506061.0 ], [ 537109.0, 4505879.0 ], [ 537018.0, 4505879.0 ], [ 537018.0, 4505970.0 ], [ 536927.0, 4505970.0 ], [ 536927.0, 4506061.0 ] ], [ [ 537291.0, 4506061.0 ], [ 537382.0, 4506061.0 ], [ 537382.0, 4505879.0 ], [ 537564.0, 4505879.0 ], [ 537564.0, 4505788.0 ], [ 537291.0, 4505788.0 ], [ 537291.0, 4505697.0 ], [ 537200.0, 4505697.0 ], [ 537200.0, 4505879.0 ], [ 537291.0, 4505879.0 ], [ 537291.0, 4506061.0 ] ], [ [ 537564.0, 4506061.0 ], [ 537655.0, 4506061.0 ], [ 537655.0, 4505970.0 ], [ 537564.0, 4505970.0 ], [ 537564.0, 4506061.0 ] ], [ [ 533105.0, 4505970.0 ], [ 533287.0, 4505970.0 ], [ 533287.0, 4505879.0 ], [ 533105.0, 4505879.0 ], [ 533105.0, 4505970.0 ] ], [ [ 533378.0, 4505970.0 ], [ 533469.0, 4505970.0 ], [ 533469.0, 4505788.0 ], [ 533287.0, 4505788.0 ], [ 533287.0, 4505879.0 ], [ 533378.0, 4505879.0 ], [ 533378.0, 4505970.0 ] ], [ [ 536745.0, 4505970.0 ], [ 536836.0, 4505970.0 ], [ 536836.0, 4505879.0 ], [ 536745.0, 4505879.0 ], [ 536745.0, 4505970.0 ] ], [ [ 539839.0, 4505970.0 ], [ 540021.0, 4505970.0 ], [ 540021.0, 4505788.0 ], [ 539930.0, 4505788.0 ], [ 539930.0, 4505879.0 ], [ 539839.0, 4505879.0 ], [ 539839.0, 4505970.0 ] ], [ [ 528828.0, 4505879.0 ], [ 528919.0, 4505879.0 ], [ 528919.0, 4505788.0 ], [ 528828.0, 4505788.0 ], [ 528828.0, 4505879.0 ] ], [ [ 529192.0, 4505788.0 ], [ 529283.0, 4505788.0 ], [ 529283.0, 4505697.0 ], [ 529192.0, 4505697.0 ], [ 529192.0, 4505788.0 ] ], [ [ 535380.0, 4505788.0 ], [ 535471.0, 4505788.0 ], [ 535471.0, 4505606.0 ], [ 535380.0, 4505606.0 ], [ 535380.0, 4505788.0 ] ], [ [ 536472.0, 4505788.0 ], [ 536563.0, 4505788.0 ], [ 536563.0, 4505697.0 ], [ 536472.0, 4505697.0 ], [ 536472.0, 4505788.0 ] ], [ [ 532559.0, 4505697.0 ], [ 532650.0, 4505697.0 ], [ 532650.0, 4505606.0 ], [ 532559.0, 4505606.0 ], [ 532559.0, 4505697.0 ] ], [ [ 532923.0, 4505697.0 ], [ 533014.0, 4505697.0 ], [ 533014.0, 4505606.0 ], [ 532923.0, 4505606.0 ], [ 532923.0, 4505697.0 ] ], [ [ 536745.0, 4505697.0 ], [ 536836.0, 4505697.0 ], [ 536836.0, 4505515.0 ], [ 536654.0, 4505515.0 ], [ 536654.0, 4505606.0 ], [ 536745.0, 4505606.0 ], [ 536745.0, 4505697.0 ] ], [ [ 536927.0, 4505697.0 ], [ 537018.0, 4505697.0 ], [ 537018.0, 4505606.0 ], [ 536927.0, 4505606.0 ], [ 536927.0, 4505697.0 ] ], [ [ 539384.0, 4505697.0 ], [ 539475.0, 4505697.0 ], [ 539475.0, 4505606.0 ], [ 539384.0, 4505606.0 ], [ 539384.0, 4505697.0 ] ], [ [ 540203.0, 4505697.0 ], [ 540294.0, 4505697.0 ], [ 540294.0, 4505606.0 ], [ 540203.0, 4505606.0 ], [ 540203.0, 4505697.0 ] ], [ [ 534561.0, 4505606.0 ], [ 534652.0, 4505606.0 ], [ 534652.0, 4505515.0 ], [ 534561.0, 4505515.0 ], [ 534561.0, 4505606.0 ] ], [ [ 540567.0, 4505606.0 ], [ 540658.0, 4505606.0 ], [ 540658.0, 4505515.0 ], [ 540567.0, 4505515.0 ], [ 540567.0, 4505606.0 ] ], [ [ 533196.0, 4505515.0 ], [ 533378.0, 4505515.0 ], [ 533378.0, 4505424.0 ], [ 533196.0, 4505424.0 ], [ 533196.0, 4505515.0 ] ], [ [ 533742.0, 4505515.0 ], [ 533833.0, 4505515.0 ], [ 533833.0, 4505333.0 ], [ 533924.0, 4505333.0 ], [ 533924.0, 4505515.0 ], [ 534015.0, 4505515.0 ], [ 534015.0, 4505333.0 ], [ 534106.0, 4505333.0 ], [ 534106.0, 4505242.0 ], [ 533742.0, 4505242.0 ], [ 533742.0, 4505333.0 ], [ 533651.0, 4505333.0 ], [ 533651.0, 4505424.0 ], [ 533742.0, 4505424.0 ], [ 533742.0, 4505515.0 ] ], [ [ 536927.0, 4505515.0 ], [ 537018.0, 4505515.0 ], [ 537018.0, 4505424.0 ], [ 536927.0, 4505424.0 ], [ 536927.0, 4505515.0 ] ], [ [ 534197.0, 4505424.0 ], [ 534379.0, 4505424.0 ], [ 534379.0, 4505242.0 ], [ 534288.0, 4505242.0 ], [ 534288.0, 4505333.0 ], [ 534197.0, 4505333.0 ], [ 534197.0, 4505424.0 ] ], [ [ 535562.0, 4505424.0 ], [ 535744.0, 4505424.0 ], [ 535744.0, 4505333.0 ], [ 535562.0, 4505333.0 ], [ 535562.0, 4505424.0 ] ], [ [ 535926.0, 4505424.0 ], [ 536017.0, 4505424.0 ], [ 536017.0, 4505333.0 ], [ 535926.0, 4505333.0 ], [ 535926.0, 4505424.0 ] ], [ [ 536108.0, 4505424.0 ], [ 536199.0, 4505424.0 ], [ 536199.0, 4505333.0 ], [ 536108.0, 4505333.0 ], [ 536108.0, 4505424.0 ] ], [ [ 539930.0, 4505424.0 ], [ 540112.0, 4505424.0 ], [ 540112.0, 4505333.0 ], [ 539930.0, 4505333.0 ], [ 539930.0, 4505424.0 ] ], [ [ 540931.0, 4505424.0 ], [ 541022.0, 4505424.0 ], [ 541022.0, 4505333.0 ], [ 540931.0, 4505333.0 ], [ 540931.0, 4505424.0 ] ], [ [ 532468.0, 4505333.0 ], [ 532559.0, 4505333.0 ], [ 532559.0, 4505242.0 ], [ 532468.0, 4505242.0 ], [ 532468.0, 4505333.0 ] ], [ [ 534561.0, 4505333.0 ], [ 534743.0, 4505333.0 ], [ 534743.0, 4505242.0 ], [ 534561.0, 4505242.0 ], [ 534561.0, 4505333.0 ] ], [ [ 536290.0, 4505333.0 ], [ 536381.0, 4505333.0 ], [ 536381.0, 4505242.0 ], [ 536290.0, 4505242.0 ], [ 536290.0, 4505333.0 ] ], [ [ 539384.0, 4505333.0 ], [ 539475.0, 4505333.0 ], [ 539475.0, 4505151.0 ], [ 539384.0, 4505151.0 ], [ 539384.0, 4505333.0 ] ], [ [ 540385.0, 4505333.0 ], [ 540658.0, 4505333.0 ], [ 540658.0, 4505242.0 ], [ 540385.0, 4505242.0 ], [ 540385.0, 4505333.0 ] ], [ [ 529101.0, 4505151.0 ], [ 529283.0, 4505151.0 ], [ 529283.0, 4505060.0 ], [ 529101.0, 4505060.0 ], [ 529101.0, 4505151.0 ] ], [ [ 533469.0, 4505151.0 ], [ 533560.0, 4505151.0 ], [ 533560.0, 4505060.0 ], [ 533651.0, 4505060.0 ], [ 533651.0, 4504969.0 ], [ 533469.0, 4504969.0 ], [ 533469.0, 4505151.0 ] ], [ [ 533833.0, 4505151.0 ], [ 533924.0, 4505151.0 ], [ 533924.0, 4505060.0 ], [ 533833.0, 4505060.0 ], [ 533833.0, 4505151.0 ] ], [ [ 540021.0, 4505151.0 ], [ 540112.0, 4505151.0 ], [ 540112.0, 4505060.0 ], [ 540021.0, 4505060.0 ], [ 540021.0, 4505151.0 ] ], [ [ 535198.0, 4505060.0 ], [ 535289.0, 4505060.0 ], [ 535289.0, 4504969.0 ], [ 535198.0, 4504969.0 ], [ 535198.0, 4505060.0 ] ], [ [ 536017.0, 4505060.0 ], [ 536199.0, 4505060.0 ], [ 536199.0, 4504969.0 ], [ 536108.0, 4504969.0 ], [ 536108.0, 4504787.0 ], [ 536199.0, 4504787.0 ], [ 536199.0, 4504696.0 ], [ 535926.0, 4504696.0 ], [ 535926.0, 4504878.0 ], [ 535835.0, 4504878.0 ], [ 535835.0, 4504969.0 ], [ 536017.0, 4504969.0 ], [ 536017.0, 4505060.0 ] ], [ [ 533378.0, 4504969.0 ], [ 533469.0, 4504969.0 ], [ 533469.0, 4504878.0 ], [ 533378.0, 4504878.0 ], [ 533378.0, 4504969.0 ] ], [ [ 536290.0, 4504969.0 ], [ 536472.0, 4504969.0 ], [ 536472.0, 4504878.0 ], [ 536290.0, 4504878.0 ], [ 536290.0, 4504969.0 ] ], [ [ 536745.0, 4504969.0 ], [ 536927.0, 4504969.0 ], [ 536927.0, 4504878.0 ], [ 536745.0, 4504878.0 ], [ 536745.0, 4504969.0 ] ], [ [ 535380.0, 4504878.0 ], [ 535471.0, 4504878.0 ], [ 535471.0, 4504787.0 ], [ 535380.0, 4504787.0 ], [ 535380.0, 4504878.0 ] ], [ [ 536927.0, 4504878.0 ], [ 537109.0, 4504878.0 ], [ 537109.0, 4504696.0 ], [ 537018.0, 4504696.0 ], [ 537018.0, 4504787.0 ], [ 536927.0, 4504787.0 ], [ 536927.0, 4504878.0 ] ], [ [ 537564.0, 4504878.0 ], [ 537655.0, 4504878.0 ], [ 537655.0, 4504787.0 ], [ 537837.0, 4504787.0 ], [ 537837.0, 4504696.0 ], [ 537928.0, 4504696.0 ], [ 537928.0, 4504605.0 ], [ 538019.0, 4504605.0 ], [ 538019.0, 4504514.0 ], [ 537746.0, 4504514.0 ], [ 537746.0, 4504423.0 ], [ 537655.0, 4504423.0 ], [ 537655.0, 4504514.0 ], [ 537564.0, 4504514.0 ], [ 537564.0, 4504332.0 ], [ 537473.0, 4504332.0 ], [ 537473.0, 4504514.0 ], [ 537382.0, 4504514.0 ], [ 537382.0, 4504423.0 ], [ 537291.0, 4504423.0 ], [ 537291.0, 4504514.0 ], [ 537200.0, 4504514.0 ], [ 537200.0, 4504696.0 ], [ 537291.0, 4504696.0 ], [ 537291.0, 4504605.0 ], [ 537382.0, 4504605.0 ], [ 537382.0, 4504696.0 ], [ 537473.0, 4504696.0 ], [ 537473.0, 4504787.0 ], [ 537564.0, 4504787.0 ], [ 537564.0, 4504878.0 ] ], [ [ 536654.0, 4504787.0 ], [ 536745.0, 4504787.0 ], [ 536745.0, 4504696.0 ], [ 536654.0, 4504696.0 ], [ 536654.0, 4504787.0 ] ], [ [ 538019.0, 4504787.0 ], [ 538110.0, 4504787.0 ], [ 538110.0, 4504696.0 ], [ 538019.0, 4504696.0 ], [ 538019.0, 4504787.0 ] ], [ [ 539293.0, 4504787.0 ], [ 539475.0, 4504787.0 ], [ 539475.0, 4504696.0 ], [ 539384.0, 4504696.0 ], [ 539384.0, 4504605.0 ], [ 539293.0, 4504605.0 ], [ 539293.0, 4504787.0 ] ], [ [ 529465.0, 4504696.0 ], [ 529556.0, 4504696.0 ], [ 529556.0, 4504605.0 ], [ 529465.0, 4504605.0 ], [ 529465.0, 4504696.0 ] ], [ [ 531467.0, 4504696.0 ], [ 531558.0, 4504696.0 ], [ 531558.0, 4504605.0 ], [ 531467.0, 4504605.0 ], [ 531467.0, 4504696.0 ] ], [ [ 532832.0, 4504696.0 ], [ 533014.0, 4504696.0 ], [ 533014.0, 4504514.0 ], [ 532832.0, 4504514.0 ], [ 532832.0, 4504696.0 ] ], [ [ 535198.0, 4504696.0 ], [ 535289.0, 4504696.0 ], [ 535289.0, 4504605.0 ], [ 535198.0, 4504605.0 ], [ 535198.0, 4504696.0 ] ], [ [ 535562.0, 4504696.0 ], [ 535653.0, 4504696.0 ], [ 535653.0, 4504605.0 ], [ 535562.0, 4504605.0 ], [ 535562.0, 4504696.0 ] ], [ [ 535744.0, 4504696.0 ], [ 535835.0, 4504696.0 ], [ 535835.0, 4504514.0 ], [ 535744.0, 4504514.0 ], [ 535744.0, 4504696.0 ] ], [ [ 536836.0, 4504696.0 ], [ 536927.0, 4504696.0 ], [ 536927.0, 4504605.0 ], [ 536836.0, 4504605.0 ], [ 536836.0, 4504696.0 ] ], [ [ 539475.0, 4504696.0 ], [ 539566.0, 4504696.0 ], [ 539566.0, 4504605.0 ], [ 539657.0, 4504605.0 ], [ 539657.0, 4504514.0 ], [ 539475.0, 4504514.0 ], [ 539475.0, 4504696.0 ] ], [ [ 529556.0, 4504605.0 ], [ 529647.0, 4504605.0 ], [ 529647.0, 4504514.0 ], [ 529556.0, 4504514.0 ], [ 529556.0, 4504605.0 ] ], [ [ 533378.0, 4504605.0 ], [ 533469.0, 4504605.0 ], [ 533469.0, 4504514.0 ], [ 533378.0, 4504514.0 ], [ 533378.0, 4504605.0 ] ], [ [ 534925.0, 4504605.0 ], [ 535016.0, 4504605.0 ], [ 535016.0, 4504514.0 ], [ 534925.0, 4504514.0 ], [ 534925.0, 4504605.0 ] ], [ [ 536017.0, 4504605.0 ], [ 536108.0, 4504605.0 ], [ 536108.0, 4504514.0 ], [ 536017.0, 4504514.0 ], [ 536017.0, 4504605.0 ] ], [ [ 536927.0, 4504605.0 ], [ 537018.0, 4504605.0 ], [ 537018.0, 4504514.0 ], [ 536927.0, 4504514.0 ], [ 536927.0, 4504605.0 ] ], [ [ 538110.0, 4504605.0 ], [ 538383.0, 4504605.0 ], [ 538383.0, 4504423.0 ], [ 538292.0, 4504423.0 ], [ 538292.0, 4504514.0 ], [ 538110.0, 4504514.0 ], [ 538110.0, 4504605.0 ] ], [ [ 538656.0, 4504605.0 ], [ 538838.0, 4504605.0 ], [ 538838.0, 4504514.0 ], [ 538747.0, 4504514.0 ], [ 538747.0, 4504423.0 ], [ 538656.0, 4504423.0 ], [ 538656.0, 4504332.0 ], [ 538565.0, 4504332.0 ], [ 538565.0, 4504423.0 ], [ 538474.0, 4504423.0 ], [ 538474.0, 4504514.0 ], [ 538656.0, 4504514.0 ], [ 538656.0, 4504605.0 ] ], [ [ 539839.0, 4504605.0 ], [ 539930.0, 4504605.0 ], [ 539930.0, 4504514.0 ], [ 539839.0, 4504514.0 ], [ 539839.0, 4504605.0 ] ], [ [ 532559.0, 4504514.0 ], [ 532650.0, 4504514.0 ], [ 532650.0, 4504423.0 ], [ 532559.0, 4504423.0 ], [ 532559.0, 4504514.0 ] ], [ [ 533651.0, 4504514.0 ], [ 533742.0, 4504514.0 ], [ 533742.0, 4504332.0 ], [ 533833.0, 4504332.0 ], [ 533833.0, 4504241.0 ], [ 533924.0, 4504241.0 ], [ 533924.0, 4504150.0 ], [ 533833.0, 4504150.0 ], [ 533833.0, 4504059.0 ], [ 533742.0, 4504059.0 ], [ 533742.0, 4504241.0 ], [ 533651.0, 4504241.0 ], [ 533651.0, 4504150.0 ], [ 533560.0, 4504150.0 ], [ 533560.0, 4504241.0 ], [ 533469.0, 4504241.0 ], [ 533469.0, 4504332.0 ], [ 533651.0, 4504332.0 ], [ 533651.0, 4504514.0 ] ], [ [ 535471.0, 4504514.0 ], [ 535562.0, 4504514.0 ], [ 535562.0, 4504423.0 ], [ 535471.0, 4504423.0 ], [ 535471.0, 4504514.0 ] ], [ [ 536199.0, 4504514.0 ], [ 536563.0, 4504514.0 ], [ 536563.0, 4504423.0 ], [ 536199.0, 4504423.0 ], [ 536199.0, 4504514.0 ] ], [ [ 536654.0, 4504514.0 ], [ 536745.0, 4504514.0 ], [ 536745.0, 4504423.0 ], [ 536836.0, 4504423.0 ], [ 536836.0, 4504332.0 ], [ 537018.0, 4504332.0 ], [ 537018.0, 4504423.0 ], [ 537200.0, 4504423.0 ], [ 537200.0, 4504332.0 ], [ 537382.0, 4504332.0 ], [ 537382.0, 4504059.0 ], [ 537291.0, 4504059.0 ], [ 537291.0, 4504150.0 ], [ 537200.0, 4504150.0 ], [ 537200.0, 4504241.0 ], [ 537109.0, 4504241.0 ], [ 537109.0, 4504150.0 ], [ 537018.0, 4504150.0 ], [ 537018.0, 4504241.0 ], [ 536836.0, 4504241.0 ], [ 536836.0, 4504150.0 ], [ 536745.0, 4504150.0 ], [ 536745.0, 4504059.0 ], [ 536472.0, 4504059.0 ], [ 536472.0, 4504150.0 ], [ 536381.0, 4504150.0 ], [ 536381.0, 4504241.0 ], [ 536563.0, 4504241.0 ], [ 536563.0, 4504332.0 ], [ 536654.0, 4504332.0 ], [ 536654.0, 4504514.0 ] ], [ [ 539020.0, 4504514.0 ], [ 539293.0, 4504514.0 ], [ 539293.0, 4504423.0 ], [ 539384.0, 4504423.0 ], [ 539384.0, 4504332.0 ], [ 539657.0, 4504332.0 ], [ 539657.0, 4504241.0 ], [ 539566.0, 4504241.0 ], [ 539566.0, 4504150.0 ], [ 539293.0, 4504150.0 ], [ 539293.0, 4504241.0 ], [ 539202.0, 4504241.0 ], [ 539202.0, 4504059.0 ], [ 538929.0, 4504059.0 ], [ 538929.0, 4504150.0 ], [ 539020.0, 4504150.0 ], [ 539020.0, 4504241.0 ], [ 538929.0, 4504241.0 ], [ 538929.0, 4504332.0 ], [ 538838.0, 4504332.0 ], [ 538838.0, 4504423.0 ], [ 539020.0, 4504423.0 ], [ 539020.0, 4504514.0 ] ], [ [ 533924.0, 4504423.0 ], [ 534015.0, 4504423.0 ], [ 534015.0, 4504332.0 ], [ 533924.0, 4504332.0 ], [ 533924.0, 4504423.0 ] ], [ [ 535380.0, 4504332.0 ], [ 535471.0, 4504332.0 ], [ 535471.0, 4504241.0 ], [ 535380.0, 4504241.0 ], [ 535380.0, 4504332.0 ] ], [ [ 534197.0, 4504241.0 ], [ 534288.0, 4504241.0 ], [ 534288.0, 4504150.0 ], [ 534197.0, 4504150.0 ], [ 534197.0, 4504241.0 ] ], [ [ 534925.0, 4504241.0 ], [ 535198.0, 4504241.0 ], [ 535198.0, 4504150.0 ], [ 534925.0, 4504150.0 ], [ 534925.0, 4504241.0 ] ], [ [ 535926.0, 4504241.0 ], [ 536017.0, 4504241.0 ], [ 536017.0, 4504150.0 ], [ 535926.0, 4504150.0 ], [ 535926.0, 4504241.0 ] ], [ [ 537564.0, 4504241.0 ], [ 537746.0, 4504241.0 ], [ 537746.0, 4504150.0 ], [ 537655.0, 4504150.0 ], [ 537655.0, 4504059.0 ], [ 537564.0, 4504059.0 ], [ 537564.0, 4504241.0 ] ], [ [ 538656.0, 4504241.0 ], [ 538747.0, 4504241.0 ], [ 538747.0, 4504150.0 ], [ 538656.0, 4504150.0 ], [ 538656.0, 4504241.0 ] ], [ [ 539839.0, 4504241.0 ], [ 540021.0, 4504241.0 ], [ 540021.0, 4504059.0 ], [ 539930.0, 4504059.0 ], [ 539930.0, 4504150.0 ], [ 539839.0, 4504150.0 ], [ 539839.0, 4504241.0 ] ], [ [ 532286.0, 4504150.0 ], [ 532377.0, 4504150.0 ], [ 532377.0, 4504059.0 ], [ 532286.0, 4504059.0 ], [ 532286.0, 4504150.0 ] ], [ [ 532832.0, 4504150.0 ], [ 532923.0, 4504150.0 ], [ 532923.0, 4504059.0 ], [ 532832.0, 4504059.0 ], [ 532832.0, 4504150.0 ] ], [ [ 533105.0, 4504150.0 ], [ 533196.0, 4504150.0 ], [ 533196.0, 4503968.0 ], [ 533105.0, 4503968.0 ], [ 533105.0, 4504150.0 ] ], [ [ 534015.0, 4504150.0 ], [ 534106.0, 4504150.0 ], [ 534106.0, 4504059.0 ], [ 534015.0, 4504059.0 ], [ 534015.0, 4504150.0 ] ], [ [ 534470.0, 4504150.0 ], [ 534561.0, 4504150.0 ], [ 534561.0, 4503968.0 ], [ 534470.0, 4503968.0 ], [ 534470.0, 4504150.0 ] ], [ [ 535198.0, 4504150.0 ], [ 535471.0, 4504150.0 ], [ 535471.0, 4504059.0 ], [ 535198.0, 4504059.0 ], [ 535198.0, 4504150.0 ] ], [ [ 536199.0, 4504150.0 ], [ 536290.0, 4504150.0 ], [ 536290.0, 4504059.0 ], [ 536199.0, 4504059.0 ], [ 536199.0, 4504150.0 ] ], [ [ 538019.0, 4504150.0 ], [ 538110.0, 4504150.0 ], [ 538110.0, 4504059.0 ], [ 538019.0, 4504059.0 ], [ 538019.0, 4504150.0 ] ], [ [ 535016.0, 4504059.0 ], [ 535107.0, 4504059.0 ], [ 535107.0, 4503968.0 ], [ 535016.0, 4503968.0 ], [ 535016.0, 4504059.0 ] ], [ [ 535653.0, 4504059.0 ], [ 535744.0, 4504059.0 ], [ 535744.0, 4503968.0 ], [ 535653.0, 4503968.0 ], [ 535653.0, 4504059.0 ] ], [ [ 536745.0, 4504059.0 ], [ 536927.0, 4504059.0 ], [ 536927.0, 4503968.0 ], [ 536745.0, 4503968.0 ], [ 536745.0, 4504059.0 ] ], [ [ 539657.0, 4504059.0 ], [ 539748.0, 4504059.0 ], [ 539748.0, 4503968.0 ], [ 539657.0, 4503968.0 ], [ 539657.0, 4504059.0 ] ], [ [ 530375.0, 4503968.0 ], [ 530557.0, 4503968.0 ], [ 530557.0, 4503877.0 ], [ 530375.0, 4503877.0 ], [ 530375.0, 4503968.0 ] ], [ [ 530648.0, 4503968.0 ], [ 530739.0, 4503968.0 ], [ 530739.0, 4503877.0 ], [ 530830.0, 4503877.0 ], [ 530830.0, 4503786.0 ], [ 530648.0, 4503786.0 ], [ 530648.0, 4503968.0 ] ], [ [ 532104.0, 4503968.0 ], [ 532195.0, 4503968.0 ], [ 532195.0, 4503877.0 ], [ 532104.0, 4503877.0 ], [ 532104.0, 4503968.0 ] ], [ [ 533924.0, 4503968.0 ], [ 534015.0, 4503968.0 ], [ 534015.0, 4503877.0 ], [ 533924.0, 4503877.0 ], [ 533924.0, 4503968.0 ] ], [ [ 535107.0, 4503968.0 ], [ 535198.0, 4503968.0 ], [ 535198.0, 4503877.0 ], [ 535107.0, 4503877.0 ], [ 535107.0, 4503968.0 ] ], [ [ 537109.0, 4503968.0 ], [ 537200.0, 4503968.0 ], [ 537200.0, 4503877.0 ], [ 537109.0, 4503877.0 ], [ 537109.0, 4503968.0 ] ], [ [ 537291.0, 4503968.0 ], [ 537382.0, 4503968.0 ], [ 537382.0, 4503877.0 ], [ 537291.0, 4503877.0 ], [ 537291.0, 4503968.0 ] ], [ [ 537564.0, 4503968.0 ], [ 537655.0, 4503968.0 ], [ 537655.0, 4503877.0 ], [ 537746.0, 4503877.0 ], [ 537746.0, 4503786.0 ], [ 537564.0, 4503786.0 ], [ 537564.0, 4503968.0 ] ], [ [ 533196.0, 4503877.0 ], [ 533378.0, 4503877.0 ], [ 533378.0, 4503786.0 ], [ 533196.0, 4503786.0 ], [ 533196.0, 4503877.0 ] ], [ [ 534106.0, 4503877.0 ], [ 534197.0, 4503877.0 ], [ 534197.0, 4503786.0 ], [ 534106.0, 4503786.0 ], [ 534106.0, 4503877.0 ] ], [ [ 533924.0, 4503786.0 ], [ 534015.0, 4503786.0 ], [ 534015.0, 4503695.0 ], [ 533924.0, 4503695.0 ], [ 533924.0, 4503786.0 ] ], [ [ 534470.0, 4503786.0 ], [ 534561.0, 4503786.0 ], [ 534561.0, 4503695.0 ], [ 534470.0, 4503695.0 ], [ 534470.0, 4503786.0 ] ], [ [ 534925.0, 4503786.0 ], [ 535107.0, 4503786.0 ], [ 535107.0, 4503695.0 ], [ 535016.0, 4503695.0 ], [ 535016.0, 4503604.0 ], [ 535107.0, 4503604.0 ], [ 535107.0, 4503331.0 ], [ 534925.0, 4503331.0 ], [ 534925.0, 4503422.0 ], [ 534834.0, 4503422.0 ], [ 534834.0, 4503513.0 ], [ 534743.0, 4503513.0 ], [ 534743.0, 4503422.0 ], [ 534652.0, 4503422.0 ], [ 534652.0, 4503513.0 ], [ 534470.0, 4503513.0 ], [ 534470.0, 4503604.0 ], [ 534743.0, 4503604.0 ], [ 534743.0, 4503695.0 ], [ 534834.0, 4503695.0 ], [ 534834.0, 4503604.0 ], [ 534925.0, 4503604.0 ], [ 534925.0, 4503786.0 ] ], [ [ 535926.0, 4503786.0 ], [ 536017.0, 4503786.0 ], [ 536017.0, 4503695.0 ], [ 535926.0, 4503695.0 ], [ 535926.0, 4503786.0 ] ], [ [ 539657.0, 4503786.0 ], [ 539748.0, 4503786.0 ], [ 539748.0, 4503695.0 ], [ 539657.0, 4503695.0 ], [ 539657.0, 4503786.0 ] ], [ [ 539839.0, 4503786.0 ], [ 539930.0, 4503786.0 ], [ 539930.0, 4503695.0 ], [ 539839.0, 4503695.0 ], [ 539839.0, 4503786.0 ] ], [ [ 530739.0, 4503695.0 ], [ 530830.0, 4503695.0 ], [ 530830.0, 4503604.0 ], [ 530739.0, 4503604.0 ], [ 530739.0, 4503695.0 ] ], [ [ 532195.0, 4503695.0 ], [ 532286.0, 4503695.0 ], [ 532286.0, 4503513.0 ], [ 532195.0, 4503513.0 ], [ 532195.0, 4503695.0 ] ], [ [ 532468.0, 4503695.0 ], [ 532559.0, 4503695.0 ], [ 532559.0, 4503513.0 ], [ 532468.0, 4503513.0 ], [ 532468.0, 4503695.0 ] ], [ [ 532741.0, 4503695.0 ], [ 532832.0, 4503695.0 ], [ 532832.0, 4503604.0 ], [ 532741.0, 4503604.0 ], [ 532741.0, 4503695.0 ] ], [ [ 535289.0, 4503695.0 ], [ 535380.0, 4503695.0 ], [ 535380.0, 4503604.0 ], [ 535289.0, 4503604.0 ], [ 535289.0, 4503695.0 ] ], [ [ 537473.0, 4503695.0 ], [ 537564.0, 4503695.0 ], [ 537564.0, 4503604.0 ], [ 537655.0, 4503604.0 ], [ 537655.0, 4503513.0 ], [ 537473.0, 4503513.0 ], [ 537473.0, 4503695.0 ] ], [ [ 535198.0, 4503604.0 ], [ 535289.0, 4503604.0 ], [ 535289.0, 4503513.0 ], [ 535380.0, 4503513.0 ], [ 535380.0, 4503422.0 ], [ 535289.0, 4503422.0 ], [ 535289.0, 4503331.0 ], [ 535198.0, 4503331.0 ], [ 535198.0, 4503604.0 ] ], [ [ 530557.0, 4503513.0 ], [ 530648.0, 4503513.0 ], [ 530648.0, 4503422.0 ], [ 530557.0, 4503422.0 ], [ 530557.0, 4503513.0 ] ], [ [ 531740.0, 4503513.0 ], [ 531922.0, 4503513.0 ], [ 531922.0, 4503331.0 ], [ 531831.0, 4503331.0 ], [ 531831.0, 4503422.0 ], [ 531740.0, 4503422.0 ], [ 531740.0, 4503513.0 ] ], [ [ 532559.0, 4503513.0 ], [ 532741.0, 4503513.0 ], [ 532741.0, 4503422.0 ], [ 532559.0, 4503422.0 ], [ 532559.0, 4503513.0 ] ], [ [ 533469.0, 4503513.0 ], [ 533560.0, 4503513.0 ], [ 533560.0, 4503422.0 ], [ 533651.0, 4503422.0 ], [ 533651.0, 4503513.0 ], [ 533742.0, 4503513.0 ], [ 533742.0, 4503422.0 ], [ 533833.0, 4503422.0 ], [ 533833.0, 4503331.0 ], [ 533924.0, 4503331.0 ], [ 533924.0, 4503240.0 ], [ 533651.0, 4503240.0 ], [ 533651.0, 4503149.0 ], [ 533560.0, 4503149.0 ], [ 533560.0, 4503240.0 ], [ 533378.0, 4503240.0 ], [ 533378.0, 4503422.0 ], [ 533469.0, 4503422.0 ], [ 533469.0, 4503513.0 ] ], [ [ 535744.0, 4503513.0 ], [ 535926.0, 4503513.0 ], [ 535926.0, 4503331.0 ], [ 536017.0, 4503331.0 ], [ 536017.0, 4503240.0 ], [ 536472.0, 4503240.0 ], [ 536472.0, 4503149.0 ], [ 536199.0, 4503149.0 ], [ 536199.0, 4502967.0 ], [ 536381.0, 4502967.0 ], [ 536381.0, 4502785.0 ], [ 536290.0, 4502785.0 ], [ 536290.0, 4502876.0 ], [ 536017.0, 4502876.0 ], [ 536017.0, 4502967.0 ], [ 535835.0, 4502967.0 ], [ 535835.0, 4502785.0 ], [ 535744.0, 4502785.0 ], [ 535744.0, 4503058.0 ], [ 535653.0, 4503058.0 ], [ 535653.0, 4503149.0 ], [ 535744.0, 4503149.0 ], [ 535744.0, 4503513.0 ] ], [ [ 536563.0, 4503513.0 ], [ 536654.0, 4503513.0 ], [ 536654.0, 4503422.0 ], [ 536563.0, 4503422.0 ], [ 536563.0, 4503513.0 ] ], [ [ 530648.0, 4503422.0 ], [ 530739.0, 4503422.0 ], [ 530739.0, 4503331.0 ], [ 530648.0, 4503331.0 ], [ 530648.0, 4503422.0 ] ], [ [ 532923.0, 4503422.0 ], [ 533014.0, 4503422.0 ], [ 533014.0, 4503240.0 ], [ 532923.0, 4503240.0 ], [ 532923.0, 4503422.0 ] ], [ [ 533924.0, 4503422.0 ], [ 534015.0, 4503422.0 ], [ 534015.0, 4503331.0 ], [ 533924.0, 4503331.0 ], [ 533924.0, 4503422.0 ] ], [ [ 534288.0, 4503422.0 ], [ 534379.0, 4503422.0 ], [ 534379.0, 4503331.0 ], [ 534288.0, 4503331.0 ], [ 534288.0, 4503422.0 ] ], [ [ 535380.0, 4503422.0 ], [ 535653.0, 4503422.0 ], [ 535653.0, 4503331.0 ], [ 535471.0, 4503331.0 ], [ 535471.0, 4503149.0 ], [ 535380.0, 4503149.0 ], [ 535380.0, 4503422.0 ] ], [ [ 536017.0, 4503422.0 ], [ 536290.0, 4503422.0 ], [ 536290.0, 4503331.0 ], [ 536017.0, 4503331.0 ], [ 536017.0, 4503422.0 ] ], [ [ 537473.0, 4503422.0 ], [ 537564.0, 4503422.0 ], [ 537564.0, 4503331.0 ], [ 537473.0, 4503331.0 ], [ 537473.0, 4503422.0 ] ], [ [ 540203.0, 4503422.0 ], [ 540294.0, 4503422.0 ], [ 540294.0, 4503331.0 ], [ 540203.0, 4503331.0 ], [ 540203.0, 4503422.0 ] ], [ [ 533196.0, 4503331.0 ], [ 533287.0, 4503331.0 ], [ 533287.0, 4503240.0 ], [ 533196.0, 4503240.0 ], [ 533196.0, 4503331.0 ] ], [ [ 534379.0, 4503331.0 ], [ 534470.0, 4503331.0 ], [ 534470.0, 4503240.0 ], [ 534561.0, 4503240.0 ], [ 534561.0, 4503149.0 ], [ 534379.0, 4503149.0 ], [ 534379.0, 4503331.0 ] ], [ [ 534652.0, 4503331.0 ], [ 534743.0, 4503331.0 ], [ 534743.0, 4503240.0 ], [ 534652.0, 4503240.0 ], [ 534652.0, 4503331.0 ] ], [ [ 531831.0, 4503240.0 ], [ 531922.0, 4503240.0 ], [ 531922.0, 4503149.0 ], [ 531831.0, 4503149.0 ], [ 531831.0, 4503240.0 ] ], [ [ 532286.0, 4503240.0 ], [ 532377.0, 4503240.0 ], [ 532377.0, 4503149.0 ], [ 532286.0, 4503149.0 ], [ 532286.0, 4503240.0 ] ], [ [ 533924.0, 4503240.0 ], [ 534288.0, 4503240.0 ], [ 534288.0, 4503149.0 ], [ 534379.0, 4503149.0 ], [ 534379.0, 4503058.0 ], [ 534197.0, 4503058.0 ], [ 534197.0, 4503149.0 ], [ 534015.0, 4503149.0 ], [ 534015.0, 4503058.0 ], [ 534106.0, 4503058.0 ], [ 534106.0, 4502967.0 ], [ 534197.0, 4502967.0 ], [ 534197.0, 4502785.0 ], [ 534288.0, 4502785.0 ], [ 534288.0, 4502876.0 ], [ 534379.0, 4502876.0 ], [ 534379.0, 4502785.0 ], [ 534470.0, 4502785.0 ], [ 534470.0, 4502694.0 ], [ 534652.0, 4502694.0 ], [ 534652.0, 4502603.0 ], [ 534834.0, 4502603.0 ], [ 534834.0, 4502694.0 ], [ 534925.0, 4502694.0 ], [ 534925.0, 4502603.0 ], [ 535107.0, 4502603.0 ], [ 535107.0, 4502512.0 ], [ 535289.0, 4502512.0 ], [ 535289.0, 4502421.0 ], [ 535198.0, 4502421.0 ], [ 535198.0, 4502330.0 ], [ 535107.0, 4502330.0 ], [ 535107.0, 4502421.0 ], [ 535016.0, 4502421.0 ], [ 535016.0, 4502512.0 ], [ 534561.0, 4502512.0 ], [ 534561.0, 4502603.0 ], [ 534470.0, 4502603.0 ], [ 534470.0, 4502421.0 ], [ 534561.0, 4502421.0 ], [ 534561.0, 4502330.0 ], [ 534288.0, 4502330.0 ], [ 534288.0, 4502421.0 ], [ 534379.0, 4502421.0 ], [ 534379.0, 4502603.0 ], [ 534106.0, 4502603.0 ], [ 534106.0, 4502694.0 ], [ 533833.0, 4502694.0 ], [ 533833.0, 4502785.0 ], [ 533560.0, 4502785.0 ], [ 533560.0, 4502876.0 ], [ 533651.0, 4502876.0 ], [ 533651.0, 4502967.0 ], [ 533833.0, 4502967.0 ], [ 533833.0, 4502876.0 ], [ 533924.0, 4502876.0 ], [ 533924.0, 4502785.0 ], [ 534106.0, 4502785.0 ], [ 534106.0, 4502876.0 ], [ 534015.0, 4502876.0 ], [ 534015.0, 4502967.0 ], [ 533924.0, 4502967.0 ], [ 533924.0, 4503058.0 ], [ 533833.0, 4503058.0 ], [ 533833.0, 4503149.0 ], [ 533924.0, 4503149.0 ], [ 533924.0, 4503240.0 ] ], [ [ 534743.0, 4503240.0 ], [ 534925.0, 4503240.0 ], [ 534925.0, 4503058.0 ], [ 535107.0, 4503058.0 ], [ 535107.0, 4502967.0 ], [ 534925.0, 4502967.0 ], [ 534925.0, 4502876.0 ], [ 534743.0, 4502876.0 ], [ 534743.0, 4502967.0 ], [ 534834.0, 4502967.0 ], [ 534834.0, 4503058.0 ], [ 534743.0, 4503058.0 ], [ 534743.0, 4503240.0 ] ], [ [ 532468.0, 4503149.0 ], [ 532559.0, 4503149.0 ], [ 532559.0, 4502876.0 ], [ 532741.0, 4502876.0 ], [ 532741.0, 4502785.0 ], [ 532650.0, 4502785.0 ], [ 532650.0, 4502694.0 ], [ 532559.0, 4502694.0 ], [ 532559.0, 4502785.0 ], [ 532468.0, 4502785.0 ], [ 532468.0, 4502694.0 ], [ 532377.0, 4502694.0 ], [ 532377.0, 4502512.0 ], [ 532468.0, 4502512.0 ], [ 532468.0, 4502421.0 ], [ 532195.0, 4502421.0 ], [ 532195.0, 4502603.0 ], [ 532013.0, 4502603.0 ], [ 532013.0, 4502694.0 ], [ 531922.0, 4502694.0 ], [ 531922.0, 4502785.0 ], [ 532013.0, 4502785.0 ], [ 532013.0, 4502876.0 ], [ 532104.0, 4502876.0 ], [ 532104.0, 4502785.0 ], [ 532286.0, 4502785.0 ], [ 532286.0, 4502876.0 ], [ 532468.0, 4502876.0 ], [ 532468.0, 4503149.0 ] ], [ [ 533014.0, 4503149.0 ], [ 533105.0, 4503149.0 ], [ 533105.0, 4503058.0 ], [ 533014.0, 4503058.0 ], [ 533014.0, 4503149.0 ] ], [ [ 533651.0, 4503149.0 ], [ 533742.0, 4503149.0 ], [ 533742.0, 4503058.0 ], [ 533651.0, 4503058.0 ], [ 533651.0, 4503149.0 ] ], [ [ 535107.0, 4503149.0 ], [ 535289.0, 4503149.0 ], [ 535289.0, 4503058.0 ], [ 535107.0, 4503058.0 ], [ 535107.0, 4503149.0 ] ], [ [ 531558.0, 4503058.0 ], [ 531649.0, 4503058.0 ], [ 531649.0, 4502967.0 ], [ 531558.0, 4502967.0 ], [ 531558.0, 4503058.0 ] ], [ [ 532650.0, 4503058.0 ], [ 532741.0, 4503058.0 ], [ 532741.0, 4502967.0 ], [ 532650.0, 4502967.0 ], [ 532650.0, 4503058.0 ] ], [ [ 532923.0, 4503058.0 ], [ 533014.0, 4503058.0 ], [ 533014.0, 4502876.0 ], [ 532923.0, 4502876.0 ], [ 532923.0, 4503058.0 ] ], [ [ 531649.0, 4502967.0 ], [ 531740.0, 4502967.0 ], [ 531740.0, 4502785.0 ], [ 531649.0, 4502785.0 ], [ 531649.0, 4502967.0 ] ], [ [ 531831.0, 4502967.0 ], [ 531922.0, 4502967.0 ], [ 531922.0, 4502876.0 ], [ 531831.0, 4502876.0 ], [ 531831.0, 4502967.0 ] ], [ [ 533378.0, 4502967.0 ], [ 533560.0, 4502967.0 ], [ 533560.0, 4502876.0 ], [ 533469.0, 4502876.0 ], [ 533469.0, 4502785.0 ], [ 533378.0, 4502785.0 ], [ 533378.0, 4502967.0 ] ], [ [ 534561.0, 4502876.0 ], [ 534652.0, 4502876.0 ], [ 534652.0, 4502785.0 ], [ 534561.0, 4502785.0 ], [ 534561.0, 4502876.0 ] ], [ [ 535471.0, 4502876.0 ], [ 535562.0, 4502876.0 ], [ 535562.0, 4502785.0 ], [ 535471.0, 4502785.0 ], [ 535471.0, 4502876.0 ] ], [ [ 531558.0, 4502694.0 ], [ 531649.0, 4502694.0 ], [ 531649.0, 4502603.0 ], [ 531558.0, 4502603.0 ], [ 531558.0, 4502694.0 ] ], [ [ 531831.0, 4502694.0 ], [ 531922.0, 4502694.0 ], [ 531922.0, 4502603.0 ], [ 531831.0, 4502603.0 ], [ 531831.0, 4502694.0 ] ], [ [ 532832.0, 4502694.0 ], [ 533287.0, 4502694.0 ], [ 533287.0, 4502603.0 ], [ 533651.0, 4502603.0 ], [ 533651.0, 4502512.0 ], [ 533469.0, 4502512.0 ], [ 533469.0, 4502421.0 ], [ 533287.0, 4502421.0 ], [ 533287.0, 4502330.0 ], [ 533196.0, 4502330.0 ], [ 533196.0, 4502421.0 ], [ 533105.0, 4502421.0 ], [ 533105.0, 4502239.0 ], [ 533014.0, 4502239.0 ], [ 533014.0, 4502512.0 ], [ 532923.0, 4502512.0 ], [ 532923.0, 4502603.0 ], [ 532832.0, 4502603.0 ], [ 532832.0, 4502694.0 ] ], [ [ 531740.0, 4502603.0 ], [ 531831.0, 4502603.0 ], [ 531831.0, 4502512.0 ], [ 531740.0, 4502512.0 ], [ 531740.0, 4502603.0 ] ], [ [ 533833.0, 4502603.0 ], [ 534015.0, 4502603.0 ], [ 534015.0, 4502512.0 ], [ 533833.0, 4502512.0 ], [ 533833.0, 4502603.0 ] ], [ [ 535926.0, 4502603.0 ], [ 536017.0, 4502603.0 ], [ 536017.0, 4502512.0 ], [ 535926.0, 4502512.0 ], [ 535926.0, 4502603.0 ] ], [ [ 532832.0, 4502512.0 ], [ 532923.0, 4502512.0 ], [ 532923.0, 4502421.0 ], [ 532832.0, 4502421.0 ], [ 532832.0, 4502512.0 ] ], [ [ 534015.0, 4502512.0 ], [ 534106.0, 4502512.0 ], [ 534106.0, 4502421.0 ], [ 534015.0, 4502421.0 ], [ 534015.0, 4502512.0 ] ], [ [ 534197.0, 4502512.0 ], [ 534288.0, 4502512.0 ], [ 534288.0, 4502421.0 ], [ 534197.0, 4502421.0 ], [ 534197.0, 4502512.0 ] ], [ [ 535380.0, 4502512.0 ], [ 535562.0, 4502512.0 ], [ 535562.0, 4502421.0 ], [ 535380.0, 4502421.0 ], [ 535380.0, 4502512.0 ] ], [ [ 532741.0, 4502421.0 ], [ 532832.0, 4502421.0 ], [ 532832.0, 4502330.0 ], [ 532741.0, 4502330.0 ], [ 532741.0, 4502421.0 ] ], [ [ 533651.0, 4502421.0 ], [ 534015.0, 4502421.0 ], [ 534015.0, 4502330.0 ], [ 534106.0, 4502330.0 ], [ 534106.0, 4502239.0 ], [ 534288.0, 4502239.0 ], [ 534288.0, 4502148.0 ], [ 534197.0, 4502148.0 ], [ 534197.0, 4502057.0 ], [ 533924.0, 4502057.0 ], [ 533924.0, 4502148.0 ], [ 533833.0, 4502148.0 ], [ 533833.0, 4502057.0 ], [ 533742.0, 4502057.0 ], [ 533742.0, 4502239.0 ], [ 533651.0, 4502239.0 ], [ 533651.0, 4502148.0 ], [ 533469.0, 4502148.0 ], [ 533469.0, 4502330.0 ], [ 533651.0, 4502330.0 ], [ 533651.0, 4502421.0 ] ], [ [ 534834.0, 4502421.0 ], [ 534925.0, 4502421.0 ], [ 534925.0, 4502330.0 ], [ 534834.0, 4502330.0 ], [ 534834.0, 4502421.0 ] ], [ [ 536017.0, 4502421.0 ], [ 536199.0, 4502421.0 ], [ 536199.0, 4502330.0 ], [ 536108.0, 4502330.0 ], [ 536108.0, 4502239.0 ], [ 536017.0, 4502239.0 ], [ 536017.0, 4502421.0 ] ], [ [ 532832.0, 4502330.0 ], [ 532923.0, 4502330.0 ], [ 532923.0, 4502239.0 ], [ 532832.0, 4502239.0 ], [ 532832.0, 4502330.0 ] ], [ [ 534561.0, 4502330.0 ], [ 534652.0, 4502330.0 ], [ 534652.0, 4502148.0 ], [ 534561.0, 4502148.0 ], [ 534561.0, 4502330.0 ] ], [ [ 535744.0, 4502330.0 ], [ 535926.0, 4502330.0 ], [ 535926.0, 4502239.0 ], [ 535744.0, 4502239.0 ], [ 535744.0, 4502330.0 ] ], [ [ 534834.0, 4502239.0 ], [ 534925.0, 4502239.0 ], [ 534925.0, 4502148.0 ], [ 534834.0, 4502148.0 ], [ 534834.0, 4502239.0 ] ], [ [ 535289.0, 4502239.0 ], [ 535380.0, 4502239.0 ], [ 535380.0, 4502148.0 ], [ 535289.0, 4502148.0 ], [ 535289.0, 4502239.0 ] ], [ [ 535562.0, 4502239.0 ], [ 535653.0, 4502239.0 ], [ 535653.0, 4501875.0 ], [ 535562.0, 4501875.0 ], [ 535562.0, 4501966.0 ], [ 535380.0, 4501966.0 ], [ 535380.0, 4501875.0 ], [ 535198.0, 4501875.0 ], [ 535198.0, 4502148.0 ], [ 535289.0, 4502148.0 ], [ 535289.0, 4502057.0 ], [ 535471.0, 4502057.0 ], [ 535471.0, 4502148.0 ], [ 535562.0, 4502148.0 ], [ 535562.0, 4502239.0 ] ], [ [ 533287.0, 4502057.0 ], [ 533378.0, 4502057.0 ], [ 533378.0, 4501966.0 ], [ 533287.0, 4501966.0 ], [ 533287.0, 4502057.0 ] ], [ [ 534379.0, 4502057.0 ], [ 534470.0, 4502057.0 ], [ 534470.0, 4501966.0 ], [ 534379.0, 4501966.0 ], [ 534379.0, 4502057.0 ] ], [ [ 534561.0, 4502057.0 ], [ 534652.0, 4502057.0 ], [ 534652.0, 4501966.0 ], [ 534561.0, 4501966.0 ], [ 534561.0, 4502057.0 ] ], [ [ 534743.0, 4502057.0 ], [ 534925.0, 4502057.0 ], [ 534925.0, 4501966.0 ], [ 534743.0, 4501966.0 ], [ 534743.0, 4502057.0 ] ], [ [ 533651.0, 4501966.0 ], [ 533742.0, 4501966.0 ], [ 533742.0, 4501875.0 ], [ 533651.0, 4501875.0 ], [ 533651.0, 4501966.0 ] ], [ [ 533833.0, 4501966.0 ], [ 534015.0, 4501966.0 ], [ 534015.0, 4501875.0 ], [ 534197.0, 4501875.0 ], [ 534197.0, 4501784.0 ], [ 533924.0, 4501784.0 ], [ 533924.0, 4501875.0 ], [ 533833.0, 4501875.0 ], [ 533833.0, 4501966.0 ] ], [ [ 534925.0, 4501875.0 ], [ 535016.0, 4501875.0 ], [ 535016.0, 4501693.0 ], [ 534925.0, 4501693.0 ], [ 534925.0, 4501875.0 ] ], [ [ 534288.0, 4501784.0 ], [ 534379.0, 4501784.0 ], [ 534379.0, 4501693.0 ], [ 534288.0, 4501693.0 ], [ 534288.0, 4501784.0 ] ], [ [ 533287.0, 4501693.0 ], [ 533378.0, 4501693.0 ], [ 533378.0, 4501602.0 ], [ 533287.0, 4501602.0 ], [ 533287.0, 4501693.0 ] ], [ [ 534834.0, 4501693.0 ], [ 534925.0, 4501693.0 ], [ 534925.0, 4501602.0 ], [ 534834.0, 4501602.0 ], [ 534834.0, 4501693.0 ] ], [ [ 534652.0, 4501602.0 ], [ 534743.0, 4501602.0 ], [ 534743.0, 4501511.0 ], [ 534652.0, 4501511.0 ], [ 534652.0, 4501602.0 ] ], [ [ 534197.0, 4501511.0 ], [ 534288.0, 4501511.0 ], [ 534288.0, 4501420.0 ], [ 534379.0, 4501420.0 ], [ 534379.0, 4501329.0 ], [ 534288.0, 4501329.0 ], [ 534288.0, 4501147.0 ], [ 534197.0, 4501147.0 ], [ 534197.0, 4501511.0 ] ], [ [ 534470.0, 4501420.0 ], [ 534834.0, 4501420.0 ], [ 534834.0, 4501329.0 ], [ 534470.0, 4501329.0 ], [ 534470.0, 4501420.0 ] ], [ [ 534106.0, 4501147.0 ], [ 534197.0, 4501147.0 ], [ 534197.0, 4501056.0 ], [ 534106.0, 4501056.0 ], [ 534106.0, 4501147.0 ] ], [ [ 535016.0, 4501147.0 ], [ 535107.0, 4501147.0 ], [ 535107.0, 4501056.0 ], [ 535016.0, 4501056.0 ], [ 535016.0, 4501147.0 ] ], [ [ 534015.0, 4501056.0 ], [ 534106.0, 4501056.0 ], [ 534106.0, 4500965.0 ], [ 534015.0, 4500965.0 ], [ 534015.0, 4501056.0 ] ], [ [ 534106.0, 4500783.0 ], [ 534288.0, 4500783.0 ], [ 534288.0, 4500692.0 ], [ 534379.0, 4500692.0 ], [ 534379.0, 4500601.0 ], [ 534470.0, 4500601.0 ], [ 534470.0, 4500510.0 ], [ 534197.0, 4500510.0 ], [ 534197.0, 4500419.0 ], [ 534106.0, 4500419.0 ], [ 534106.0, 4500328.0 ], [ 534015.0, 4500328.0 ], [ 534015.0, 4500510.0 ], [ 534106.0, 4500510.0 ], [ 534106.0, 4500601.0 ], [ 534015.0, 4500601.0 ], [ 534015.0, 4500692.0 ], [ 534106.0, 4500692.0 ], [ 534106.0, 4500783.0 ] ], [ [ 534470.0, 4500783.0 ], [ 534652.0, 4500783.0 ], [ 534652.0, 4500692.0 ], [ 534470.0, 4500692.0 ], [ 534470.0, 4500783.0 ] ], [ [ 534470.0, 4500510.0 ], [ 534561.0, 4500510.0 ], [ 534561.0, 4500419.0 ], [ 534652.0, 4500419.0 ], [ 534652.0, 4500328.0 ], [ 534743.0, 4500328.0 ], [ 534743.0, 4500419.0 ], [ 534834.0, 4500419.0 ], [ 534834.0, 4500237.0 ], [ 534652.0, 4500237.0 ], [ 534652.0, 4500146.0 ], [ 534561.0, 4500146.0 ], [ 534561.0, 4500237.0 ], [ 534379.0, 4500237.0 ], [ 534379.0, 4500328.0 ], [ 534288.0, 4500328.0 ], [ 534288.0, 4500419.0 ], [ 534470.0, 4500419.0 ], [ 534470.0, 4500510.0 ] ], [ [ 534106.0, 4500146.0 ], [ 534288.0, 4500146.0 ], [ 534288.0, 4500055.0 ], [ 534106.0, 4500055.0 ], [ 534106.0, 4500146.0 ] ], [ [ 534288.0, 4500055.0 ], [ 534470.0, 4500055.0 ], [ 534470.0, 4499964.0 ], [ 534288.0, 4499964.0 ], [ 534288.0, 4500055.0 ] ] ] } },
{ "type": "Feature", "properties": { "area_km2": 0.008281 }, "geometry": { "type": "Polygon", "coordinates": [ [ [ 526735.0, 4499509.0 ], [ 526735.0, 4499418.0 ], [ 526826.0, 4499418.0 ], [ 526826.0, 4499509.0 ], [ 526735.0, 4499509.0 ] ] ] } },
{ "type": "Feature", "properties": { "area_km2": 0.008281 }, "geometry": { "type": "Polygon", "coordinates": [ [ [ 536472.0, 4499509.0 ], [ 536472.0, 4499418.0 ], [ 536563.0, 4499418.0 ], [ 536563.0, 4499509.0 ], [ 536472.0, 4499509.0 ] ] ] } },
{ "type": "Feature", "properties": { "area_km2": 0.016562 }, "geometry": { "type": "Polygon", "coordinates": [ [ [ 536745.0, 4499509.0 ], [ 536745.0, 4499418.0 ], [ 536927.0, 4499418.0 ], [ 536927.0, 4499509.0 ], [ 536745.0, 4499509.0 ] ] ] } },
{ "type": "Feature", "properties": { "area_km2": 0.008281 }, "geometry": { "type": "Polygon", "coordinates": [ [ [ 541841.0, 4499509.0 ], [ 541841.0, 4499418.0 ], [ 541932.0, 4499418.0 ], [ 541932.0, 4499509.0 ], [ 541841.0, 4499509.0 ] ] ] } },
{ "type": "Feature", "properties": { "area_km2": 0.008281 }, "geometry": { "type": "Polygon", "coordinates": [ [ [ 542205.0, 4499509.0 ], [ 542205.0, 4499418.0 ], [ 542296.0, 4499418.0 ], [ 542296.0, 4499509.0 ], [ 542205.0, 4499509.0 ] ] ] } },
{ "type": "Feature", "properties": { "area_km2": 0.008281 }, "geometry": { "type": "Polygon", "coordinates": [ [ [ 542842.0, 4499509.0 ], [ 542842.0, 4499418.0 ], [ 542933.0, 4499418.0 ], [ 542933.0, 4499509.0 ], [ 542842.0, 4499509.0 ] ] ] } },
{ "type": "Feature", "properties": { "area_km2": 0.215306 }, "geometry": { "type": "Polygon", "coordinates": [ [ [ 540658.0, 4500055.0 ], [ 540658.0, 4499964.0 ], [ 540567.0, 4499964.0 ], [ 540567.0, 4499600.0 ], [ 540658.0, 4499600.0 ], [ 540658.0, 4499509.0 ], [ 540749.0, 4499509.0 ], [ 540749.0, 4499418.0 ], [ 540840.0, 4499418.0 ], [ 540840.0, 4499327.0 ], [ 540931.0, 4499327.0 ], [ 540931.0, 4499418.0 ], [ 541022.0, 4499418.0 ], [ 541022.0, 4499691.0 ], [ 540931.0, 4499691.0 ], [ 540931.0, 4499873.0 ], [ 540840.0, 4499873.0 ], [ 540840.0, 4500055.0 ], [ 540658.0, 4500055.0 ] ] ] } },
{ "type": "Feature", "properties": { "area_km2": 0.008281 }, "geometry": { "type": "Polygon", "coordinates": [ [ [ 525097.0, 4499418.0 ], [ 525097.0, 4499327.0 ], [ 525188.0, 4499327.0 ], [ 525188.0, 4499418.0 ], [ 525097.0, 4499418.0 ] ] ] } },
{ "type": "Feature", "properties": { "area_km2": 0.008281 }, "geometry": { "type": "Polygon", "coordinates": [ [ [ 540658.0, 4499418.0 ], [ 540658.0, 4499327.0 ], [ 540749.0, 4499327.0 ], [ 540749.0, 4499418.0 ], [ 540658.0, 4499418.0 ] ] ] } },
{ "type": "Feature", "properties": { "area_km2": 0.008281 }, "geometry": { "type": "Polygon", "coordinates": [ [ [ 542569.0, 4499418.0 ], [ 542569.0, 4499327.0 ], [ 542660.0, 4499327.0 ], [ 542660.0, 4499418.0 ], [ 542569.0, 4499418.0 ] ] ] } },
{ "type": "Feature", "properties": { "area_km2": 0.024843 }, "geometry": { "type": "Polygon", "coordinates": [ [ [ 536108.0, 4499418.0 ], [ 536108.0, 4499236.0 ], [ 536290.0, 4499236.0 ], [ 536290.0, 4499327.0 ], [ 536199.0, 4499327.0 ], [ 536199.0, 4499418.0 ], [ 536108.0, 4499418.0 ] ] ] } },
{ "type": "Feature", "properties": { "area_km2": 0.024843 }, "geometry": { "type": "Polygon", "coordinates": [ [ [ 541568.0, 4499418.0 ], [ 541568.0, 4499236.0 ], [ 541750.0, 4499236.0 ], [ 541750.0, 4499327.0 ], [ 541659.0, 4499327.0 ], [ 541659.0, 4499418.0 ], [ 541568.0, 4499418.0 ] ] ] } },
{ "type": "Feature", "properties": { "area_km2": 0.008281 }, "geometry": { "type": "Polygon", "coordinates": [ [ [ 534470.0, 4499327.0 ], [ 534470.0, 4499236.0 ], [ 534561.0, 4499236.0 ], [ 534561.0, 4499327.0 ], [ 534470.0, 4499327.0 ] ] ] } },
{ "type": "Feature", "properties": { "area_km2": 0.008281 }, "geometry": { "type": "Polygon", "coordinates": [ [ [ 536381.0, 4499327.0 ], [ 536381.0, 4499236.0 ], [ 536472.0, 4499236.0 ], [ 536472.0, 4499327.0 ], [ 536381.0, 4499327.0 ] ] ] } },
{ "type": "Feature", "properties": { "area_km2": 0.008281 }, "geometry": { "type": "Polygon", "coordinates": [ [ [ 537564.0, 4499327.0 ], [ 537564.0, 4499236.0 ], [ 537655.0, 4499236.0 ], [ 537655.0, 4499327.0 ], [ 537564.0, 4499327.0 ] ] ] } },
{ "type": "Feature", "properties": { "area_km2": 0.008281 }, "geometry": { "type": "Polygon", "coordinates": [ [ [ 541841.0, 4499327.0 ], [ 541841.0, 4499236.0 ], [ 541932.0, 4499236.0 ], [ 541932.0, 4499327.0 ], [ 541841.0, 4499327.0 ] ] ] } },
{ "type": "Feature", "properties": { "area_km2": 0.008281 }, "geometry": { "type": "Polygon", "coordinates": [ [ [ 542114.0, 4499327.0 ], [ 542114.0, 4499236.0 ], [ 542205.0, 4499236.0 ], [ 542205.0, 4499327.0 ], [ 542114.0, 4499327.0 ] ] ] } },
{ "type": "Feature", "properties": { "area_km2": 0.008281 }, "geometry": { "type": "Polygon", "coordinates": [ [ [ 534379.0, 4499236.0 ], [ 534379.0, 4499145.0 ], [ 534470.0, 4499145.0 ], [ 534470.0, 4499236.0 ], [ 534379.0, 4499236.0 ] ] ] } },
{ "type": "Feature", "properties": { "area_km2": 0.008281 }, "geometry": { "type": "Polygon", "coordinates": [ [ [ 539839.0, 4499236.0 ], [ 539839.0, 4499145.0 ], [ 539930.0, 4499145.0 ], [ 539930.0, 4499236.0 ], [ 539839.0, 4499236.0 ] ] ] } },
{ "type": "Feature", "properties": { "area_km2": 0.008281 }, "geometry": { "type": "Polygon", "coordinates": [ [ [ 541932.0, 4499236.0 ], [ 541932.0, 4499145.0 ], [ 542023.0, 4499145.0 ], [ 542023.0, 4499236.0 ], [ 541932.0, 4499236.0 ] ] ] } },
{ "type": "Feature", "properties": { "area_km2": 0.008281 }, "geometry": { "type": "Polygon", "coordinates": [ [ [ 539657.0, 4499145.0 ], [ 539657.0, 4499054.0 ], [ 539748.0, 4499054.0 ], [ 539748.0, 4499145.0 ], [ 539657.0, 4499145.0 ] ] ] } },
{ "type": "Feature", "properties": { "area_km2": 0.016562 }, "geometry": { "type": "Polygon", "coordinates": [ [ [ 542478.0, 4499145.0 ], [ 542478.0, 4499054.0 ], [ 542660.0, 4499054.0 ], [ 542660.0, 4499145.0 ], [ 542478.0, 4499145.0 ] ] ] } },
{ "type": "Feature", "properties": { "area_km2": 0.066248 }, "geometry": { "type": "Polygon", "coordinates": [ [ [ 540749.0, 4499236.0 ], [ 540749.0, 4499054.0 ], [ 540840.0, 4499054.0 ], [ 540840.0, 4498963.0 ], [ 541022.0, 4498963.0 ], [ 541022.0, 4499236.0 ], [ 540749.0, 4499236.0 ] ] ] } },
{ "type": "Feature", "properties": { "area_km2": 0.041405 }, "geometry": { "type": "Polygon", "coordinates": [ [ [ 542842.0, 4499236.0 ], [ 542842.0, 4499054.0 ], [ 542933.0, 4499054.0 ], [ 542933.0, 4498963.0 ], [ 543115.0, 4498963.0 ], [ 543115.0, 4499054.0 ], [ 543024.0, 4499054.0 ], [ 543024.0, 4499145.0 ], [ 542933.0, 4499145.0 ], [ 542933.0, 4499236.0 ], [ 542842.0, 4499236.0 ] ] ] } },
{ "type": "Feature", "properties": { "area_km2": 0.008281 }, "geometry": { "type": "Polygon", "coordinates": [ [ [ 534834.0, 4499054.0 ], [ 534834.0, 4498963.0 ], [ 534925.0, 4498963.0 ], [ 534925.0, 4499054.0 ], [ 534834.0, 4499054.0 ] ] ] } },
{ "type": "Feature", "properties": { "area_km2": 0.008281 }, "geometry": { "type": "Polygon", "coordinates": [ [ [ 535289.0, 4499054.0 ], [ 535289.0, 4498963.0 ], [ 535380.0, 4498963.0 ], [ 535380.0, 4499054.0 ], [ 535289.0, 4499054.0 ] ] ] } },
{ "type": "Feature", "properties": { "area_km2": 0.008281 }, "geometry": { "type": "Polygon", "coordinates": [ [ [ 536017.0, 4499054.0 ], [ 536017.0, 4498963.0 ], [ 536108.0, 4498963.0 ], [ 536108.0, 4499054.0 ], [ 536017.0, 4499054.0 ] ] ] } },
{ "type": "Feature", "properties": { "area_km2": 0.008281 }, "geometry": { "type": "Polygon", "coordinates": [ [ [ 539384.0, 4499054.0 ], [ 539384.0, 4498963.0 ], [ 539475.0, 4498963.0 ], [ 539475.0, 4499054.0 ], [ 539384.0, 4499054.0 ] ] ] } },
{ "type": "Feature", "properties": { "area_km2": 0.008281 }, "geometry": { "type": "Polygon", "coordinates": [ [ [ 541386.0, 4498963.0 ], [ 541386.0, 4498872.0 ], [ 541477.0, 4498872.0 ], [ 541477.0, 4498963.0 ], [ 541386.0, 4498963.0 ] ] ] } },
{ "type": "Feature", "properties": { "area_km2": 0.008281 }, "geometry": { "type": "Polygon", "coordinates": [ [ [ 531285.0, 4498872.0 ], [ 531285.0, 4498781.0 ], [ 531376.0, 4498781.0 ], [ 531376.0, 4498872.0 ], [ 531285.0, 4498872.0 ] ] ] } },
{ "type": "Feature", "properties": { "area_km2": 0.024843 }, "geometry": { "type": "Polygon", "coordinates": [ [ [ 541932.0, 4498872.0 ], [ 541932.0, 4498781.0 ], [ 542205.0, 4498781.0 ], [ 542205.0, 4498872.0 ], [ 541932.0, 4498872.0 ] ] ] } },
{ "type": "Feature", "properties": { "area_km2": 0.024843 }, "geometry": { "type": "Polygon", "coordinates": [ [ [ 534743.0, 4498781.0 ], [ 534743.0, 4498690.0 ], [ 535016.0, 4498690.0 ], [ 535016.0, 4498781.0 ], [ 534743.0, 4498781.0 ] ] ] } },
{ "type": "Feature", "properties": { "area_km2": 0.016562 }, "geometry": { "type": "Polygon", "coordinates": [ [ [ 542296.0, 4498781.0 ], [ 542296.0, 4498690.0 ], [ 542478.0, 4498690.0 ], [ 542478.0, 4498781.0 ], [ 542296.0, 4498781.0 ] ] ] } },
{ "type": "Feature", "properties": { "area_km2": 0.024843 }, "geometry": { "type": "Polygon", "coordinates": [ [ [ 541295.0, 4498781.0 ], [ 541295.0, 4498599.0 ], [ 541386.0, 4498599.0 ], [ 541386.0, 4498690.0 ], [ 541477.0, 4498690.0 ], [ 541477.0, 4498781.0 ], [ 541295.0, 4498781.0 ] ] ] } },
{ "type": "Feature", "properties": { "area_km2": 0.008281 }, "geometry": { "type": "Polygon", "coordinates": [ [ [ 529465.0, 4498599.0 ], [ 529465.0, 4498508.0 ], [ 529556.0, 4498508.0 ], [ 529556.0, 4498599.0 ], [ 529465.0, 4498599.0 ] ] ] } },
{ "type": "Feature", "properties": { "area_km2": 0.008281 }, "geometry": { "type": "Polygon", "coordinates": [ [ [ 538383.0, 4498599.0 ], [ 538383.0, 4498508.0 ], [ 538474.0, 4498508.0 ], [ 538474.0, 4498599.0 ], [ 538383.0, 4498599.0 ] ] ] } },
{ "type": "Feature", "properties": { "area_km2": 0.008281 }, "geometry": { "type": "Polygon", "coordinates": [ [ [ 542205.0, 4498599.0 ], [ 542205.0, 4498508.0 ], [ 542296.0, 4498508.0 ], [ 542296.0, 4498599.0 ], [ 542205.0, 4498599.0 ] ] ] } },
{ "type": "Feature", "properties": { "area_km2": 0.008281 }, "geometry": { "type": "Polygon", "coordinates": [ [ [ 542842.0, 4498599.0 ], [ 542842.0, 4498508.0 ], [ 542933.0, 4498508.0 ], [ 542933.0, 4498599.0 ], [ 542842.0, 4498599.0 ] ] ] } },
{ "type": "Feature", "properties": { "area_km2": 0.016562 }, "geometry": { "type": "Polygon", "coordinates": [ [ [ 530193.0, 4498508.0 ], [ 530193.0, 4498417.0 ], [ 530375.0, 4498417.0 ], [ 530375.0, 4498508.0 ], [ 530193.0, 4498508.0 ] ] ] } },
{ "type": "Feature", "properties": { "area_km2": 0.008281 }, "geometry": { "type": "Polygon", "coordinates": [ [ [ 533378.0, 4498417.0 ], [ 533378.0, 4498326.0 ], [ 533469.0, 4498326.0 ], [ 533469.0, 4498417.0 ], [ 533378.0, 4498417.0 ] ] ] } },
{ "type": "Feature", "properties": { "area_km2": 0.008281 }, "geometry": { "type": "Polygon", "coordinates": [ [ [ 539020.0, 4498417.0 ], [ 539020.0, 4498326.0 ], [ 539111.0, 4498326.0 ], [ 539111.0, 4498417.0 ], [ 539020.0, 4498417.0 ] ] ] } },
{ "type": "Feature", "properties": { "area_km2": 0.016562 }, "geometry": { "type": "Polygon", "coordinates": [ [ [ 539384.0, 4498417.0 ], [ 539384.0, 4498326.0 ], [ 539566.0, 4498326.0 ], [ 539566.0, 4498417.0 ], [ 539384.0, 4498417.0 ] ] ] } },
{ "type": "Feature", "properties": { "area_km2": 0.033124 }, "geometry": { "type": "Polygon", "coordinates": [ [ [ 534288.0, 4498417.0 ], [ 534288.0, 4498235.0 ], [ 534561.0, 4498235.0 ], [ 534561.0, 4498326.0 ], [ 534379.0, 4498326.0 ], [ 534379.0, 4498417.0 ], [ 534288.0, 4498417.0 ] ] ] } },
{ "type": "Feature", "properties": { "area_km2": 0.140777 }, "geometry": { "type": "Polygon", "coordinates": [ [ [ 541568.0, 4498963.0 ], [ 541568.0, 4498872.0 ], [ 541750.0, 4498872.0 ], [ 541750.0, 4498690.0 ], [ 541659.0, 4498690.0 ], [ 541659.0, 4498599.0 ], [ 541568.0, 4498599.0 ], [ 541568.0, 4498508.0 ], [ 541477.0, 4498508.0 ], [ 541477.0, 4498417.0 ], [ 541386.0, 4498417.0 ], [ 541386.0, 4498326.0 ], [ 541477.0, 4498326.0 ], [ 541477.0, 4498235.0 ], [ 541568.0, 4498235.0 ], [ 541568.0, 4498417.0 ], [ 541659.0, 4498417.0 ], [ 541659.0, 4498508.0 ], [ 541750.0, 4498508.0 ], [ 541750.0, 4498599.0 ], [ 541841.0, 4498599.0 ], [ 541841.0, 4498508.0 ], [ 541932.0, 4498508.0 ], [ 541932.0, 4498781.0 ], [ 541841.0, 4498781.0 ], [ 541841.0, 4498963.0 ], [ 541568.0, 4498963.0 ] ] ] } },
{ "type": "Feature", "properties": { "area_km2": 0.016562 }, "geometry": { "type": "Polygon", "coordinates": [ [ [ 542114.0, 4498417.0 ], [ 542114.0, 4498235.0 ], [ 542205.0, 4498235.0 ], [ 542205.0, 4498417.0 ], [ 542114.0, 4498417.0 ] ] ] } },
{ "type": "Feature", "properties": { "area_km2": 0.033124 }, "geometry": { "type": "Polygon", "coordinates": [ [ [ 542569.0, 4498417.0 ], [ 542569.0, 4498235.0 ], [ 542660.0, 4498235.0 ], [ 542660.0, 4498326.0 ], [ 542842.0, 4498326.0 ], [ 542842.0, 4498417.0 ], [ 542569.0, 4498417.0 ] ] ] } },
{ "type": "Feature", "properties": { "area_km2": 0.16562 }, "geometry": { "type": "Polygon", "coordinates": [ [ [ 541022.0, 4498872.0 ], [ 541022.0, 4498690.0 ], [ 540840.0, 4498690.0 ], [ 540840.0, 4498508.0 ], [ 540931.0, 4498508.0 ], [ 540931.0, 4498417.0 ], [ 541022.0, 4498417.0 ], [ 541022.0, 4498144.0 ], [ 541204.0, 4498144.0 ], [ 541204.0, 4498235.0 ], [ 541113.0, 4498235.0 ], [ 541113.0, 4498417.0 ], [ 541386.0, 4498417.0 ], [ 541386.0, 4498508.0 ], [ 541295.0, 4498508.0 ], [ 541295.0, 4498599.0 ], [ 541204.0, 4498599.0 ], [ 541204.0, 4498690.0 ], [ 541113.0, 4498690.0 ], [ 541113.0, 4498872.0 ], [ 541022.0, 4498872.0 ] ] ] } },
{ "type": "Feature", "properties": { "area_km2": 0.016562 }, "geometry": { "type": "Polygon", "coordinates": [ [ [ 542387.0, 4498235.0 ], [ 542387.0, 4498144.0 ], [ 542569.0, 4498144.0 ], [ 542569.0, 4498235.0 ], [ 542387.0, 4498235.0 ] ] ] } },
{ "type": "Feature", "properties": { "area_km2": 0.008281 }, "geometry": { "type": "Polygon", "coordinates": [ [ [ 542842.0, 4498235.0 ], [ 542842.0, 4498144.0 ], [ 542933.0, 4498144.0 ], [ 542933.0, 4498235.0 ], [ 542842.0, 4498235.0 ] ] ] } },
{ "type": "Feature", "properties": { "area_km2": 0.008281 }, "geometry": { "type": "Polygon", "coordinates": [ [ [ 526917.0, 4498144.0 ], [ 526917.0, 4498053.0 ], [ 527008.0, 4498053.0 ], [ 527008.0, 4498144.0 ], [ 526917.0, 4498144.0 ] ] ] } },
{ "type": "Feature", "properties": { "area_km2": 0.008281 }, "geometry": { "type": "Polygon", "coordinates": [ [ [ 541386.0, 4498144.0 ], [ 541386.0, 4498053.0 ], [ 541477.0, 4498053.0 ], [ 541477.0, 4498144.0 ], [ 541386.0, 4498144.0 ] ] ] } },
{ "type": "Feature", "properties": { "area_km2": 0.008281 }, "geometry": { "type": "Polygon", "coordinates": [ [ [ 531194.0, 4498053.0 ], [ 531194.0, 4497962.0 ], [ 531285.0, 4497962.0 ], [ 531285.0, 4498053.0 ], [ 531194.0, 4498053.0 ] ] ] } },
{ "type": "Feature", "properties": { "area_km2": 0.008281 }, "geometry": { "type": "Polygon", "coordinates": [ [ [ 539566.0, 4498053.0 ], [ 539566.0, 4497962.0 ], [ 539657.0, 4497962.0 ], [ 539657.0, 4498053.0 ], [ 539566.0, 4498053.0 ] ] ] } },
{ "type": "Feature", "properties": { "area_km2": 0.008281 }, "geometry": { "type": "Polygon", "coordinates": [ [ [ 540294.0, 4498053.0 ], [ 540294.0, 4497962.0 ], [ 540385.0, 4497962.0 ], [ 540385.0, 4498053.0 ], [ 540294.0, 4498053.0 ] ] ] } },
{ "type": "Feature", "properties": { "area_km2": 0.008281 }, "geometry": { "type": "Polygon", "coordinates": [ [ [ 540476.0, 4498053.0 ], [ 540476.0, 4497962.0 ], [ 540567.0, 4497962.0 ], [ 540567.0, 4498053.0 ], [ 540476.0, 4498053.0 ] ] ] } },
{ "type": "Feature", "properties": { "area_km2": 0.008281 }, "geometry": { "type": "Polygon", "coordinates": [ [ [ 542205.0, 4498053.0 ], [ 542205.0, 4497962.0 ], [ 542296.0, 4497962.0 ], [ 542296.0, 4498053.0 ], [ 542205.0, 4498053.0 ] ] ] } },
{ "type": "Feature", "properties": { "area_km2": 0.008281 }, "geometry": { "type": "Polygon", "coordinates": [ [ [ 542569.0, 4498053.0 ], [ 542569.0, 4497962.0 ], [ 542660.0, 4497962.0 ], [ 542660.0, 4498053.0 ], [ 542569.0, 4498053.0 ] ] ] } },
{ "type": "Feature", "properties": { "area_km2": 0.008281 }, "geometry": { "type": "Polygon", "coordinates": [ [ [ 540840.0, 4497962.0 ], [ 540840.0, 4497871.0 ], [ 540931.0, 4497871.0 ], [ 540931.0, 4497962.0 ], [ 540840.0, 4497962.0 ] ] ] } },
{ "type": "Feature", "properties": { "area_km2": 0.016562 }, "geometry": { "type": "Polygon", "coordinates": [ [ [ 541568.0, 4497962.0 ], [ 541568.0, 4497871.0 ], [ 541750.0, 4497871.0 ], [ 541750.0, 4497962.0 ], [ 541568.0, 4497962.0 ] ] ] } },
{ "type": "Feature", "properties": { "area_km2": 0.016562 }, "geometry": { "type": "Polygon", "coordinates": [ [ [ 542296.0, 4497962.0 ], [ 542296.0, 4497780.0 ], [ 542387.0, 4497780.0 ], [ 542387.0, 4497962.0 ], [ 542296.0, 4497962.0 ] ] ] } },
{ "type": "Feature", "properties": { "area_km2": 0.008281 }, "geometry": { "type": "Polygon", "coordinates": [ [ [ 523004.0, 4497871.0 ], [ 523004.0, 4497780.0 ], [ 523095.0, 4497780.0 ], [ 523095.0, 4497871.0 ], [ 523004.0, 4497871.0 ] ] ] } },
{ "type": "Feature", "properties": { "area_km2": 0.008281 }, "geometry": { "type": "Polygon", "coordinates": [ [ [ 523368.0, 4497871.0 ], [ 523368.0, 4497780.0 ], [ 523459.0, 4497780.0 ], [ 523459.0, 4497871.0 ], [ 523368.0, 4497871.0 ] ] ] } },
{ "type": "Feature", "properties": { "area_km2": 0.016562 }, "geometry": { "type": "Polygon", "coordinates": [ [ [ 541932.0, 4497871.0 ], [ 541932.0, 4497689.0 ], [ 542023.0, 4497689.0 ], [ 542023.0, 4497871.0 ], [ 541932.0, 4497871.0 ] ] ] } },
{ "type": "Feature", "properties": { "area_km2": 0.008281 }, "geometry": { "type": "Polygon", "coordinates": [ [ [ 540658.0, 4497780.0 ], [ 540658.0, 4497689.0 ], [ 540749.0, 4497689.0 ], [ 540749.0, 4497780.0 ], [ 540658.0, 4497780.0 ] ] ] } },
{ "type": "Feature", "properties": { "area_km2": 0.008281 }, "geometry": { "type": "Polygon", "coordinates": [ [ [ 542660.0, 4497780.0 ], [ 542660.0, 4497689.0 ], [ 542751.0, 4497689.0 ], [ 542751.0, 4497780.0 ], [ 542660.0, 4497780.0 ] ] ] } },
{ "type": "Feature", "properties": { "area_km2": 0.024843 }, "geometry": { "type": "Polygon", "coordinates": [ [ [ 538656.0, 4497780.0 ], [ 538656.0, 4497598.0 ], [ 538747.0, 4497598.0 ], [ 538747.0, 4497689.0 ], [ 538838.0, 4497689.0 ], [ 538838.0, 4497780.0 ], [ 538656.0, 4497780.0 ] ] ] } },
{ "type": "Feature", "properties": { "area_km2": 0.008281 }, "geometry": { "type": "Polygon", "coordinates": [ [ [ 539020.0, 4497689.0 ], [ 539020.0, 4497598.0 ], [ 539111.0, 4497598.0 ], [ 539111.0, 4497689.0 ], [ 539020.0, 4497689.0 ] ] ] } },
{ "type": "Feature", "properties": { "area_km2": 0.240149 }, "geometry": { "type": "Polygon", "coordinates": [ [ [ 541204.0, 4498053.0 ], [ 541204.0, 4497962.0 ], [ 541113.0, 4497962.0 ], [ 541113.0, 4497871.0 ], [ 541022.0, 4497871.0 ], [ 541022.0, 4497689.0 ], [ 541113.0, 4497689.0 ], [ 541113.0, 4497598.0 ], [ 541204.0, 4497598.0 ], [ 541204.0, 4497507.0 ], [ 541295.0, 4497507.0 ], [ 541295.0, 4497598.0 ], [ 541477.0, 4497598.0 ], [ 541477.0, 4497507.0 ], [ 541659.0, 4497507.0 ], [ 541659.0, 4497598.0 ], [ 541932.0, 4497598.0 ], [ 541932.0, 4497689.0 ], [ 541659.0, 4497689.0 ], [ 541659.0, 4497780.0 ], [ 541568.0, 4497780.0 ], [ 541568.0, 4497871.0 ], [ 541386.0, 4497871.0 ], [ 541386.0, 4498053.0 ], [ 541204.0, 4498053.0 ] ], [ [ 541295.0, 4497871.0 ], [ 541386.0, 4497871.0 ], [ 541386.0, 4497780.0 ], [ 541295.0, 4497780.0 ], [ 541295.0, 4497871.0 ] ] ] } },
{ "type": "Feature", "properties": { "area_km2": 0.016562 }, "geometry": { "type": "Polygon", "coordinates": [ [ [ 539566.0, 4497689.0 ], [ 539566.0, 4497507.0 ], [ 539657.0, 4497507.0 ], [ 539657.0, 4497689.0 ], [ 539566.0, 4497689.0 ] ] ] } },
{ "type": "Feature", "properties": { "area_km2": 0.008281 }, "geometry": { "type": "Polygon", "coordinates": [ [ [ 529647.0, 4497598.0 ], [ 529647.0, 4497507.0 ], [ 529738.0, 4497507.0 ], [ 529738.0, 4497598.0 ], [ 529647.0, 4497598.0 ] ] ] } },
{ "type": "Feature", "properties": { "area_km2": 0.008281 }, "geometry": { "type": "Polygon", "coordinates": [ [ [ 538747.0, 4497598.0 ], [ 538747.0, 4497507.0 ], [ 538838.0, 4497507.0 ], [ 538838.0, 4497598.0 ], [ 538747.0, 4497598.0 ] ] ] } },
{ "type": "Feature", "properties": { "area_km2": 0.008281 }, "geometry": { "type": "Polygon", "coordinates": [ [ [ 540112.0, 4497598.0 ], [ 540112.0, 4497507.0 ], [ 540203.0, 4497507.0 ], [ 540203.0, 4497598.0 ], [ 540112.0, 4497598.0 ] ] ] } },
{ "type": "Feature", "properties": { "area_km2": 0.008281 }, "geometry": { "type": "Polygon", "coordinates": [ [ [ 542114.0, 4497598.0 ], [ 542114.0, 4497507.0 ], [ 542205.0, 4497507.0 ], [ 542205.0, 4497598.0 ], [ 542114.0, 4497598.0 ] ] ] } },
{ "type": "Feature", "properties": { "area_km2": 0.024843 }, "geometry": { "type": "Polygon", "coordinates": [ [ [ 538565.0, 4497598.0 ], [ 538565.0, 4497416.0 ], [ 538747.0, 4497416.0 ], [ 538747.0, 4497507.0 ], [ 538656.0, 4497507.0 ], [ 538656.0, 4497598.0 ], [ 538565.0, 4497598.0 ] ] ] } },
{ "type": "Feature", "properties": { "area_km2": 0.016562 }, "geometry": { "type": "Polygon", "coordinates": [ [ [ 541295.0, 4497507.0 ], [ 541295.0, 4497416.0 ], [ 541477.0, 4497416.0 ], [ 541477.0, 4497507.0 ], [ 541295.0, 4497507.0 ] ] ] } },
{ "type": "Feature", "properties": { "area_km2": 0.074529 }, "geometry": { "type": "Polygon", "coordinates": [ [ [ 538929.0, 4497598.0 ], [ 538929.0, 4497507.0 ], [ 538838.0, 4497507.0 ], [ 538838.0, 4497325.0 ], [ 539020.0, 4497325.0 ], [ 539020.0, 4497234.0 ], [ 539202.0, 4497234.0 ], [ 539202.0, 4497416.0 ], [ 539020.0, 4497416.0 ], [ 539020.0, 4497598.0 ], [ 538929.0, 4497598.0 ] ] ] } },
{ "type": "Feature", "properties": { "area_km2": 0.024843 }, "geometry": { "type": "Polygon", "coordinates": [ [ [ 539839.0, 4497416.0 ], [ 539839.0, 4497325.0 ], [ 539930.0, 4497325.0 ], [ 539930.0, 4497234.0 ], [ 540021.0, 4497234.0 ], [ 540021.0, 4497416.0 ], [ 539839.0, 4497416.0 ] ] ] } },
{ "type": "Feature", "properties": { "area_km2": 0.008281 }, "geometry": { "type": "Polygon", "coordinates": [ [ [ 526826.0, 4497325.0 ], [ 526826.0, 4497234.0 ], [ 526917.0, 4497234.0 ], [ 526917.0, 4497325.0 ], [ 526826.0, 4497325.0 ] ] ] } },
{ "type": "Feature", "properties": { "area_km2": 0.008281 }, "geometry": { "type": "Polygon", "coordinates": [ [ [ 535653.0, 4497325.0 ], [ 535653.0, 4497234.0 ], [ 535744.0, 4497234.0 ], [ 535744.0, 4497325.0 ], [ 535653.0, 4497325.0 ] ] ] } },
{ "type": "Feature", "properties": { "area_km2": 0.008281 }, "geometry": { "type": "Polygon", "coordinates": [ [ [ 540203.0, 4497325.0 ], [ 540203.0, 4497234.0 ], [ 540294.0, 4497234.0 ], [ 540294.0, 4497325.0 ], [ 540203.0, 4497325.0 ] ] ] } },
{ "type": "Feature", "properties": { "area_km2": 0.008281 }, "geometry": { "type": "Polygon", "coordinates": [ [ [ 541022.0, 4497325.0 ], [ 541022.0, 4497234.0 ], [ 541113.0, 4497234.0 ], [ 541113.0, 4497325.0 ], [ 541022.0, 4497325.0 ] ] ] } },
{ "type": "Feature", "properties": { "area_km2": 0.024843 }, "geometry": { "type": "Polygon", "coordinates": [ [ [ 541204.0, 4497325.0 ], [ 541204.0, 4497234.0 ], [ 541477.0, 4497234.0 ], [ 541477.0, 4497325.0 ], [ 541204.0, 4497325.0 ] ] ] } },
{ "type": "Feature", "properties": { "area_km2": 0.008281 }, "geometry": { "type": "Polygon", "coordinates": [ [ [ 542660.0, 4497325.0 ], [ 542660.0, 4497234.0 ], [ 542751.0, 4497234.0 ], [ 542751.0, 4497325.0 ], [ 542660.0, 4497325.0 ] ] ] } },
{ "type": "Feature", "properties": { "area_km2": 0.008281 }, "geometry": { "type": "Polygon", "coordinates": [ [ [ 540021.0, 4497234.0 ], [ 540021.0, 4497143.0 ], [ 540112.0, 4497143.0 ], [ 540112.0, 4497234.0 ], [ 540021.0, 4497234.0 ] ] ] } },
{ "type": "Feature", "properties": { "area_km2": 0.008281 }, "geometry": { "type": "Polygon", "coordinates": [ [ [ 540385.0, 4497234.0 ], [ 540385.0, 4497143.0 ], [ 540476.0, 4497143.0 ], [ 540476.0, 4497234.0 ], [ 540385.0, 4497234.0 ] ] ] } },
{ "type": "Feature", "properties": { "area_km2": 0.140777 }, "geometry": { "type": "Polygon", "coordinates": [ [ [ 539202.0, 4497507.0 ], [ 539202.0, 4497416.0 ], [ 539293.0, 4497416.0 ], [ 539293.0, 4497234.0 ], [ 539384.0, 4497234.0 ], [ 539384.0, 4497143.0 ], [ 539566.0, 4497143.0 ], [ 539566.0, 4497052.0 ], [ 539657.0, 4497052.0 ], [ 539657.0, 4497143.0 ], [ 539930.0, 4497143.0 ], [ 539930.0, 4497234.0 ], [ 539748.0, 4497234.0 ], [ 539748.0, 4497325.0 ], [ 539657.0, 4497325.0 ], [ 539657.0, 4497416.0 ], [ 539475.0, 4497416.0 ], [ 539475.0, 4497507.0 ], [ 539202.0, 4497507.0 ] ], [ [ 539384.0, 4497416.0 ], [ 539475.0, 4497416.0 ], [ 539475.0, 4497325.0 ], [ 539384.0, 4497325.0 ], [ 539384.0, 4497416.0 ] ], [ [ 539566.0, 4497325.0 ], [ 539657.0, 4497325.0 ], [ 539657.0, 4497234.0 ], [ 539566.0, 4497234.0 ], [ 539566.0, 4497325.0 ] ] ] } },
{ "type": "Feature", "properties": { "area_km2": 0.008281 }, "geometry": { "type": "Polygon", "coordinates": [ [ [ 520183.0, 4497143.0 ], [ 520183.0, 4497052.0 ], [ 520274.0, 4497052.0 ], [ 520274.0, 4497143.0 ], [ 520183.0, 4497143.0 ] ] ] } },
{ "type": "Feature", "properties": { "area_km2": 0.008281 }, "geometry": { "type": "Polygon", "coordinates": [ [ [ 540112.0, 4497143.0 ], [ 540112.0, 4497052.0 ], [ 540203.0, 4497052.0 ], [ 540203.0, 4497143.0 ], [ 540112.0, 4497143.0 ] ] ] } },
{ "type": "Feature", "properties": { "area_km2": 0.008281 }, "geometry": { "type": "Polygon", "coordinates": [ [ [ 540658.0, 4497143.0 ], [ 540658.0, 4497052.0 ], [ 540749.0, 4497052.0 ], [ 540749.0, 4497143.0 ], [ 540658.0, 4497143.0 ] ] ] } },
{ "type": "Feature", "properties": { "area_km2": 0.008281 }, "geometry": { "type": "Polygon", "coordinates": [ [ [ 540840.0, 4497143.0 ], [ 540840.0, 4497052.0 ], [ 540931.0, 4497052.0 ], [ 540931.0, 4497143.0 ], [ 540840.0, 4497143.0 ] ] ] } },
{ "type": "Feature", "properties": { "area_km2": 0.016562 }, "geometry": { "type": "Polygon", "coordinates": [ [ [ 541022.0, 4497143.0 ], [ 541022.0, 4496961.0 ], [ 541113.0, 4496961.0 ], [ 541113.0, 4497143.0 ], [ 541022.0, 4497143.0 ] ] ] } },
{ "type": "Feature", "properties": { "area_km2": 0.008281 }, "geometry": { "type": "Polygon", "coordinates": [ [ [ 520729.0, 4497052.0 ], [ 520729.0, 4496961.0 ], [ 520820.0, 4496961.0 ], [ 520820.0, 4497052.0 ], [ 520729.0, 4497052.0 ] ] ] } },
{ "type": "Feature", "properties": { "area_km2": 0.008281 }, "geometry": { "type": "Polygon", "coordinates": [ [ [ 521275.0, 4496961.0 ], [ 521275.0, 4496870.0 ], [ 521366.0, 4496870.0 ], [ 521366.0, 4496961.0 ], [ 521275.0, 4496961.0 ] ] ] } },
{ "type": "Feature", "properties": { "area_km2": 0.008281 }, "geometry": { "type": "Polygon", "coordinates": [ [ [ 533651.0, 4496961.0 ], [ 533651.0, 4496870.0 ], [ 533742.0, 4496870.0 ], [ 533742.0, 4496961.0 ], [ 533651.0, 4496961.0 ] ] ] } },
{ "type": "Feature", "properties": { "area_km2": 0.008281 }, "geometry": { "type": "Polygon", "coordinates": [ [ [ 521639.0, 4496870.0 ], [ 521639.0, 4496779.0 ], [ 521730.0, 4496779.0 ], [ 521730.0, 4496870.0 ], [ 521639.0, 4496870.0 ] ] ] } },
{ "type": "Feature", "properties": { "area_km2": 0.091091 }, "geometry": { "type": "Polygon", "coordinates": [ [ [ 541295.0, 4497052.0 ], [ 541295.0, 4496961.0 ], [ 541204.0, 4496961.0 ], [ 541204.0, 4496870.0 ], [ 541295.0, 4496870.0 ], [ 541295.0, 4496688.0 ], [ 541386.0, 4496688.0 ], [ 541386.0, 4496779.0 ], [ 541659.0, 4496779.0 ], [ 541659.0, 4496870.0 ], [ 541568.0, 4496870.0 ], [ 541568.0, 4497052.0 ], [ 541477.0, 4497052.0 ], [ 541477.0, 4496961.0 ], [ 541386.0, 4496961.0 ], [ 541386.0, 4497052.0 ], [ 541295.0, 4497052.0 ] ] ] } },
{ "type": "Feature", "properties": { "area_km2": 0.008281 }, "geometry": { "type": "Polygon", "coordinates": [ [ [ 542114.0, 4496779.0 ], [ 542114.0, 4496688.0 ], [ 542205.0, 4496688.0 ], [ 542205.0, 4496779.0 ], [ 542114.0, 4496779.0 ] ] ] } },
{ "type": "Feature", "properties": { "area_km2": 0.016562 }, "geometry": { "type": "Polygon", "coordinates": [ [ [ 542387.0, 4496779.0 ], [ 542387.0, 4496688.0 ], [ 542569.0, 4496688.0 ], [ 542569.0, 4496779.0 ], [ 542387.0, 4496779.0 ] ] ] } },
{ "type": "Feature", "properties": { "area_km2": 0.016562 }, "geometry": { "type": "Polygon", "coordinates": [ [ [ 541386.0, 4496688.0 ], [ 541386.0, 4496506.0 ], [ 541477.0, 4496506.0 ], [ 541477.0, 4496688.0 ], [ 541386.0, 4496688.0 ] ] ] } },
{ "type": "Feature", "properties": { "area_km2": 0.008281 }, "geometry": { "type": "Polygon", "coordinates": [ [ [ 521548.0, 4496506.0 ], [ 521548.0, 4496415.0 ], [ 521639.0, 4496415.0 ], [ 521639.0, 4496506.0 ], [ 521548.0, 4496506.0 ] ] ] } },
{ "type": "Feature", "properties": { "area_km2": 0.008281 }, "geometry": { "type": "Polygon", "coordinates": [ [ [ 527372.0, 4496415.0 ], [ 527372.0, 4496324.0 ], [ 527463.0, 4496324.0 ], [ 527463.0, 4496415.0 ], [ 527372.0, 4496415.0 ] ] ] } },
{ "type": "Feature", "properties": { "area_km2": 0.033124 }, "geometry": { "type": "Polygon", "coordinates": [ [ [ 541295.0, 4496506.0 ], [ 541295.0, 4496415.0 ], [ 541204.0, 4496415.0 ], [ 541204.0, 4496324.0 ], [ 541477.0, 4496324.0 ], [ 541477.0, 4496415.0 ], [ 541386.0, 4496415.0 ], [ 541386.0, 4496506.0 ], [ 541295.0, 4496506.0 ] ] ] } },
{ "type": "Feature", "properties": { "area_km2": 0.024843 }, "geometry": { "type": "Polygon", "coordinates": [ [ [ 541659.0, 4496415.0 ], [ 541659.0, 4496233.0 ], [ 541841.0, 4496233.0 ], [ 541841.0, 4496324.0 ], [ 541750.0, 4496324.0 ], [ 541750.0, 4496415.0 ], [ 541659.0, 4496415.0 ] ] ] } },
{ "type": "Feature", "properties": { "area_km2": 0.008281 }, "geometry": { "type": "Polygon", "coordinates": [ [ [ 542387.0, 4496324.0 ], [ 542387.0, 4496233.0 ], [ 542478.0, 4496233.0 ], [ 542478.0, 4496324.0 ], [ 542387.0, 4496324.0 ] ] ] } },
{ "type": "Feature", "properties": { "area_km2": 0.008281 }, "geometry": { "type": "Polygon", "coordinates": [ [ [ 541477.0, 4495869.0 ], [ 541477.0, 4495778.0 ], [ 541568.0, 4495778.0 ], [ 541568.0, 4495869.0 ], [ 541477.0, 4495869.0 ] ] ] } },
{ "type": "Feature", "properties": { "area_km2": 0.008281 }, "geometry": { "type": "Polygon", "coordinates": [ [ [ 541750.0, 4495778.0 ], [ 541750.0, 4495687.0 ], [ 541841.0, 4495687.0 ], [ 541841.0, 4495778.0 ], [ 541750.0, 4495778.0 ] ] ] } },
{ "type": "Feature", "properties": { "area_km2": 0.008281 }, "geometry": { "type": "Polygon", "coordinates": [ [ [ 532741.0, 4495687.0 ], [ 532741.0, 4495596.0 ], [ 532832.0, 4495596.0 ], [ 532832.0, 4495687.0 ], [ 532741.0, 4495687.0 ] ] ] } },
{ "type": "Feature", "properties": { "area_km2": 0.008281 }, "geometry": { "type": "Polygon", "coordinates": [ [ [ 524733.0, 4495505.0 ], [ 524733.0, 4495414.0 ], [ 524824.0, 4495414.0 ], [ 524824.0, 4495505.0 ], [ 524733.0, 4495505.0 ] ] ] } },
{ "type": "Feature", "properties": { "area_km2": 0.008281 }, "geometry": { "type": "Polygon", "coordinates": [ [ [ 535926.0, 4495323.0 ], [ 535926.0, 4495232.0 ], [ 536017.0, 4495232.0 ], [ 536017.0, 4495323.0 ], [ 535926.0, 4495323.0 ] ] ] } },
{ "type": "Feature", "properties": { "area_km2": 0.008281 }, "geometry": { "type": "Polygon", "coordinates": [ [ [ 541204.0, 4495323.0 ], [ 541204.0, 4495232.0 ], [ 541295.0, 4495232.0 ], [ 541295.0, 4495323.0 ], [ 541204.0, 4495323.0 ] ] ] } },
{ "type": "Feature", "properties": { "area_km2": 0.008281 }, "geometry": { "type": "Polygon", "coordinates": [ [ [ 537200.0, 4495232.0 ], [ 537200.0, 4495141.0 ], [ 537291.0, 4495141.0 ], [ 537291.0, 4495232.0 ], [ 537200.0, 4495232.0 ] ] ] } },
{ "type": "Feature", "properties": { "area_km2": 0.008281 }, "geometry": { "type": "Polygon", "coordinates": [ [ [ 541568.0, 4495232.0 ], [ 541568.0, 4495141.0 ], [ 541659.0, 4495141.0 ], [ 541659.0, 4495232.0 ], [ 541568.0, 4495232.0 ] ] ] } },
{ "type": "Feature", "properties": { "area_km2": 0.008281 }, "geometry": { "type": "Polygon", "coordinates": [ [ [ 541750.0, 4495141.0 ], [ 541750.0, 4495050.0 ], [ 541841.0, 4495050.0 ], [ 541841.0, 4495141.0 ], [ 541750.0, 4495141.0 ] ] ] } },
{ "type": "Feature", "properties": { "area_km2": 0.008281 }, "geometry": { "type": "Polygon", "coordinates": [ [ [ 537746.0, 4495050.0 ], [ 537746.0, 4494959.0 ], [ 537837.0, 4494959.0 ], [ 537837.0, 4495050.0 ], [ 537746.0, 4495050.0 ] ] ] } },
{ "type": "Feature", "properties": { "area_km2": 0.008281 }, "geometry": { "type": "Polygon", "coordinates": [ [ [ 523641.0, 4494959.0 ], [ 523641.0, 4494868.0 ], [ 523732.0, 4494868.0 ], [ 523732.0, 4494959.0 ], [ 523641.0, 4494959.0 ] ] ] } },
{ "type": "Feature", "properties": { "area_km2": 0.008281 }, "geometry": { "type": "Polygon", "coordinates": [ [ [ 538019.0, 4494959.0 ], [ 538019.0, 4494868.0 ], [ 538110.0, 4494868.0 ], [ 538110.0, 4494959.0 ], [ 538019.0, 4494959.0 ] ] ] } },
{ "type": "Feature", "properties": { "area_km2": 0.016562 }, "geometry": { "type": "Polygon", "coordinates": [ [ [ 541659.0, 4494959.0 ], [ 541659.0, 4494868.0 ], [ 541841.0, 4494868.0 ], [ 541841.0, 4494959.0 ], [ 541659.0, 4494959.0 ] ] ] } },
{ "type": "Feature", "properties": { "area_km2": 0.008281 }, "geometry": { "type": "Polygon", "coordinates": [ [ [ 528191.0, 4494868.0 ], [ 528191.0, 4494777.0 ], [ 528282.0, 4494777.0 ], [ 528282.0, 4494868.0 ], [ 528191.0, 4494868.0 ] ] ] } },
{ "type": "Feature", "properties": { "area_km2": 0.008281 }, "geometry": { "type": "Polygon", "coordinates": [ [ [ 537655.0, 4494868.0 ], [ 537655.0, 4494777.0 ], [ 537746.0, 4494777.0 ], [ 537746.0, 4494868.0 ], [ 537655.0, 4494868.0 ] ] ] } },
{ "type": "Feature", "properties": { "area_km2": 0.008281 }, "geometry": { "type": "Polygon", "coordinates": [ [ [ 541841.0, 4494777.0 ], [ 541841.0, 4494686.0 ], [ 541932.0, 4494686.0 ], [ 541932.0, 4494777.0 ], [ 541841.0, 4494777.0 ] ] ] } },
{ "type": "Feature", "properties": { "area_km2": 0.008281 }, "geometry": { "type": "Polygon", "coordinates": [ [ [ 541932.0, 4494686.0 ], [ 541932.0, 4494595.0 ], [ 542023.0, 4494595.0 ], [ 542023.0, 4494686.0 ], [ 541932.0, 4494686.0 ] ] ] } },
{ "type": "Feature", "properties": { "area_km2": 0.008281 }, "geometry": { "type": "Polygon", "coordinates": [ [ [ 525825.0, 4494504.0 ], [ 525825.0, 4494413.0 ], [ 525916.0, 4494413.0 ], [ 525916.0, 4494504.0 ], [ 525825.0, 4494504.0 ] ] ] } },
{ "type": "Feature", "properties": { "area_km2": 0.008281 }, "geometry": { "type": "Polygon", "coordinates": [ [ [ 536563.0, 4494504.0 ], [ 536563.0, 4494413.0 ], [ 536654.0, 4494413.0 ], [ 536654.0, 4494504.0 ], [ 536563.0, 4494504.0 ] ] ] } },
{ "type": "Feature", "properties": { "area_km2": 0.008281 }, "geometry": { "type": "Polygon", "coordinates": [ [ [ 541841.0, 4494231.0 ], [ 541841.0, 4494140.0 ], [ 541932.0, 4494140.0 ], [ 541932.0, 4494231.0 ], [ 541841.0, 4494231.0 ] ] ] } },
{ "type": "Feature", "properties": { "area_km2": 0.008281 }, "geometry": { "type": "Polygon", "coordinates": [ [ [ 538474.0, 4494049.0 ], [ 538474.0, 4493958.0 ], [ 538565.0, 4493958.0 ], [ 538565.0, 4494049.0 ], [ 538474.0, 4494049.0 ] ] ] } },
{ "type": "Feature", "properties": { "area_km2": 0.008281 }, "geometry": { "type": "Polygon", "coordinates": [ [ [ 537928.0, 4493867.0 ], [ 537928.0, 4493776.0 ], [ 538019.0, 4493776.0 ], [ 538019.0, 4493867.0 ], [ 537928.0, 4493867.0 ] ] ] } },
{ "type": "Feature", "properties": { "area_km2": 0.008281 }, "geometry": { "type": "Polygon", "coordinates": [ [ [ 538292.0, 4493776.0 ], [ 538292.0, 4493685.0 ], [ 538383.0, 4493685.0 ], [ 538383.0, 4493776.0 ], [ 538292.0, 4493776.0 ] ] ] } },
{ "type": "Feature", "properties": { "area_km2": 0.008281 }, "geometry": { "type": "Polygon", "coordinates": [ [ [ 537018.0, 4493685.0 ], [ 537018.0, 4493594.0 ], [ 537109.0, 4493594.0 ], [ 537109.0, 4493685.0 ], [ 537018.0, 4493685.0 ] ] ] } },
{ "type": "Feature", "properties": { "area_km2": 0.016562 }, "geometry": { "type": "Polygon", "coordinates": [ [ [ 522640.0, 4493594.0 ], [ 522640.0, 4493412.0 ], [ 522731.0, 4493412.0 ], [ 522731.0, 4493594.0 ], [ 522640.0, 4493594.0 ] ] ] } },
{ "type": "Feature", "properties": { "area_km2": 0.008281 }, "geometry": { "type": "Polygon", "coordinates": [ [ [ 524369.0, 4493321.0 ], [ 524369.0, 4493230.0 ], [ 524460.0, 4493230.0 ], [ 524460.0, 4493321.0 ], [ 524369.0, 4493321.0 ] ] ] } },
{ "type": "Feature", "properties": { "area_km2": 0.008281 }, "geometry": { "type": "Polygon", "coordinates": [ [ [ 530102.0, 4493321.0 ], [ 530102.0, 4493230.0 ], [ 530193.0, 4493230.0 ], [ 530193.0, 4493321.0 ], [ 530102.0, 4493321.0 ] ] ] } },
{ "type": "Feature", "properties": { "area_km2": 0.008281 }, "geometry": { "type": "Polygon", "coordinates": [ [ [ 530830.0, 4493139.0 ], [ 530830.0, 4493048.0 ], [ 530921.0, 4493048.0 ], [ 530921.0, 4493139.0 ], [ 530830.0, 4493139.0 ] ] ] } },
{ "type": "Feature", "properties": { "area_km2": 0.008281 }, "geometry": { "type": "Polygon", "coordinates": [ [ [ 540749.0, 4493139.0 ], [ 540749.0, 4493048.0 ], [ 540840.0, 4493048.0 ], [ 540840.0, 4493139.0 ], [ 540749.0, 4493139.0 ] ] ] } },
{ "type": "Feature", "properties": { "area_km2": 0.008281 }, "geometry": { "type": "Polygon", "coordinates": [ [ [ 524915.0, 4493048.0 ], [ 524915.0, 4492957.0 ], [ 525006.0, 4492957.0 ], [ 525006.0, 4493048.0 ], [ 524915.0, 4493048.0 ] ] ] } },
{ "type": "Feature", "properties": { "area_km2": 0.008281 }, "geometry": { "type": "Polygon", "coordinates": [ [ [ 531103.0, 4493048.0 ], [ 531103.0, 4492957.0 ], [ 531194.0, 4492957.0 ], [ 531194.0, 4493048.0 ], [ 531103.0, 4493048.0 ] ] ] } },
{ "type": "Feature", "properties": { "area_km2": 0.008281 }, "geometry": { "type": "Polygon", "coordinates": [ [ [ 530102.0, 4492866.0 ], [ 530102.0, 4492775.0 ], [ 530193.0, 4492775.0 ], [ 530193.0, 4492866.0 ], [ 530102.0, 4492866.0 ] ] ] } },
{ "type": "Feature", "properties": { "area_km2": 0.008281 }, "geometry": { "type": "Polygon", "coordinates": [ [ [ 530648.0, 4492866.0 ], [ 530648.0, 4492775.0 ], [ 530739.0, 4492775.0 ], [ 530739.0, 4492866.0 ], [ 530648.0, 4492866.0 ] ] ] } },
{ "type": "Feature", "properties": { "area_km2": 0.008281 }, "geometry": { "type": "Polygon", "coordinates": [ [ [ 527099.0, 4492775.0 ], [ 527099.0, 4492684.0 ], [ 527190.0, 4492684.0 ], [ 527190.0, 4492775.0 ], [ 527099.0, 4492775.0 ] ] ] } },
{ "type": "Feature", "properties": { "area_km2": 0.008281 }, "geometry": { "type": "Polygon", "coordinates": [ [ [ 527372.0, 4492684.0 ], [ 527372.0, 4492593.0 ], [ 527463.0, 4492593.0 ], [ 527463.0, 4492684.0 ], [ 527372.0, 4492684.0 ] ] ] } },
{ "type": "Feature", "properties": { "area_km2": 0.008281 }, "geometry": { "type": "Polygon", "coordinates": [ [ [ 533105.0, 4492593.0 ], [ 533105.0, 4492502.0 ], [ 533196.0, 4492502.0 ], [ 533196.0, 4492593.0 ], [ 533105.0, 4492593.0 ] ] ] } },
{ "type": "Feature", "properties": { "area_km2": 0.008281 }, "geometry": { "type": "Polygon", "coordinates": [ [ [ 540476.0, 4492411.0 ], [ 540476.0, 4492320.0 ], [ 540567.0, 4492320.0 ], [ 540567.0, 4492411.0 ], [ 540476.0, 4492411.0 ] ] ] } },
{ "type": "Feature", "properties": { "area_km2": 0.008281 }, "geometry": { "type": "Polygon", "coordinates": [ [ [ 529738.0, 4492229.0 ], [ 529738.0, 4492138.0 ], [ 529829.0, 4492138.0 ], [ 529829.0, 4492229.0 ], [ 529738.0, 4492229.0 ] ] ] } },
{ "type": "Feature", "properties": { "area_km2": 0.008281 }, "geometry": { "type": "Polygon", "coordinates": [ [ [ 528100.0, 4492138.0 ], [ 528100.0, 4492047.0 ], [ 528191.0, 4492047.0 ], [ 528191.0, 4492138.0 ], [ 528100.0, 4492138.0 ] ] ] } },
{ "type": "Feature", "properties": { "area_km2": 0.008281 }, "geometry": { "type": "Polygon", "coordinates": [ [ [ 521457.0, 4492047.0 ], [ 521457.0, 4491956.0 ], [ 521548.0, 4491956.0 ], [ 521548.0, 4492047.0 ], [ 521457.0, 4492047.0 ] ] ] } },
{ "type": "Feature", "properties": { "area_km2": 0.008281 }, "geometry": { "type": "Polygon", "coordinates": [ [ [ 528737.0, 4492047.0 ], [ 528737.0, 4491956.0 ], [ 528828.0, 4491956.0 ], [ 528828.0, 4492047.0 ], [ 528737.0, 4492047.0 ] ] ] } },
{ "type": "Feature", "properties": { "area_km2": 0.008281 }, "geometry": { "type": "Polygon", "coordinates": [ [ [ 521002.0, 4491956.0 ], [ 521002.0, 4491865.0 ], [ 521093.0, 4491865.0 ], [ 521093.0, 4491956.0 ], [ 521002.0, 4491956.0 ] ] ] } },
{ "type": "Feature", "properties": { "area_km2": 0.008281 }, "geometry": { "type": "Polygon", "coordinates": [ [ [ 522094.0, 4491956.0 ], [ 522094.0, 4491865.0 ], [ 522185.0, 4491865.0 ], [ 522185.0, 4491956.0 ], [ 522094.0, 4491956.0 ] ] ] } },
{ "type": "Feature", "properties": { "area_km2": 0.008281 }, "geometry": { "type": "Polygon", "coordinates": [ [ [ 522549.0, 4491865.0 ], [ 522549.0, 4491774.0 ], [ 522640.0, 4491774.0 ], [ 522640.0, 4491865.0 ], [ 522549.0, 4491865.0 ] ] ] } },
{ "type": "Feature", "properties": { "area_km2": 0.008281 }, "geometry": { "type": "Polygon", "coordinates": [ [ [ 521093.0, 4491683.0 ], [ 521093.0, 4491592.0 ], [ 521184.0, 4491592.0 ], [ 521184.0, 4491683.0 ], [ 521093.0, 4491683.0 ] ] ] } },
{ "type": "Feature", "properties": { "area_km2": 0.008281 }, "geometry": { "type": "Polygon", "coordinates": [ [ [ 527372.0, 4491683.0 ], [ 527372.0, 4491592.0 ], [ 527463.0, 4491592.0 ], [ 527463.0, 4491683.0 ], [ 527372.0, 4491683.0 ] ] ] } },
{ "type": "Feature", "properties": { "area_km2": 0.008281 }, "geometry": { "type": "Polygon", "coordinates": [ [ [ 534470.0, 4491683.0 ], [ 534470.0, 4491592.0 ], [ 534561.0, 4491592.0 ], [ 534561.0, 4491683.0 ], [ 534470.0, 4491683.0 ] ] ] } },
{ "type": "Feature", "properties": { "area_km2": 0.008281 }, "geometry": { "type": "Polygon", "coordinates": [ [ [ 528191.0, 4491501.0 ], [ 528191.0, 4491410.0 ], [ 528282.0, 4491410.0 ], [ 528282.0, 4491501.0 ], [ 528191.0, 4491501.0 ] ] ] } },
{ "type": "Feature", "properties": { "area_km2": 0.016562 }, "geometry": { "type": "Polygon", "coordinates": [ [ [ 540385.0, 4491410.0 ], [ 540385.0, 4491319.0 ], [ 540567.0, 4491319.0 ], [ 540567.0, 4491410.0 ], [ 540385.0, 4491410.0 ] ] ] } },
{ "type": "Feature", "properties": { "area_km2": 0.016562 }, "geometry": { "type": "Polygon", "coordinates": [ [ [ 524005.0, 4491319.0 ], [ 524005.0, 4491228.0 ], [ 524187.0, 4491228.0 ], [ 524187.0, 4491319.0 ], [ 524005.0, 4491319.0 ] ] ] } },
{ "type": "Feature", "properties": { "area_km2": 0.008281 }, "geometry": { "type": "Polygon", "coordinates": [ [ [ 540749.0, 4491319.0 ], [ 540749.0, 4491228.0 ], [ 540840.0, 4491228.0 ], [ 540840.0, 4491319.0 ], [ 540749.0, 4491319.0 ] ] ] } },
{ "type": "Feature", "properties": { "area_km2": 0.008281 }, "geometry": { "type": "Polygon", "coordinates": [ [ [ 526735.0, 4491137.0 ], [ 526735.0, 4491046.0 ], [ 526826.0, 4491046.0 ], [ 526826.0, 4491137.0 ], [ 526735.0, 4491137.0 ] ] ] } },
{ "type": "Feature", "properties": { "area_km2": 0.008281 }, "geometry": { "type": "Polygon", "coordinates": [ [ [ 526462.0, 4491046.0 ], [ 526462.0, 4490955.0 ], [ 526553.0, 4490955.0 ], [ 526553.0, 4491046.0 ], [ 526462.0, 4491046.0 ] ] ] } },
{ "type": "Feature", "properties": { "area_km2": 0.008281 }, "geometry": { "type": "Polygon", "coordinates": [ [ [ 526917.0, 4491046.0 ], [ 526917.0, 4490955.0 ], [ 527008.0, 4490955.0 ], [ 527008.0, 4491046.0 ], [ 526917.0, 4491046.0 ] ] ] } },
{ "type": "Feature", "properties": { "area_km2": 0.008281 }, "geometry": { "type": "Polygon", "coordinates": [ [ [ 527372.0, 4491046.0 ], [ 527372.0, 4490955.0 ], [ 527463.0, 4490955.0 ], [ 527463.0, 4491046.0 ], [ 527372.0, 4491046.0 ] ] ] } },
{ "type": "Feature", "properties": { "area_km2": 0.008281 }, "geometry": { "type": "Polygon", "coordinates": [ [ [ 527372.0, 4490409.0 ], [ 527372.0, 4490318.0 ], [ 527463.0, 4490318.0 ], [ 527463.0, 4490409.0 ], [ 527372.0, 4490409.0 ] ] ] } },
{ "type": "Feature", "properties": { "area_km2": 0.008281 }, "geometry": { "type": "Polygon", "coordinates": [ [ [ 527645.0, 4490318.0 ], [ 527645.0, 4490227.0 ], [ 527736.0, 4490227.0 ], [ 527736.0, 4490318.0 ], [ 527645.0, 4490318.0 ] ] ] } },
{ "type": "Feature", "properties": { "area_km2": 0.008281 }, "geometry": { "type": "Polygon", "coordinates": [ [ [ 522731.0, 4490227.0 ], [ 522731.0, 4490136.0 ], [ 522822.0, 4490136.0 ], [ 522822.0, 4490227.0 ], [ 522731.0, 4490227.0 ] ] ] } },
{ "type": "Feature", "properties": { "area_km2": 0.008281 }, "geometry": { "type": "Polygon", "coordinates": [ [ [ 523914.0, 4490227.0 ], [ 523914.0, 4490136.0 ], [ 524005.0, 4490136.0 ], [ 524005.0, 4490227.0 ], [ 523914.0, 4490227.0 ] ] ] } },
{ "type": "Feature", "properties": { "area_km2": 0.008281 }, "geometry": { "type": "Polygon", "coordinates": [ [ [ 531285.0, 4490045.0 ], [ 531285.0, 4489954.0 ], [ 531376.0, 4489954.0 ], [ 531376.0, 4490045.0 ], [ 531285.0, 4490045.0 ] ] ] } },
{ "type": "Feature", "properties": { "area_km2": 0.008281 }, "geometry": { "type": "Polygon", "coordinates": [ [ [ 531740.0, 4489954.0 ], [ 531740.0, 4489863.0 ], [ 531831.0, 4489863.0 ], [ 531831.0, 4489954.0 ], [ 531740.0, 4489954.0 ] ] ] } },
{ "type": "Feature", "properties": { "area_km2": 0.008281 }, "geometry": { "type": "Polygon", "coordinates": [ [ [ 522731.0, 4489863.0 ], [ 522731.0, 4489772.0 ], [ 522822.0, 4489772.0 ], [ 522822.0, 4489863.0 ], [ 522731.0, 4489863.0 ] ] ] } },
{ "type": "Feature", "properties": { "area_km2": 0.008281 }, "geometry": { "type": "Polygon", "coordinates": [ [ [ 532195.0, 4489863.0 ], [ 532195.0, 4489772.0 ], [ 532286.0, 4489772.0 ], [ 532286.0, 4489863.0 ], [ 532195.0, 4489863.0 ] ] ] } },
{ "type": "Feature", "properties": { "area_km2": 0.008281 }, "geometry": { "type": "Polygon", "coordinates": [ [ [ 523095.0, 4489772.0 ], [ 523095.0, 4489681.0 ], [ 523186.0, 4489681.0 ], [ 523186.0, 4489772.0 ], [ 523095.0, 4489772.0 ] ] ] } },
{ "type": "Feature", "properties": { "area_km2": 0.008281 }, "geometry": { "type": "Polygon", "coordinates": [ [ [ 527918.0, 4489681.0 ], [ 527918.0, 4489590.0 ], [ 528009.0, 4489590.0 ], [ 528009.0, 4489681.0 ], [ 527918.0, 4489681.0 ] ] ] } },
{ "type": "Feature", "properties": { "area_km2": 0.016562 }, "geometry": { "type": "Polygon", "coordinates": [ [ [ 525734.0, 4489590.0 ], [ 525734.0, 4489499.0 ], [ 525916.0, 4489499.0 ], [ 525916.0, 4489590.0 ], [ 525734.0, 4489590.0 ] ] ] } },
{ "type": "Feature", "properties": { "area_km2": 0.008281 }, "geometry": { "type": "Polygon", "coordinates": [ [ [ 533469.0, 4489590.0 ], [ 533469.0, 4489499.0 ], [ 533560.0, 4489499.0 ], [ 533560.0, 4489590.0 ], [ 533469.0, 4489590.0 ] ] ] } },
{ "type": "Feature", "properties": { "area_km2": 0.008281 }, "geometry": { "type": "Polygon", "coordinates": [ [ [ 534288.0, 4489590.0 ], [ 534288.0, 4489499.0 ], [ 534379.0, 4489499.0 ], [ 534379.0, 4489590.0 ], [ 534288.0, 4489590.0 ] ] ] } },
{ "type": "Feature", "properties": { "area_km2": 0.008281 }, "geometry": { "type": "Polygon", "coordinates": [ [ [ 525097.0, 4489408.0 ], [ 525097.0, 4489317.0 ], [ 525188.0, 4489317.0 ], [ 525188.0, 4489408.0 ], [ 525097.0, 4489408.0 ] ] ] } },
{ "type": "Feature", "properties": { "area_km2": 0.008281 }, "geometry": { "type": "Polygon", "coordinates": [ [ [ 525370.0, 4489408.0 ], [ 525370.0, 4489317.0 ], [ 525461.0, 4489317.0 ], [ 525461.0, 4489408.0 ], [ 525370.0, 4489408.0 ] ] ] } },
{ "type": "Feature", "properties": { "area_km2": 0.008281 }, "geometry": { "type": "Polygon", "coordinates": [ [ [ 527918.0, 4489408.0 ], [ 527918.0, 4489317.0 ], [ 528009.0, 4489317.0 ], [ 528009.0, 4489408.0 ], [ 527918.0, 4489408.0 ] ] ] } },
{ "type": "Feature", "properties": { "area_km2": 0.024843 }, "geometry": { "type": "Polygon", "coordinates": [ [ [ 527008.0, 4489317.0 ], [ 527008.0, 4489226.0 ], [ 527281.0, 4489226.0 ], [ 527281.0, 4489317.0 ], [ 527008.0, 4489317.0 ] ] ] } },
{ "type": "Feature", "properties": { "area_km2": 0.008281 }, "geometry": { "type": "Polygon", "coordinates": [ [ [ 534106.0, 4489317.0 ], [ 534106.0, 4489226.0 ], [ 534197.0, 4489226.0 ], [ 534197.0, 4489317.0 ], [ 534106.0, 4489317.0 ] ] ] } },
{ "type": "Feature", "properties": { "area_km2": 0.008281 }, "geometry": { "type": "Polygon", "coordinates": [ [ [ 527554.0, 4489226.0 ], [ 527554.0, 4489135.0 ], [ 527645.0, 4489135.0 ], [ 527645.0, 4489226.0 ], [ 527554.0, 4489226.0 ] ] ] } },
{ "type": "Feature", "properties": { "area_km2": 0.008281 }, "geometry": { "type": "Polygon", "coordinates": [ [ [ 527827.0, 4489226.0 ], [ 527827.0, 4489135.0 ], [ 527918.0, 4489135.0 ], [ 527918.0, 4489226.0 ], [ 527827.0, 4489226.0 ] ] ] } },
{ "type": "Feature", "properties": { "area_km2": 0.008281 }, "geometry": { "type": "Polygon", "coordinates": [ [ [ 525825.0, 4489044.0 ], [ 525825.0, 4488953.0 ], [ 525916.0, 4488953.0 ], [ 525916.0, 4489044.0 ], [ 525825.0, 4489044.0 ] ] ] } },
{ "type": "Feature", "properties": { "area_km2": 0.008281 }, "geometry": { "type": "Polygon", "coordinates": [ [ [ 535289.0, 4489044.0 ], [ 535289.0, 4488953.0 ], [ 535380.0, 4488953.0 ], [ 535380.0, 4489044.0 ], [ 535289.0, 4489044.0 ] ] ] } },
{ "type": "Feature", "properties": { "area_km2": 0.008281 }, "geometry": { "type": "Polygon", "coordinates": [ [ [ 534197.0, 4488953.0 ], [ 534197.0, 4488862.0 ], [ 534288.0, 4488862.0 ], [ 534288.0, 4488953.0 ], [ 534197.0, 4488953.0 ] ] ] } },
{ "type": "Feature", "properties": { "area_km2": 0.008281 }, "geometry": { "type": "Polygon", "coordinates": [ [ [ 536108.0, 4488862.0 ], [ 536108.0, 4488771.0 ], [ 536199.0, 4488771.0 ], [ 536199.0, 4488862.0 ], [ 536108.0, 4488862.0 ] ] ] } },
{ "type": "Feature", "properties": { "area_km2": 0.008281 }, "geometry": { "type": "Polygon", "coordinates": [ [ [ 525006.0, 4488771.0 ], [ 525006.0, 4488680.0 ], [ 525097.0, 4488680.0 ], [ 525097.0, 4488771.0 ], [ 525006.0, 4488771.0 ] ] ] } },
{ "type": "Feature", "properties": { "area_km2": 0.008281 }, "geometry": { "type": "Polygon", "coordinates": [ [ [ 525370.0, 4488680.0 ], [ 525370.0, 4488589.0 ], [ 525461.0, 4488589.0 ], [ 525461.0, 4488680.0 ], [ 525370.0, 4488680.0 ] ] ] } },
{ "type": "Feature", "properties": { "area_km2": 0.016562 }, "geometry": { "type": "Polygon", "coordinates": [ [ [ 527372.0, 4488680.0 ], [ 527372.0, 4488589.0 ], [ 527554.0, 4488589.0 ], [ 527554.0, 4488680.0 ], [ 527372.0, 4488680.0 ] ] ] } },
{ "type": "Feature", "properties": { "area_km2": 0.008281 }, "geometry": { "type": "Polygon", "coordinates": [ [ [ 530830.0, 4488589.0 ], [ 530830.0, 4488498.0 ], [ 530921.0, 4488498.0 ], [ 530921.0, 4488589.0 ], [ 530830.0, 4488589.0 ] ] ] } },
{ "type": "Feature", "properties": { "area_km2": 0.008281 }, "geometry": { "type": "Polygon", "coordinates": [ [ [ 537291.0, 4488589.0 ], [ 537291.0, 4488498.0 ], [ 537382.0, 4488498.0 ], [ 537382.0, 4488589.0 ], [ 537291.0, 4488589.0 ] ] ] } },
{ "type": "Feature", "properties": { "area_km2": 0.016562 }, "geometry": { "type": "Polygon", "coordinates": [ [ [ 531012.0, 4488498.0 ], [ 531012.0, 4488407.0 ], [ 531194.0, 4488407.0 ], [ 531194.0, 4488498.0 ], [ 531012.0, 4488498.0 ] ] ] } },
{ "type": "Feature", "properties": { "area_km2": 0.008281 }, "geometry": { "type": "Polygon", "coordinates": [ [ [ 527190.0, 4488407.0 ], [ 527190.0, 4488316.0 ], [ 527281.0, 4488316.0 ], [ 527281.0, 4488407.0 ], [ 527190.0, 4488407.0 ] ] ] } },
{ "type": "Feature", "properties": { "area_km2": 0.008281 }, "geometry": { "type": "Polygon", "coordinates": [ [ [ 528828.0, 4488407.0 ], [ 528828.0, 4488316.0 ], [ 528919.0, 4488316.0 ], [ 528919.0, 4488407.0 ], [ 528828.0, 4488407.0 ] ] ] } },
{ "type": "Feature", "properties": { "area_km2": 0.008281 }, "geometry": { "type": "Polygon", "coordinates": [ [ [ 531922.0, 4488316.0 ], [ 531922.0, 4488225.0 ], [ 532013.0, 4488225.0 ], [ 532013.0, 4488316.0 ], [ 531922.0, 4488316.0 ] ] ] } },
{ "type": "Feature", "properties": { "area_km2": 0.008281 }, "geometry": { "type": "Polygon", "coordinates": [ [ [ 535016.0, 4488316.0 ], [ 535016.0, 4488225.0 ], [ 535107.0, 4488225.0 ], [ 535107.0, 4488316.0 ], [ 535016.0, 4488316.0 ] ] ] } },
{ "type": "Feature", "properties": { "area_km2": 0.008281 }, "geometry": { "type": "Polygon", "coordinates": [ [ [ 533742.0, 4488225.0 ], [ 533742.0, 4488134.0 ], [ 533833.0, 4488134.0 ], [ 533833.0, 4488225.0 ], [ 533742.0, 4488225.0 ] ] ] } },
{ "type": "Feature", "properties": { "area_km2": 0.008281 }, "geometry": { "type": "Polygon", "coordinates": [ [ [ 534197.0, 4488134.0 ], [ 534197.0, 4488043.0 ], [ 534288.0, 4488043.0 ], [ 534288.0, 4488134.0 ], [ 534197.0, 4488134.0 ] ] ] } },
{ "type": "Feature", "properties": { "area_km2": 0.008281 }, "geometry": { "type": "Polygon", "coordinates": [ [ [ 531467.0, 4487861.0 ], [ 531467.0, 4487770.0 ], [ 531558.0, 4487770.0 ], [ 531558.0, 4487861.0 ], [ 531467.0, 4487861.0 ] ] ] } },
{ "type": "Feature", "properties": { "area_km2": 0.016562 }, "geometry": { "type": "Polygon", "coordinates": [ [ [ 535107.0, 4487315.0 ], [ 535107.0, 4487224.0 ], [ 535289.0, 4487224.0 ], [ 535289.0, 4487315.0 ], [ 535107.0, 4487315.0 ] ] ] } },
{ "type": "Feature", "properties": { "area_km2": 0.008281 }, "geometry": { "type": "Polygon", "coordinates": [ [ [ 529920.0, 4487224.0 ], [ 529920.0, 4487133.0 ], [ 530011.0, 4487133.0 ], [ 530011.0, 4487224.0 ], [ 529920.0, 4487224.0 ] ] ] } },
{ "type": "Feature", "properties": { "area_km2": 0.008281 }, "geometry": { "type": "Polygon", "coordinates": [ [ [ 530284.0, 4487224.0 ], [ 530284.0, 4487133.0 ], [ 530375.0, 4487133.0 ], [ 530375.0, 4487224.0 ], [ 530284.0, 4487224.0 ] ] ] } },
{ "type": "Feature", "properties": { "area_km2": 0.008281 }, "geometry": { "type": "Polygon", "coordinates": [ [ [ 530648.0, 4487133.0 ], [ 530648.0, 4487042.0 ], [ 530739.0, 4487042.0 ], [ 530739.0, 4487133.0 ], [ 530648.0, 4487133.0 ] ] ] } },
{ "type": "Feature", "properties": { "area_km2": 0.008281 }, "geometry": { "type": "Polygon", "coordinates": [ [ [ 530739.0, 4487042.0 ], [ 530739.0, 4486951.0 ], [ 530830.0, 4486951.0 ], [ 530830.0, 4487042.0 ], [ 530739.0, 4487042.0 ] ] ] } },
{ "type": "Feature", "properties": { "area_km2": 0.008281 }, "geometry": { "type": "Polygon", "coordinates": [ [ [ 532104.0, 4487042.0 ], [ 532104.0, 4486951.0 ], [ 532195.0, 4486951.0 ], [ 532195.0, 4487042.0 ], [ 532104.0, 4487042.0 ] ] ] } },
{ "type": "Feature", "properties": { "area_km2": 0.016562 }, "geometry": { "type": "Polygon", "coordinates": [ [ [ 531194.0, 4486951.0 ], [ 531194.0, 4486860.0 ], [ 531376.0, 4486860.0 ], [ 531376.0, 4486951.0 ], [ 531194.0, 4486951.0 ] ] ] } },
{ "type": "Feature", "properties": { "area_km2": 0.016562 }, "geometry": { "type": "Polygon", "coordinates": [ [ [ 532559.0, 4486951.0 ], [ 532559.0, 4486860.0 ], [ 532741.0, 4486860.0 ], [ 532741.0, 4486951.0 ], [ 532559.0, 4486951.0 ] ] ] } },
{ "type": "Feature", "properties": { "area_km2": 0.016562 }, "geometry": { "type": "Polygon", "coordinates": [ [ [ 532286.0, 4486769.0 ], [ 532286.0, 4486678.0 ], [ 532468.0, 4486678.0 ], [ 532468.0, 4486769.0 ], [ 532286.0, 4486769.0 ] ] ] } },
{ "type": "Feature", "properties": { "area_km2": 0.008281 }, "geometry": { "type": "Polygon", "coordinates": [ [ [ 534925.0, 4486678.0 ], [ 534925.0, 4486587.0 ], [ 535016.0, 4486587.0 ], [ 535016.0, 4486678.0 ], [ 534925.0, 4486678.0 ] ] ] } },
{ "type": "Feature", "properties": { "area_km2": 0.008281 }, "geometry": { "type": "Polygon", "coordinates": [ [ [ 540021.0, 4486678.0 ], [ 540021.0, 4486587.0 ], [ 540112.0, 4486587.0 ], [ 540112.0, 4486678.0 ], [ 540021.0, 4486678.0 ] ] ] } },
{ "type": "Feature", "properties": { "area_km2": 0.008281 }, "geometry": { "type": "Polygon", "coordinates": [ [ [ 537655.0, 4486587.0 ], [ 537655.0, 4486496.0 ], [ 537746.0, 4486496.0 ], [ 537746.0, 4486587.0 ], [ 537655.0, 4486587.0 ] ] ] } },
{ "type": "Feature", "properties": { "area_km2": 0.008281 }, "geometry": { "type": "Polygon", "coordinates": [ [ [ 539930.0, 4486496.0 ], [ 539930.0, 4486405.0 ], [ 540021.0, 4486405.0 ], [ 540021.0, 4486496.0 ], [ 539930.0, 4486496.0 ] ] ] } },
{ "type": "Feature", "properties": { "area_km2": 0.008281 }, "geometry": { "type": "Polygon", "coordinates": [ [ [ 533014.0, 4486405.0 ], [ 533014.0, 4486314.0 ], [ 533105.0, 4486314.0 ], [ 533105.0, 4486405.0 ], [ 533014.0, 4486405.0 ] ] ] } },
{ "type": "Feature", "properties": { "area_km2": 0.008281 }, "geometry": { "type": "Polygon", "coordinates": [ [ [ 539111.0, 4486041.0 ], [ 539111.0, 4485950.0 ], [ 539202.0, 4485950.0 ], [ 539202.0, 4486041.0 ], [ 539111.0, 4486041.0 ] ] ] } },
{ "type": "Feature", "properties": { "area_km2": 0.016562 }, "geometry": { "type": "Polygon", "coordinates": [ [ [ 538383.0, 4485677.0 ], [ 538383.0, 4485586.0 ], [ 538565.0, 4485586.0 ], [ 538565.0, 4485677.0 ], [ 538383.0, 4485677.0 ] ] ] } },
{ "type": "Feature", "properties": { "area_km2": 0.008281 }, "geometry": { "type": "Polygon", "coordinates": [ [ [ 538929.0, 4485495.0 ], [ 538929.0, 4485404.0 ], [ 539020.0, 4485404.0 ], [ 539020.0, 4485495.0 ], [ 538929.0, 4485495.0 ] ] ] } },
{ "type": "Feature", "properties": { "area_km2": 0.008281 }, "geometry": { "type": "Polygon", "coordinates": [ [ [ 538747.0, 4485404.0 ], [ 538747.0, 4485313.0 ], [ 538838.0, 4485313.0 ], [ 538838.0, 4485404.0 ], [ 538747.0, 4485404.0 ] ] ] } },
{ "type": "Feature", "properties": { "area_km2": 0.008281 }, "geometry": { "type": "Polygon", "coordinates": [ [ [ 539384.0, 4485313.0 ], [ 539384.0, 4485222.0 ], [ 539475.0, 4485222.0 ], [ 539475.0, 4485313.0 ], [ 539384.0, 4485313.0 ] ] ] } }
]
}
